Video Title,Dish Name,YouTube Link,Cuisine Type
3 Amazing Recipes in Sandwich Maker by Asad Memon - Food Fusion,Recipes in Sandwich Maker by Asad Memon,https://www.youtube.com/watch?v=J3NgtdRkaBU,Continental
Nargisi Koftay Recipe By Food Fusion,Nargisi Koftay Recipe,https://www.youtube.com/watch?v=UOH3xZ5z0ko,Pakistani
Viral Dubai Chocolate Cinnamon Rolls Recipe By Food Fusion,Viral Dubai Chocolate Cinnamon Rolls Recipe,https://www.youtube.com/watch?v=F7FQ0-Cqfa0,Pakistani
Street Style Dhamaka Mirchi Bun kabab Recipe By Asad Memon - Food Fusion,Street Style Dhamaka Mirchi Bun kabab Recipe By Asad Memon,https://www.youtube.com/watch?v=My0gNynf118,Pakistani
Nawabi Chicken Malai Fry Recipe By Asad Memon - Food Fusion,Nawabi Chicken Malai Fry Recipe By Asad Memon,https://www.youtube.com/watch?v=C9AthE11xTI,Pakistani
4 Delicious Sooji Halwa Recipes by Food Fusion,Sooji Halwa Recipes,https://www.youtube.com/watch?v=yfZy_lmkTzU,Pakistani
Turkish Halva Recipe By Food Fusion,Turkish Halva Recipe,https://www.youtube.com/watch?v=-ucAVwCenJA,Arabic/Mediterranean
Chicken Moti Handi Recipe by Food Fusion,Chicken Moti Handi Recipe,https://www.youtube.com/watch?v=WJd0CPeSSl4,Pakistani
Crispy Chicken Sandwich (McChicken Style) - Make & Freeze Recipe By Food Fusion,Crispy Chicken Sandwich (McChicken Style),https://www.youtube.com/watch?v=xQeYIHsEoTo,Continental
Afghani Anda Korma Recipe by Food Fusion,Afghani Anda Korma Recipe,https://www.youtube.com/watch?v=siqQdOUeh2E,Arabic/Mediterranean
Dhaba Style Chicken Masala Recipe By Food Fusion,Dhaba Style Chicken Masala Recipe,https://www.youtube.com/watch?v=KnBMW-afVHk,Pakistani
Gulab Jamun Recipe by Asad Memon - Food Fusion | Independence Day Special,Gulab Jamun Recipe by Asad Memon,https://www.youtube.com/watch?v=KpYVUZeTBzI,Pakistani
Lunchbox Recipe Ideas Collection 3 by Food Fusion | Back to School Special,Lunchbox Recipe Ideas Collection 3,https://www.youtube.com/watch?v=lfNrCKYPw5g,Pakistani
Soft & Fluffy Donuts Recipe by Food Fusion,Soft & Fluffy Donuts Recipe,https://www.youtube.com/watch?v=0i86UpyST_E,Continental
Quick Shawarma Pita Melt (Back to School) Recipe by Food Fusion,Quick Shawarma Pita Melt (Back to School) Recipe,https://www.youtube.com/watch?v=Z3euZAVgdKo,Arabic/Mediterranean
Lunchbox Chicken Macaroni Back-to-School Recipe by Food Fusion,Lunchbox Chicken Macaroni Back-to-School Recipe,https://www.youtube.com/watch?v=5v89kxArsK4,Continental
Flan in Jars Recipe by Food Fusion,Flan in Jars Recipe,https://www.youtube.com/watch?v=vYXItCuAJjY,Continental
Lunchbox Recipe Ideas Collection 2  by Food Fusion | Back to School Special,Lunchbox Recipe Ideas Collection 2,https://www.youtube.com/watch?v=gyP2Dh4Q-zM,Pakistani
Lunchbox Recipe Ideas Collection 1 by Food Fusion | Back-to-School Special,Lunchbox Recipe Ideas Collection 1,https://www.youtube.com/watch?v=MHO-k6pdI50,Pakistani
Egg & Veg Sandwich Back to School - Lunchbox Recipe by Food Fusion,Egg & Veg Sandwich Back to School,https://www.youtube.com/watch?v=bzp8sMkc_dU,Continental
Marry Me Chicken Meatballs Recipe by Food Fusion,Marry Me Chicken Meatballs Recipe,https://www.youtube.com/watch?v=mRXc9k1Boq4,Continental
Kachori Platter Recipe by Food Fusion,Kachori Platter Recipe,https://www.youtube.com/watch?v=2DO68tED7Ho,Pakistani
Chai with Asad Memon & Ambassador Kohdayar Marri - Food Fusion,Chai with Asad Memon & Ambassador Kohdayar Marri,https://www.youtube.com/watch?v=oAuPV3gxV8M,Non-Recipe/Vlog
Special Chatkhara Biryani Recipe by Asad Memon-Food Fusion,Special Chatkhara Biryani Recipe by Asad Memon,https://www.youtube.com/watch?v=G8kzjhoiJl8,Indian
Payyoli Chicken Fry Recipe By Food Fusion,Payyoli Chicken Fry Recipe,https://www.youtube.com/watch?v=KbFJQihQVac,Pakistani
Moist Mango Loaf/ Tea Cake Recipe by Food Fusion,Moist Mango Loaf/ Tea Cake Recipe,https://www.youtube.com/watch?v=UyJK4HIiJCA,Continental
Aloo Tikka Masala Recipe by Food Fusion,Aloo Tikka Masala Recipe,https://www.youtube.com/watch?v=Jxi3F4RYndE,Indian
Pakora Kadhi Chawal Detailed Recipe by Asad Memon-Food Fusion,Pakora Kadhi Chawal Detailed Recipe by Asad Memon,https://www.youtube.com/watch?v=vtfp4mAhWtc,Pakistani
Fruit Sago Kulfi Delight Recipe By Food Fusion,Fruit Sago Kulfi Delight Recipe,https://www.youtube.com/watch?v=BVlssWSMmko,Pakistani
Chicken Masala Galawati Qeema Recipe By Foof Fusion,Chicken Masala Galawati Qeema Recipe By Foof Fusion,https://www.youtube.com/watch?v=TOLMRF_ytxc,Indian
Sticky Toffee Pudding Recipe by Fatima Ahsan - Executed by Wasil from Haque Academy,Sticky Toffee Pudding Recipe by Fatima Ahsan,https://www.youtube.com/watch?v=UCloegRybBQ,Pakistani
Creamy Garlic Chicken Fettuccine Pasta Recipe By Food Fusion,Creamy Garlic Chicken Fettuccine Pasta Recipe,https://www.youtube.com/watch?v=K_k7lPDfons,Continental
Lemon Ice Cream Recipe By Food Fusion (Summer Special),Lemon Ice Cream Recipe By Food Fusion (Summer Special),https://www.youtube.com/watch?v=bRn9NGcFQ5I,Pakistani
4 No-Oven Recipes Kids Will Love By Food Fusion,4 No-Oven Recipes Kids Will Love,https://www.youtube.com/watch?v=TM-GCXUzKrE,Pakistani
Mango Kulfi Matki Rabri Falooda Recipe By Food Fusion (Summer Special),Mango Kulfi Matki Rabri Falooda Recipe By Food Fusion (Summer Special),https://www.youtube.com/watch?v=dAI1RXHqHkk,Pakistani
2 Easy Homemade Cereal Recipes By Food Fusion,2 Easy Homemade Cereal Recipes,https://www.youtube.com/watch?v=kDq3ZYE2vs8,Pakistani
Mango Pavlova Recipe By Food Fusion,Mango Pavlova Recipe,https://www.youtube.com/watch?v=RdkFJ4s-9wc,Pakistani
Picnic-Friendly Snack Ideas Collection 2 By Food Fusion,Picnic-Friendly Snack Ideas Collection 2,https://www.youtube.com/watch?v=NZScOhM_cGo,Pakistani
Chocolate Popsicle Recipe By Haniya Asad-Food Fusion,Chocolate Popsicle Recipe By Haniya Asad,https://www.youtube.com/watch?v=G23boRAzwrs,Pakistani
Picnic-Friendly Snack Ideas Collection 1 By Food Fusion,Picnic-Friendly Snack Ideas Collection 1,https://www.youtube.com/watch?v=yDHZYzmsu0E,Pakistani
Caramel Egg Pudding (Flan) Recipe By Food Fusion,Caramel Egg Pudding (Flan) Recipe,https://www.youtube.com/watch?v=st7NmxHWwrw,Continental
6 Easy Kids Favorite Recipes By Food Fusion,6 Easy Kids Favorite Recipes,https://www.youtube.com/watch?v=Qjcjy2tAhv8,Pakistani
Creamy Mango Agua Fresca Recipe By Food Fusion,Creamy Mango Agua Fresca Recipe,https://www.youtube.com/watch?v=dnnwvnQ8x3Y,Pakistani
Mango BBQ Glaze Drumsticks Recipe by Food Fusion,Mango BBQ Glaze Drumsticks Recipe,https://www.youtube.com/watch?v=UB5vV3JHOCE,Pakistani
Fanty Trifle Cups Recipe By Amani Asad-Food Fusion,Fanty Trifle Cups Recipe By Amani Asad,https://www.youtube.com/watch?v=hKQFH1BGirE,Pakistani
Jamun Barfi Recipe by Food Fusion,Jamun Barfi Recipe,https://www.youtube.com/watch?v=cIcs0KPGXaI,Pakistani
Vietnam Knows How to Make Dhaba Tea Now! | Flavours of Pakistan in Vietnam | Asad Memon,Vietnam Knows How to Make Dhaba Tea Now!,https://www.youtube.com/watch?v=WPd8DHebh5w,Pakistani
Jamun Parfait Summer Special Recipe By Food Fusion,Jamun Parfait Summer Special Recipe,https://www.youtube.com/watch?v=J7QNUKbww9U,Pakistani
Mango Pistachio Kulfi Recipe by Asad Memon-Food Fusion (Summer Special),Mango Pistachio Kulfi Recipe by Asad Memon (Summer Special),https://www.youtube.com/watch?v=5LMql595csA,Pakistani
Baisan Ladoo Ice Cream Recipe by Food Fusion (Summer Special),Baisan Ladoo Ice Cream Recipe by Food Fusion (Summer Special),https://www.youtube.com/watch?v=Yc-UB-N8iV4,Pakistani
Mango Lychee Ice Cream Recipe By Food Fusion (Summer Special),Mango Lychee Ice Cream Recipe By Food Fusion (Summer Special),https://www.youtube.com/watch?v=7wJi-l9gBlU,Pakistani
Unique Chicken Paratha Recipe by Food Fusion (Make & Freeze),Unique Chicken Paratha Recipe by Food Fusion (Make & Freeze),https://www.youtube.com/watch?v=h6rIIj9dd3M,Pakistani
Dragon Chicken Pasta Recipe by Food Fusion,Dragon Chicken Pasta Recipe,https://www.youtube.com/watch?v=BV81qYz6V38,Continental
Aam Doodh Ka Sharbat Recipe by Asad Memon-Food Fusion,Aam Doodh Ka Sharbat Recipe by Asad Memon,https://www.youtube.com/watch?v=ErbM78QO8VE,Pakistani
6 Delicious Raita Recipes by Asad Memon-Food Fusion,Raita Recipes by Asad Memon,https://www.youtube.com/watch?v=OiccHFIjHnk,Pakistani
3 Best Chana Daal Rice Recipes By Food Fusion,3 Best Chana Daal Rice Recipes,https://www.youtube.com/watch?v=hLQ6HuO65Bg,Pakistani
5 Refreshing Doodh Sabudana Sharbat Recipes By Food Fusion,5 Refreshing Doodh Sabudana Sharbat Recipes,https://www.youtube.com/watch?v=ZNQMP1pnX5o,Pakistani
Haleem 2 Ways | Beef Haleem & Chicken Haleem Recipes by Food Fusion,Haleem 2 Ways,https://www.youtube.com/watch?v=qtqdVNE6ncc,Pakistani
Creamy Mango Pudding Recipe by Food Fusion,Creamy Mango Pudding Recipe,https://www.youtube.com/watch?v=Q0AS6oV31q4,Pakistani
Ultimate Chana Biryani & Pulao Recipes By Food Fusion,Ultimate Chana Biryani & Pulao Recipes,https://www.youtube.com/watch?v=DHLBgZHIJZg,Pakistani
Beetroot Nargisi Koftay Recipe By Food Fusion,Beetroot Nargisi Koftay Recipe,https://www.youtube.com/watch?v=hpd3PtrYUYA,Pakistani
Top 5 Kheer Recipes By Food Fusion,Top 5 Kheer Recipes,https://www.youtube.com/watch?v=dIzz-Hft2uo,Pakistani
Beef Degi Haleem Recipe by Asad Memon-Food Fusion,Beef Degi Haleem Recipe by Asad Memon,https://www.youtube.com/watch?v=BRz7gTZYXv8,Pakistani
Hara Masala Channa Pulao Recipe By Food Fusion,Hara Masala Channa Pulao Recipe,https://www.youtube.com/watch?v=Xk7mXEELx4E,Pakistani
Mango Matki Ice Cream Recipe by Food Fusion (Summer Special),Mango Matki Ice Cream Recipe by Food Fusion (Summer Special),https://www.youtube.com/watch?v=N7R2RYW6kYQ,Pakistani
Berry up Tres Leches Jars Recipe by Food Fusion,Berry up Tres Leches Jars Recipe,https://www.youtube.com/watch?v=Q0raCDRVfwA,Pakistani
Jamun Lassi Recipe by Food Fusion (Summer Special),Jamun Lassi Recipe by Food Fusion (Summer Special),https://www.youtube.com/watch?v=4yWOVPUjTzE,Pakistani
Restaurant Style Tandoori Handi Recipe by Food Fusion,Restaurant Style Tandoori Handi Recipe,https://www.youtube.com/watch?v=_sUvXhUlrYU,Pakistani
Plum Sharbat Make & Store Recipe by Food Fusion (Summer Special),Plum Sharbat Make & Store Recipe by Food Fusion (Summer Special),https://www.youtube.com/watch?v=ulxWcQT6e-Q,Pakistani
Beijing Beef Rice Bowl Recipe by Food Fusion,Beijing Beef Rice Bowl Recipe,https://www.youtube.com/watch?v=IrzGAVtIIIM,Pakistani
Restaurant Style Beef Gola Kabab Recipe by Food Fusion,Restaurant Style Beef Gola Kabab Recipe,https://www.youtube.com/watch?v=_9BbA9vYhVc,Pakistani
Jamun Sharbat Recipe by Asad Memon-Food Fusion (Summer Special),Jamun Sharbat Recipe by Asad Memon (Summer Special),https://www.youtube.com/watch?v=EjLKkppj4zg,Pakistani
Lagan Galawati Qeema Recipe by Food Fusion,Lagan Galawati Qeema Recipe,https://www.youtube.com/watch?v=kfe0N5GVcLs,Indian
Biftekia Kabab with Spicy Potato Wedges Recipe by Food Fusion,Biftekia Kabab with Spicy Potato Wedges Recipe,https://www.youtube.com/watch?v=Dft2lQ9ryKo,Pakistani
Mango Jelly Dessert Recipe by Food Fusion,Mango Jelly Dessert Recipe,https://www.youtube.com/watch?v=kuHJeiYv5_8,Pakistani
Fresh Berries Cream Cake (No-Bake Dessert) Recipe by Food Fusion,Fresh Berries Cream Cake (No-Bake Dessert) Recipe,https://www.youtube.com/watch?v=VDCTeSV_3no,Continental
Pink Layered Macchiato Recipe By Food Fusion (Summer Special),Pink Layered Macchiato Recipe By Food Fusion (Summer Special),https://www.youtube.com/watch?v=3iqRkksopJ4,Pakistani
Chatpatti Mango Ribs Recipe by Food Fusion,Chatpatti Mango Ribs Recipe,https://www.youtube.com/watch?v=wTqcaakQFiQ,Pakistani
Shinwari Mutton Karahi Recipe by Asad Memon-Food Fusion,Shinwari Mutton Karahi Recipe by Asad Memon,https://www.youtube.com/watch?v=TDE5LkGZMWA,Pakistani
Raw Mango Candy Recipe by Food Fusion,Raw Mango Candy Recipe,https://www.youtube.com/watch?v=S_2FhQXfaQY,Pakistani
Maharaja Mutton Lazeez Handi Recipe By Food Fusion,Maharaja Mutton Lazeez Handi Recipe,https://www.youtube.com/watch?v=xaa9_mgTus0,Pakistani
4 Best Beef Boti Recipes by Food Fusion (Bakra Eid Special),4 Best Beef Boti Recipes by Food Fusion (Bakra Eid Special),https://www.youtube.com/watch?v=g_b6vwLGfp8,Pakistani
Kairi Mirchi Panna Recipe by Food Fusion (Summer Special),Kairi Mirchi Panna Recipe by Food Fusion (Summer Special),https://www.youtube.com/watch?v=lTEfxglVQMY,Pakistani
Beef Malai Tikka Biryani Recipe by Food Fusion,Beef Malai Tikka Biryani Recipe,https://www.youtube.com/watch?v=3tUR1ia5_Yw,Pakistani
3 Must-Try Boti Roll Recipes By Food Fusion,3 Must-Try Boti Roll Recipes,https://www.youtube.com/watch?v=vjDEHHGAl_I,Pakistani
Special Raan Roast Recipe by Food Fusion,Special Raan Roast Recipe,https://www.youtube.com/watch?v=tLUtmkWE674,Pakistani
Mango Falooda — 2 Must Try Recipes By Food Fusion,Mango Falooda — 2 Must Try Recipes,https://www.youtube.com/watch?v=FbGDf51FPdA,Pakistani
Ultimate Beef Rice Recipes By Food Fusion,Ultimate Beef Rice Recipes,https://www.youtube.com/watch?v=tJaB0M1ymws,Pakistani
Best Mango Dessert Recipes by Food Fusion,Best Mango Dessert Recipes,https://www.youtube.com/watch?v=8IILgLEP_f0,Pakistani
3 Irresistible Beef Burgers Recipes by Food Fusion,3 Irresistible Beef Burgers Recipes,https://www.youtube.com/watch?v=JY8UwD3cS3c,Pakistani
Bakra Eid Special 4 Mutton Chops Recipes By Food Fusion,Bakra Eid Special 4 Mutton Chops Recipes,https://www.youtube.com/watch?v=6TLsJRThB3g,Pakistani
Best Steak Recipes by Food Fusion (Bakra Eid Special),Best Steak Recipes by Food Fusion (Bakra Eid Special),https://www.youtube.com/watch?v=hvZxF4BWTPM,Continental
Ultimate Mutton Rice Recipes Bakra Eid Special By Food Fusion,Ultimate Mutton Rice Recipes Bakra Eid Special,https://www.youtube.com/watch?v=20OlZ_C-iuc,Pakistani
Bakra Eid Special Maghaz Recipes By Food Fusion,Bakra Eid Special Maghaz Recipes,https://www.youtube.com/watch?v=THxPSqvOAD4,Pakistani
Mutton Paya Masalaydaar Recipe By Food Fusion (Bakra Eid Special),Mutton Paya Masalaydaar Recipe By Food Fusion (Bakra Eid Special),https://www.youtube.com/watch?v=GQz3EKpVmW8,Pakistani
Bakra Eid Menu Ideas Collection 3 Recipes by Food Fusion,Bakra Eid Menu Ideas Collection 3 Recipes,https://www.youtube.com/watch?v=uP7VrGqmkVg,Pakistani
Bihari Malai Boti Bakra Eid Special Recipe By Asad Memon-Food Fusion,Bihari Malai Boti Bakra Eid Special Recipe By Asad Memon,https://www.youtube.com/watch?v=8YKfWtclIKI,Pakistani
Bakra Eid Menu Ideas Collection 2 by Food Fusion,Bakra Eid Menu Ideas Collection 2,https://www.youtube.com/watch?v=uQ9RpewnjUY,Pakistani
5 Must-Try Tawa Kaleji Recipes by Food Fusion (Bakra Eid Special),5 Must-Try Tawa Kaleji Recipes by Food Fusion (Bakra Eid Special),https://www.youtube.com/watch?v=6bSjHFJ1bVo,Pakistani
Mint Garlic Mutton Chops Recipe by Food Fusion (Bakra Eid Special),Mint Garlic Mutton Chops Recipe by Food Fusion (Bakra Eid Special),https://www.youtube.com/watch?v=hvf25gCCpnQ,Pakistani
Bakra Eid Menu Ideas Collection 1 by Food Fusion,Bakra Eid Menu Ideas Collection 1,https://www.youtube.com/watch?v=bKnmennw9ps,Pakistani
Kali Mirch Bheja Tawa Fry Bakra Eid Special Recipe By Food Fusion,Kali Mirch Bheja Tawa Fry Bakra Eid Special Recipe,https://www.youtube.com/watch?v=LLxazVUP8aA,Pakistani
Bakra Eid Prep & Clean Guide by Food Fusion,Bakra Eid Prep & Clean Guide,https://www.youtube.com/watch?v=pKwll4-d7no,Pakistani
Tandoori Mutton Tikka Masala Recipe By Asad Memon-Food Fusion (Bakra Eid Special),Tandoori Mutton Tikka Masala Recipe By Asad Memon (Bakra Eid Special),https://www.youtube.com/watch?v=9sjnORFCuB8,Indian
Lamb Haneeth with Almond Rice Bakra Eid Special Recipe By Food Fusion,Lamb Haneeth with Almond Rice Bakra Eid Special Recipe,https://www.youtube.com/watch?v=RYEC1-2aCQ0,Pakistani
Cocoberry Paradise Mousse Recipe by Asad Memon-Food Fusion (Bakra Eid Special),Cocoberry Paradise Mousse Recipe by Asad Memon (Bakra Eid Special),https://www.youtube.com/watch?v=vGnyrj9gnpA,Pakistani
Easy Masala Tawa Kaleji Recipe by Asad Memon-Food Fusion (Bakra Eid Special),Easy Masala Tawa Kaleji Recipe by Asad Memon (Bakra Eid Special),https://www.youtube.com/watch?v=DOcNzGxmAGA,Pakistani
Hyderabadi Style Shahi Malai Paya Recipe by Food Fusion (Bakra Eid Special),Hyderabadi Style Shahi Malai Paya Recipe by Food Fusion (Bakra Eid Special),https://www.youtube.com/watch?v=Y3V60yrIBZo,Indian
5 Must Try Frozen Mango Treats Summer Special Recipes By Food Fusion,5 Must Try Frozen Mango Treats Summer Special Recipes,https://www.youtube.com/watch?v=lGmLK47uaLI,Pakistani
Mutton Turki Boti Recipe By Food Fusion (Bakra Eid Special),Mutton Turki Boti Recipe By Food Fusion (Bakra Eid Special),https://www.youtube.com/watch?v=k8c-hQqFVrM,Pakistani
Eclair Stuffed Cookies Recipe by Asad Memon-Food Fusion,Eclair Stuffed Cookies Recipe by Asad Memon,https://www.youtube.com/watch?v=XzlbrwuUAG0,Pakistani
Lehsuni Mutton Boti Tikka in Airfryer Bakra Eid Special Recipe By Food Fusion,Lehsuni Mutton Boti Tikka in Airfryer Bakra Eid Special Recipe,https://www.youtube.com/watch?v=xEpFHqBf9f4,Pakistani
Sakhakot Beef Bong Raan Recipe By Food Fusion (Bakra Eid special),Sakhakot Beef Bong Raan Recipe By Food Fusion (Bakra Eid special),https://www.youtube.com/watch?v=MTR3E1UVdX8,Pakistani
Mutton Yakhni Pulao Recipe By Asad Memon-Food Fusion (Bakra Eid Special),Mutton Yakhni Pulao Recipe By Asad Memon (Bakra Eid Special),https://www.youtube.com/watch?v=xx0tBAGSWf0,Pakistani
Pineapple Lush Pudding — No Bake Recipe by Food Fusion (Bakra Eid Special),Pineapple Lush Pudding — No Bake Recipe by Food Fusion (Bakra Eid Special),https://www.youtube.com/watch?v=IH1nxQfNtKw,Pakistani
Best Shami Kabab Recipes by Food Fusion (Bakra Eid Special),Best Shami Kabab Recipes by Food Fusion (Bakra Eid Special),https://www.youtube.com/watch?v=0t2WnYC34fU,Pakistani
Bakra Eid Special Rich & Aromatic Korma Recipes By Food Fusion,Bakra Eid Special Rich & Aromatic Korma Recipes,https://www.youtube.com/watch?v=45GyNUloiyM,Pakistani
Cookies 3 ways Recipe by Asad Memon-Food Fusion,Cookies 3 ways Recipe by Asad Memon,https://www.youtube.com/watch?v=HWjo7qZRxX8,Pakistani
Dark Cocoa Mocha Recipe By Food Fusion,Dark Cocoa Mocha Recipe,https://www.youtube.com/watch?v=FY8djSAp1vQ,Pakistani
Boti Kabab Malai Masala Recipe by Food Fusion (Bakra Eid Special),Boti Kabab Malai Masala Recipe by Food Fusion (Bakra Eid Special),https://www.youtube.com/watch?v=l3b-zSDkJFg,Pakistani
Uzbeki Pilaf (Pulao) Recipe by Food Fusion (Bakra Eid Special),Uzbeki Pilaf (Pulao) Recipe by Food Fusion (Bakra Eid Special),https://www.youtube.com/watch?v=vqQYMKsRm-I,Pakistani
Refreshing Summer Squash Recipes By Food Fusion,Refreshing Summer Squash Recipes,https://www.youtube.com/watch?v=ImVcl82iGdQ,Pakistani
Beef Casserole 2 Ways Recipe By Food Fusion (Bakra Eid Special),Beef Casserole 2 Ways Recipe By Food Fusion (Bakra Eid Special),https://www.youtube.com/watch?v=ftvO4BJQYUo,Pakistani
Ultimate Beef Lasagna Recipes by Food Fusion (Bakra Eid Special),Ultimate Beef Lasagna Recipes by Food Fusion (Bakra Eid Special),https://www.youtube.com/watch?v=wSFgHuWU5Do,Continental
Lamb Shank with Persian Pilaf Recipe By Food Fusion (Bakra Eid Special),Lamb Shank with Persian Pilaf Recipe By Food Fusion (Bakra Eid Special),https://www.youtube.com/watch?v=cnHZxbMO-Qo,Pakistani
Kashmiri Wazwan Kabab Recipe By Food Fusion (Bakra Eid Special),Kashmiri Wazwan Kabab Recipe By Food Fusion (Bakra Eid Special),https://www.youtube.com/watch?v=RT7MDS8dULo,Pakistani
Classic Nihari Recipes by Food Fusion (Bakra Eid Special),Classic Nihari Recipes by Food Fusion (Bakra Eid Special),https://www.youtube.com/watch?v=JtFKsqLIo7Y,Pakistani
Bakra Eid Special Karahi Recipes By Food Fusion,Bakra Eid Special Karahi Recipes,https://www.youtube.com/watch?v=V_xRaWeCl30,Pakistani
"Candi Stick ""Shot Glass"" Trifles Recipe By Food Fusion","Candi Stick ""Shot Glass"" Trifles Recipe",https://www.youtube.com/watch?v=gWiRDsYnhto,Pakistani
Bakra Eid Special Kabab Recipes by Food Fusion,Bakra Eid Special Kabab Recipes,https://www.youtube.com/watch?v=tvmjneR0o0I,Pakistani
Easy Mutton Leg Roast Recipe by Asad Memon-Food Fusion (Bakra Eid Special),Easy Mutton Leg Roast Recipe by Asad Memon (Bakra Eid Special),https://www.youtube.com/watch?v=MJk071It0lo,Pakistani
Brain Power Smoothie Recipe by Food Fusion,Brain Power Smoothie Recipe,https://www.youtube.com/watch?v=j24J5TrSjY8,Pakistani
Must Try Keema Recipes by Food Fusion (Bakra Eid Special),Must Try Keema Recipes by Food Fusion (Bakra Eid Special),https://www.youtube.com/watch?v=VGXyGOhp3vo,Pakistani
5 Amazing Baingan Recipes by Food Fusion,Baingan Recipes,https://www.youtube.com/watch?v=pXJ-sisctC4,Pakistani
Summer Special Mojito Recipes by Food Fusion,Summer Special Mojito Recipes,https://www.youtube.com/watch?v=QW1aR77q5Qk,Pakistani
One Pot Smoked Mutton Rice Recipe by Food Fusion,One Pot Smoked Mutton Rice Recipe,https://www.youtube.com/watch?v=bFck3VmOS4E,Pakistani
Mother’s Day Special Recipes By Food Fusion,Mother’s Day Special Recipes,https://www.youtube.com/watch?v=aPg8Z7RYdeQ,Pakistani
Bihari Kabab without Grill Recipe By Food Fusion,Bihari Kabab without Grill Recipe,https://www.youtube.com/watch?v=Zgp6xruq-bc,Pakistani
Chocoflan Recipe by Food Fusion,Chocoflan Recipe,https://www.youtube.com/watch?v=qKkk-DZxnn8,Pakistani
2 Refreshing Lassi Recipes | Mint Lassi & Coconut Lassi by Food Fusion,2 Refreshing Lassi Recipes,https://www.youtube.com/watch?v=7pMaywDtwD0,Pakistani
Sunrise Layered Parfait Recipe by Food Fusion,Sunrise Layered Parfait Recipe,https://www.youtube.com/watch?v=KqUniDabXIQ,Pakistani
Mutton Madhbi Rice Recipe By Food Fusion,Mutton Madhbi Rice Recipe,https://www.youtube.com/watch?v=n_ol1CfY5QM,Pakistani
Crispy Milk Donuts Recipe By Food Fusion,Crispy Milk Donuts Recipe,https://www.youtube.com/watch?v=Ss9BClbBHYs,Continental
Crispy Beef Tacos Recipe By Food Fusion,Crispy Beef Tacos Recipe,https://www.youtube.com/watch?v=qH7koVVFRZA,Pakistani
Must Try Summer Coolers Recipes by Food Fusion,Must Try Summer Coolers Recipes,https://www.youtube.com/watch?v=wN_Dl_KYVE0,Pakistani
Tom & Jerry Cheesecake Recipe By Food Fusion,Tom & Jerry Cheesecake Recipe,https://www.youtube.com/watch?v=sG8HKFnc_f4,Continental
White Kabab Masala Recipe by Food Fusion,White Kabab Masala Recipe,https://www.youtube.com/watch?v=b335YrncFp0,Pakistani
Raw Mango Squash Recipe By Food Fusion (Summer Special),Raw Mango Squash Recipe By Food Fusion (Summer Special),https://www.youtube.com/watch?v=JXEQGQI2_fE,Pakistani
Pakistani Style Chicken Mandi Recipe By Asad Memon - Food Fusion,Pakistani Style Chicken Mandi Recipe By Asad Memon,https://www.youtube.com/watch?v=FKUxXw4fXdw,Arabic/Mediterranean
Polet au Tarragon Recipe by Food Fusion,Polet au Tarragon Recipe,https://www.youtube.com/watch?v=9NWctQgTzXk,Pakistani
Bisca Magic Milkshake Recipe by Asad Memon-Food Fusion,Bisca Magic Milkshake Recipe by Asad Memon,https://www.youtube.com/watch?v=1VRfowipyq0,Pakistani
Bread Kunafa Recipe by Food Fusion,Bread Kunafa Recipe,https://www.youtube.com/watch?v=uxOWRsKlPts,Arabic/Mediterranean
Summer Special Kulfi Recipes by Food Fusion,Summer Special Kulfi Recipes,https://www.youtube.com/watch?v=7ZudD3QeuDY,Pakistani
Arabian Luqaimat (Crispy Sweet Balls) Recipe by Food Fusion,Arabian Luqaimat (Crispy Sweet Balls) Recipe,https://www.youtube.com/watch?v=CJwVS3xQXWo,Pakistani
Raw Mango (Keri) Recipes | Summer Special by Food Fusion,Raw Mango (Keri) Recipes,https://www.youtube.com/watch?v=D2IC90JN-Io,Pakistani
3 Must-Try Masoor Daal Recipes for Everyday Cooking | Food Fusion,3 Must-Try Masoor Daal Recipes for Everyday Cooking,https://www.youtube.com/watch?v=xJjgCKiErmk,Pakistani
BBQ Tandoori Chicken Gravy Recipe by Asad Memon Food Fusion,BBQ Tandoori Chicken Gravy Recipe by Asad Memon,https://www.youtube.com/watch?v=YvOylS5g0e8,Pakistani
Taiwanese Fried Chicken Steak Recipe by Asad Memon- Food Fusion,Taiwanese Fried Chicken Steak Recipe by Asad Memon,https://www.youtube.com/watch?v=FuLXDypYXXI,Continental
Refreshing Summer Drinks Recipe By Food Fusion,Refreshing Summer Drinks Recipe,https://www.youtube.com/watch?v=8GDU6izyKeU,Pakistani
Mocha Crunch Cheesecake Recipe By Food Fusion,Mocha Crunch Cheesecake Recipe,https://www.youtube.com/watch?v=G-6Okt36AAk,Continental
Quick & Easy Aloo Recipes | Daily Meal Ideas by Food Fusion,Quick & Easy Aloo Recipes,https://www.youtube.com/watch?v=RIqX_OKHoFo,Pakistani
Dabu Fry Chicken Recipe By Food Fusion,Dabu Fry Chicken Recipe,https://www.youtube.com/watch?v=LzIZSr9O7uE,Pakistani
4 Must-Try Street Style Bun Kabab Recipes By Food Fusion,4 Must-Try Street Style Bun Kabab Recipes,https://www.youtube.com/watch?v=KXdeVm_ZnvY,Pakistani
Don’t Throw It Away! 2 Watermelon Rind Recipes by Food Fusion,Don’t Throw It Away! 2 Watermelon Rind Recipes,https://www.youtube.com/watch?v=B2UYUF3V9VQ,Pakistani
Chicken Karaage & Rice Bowl Recipe By Food Fusion,Chicken Karaage & Rice Bowl Recipe,https://www.youtube.com/watch?v=5GmJhWtp87w,Pakistani
Crinkle Top Dark Chocolate Brownie Recipe By Food Fusion,Crinkle Top Dark Chocolate Brownie Recipe,https://www.youtube.com/watch?v=02VuxLwB_6w,Continental
Menchi Katsu Japanese Curry Recipe By Food Fusion,Menchi Katsu Japanese Curry Recipe,https://www.youtube.com/watch?v=Vfju5aaqgUw,Japanese
2 Easy Chicken Sandwich Recipes By Food Fusion,2 Easy Chicken Sandwich Recipes,https://www.youtube.com/watch?v=PKAM_pmUkw4,Continental
Restaurant Style Tuscan Chicken with Fettuccine By Food Fusion,Restaurant Style Tuscan Chicken with Fettuccine,https://www.youtube.com/watch?v=NqQH8W3CEcM,Pakistani
Yellow Cloud Crepes Recipe By Food Fusion,Yellow Cloud Crepes Recipe,https://www.youtube.com/watch?v=bxM59hH4yvY,Pakistani
Masala Crackers Recipe by Food Fusion,Masala Crackers Recipe,https://www.youtube.com/watch?v=KOhdhKr38mE,Pakistani
Must Try Eid Special Snacks By Food Fusion,Must Try Eid Special Snacks,https://www.youtube.com/watch?v=RgjZ1dFH4p0,Pakistani
Festive Rice Recipes for Eid by Food Fusion,Festive Rice Recipes for Eid,https://www.youtube.com/watch?v=_TS_Cp85GAo,Pakistani
4 Special Cake Recipes You NEED to Try This Eid | Food Fusion,4 Special Cake Recipes You NEED to Try This Eid,https://www.youtube.com/watch?v=gu20hCjK6HQ,Continental
4 Special Karahi Recipes By Food Fusion (Eid Special),4 Special Karahi Recipes By Food Fusion (Eid Special),https://www.youtube.com/watch?v=wgWvBeEiZLE,Pakistani
4 Must Try Eid Special Platter Recipes By Food Fusion,4 Must Try Eid Special Platter Recipes,https://www.youtube.com/watch?v=s2Rp2ymuWiA,Pakistani
4 Delicious Eid Seviyan Recipes By Food Fusion,Eid Seviyan Recipes,https://www.youtube.com/watch?v=xP2gb1p_eyA,Pakistani
Tutti Frutti Falooda Eid Special Recipe By Food Fusion,Tutti Frutti Falooda Eid Special Recipe,https://www.youtube.com/watch?v=zVR7cn9sAqo,Pakistani
Tex Mex Pull-Apart Chicken Sliders Eid Special Recipe By Food Fusion,Tex Mex Pull-Apart Chicken Sliders Eid Special Recipe,https://www.youtube.com/watch?v=547I1dfvYTA,Pakistani
Bakery Style Chocolate Milk Cake Eid Special Recipe By Food Fusion,Bakery Style Chocolate Milk Cake Eid Special Recipe,https://www.youtube.com/watch?v=uQsVpRWMCfE,Continental
Khubani & Cream Trifle Eid Special Dessert By Food Fusion,Khubani & Cream Trifle Eid Special Dessert,https://www.youtube.com/watch?v=Gsy7mYRv4CI,Pakistani
Eid Menu Ideas Collection 3 By Food Fusion (2026),Eid Menu Ideas Collection 3 By Food Fusion (2026),https://www.youtube.com/watch?v=3WXGIiJYJL0,Pakistani
Classic Chocolate Skillet Cookie Recipe By Food Fusion,Classic Chocolate Skillet Cookie Recipe,https://www.youtube.com/watch?v=6ATrEjbiKro,Continental
Malai Roll Sheer Khurma Recipe By Food Fusion (Eid Special),Malai Roll Sheer Khurma Recipe By Food Fusion (Eid Special),https://www.youtube.com/watch?v=gPy5zBt2ZB0,Pakistani
Shahi Chicken Yakhni Kofta Pulao Eid Special Recipe by Food Fusion,Shahi Chicken Yakhni Kofta Pulao Eid Special Recipe,https://www.youtube.com/watch?v=2zOs5hI1JkE,Pakistani
Mutton Reshmi Handi Eid Special Recipe By Food Fusion,Mutton Reshmi Handi Eid Special Recipe,https://www.youtube.com/watch?v=1yzgDPHZ-Fc,Pakistani
Crispy Chicken Crostini with Sesame Mayo Recipe By Food Fusion (Eid Special),Crispy Chicken Crostini with Sesame Mayo Recipe By Food Fusion (Eid Special),https://www.youtube.com/watch?v=NzY2AmyNZ_k,Pakistani
Boneless Chicken Malai Tikka Handi Recipe By Food Fusion (Eid Special),Boneless Chicken Malai Tikka Handi Recipe By Food Fusion (Eid Special),https://www.youtube.com/watch?v=RfrY0WLLpx0,Pakistani
Eid Menu Ideas Collection 2 By Food Fusion (2026),Eid Menu Ideas Collection 2 By Food Fusion (2026),https://www.youtube.com/watch?v=MHZhQyVDvX8,Pakistani
Degi Chargha Eid Special Recipe By Food Fusion,Degi Chargha Eid Special Recipe,https://www.youtube.com/watch?v=z2k2QbtgV9A,Pakistani
Meethay Chawal with Khoya/Mawa Rice Recipe By Food Fusion (Eid Special),Meethay Chawal with Khoya/Mawa Rice Recipe By Food Fusion (Eid Special),https://www.youtube.com/watch?v=xFG_2R6v6Uo,Pakistani
Shahana Shahi Tukray Recipe | Eid Special by Asad Memon | Food Fusion,Shahana Shahi Tukray,https://www.youtube.com/watch?v=QiKd9VC6-Dc,Pakistani
Eid Menu Ideas Collection 1 By Food Fusion (2026),Eid Menu Ideas Collection 1 By Food Fusion (2026),https://www.youtube.com/watch?v=jwjw2ohwy_M,Pakistani
Highway Style White Chicken Karahi Ramzan Special Recipe By Food Fusion,Highway Style White Chicken Karahi Ramzan Special Recipe,https://www.youtube.com/watch?v=dZJ76Xuzq9c,Pakistani
3 Ingredients Bisca Ice cream Recipe by Asad Memon- Food Fusion (Ramzan Special),3 Ingredients Bisca Ice cream Recipe by Asad Memon (Ramzan Special),https://www.youtube.com/watch?v=hDCwYtm15QU,Pakistani
Butter Egg Mayo Roll Ramzan Special by Food Fusion,Butter Egg Mayo Roll Ramzan Special,https://www.youtube.com/watch?v=9Ak0PfSJW5s,Pakistani
Classic Béchamel Sauce Pasta Ramzan Special Recipe By Food Fusion,Classic Béchamel Sauce Pasta Ramzan Special Recipe,https://www.youtube.com/watch?v=gy9jSrkAgxg,Continental
Kung Pao Chicken Rice Bowl Ramzan Special Recipe by Food Fusion,Kung Pao Chicken Rice Bowl Ramzan Special Recipe,https://www.youtube.com/watch?v=UJGsvV10UKA,Chinese
Lahabi Kabab Ramzan Special Recipe By Food Fusion,Lahabi Kabab Ramzan Special Recipe,https://www.youtube.com/watch?v=JMSKGgmrkNY,Pakistani
Hunzai Cashew Qeema Ramzan Special Recipe By Food Fusion,Hunzai Cashew Qeema Ramzan Special Recipe,https://www.youtube.com/watch?v=mOUTIHRlKjs,Pakistani
Royal Bahraini Halwa Ramadan Special  Recipe By Food Fusion,Royal Bahraini Halwa Ramadan Special  Recipe,https://www.youtube.com/watch?v=aYdi2Ltwoc4,Pakistani
Strawberry Cloud Foam Latte Ramzan Special Recipe By Food Fusion,Strawberry Cloud Foam Latte Ramzan Special Recipe,https://www.youtube.com/watch?v=28ShIQCIf2o,Pakistani
Nihari Burger Ramzan Special Recipe By Food Fusion,Nihari Burger Ramzan Special Recipe,https://www.youtube.com/watch?v=6czOkN_SYnE,Continental
Mirchi Gosht Biryani Ramzan Special Recipe By Food Fusion,Mirchi Gosht Biryani Ramzan Special Recipe,https://www.youtube.com/watch?v=VDQA-hXsJcs,Pakistani
Coffee Punch Ramadan Special Recipe By Food Fusion,Coffee Punch Ramadan Special Recipe,https://www.youtube.com/watch?v=-Vo-UQjyaXo,Continental
Turkish Kuzu Pot Roast Ramzan Special Recipe By Food Fusion,Turkish Kuzu Pot Roast Ramzan Special Recipe,https://www.youtube.com/watch?v=rhvhsREHaB0,Arabic/Mediterranean
Big Papdi Chaat Ramzan Special Recipe By Food Fusion,Big Papdi Chaat Ramzan Special Recipe,https://www.youtube.com/watch?v=GGeBkKMOrsA,Pakistani
Lentil Patties Wraps Ramadan Special Recipe By Food Fusion,Lentil Patties Wraps Ramadan Special Recipe,https://www.youtube.com/watch?v=SHtDGsi829c,Pakistani
No-Bake Éclair Frozen Dessert Ramadan Special Recipe By Food Fusion,No-Bake Éclair Frozen Dessert Ramadan Special Recipe,https://www.youtube.com/watch?v=KiuVkVnqY_A,Pakistani
Chicken Naanza Fingers With Chutney Ramzan Special Recipe By Food Fusion,Chicken Naanza Fingers With Chutney Ramzan Special Recipe,https://www.youtube.com/watch?v=HBEvm8AFOcg,Pakistani
Japanese Pizza Calzone Ramadan Special Recipe By Food Fusion,Japanese Pizza Calzone Ramadan Special Recipe,https://www.youtube.com/watch?v=NfFewVzFMKM,Continental
Pani Wali Kala Channa Chaat Ramadan Special Recipe By Food Fusion,Pani Wali Kala Channa Chaat Ramadan Special Recipe,https://www.youtube.com/watch?v=Lz9Fz81Gjbw,Pakistani
Qeema Potato Cakes Ramadan Special Recipe By Food Fusion,Qeema Potato Cakes Ramadan Special Recipe,https://www.youtube.com/watch?v=Lv8W6tIkCRA,Pakistani
Caramel & Chocolate Pudding Ramzan Special Recipe By Food Fusion,Caramel & Chocolate Pudding Ramzan Special Recipe,https://www.youtube.com/watch?v=vP3UsD2guI0,Continental
Shinwari Qeema Karahi Ramzan Recipe By Food Fusion,Shinwari Qeema Karahi Ramzan Recipe,https://www.youtube.com/watch?v=1iutI4zNLZ0,Pakistani
Chilli Garlic Corn Croquettes Ramzan Special Recipe By Food Fusion,Chilli Garlic Corn Croquettes Ramzan Special Recipe,https://www.youtube.com/watch?v=NZNod_CYcrE,Pakistani
White Chicken Korma Ramzan Special Recipe By Food Fusion,White Chicken Korma Ramzan Special Recipe,https://www.youtube.com/watch?v=0q_ytnNi68k,Pakistani
Strawberry Cheesecake & Desi Chocolate Chikoo Shake Recipes By Food Fusion,Strawberry Cheesecake & Desi Chocolate Chikoo Shake Recipes,https://www.youtube.com/watch?v=qNFj7Gn4tc8,Continental
Aloo Pyaz Ki Kachori | Ramzan Special | By Food Fusion,Aloo Pyaz Ki Kachori,https://www.youtube.com/watch?v=oHen77jTupc,Pakistani
Street Style Aloo Tikki Chaat | Ramzan Special Recipe by Asad Memon | Food Fusion,Street Style Aloo Tikki Chaat,https://www.youtube.com/watch?v=ydQZRyD45JM,Pakistani
Restaurant Style Chicken Burra Ramadan Special Recipe By Food Fusion,Restaurant Style Chicken Burra Ramadan Special Recipe,https://www.youtube.com/watch?v=4lubS3AWeQw,Pakistani
Nashville Chicken Loaded Fries Recipe By Food Fusion (Ramadan Special),Nashville Chicken Loaded Fries Recipe By Food Fusion (Ramadan Special),https://www.youtube.com/watch?v=kR7FcK21SkE,Pakistani
Street Style Mix Pakora Ramadan Special Recipe By Food Fusion,Street Style Mix Pakora Ramadan Special Recipe,https://www.youtube.com/watch?v=4WN5s-tx4yw,Pakistani
Smokey Seekh Kabab Biryani Ramadan Special Recipe By Food Fusion,Smokey Seekh Kabab Biryani Ramadan Special Recipe,https://www.youtube.com/watch?v=WHQJcgPsbOM,Pakistani
Khubani Chutney Wali Fruit Chaat Recipe By Food Fusion (Ramadan Special),Khubani Chutney Wali Fruit Chaat Recipe By Food Fusion (Ramadan Special),https://www.youtube.com/watch?v=CDynUri-neM,Pakistani
Healthy Fattoush Salad with Chicken Skewers Recipe By Food Fusion (Ramadan Special),Healthy Fattoush Salad with Chicken Skewers Recipe By Food Fusion (Ramadan Special),https://www.youtube.com/watch?v=T96SxOZz3Fs,Arabic/Mediterranean
Samosa Twisties Ramadan Special Recipe By Food Fusion,Samosa Twisties Ramadan Special Recipe,https://www.youtube.com/watch?v=6p04L192FMM,Pakistani
Hot Honey Sliders Ramadan Special Recipe By Food Fusion,Hot Honey Sliders Ramadan Special Recipe,https://www.youtube.com/watch?v=FSsllNmhe9A,Pakistani
Royal Pista Badam Doodh Ramzan Special Recipe By Food Fusion,Royal Pista Badam Doodh Ramzan Special Recipe,https://www.youtube.com/watch?v=XlGRPm97-_k,Pakistani
Street Style Khatti Meethi Imli ki Chutney Recipe By Asad Memon-Food Fusion (Ramadan Special),Street Style Khatti Meethi Imli ki Chutney Recipe By Asad Memon (Ramadan Special),https://www.youtube.com/watch?v=_8cWO-PePfI,Pakistani
Prophet Mohammed’s PBUH favorite drink Nabeez benefits with Sunna Recipe - Food Fusion,Prophet Mohammed’s PBUH favorite drink Nabeez benefits with Sunna,https://www.youtube.com/watch?v=7a4L-xCKpIo,Pakistani
Healthy Club Sandwich – Ramadan Special Recipe by Asad Memon | Food Fusion,Healthy Club Sandwich – Ramadan Special Recipe by Asad Memon,https://www.youtube.com/watch?v=5FohQo2pxDI,Continental
Danedaar Degi Chicken Korma Recipe By Asad Memon,Danedaar Degi Chicken Korma Recipe By Asad Memon,https://www.youtube.com/watch?v=27j52ZirT3A,Pakistani
Chutney Bhare Koftay Ramadan Special Recipe By Food Fusion,Chutney Bhare Koftay Ramadan Special Recipe,https://www.youtube.com/watch?v=jBXBmKVpODY,Pakistani
Mini Malai & Cheese Balloon Naans Ramzan Special Recipe By Food Fusion,Mini Malai & Cheese Balloon Naans Ramzan Special Recipe,https://www.youtube.com/watch?v=D5qmdaWrmQo,Pakistani
Spring Roll Bites Ramadan Special Recipe By Food Fusion,Spring Roll Bites Ramadan Special Recipe,https://www.youtube.com/watch?v=hqih7BRrUsg,Chinese
Street Style Green Chutney Ramzan Special Recipe By Asad Memon Food Fusion,Street Style Green Chutney Ramzan Special Recipe By Asad Memon,https://www.youtube.com/watch?v=i0b0hqT4ITY,Pakistani
Saucy Chicken Tikka Kabab Ramzan Special Recipe By Food Fusion,Saucy Chicken Tikka Kabab Ramzan Special Recipe,https://www.youtube.com/watch?v=yDHB-kGaw9Q,Pakistani
Prep-Ahead Breakfast Bread Pudding Ramzan Special Recipe By Food Fusion,Prep-Ahead Breakfast Bread Pudding Ramzan Special Recipe,https://www.youtube.com/watch?v=h7Zav4Yz9wo,Pakistani
"Street Style Silky Smooth Dahi For Chaat, Dahi Bara & More by Asad Memon-Food Fusion","Street Style Silky Smooth Dahi For Chaat, Dahi Bara & More by Asad Memon",https://www.youtube.com/watch?v=wY4W5j0WBK8,Pakistani
Crispy Pakwan Chaat Ramzan Special Recipe By Food Fusion,Crispy Pakwan Chaat Ramzan Special Recipe,https://www.youtube.com/watch?v=BL3GaSE0t2g,Pakistani
Banoffee Trifle Paradise Ramadan Special Recipe By Asad Memon-Food Fusion,Banoffee Trifle Paradise Ramadan Special Recipe By Asad Memon,https://www.youtube.com/watch?v=uR9Oa5OG2tk,Pakistani
Balochi Beef Karahi Ramzan Special Recipe By Food Fusion,Balochi Beef Karahi Ramzan Special Recipe,https://www.youtube.com/watch?v=tyfhDNOalvk,Pakistani
Do (دو) Milk Sharbat Recipes | Ramzan Special | Food Fusion,Do (دو) Milk Sharbat Recipes,https://www.youtube.com/watch?v=gqM23C_qeps,Pakistani
Easy Khajoor Recipe Ideas Ramzan Special By Food Fusion,Easy Khajoor Recipe Ideas Ramzan Special,https://www.youtube.com/watch?v=K5RUDBJRqhE,Pakistani
Japanese Long Fries Ramadan Special Recipe By Food Fusion,Japanese Long Fries Ramadan Special Recipe,https://www.youtube.com/watch?v=LxUjSPVVIDE,Pakistani
Chicken Candy Ramadan Special Recipe By Food Fusion,Chicken Candy Ramadan Special Recipe,https://www.youtube.com/watch?v=tZJ24wQc3Bc,Pakistani
Basket Pepper Chicken Ramadan Special Recipe by Food Fusion,Basket Pepper Chicken Ramadan Special Recipe,https://www.youtube.com/watch?v=1VBYFg5SqIo,Pakistani
Turkish Cream Rolls Ramadan Special Recipe By Food Fusion,Turkish Cream Rolls Ramadan Special Recipe,https://www.youtube.com/watch?v=WLKR9-WgdYA,Arabic/Mediterranean
Cowboy Butter Chicken Spaghetti Ramadan Special Recipe By Food Fusion,Cowboy Butter Chicken Spaghetti Ramadan Special Recipe,https://www.youtube.com/watch?v=vHEwOSBKPwU,Continental
Crispy Ouzi Pockets with Turkish Roasted Bell Pepper Salad Ramzan Special Recipe By Food Fusion,Crispy Ouzi Pockets with Turkish Roasted Bell Pepper Salad Ramzan Special Recipe,https://www.youtube.com/watch?v=_1JWMBmr66w,Arabic/Mediterranean
Naan in Pot Ramadan Special Recipe By Food Fusion,Naan in Pot Ramadan Special Recipe,https://www.youtube.com/watch?v=i27mDa5Dd_Y,Pakistani
5 Minutes Shakshuka Bowl Ramadan Special Microwave Recipe By Food Fusion,5 Minutes Shakshuka Bowl Ramadan Special Microwave Recipe,https://www.youtube.com/watch?v=ka0dIXe9X3M,Pakistani
Dahi Bade Jars Ramadan Special (Make & Freeze) Recipe By Food Fusion,Dahi Bade Jars Ramadan Special (Make & Freeze) Recipe,https://www.youtube.com/watch?v=1d8wDoxMquk,Pakistani
Mazedar Beef Pulao Ramadan Special Recipe By Food Fusion,Mazedar Beef Pulao Ramadan Special Recipe,https://www.youtube.com/watch?v=PccQ7E6FUTQ,Pakistani
Shami Tikki Bun Kabab with Chatkhara Chutney Ramadan Special Recipe by Food Fusion,Shami Tikki Bun Kabab with Chatkhara Chutney Ramadan Special Recipe,https://www.youtube.com/watch?v=JncjzQpksUI,Indian
Chili Mili Chicken Wings Ramadan Special Recipe by Asad Memon - Food Fusion,Chili Mili Chicken Wings Ramadan Special Recipe by Asad Memon,https://www.youtube.com/watch?v=PXaIFgh1zSU,Continental
Storable Unique Lacha Paratha Make & Freeze Ramzan Special Recipe By Food Fusion,Storable Unique Lacha Paratha Make & Freeze Ramzan Special Recipe,https://www.youtube.com/watch?v=PbeXN75KV0M,Pakistani
Viral Matilda Cups Ramadan Special Recipe By Food Fusion,Viral Matilda Cups Ramadan Special Recipe,https://www.youtube.com/watch?v=w4Puj1yOuYU,Pakistani
Mini Samosa Chaat Ramadan Special Recipe by Food Fusion,Mini Samosa Chaat Ramadan Special Recipe,https://www.youtube.com/watch?v=3Be16_wcV30,Pakistani
Doodh Dulari Fruit & Jelly Trifle Ramzan Special Recipe By Food Fusion,Doodh Dulari Fruit & Jelly Trifle Ramzan Special Recipe,https://www.youtube.com/watch?v=0aCKyJeaUGI,Pakistani
Stuffed Chicken Fingers Ramadan Special (Make & Freeze) Recipe by Food Fusion,Stuffed Chicken Fingers Ramadan Special (Make & Freeze) Recipe,https://www.youtube.com/watch?v=-s_9it8H-S8,Pakistani
Spicy Chicken Roast with Garlic Rice Ramadan Special Recipe By Food Fusion,Spicy Chicken Roast with Garlic Rice Ramadan Special Recipe,https://www.youtube.com/watch?v=Jai4yrX5PO4,Pakistani
Kacha Khatta Jazeera Chaat Ramzan Special Recipe By Food Fusion,Kacha Khatta Jazeera Chaat Ramzan Special Recipe,https://www.youtube.com/watch?v=7ZewuPDDkmc,Pakistani
Angaari Matka Salan Special Ramzan Recipe By Food Fusion,Angaari Matka Salan Special Ramzan Recipe,https://www.youtube.com/watch?v=JZ-VSozYwv4,Pakistani
Aalo Pouch/Potli Samosa Ramzan Special Recipe By Food Fusion,Aalo Pouch/Potli Samosa Ramzan Special Recipe,https://www.youtube.com/watch?v=qP5Uzm7yd84,Pakistani
Coconut Cream Brulèe Ramzan Special Recipe By Food Fusion,Coconut Cream Brulèe Ramzan Special Recipe,https://www.youtube.com/watch?v=XsYBIs8Wkpw,Pakistani
Healthy Crisp Smash Salad Tacos Ramzan Special Recipe By Food Fusion,Healthy Crisp Smash Salad Tacos Ramzan Special Recipe,https://www.youtube.com/watch?v=DQSYY5XtZUA,Pakistani
Turkish Style Pakoray  Ramzan Special Recipe By Food Fusion,Turkish Style Pakoray  Ramzan Special Recipe,https://www.youtube.com/watch?v=92YmmzGL0tM,Arabic/Mediterranean
Shawarma Bites Ramzan Special Recipe By Food Fusion,Shawarma Bites Ramzan Special Recipe,https://www.youtube.com/watch?v=QiDc9qdxvIQ,Arabic/Mediterranean
Chicken Wellington Ramadan Special Recipe By Food Fusion,Chicken Wellington Ramadan Special Recipe,https://www.youtube.com/watch?v=v98uO2U5GNQ,Pakistani
Raseela Chicken Yakhni Pulao Ramadan Special Recipe By Food Fusion,Raseela Chicken Yakhni Pulao Ramadan Special Recipe,https://www.youtube.com/watch?v=y3MkAvviF-I,Pakistani
Healthy High Protein Chicken & Hummus Platter Ramzan Special Recipe By Food Fusion,Healthy High Protein Chicken & Hummus Platter Ramzan Special Recipe,https://www.youtube.com/watch?v=3km73kVRVVE,Arabic/Mediterranean
Baida Roti Ramzan Special Recipe By Food Fusion,Baida Roti Ramzan Special Recipe,https://www.youtube.com/watch?v=_U51fh3tOMM,Pakistani
Chicken Crunch Tiles (Make & Freeze) Ramzan Special Recipe by Asad Memon-Food Fusion,Chicken Crunch Tiles (Make & Freeze) Ramzan Special Recipe by Asad Memon,https://www.youtube.com/watch?v=kk7ECOhRtbU,Pakistani
Deconstructed Aalo Samosa Chaat Cups Ramzan Special Recipe By Food Fusion,Deconstructed Aalo Samosa Chaat Cups Ramzan Special Recipe,https://www.youtube.com/watch?v=vLnX1ClNQBw,Pakistani
Full Creamy Karachi Dahi Bhallay Ramzan Special Recipe by Food Fusion,Full Creamy Karachi Dahi Bhallay Ramzan Special Recipe,https://www.youtube.com/watch?v=6ieT9NiYSHI,Pakistani
Butterscotch Latte Hot & Cold  Cafe Style Recipe By Asad Memon-Food Fusion,Butterscotch Latte Hot & Cold  Cafe Style Recipe By Asad Memon,https://www.youtube.com/watch?v=qq0D-X3F3zM,Pakistani
Chicken Empanadas Ramzan Special Recipe by Food Fusion,Chicken Empanadas Ramzan Special Recipe,https://www.youtube.com/watch?v=Ai0dTgnki9E,Pakistani
Stuffed Breakfast Crepes Make & Freeze Ramzan Special Recipe By Food Fusion,Stuffed Breakfast Crepes Make & Freeze Ramzan Special Recipe,https://www.youtube.com/watch?v=QuT59PScPh0,Pakistani
Chicken Crusted Triangles / Tortilla Schnitzel | Make & Freeze Ramzan Special| Food Fusion,Chicken Crusted Triangles / Tortilla Schnitzel,https://www.youtube.com/watch?v=S3fLeswf12Y,Pakistani
Chicken Pyramids Puffs Ramzan Special Recipe by Food Fusion,Chicken Pyramids Puffs Ramzan Special Recipe,https://www.youtube.com/watch?v=a-X2wgN6JMo,Pakistani
Lahori Anda Tikki with Tandoori Roti Ramzan Special Recipe By Food Fusion,Lahori Anda Tikki with Tandoori Roti Ramzan Special Recipe,https://www.youtube.com/watch?v=se5ObXWUkqs,Pakistani
Middle Eastern Chicken Suffed Pita Ramzan Special Recipe By Food Fusion,Middle Eastern Chicken Suffed Pita Ramzan Special Recipe,https://www.youtube.com/watch?v=DEXKPuctSWg,Arabic/Mediterranean
Mayo Chicken Paratha Ramzan Special  Recipe By Food Fusion,Mayo Chicken Paratha Ramzan Special  Recipe,https://www.youtube.com/watch?v=dajNXX31R3g,Pakistani
3 Secret Street Style Chutney Recipes by Asad Memon-Food Fusion (Ramzan Special),3 Secret Street Style Chutney Recipes by Asad Memon (Ramzan Special),https://www.youtube.com/watch?v=vMEameovgco,Pakistani
Viral Bread Pakora Ramzan Special Recipe By Food Fusion,Viral Bread Pakora Ramzan Special Recipe,https://www.youtube.com/watch?v=rqRxFyNteFs,Pakistani
Potli Samosa Chaat Ramzan Special Recipe By Food Fusion,Potli Samosa Chaat Ramzan Special Recipe,https://www.youtube.com/watch?v=5zKJS54Frtc,Pakistani
Turkish Saya Bread Ramzan Special Recipe By Food Fusion,Turkish Saya Bread Ramzan Special Recipe,https://www.youtube.com/watch?v=VNwkvbWIQ0I,Arabic/Mediterranean
Chicken Chipotle Burrito Bowl Ramzan Special Recipe By Food Fusion,Chicken Chipotle Burrito Bowl Ramzan Special Recipe,https://www.youtube.com/watch?v=hOnyNm3OQig,Pakistani
Crispy Veg & Chicken Pies / kachori (Make & Freeze) Ramzan Special-Recipe By Food Fusion,Crispy Veg & Chicken Pies / kachori (Make & Freeze) Ramzan Special-Recipe,https://www.youtube.com/watch?v=o-SPLQKWbek,Pakistani
Chicken Reshmi Kabab with Storage Ramzan Special Recipe By Food Fusion,Chicken Reshmi Kabab with Storage Ramzan Special Recipe,https://www.youtube.com/watch?v=wTtOrpbNqlQ,Pakistani
Pakora Platter with Homemade Pakora Mix (Ramzan Special) Asad Memon - Recipe by Food Fusion,Pakora Platter with Homemade Pakora Mix (Ramzan Special) Asad Memon,https://www.youtube.com/watch?v=aOh48WADeMw,Pakistani
Dry Kachori Pops (Make & Store) Ramzan Special Recipe by Food Fusion,Dry Kachori Pops (Make & Store) Ramzan Special Recipe,https://www.youtube.com/watch?v=pDTX4fWzvRs,Pakistani
Thread Malai Chicken Sticks Make & Freeze Ramzan Special Recipe By Food Fusion,Thread Malai Chicken Sticks Make & Freeze Ramzan Special Recipe,https://www.youtube.com/watch?v=egNOV0LYr40,Pakistani
Chicken 65 Spring Rolls (Make & Freeze) Ramzan Special Recipe By Food Fusion,Chicken 65 Spring Rolls (Make & Freeze) Ramzan Special Recipe,https://www.youtube.com/watch?v=OedN8SyYBNk,Pakistani
Storable BBQ Paratha Ramzan Special Recipe By Food Fusion,Storable BBQ Paratha Ramzan Special Recipe,https://www.youtube.com/watch?v=oNGGf0Pd9zM,Pakistani
Crispy Chicken Strips/Tenders with Hot Mayo Sauce | Make & Freeze Ramzan Special Recipe- Food Fusion,Crispy Chicken Strips/Tenders with Hot Mayo Sauce,https://www.youtube.com/watch?v=JinVKD7PO_A,Pakistani
4 WOW Desserts Recipes  By Food Fusion,4 WOW Desserts Recipes,https://www.youtube.com/watch?v=PiDZ3Wv108E,Pakistani
Nargisi Anda Qeema Tikki- Make & Freeze Ramzan Special Recipe By Food Fusion,Nargisi Anda Qeema Tikki- Make & Freeze Ramzan Special Recipe,https://www.youtube.com/watch?v=4Wn8e-FkS9Y,Pakistani
Crispy Chunky Aloo Tikki Chaat -Ramzan Special Recipe By Food Fusion,Crispy Chunky Aloo Tikki Chaat -Ramzan Special Recipe,https://www.youtube.com/watch?v=tVvzQNScrEE,Pakistani
No-Bake Rush Chocolate Cheesecake - Ramadan Special Recipe By Food Fusion,No-Bake Rush Chocolate Cheesecake,https://www.youtube.com/watch?v=ol9BN0CGf5g,Continental
Just Add Water - Magic Chutney Powder Recipes By Food Fusion (Ramzan Special),Just Add Water,https://www.youtube.com/watch?v=HXeC39yCwUw,Pakistani
Storable Malai Paratha Ramzan Special Recipe by Food Fusion,Storable Malai Paratha Ramzan Special Recipe,https://www.youtube.com/watch?v=dUse3vWu2SA,Pakistani
Freezer Friendly Ramadan Recipes By Food Fusion,Freezer Friendly Ramadan Recipes,https://www.youtube.com/watch?v=K8wBLgkSSrk,Pakistani
Special Shami Kabab Make & Freeze Ramadan Special Recipe By Food Fusion,Special Shami Kabab Make & Freeze Ramadan Special Recipe,https://www.youtube.com/watch?v=6eoB7lLbnwM,Pakistani
Steamed Dumpling Bowl Recipe By Food Fusion,Steamed Dumpling Bowl Recipe,https://www.youtube.com/watch?v=0-zF4xpVCaw,Pakistani
4 Freezer Friendly Samosa Recipes Tried and Tested By Food Fusion,4 Freezer Friendly Samosa Recipes Tried and Tested,https://www.youtube.com/watch?v=GB6zf0gaXQ8,Pakistani
Singaporean Rice Recipe By Asad Memon-Food Fusion,Singaporean Rice Recipe By Asad Memon,https://www.youtube.com/watch?v=TqiWMTCuRcI,Chinese
Chicken Adobo Filipino style with coconut milk Recipe By Food Fusion,Chicken Adobo Filipino style with coconut milk Recipe,https://www.youtube.com/watch?v=9Wok5mwfir0,Pakistani
Refreshing Sabzi Recipes By Food Fusion,Refreshing Sabzi Recipes,https://www.youtube.com/watch?v=4aYltvPRscc,Pakistani
Maui Wowie Chicken Burrito Recipe By Food Fusion,Maui Wowie Chicken Burrito Recipe,https://www.youtube.com/watch?v=rvOoDRUMKMs,Pakistani
Make and Freeze Iftar Snacks 2026 Collection 1 By Food Fusion,Make and Freeze Iftar Snacks 2026 Collection 1,https://www.youtube.com/watch?v=6F0yqrW2Dfo,Pakistani
Viral Orange Hot Chocolate Recipe By Food Fusion,Viral Orange Hot Chocolate Recipe,https://www.youtube.com/watch?v=0qyPnRiTbNE,Pakistani
Green Chicken Hot Shots Recipe By Food Fusion,Green Chicken Hot Shots Recipe,https://www.youtube.com/watch?v=Z2rfaGyXiXk,Pakistani
How to Wrap a Dumpling/Wonton - Styles and techniques Recipe By Food Fusion,How to Wrap a Dumpling/Wonton,https://www.youtube.com/watch?v=cX8hgX5YVEU,Chinese
Tea Time Recipe Collection By Food Fusion,Tea Time Recipe Collection,https://www.youtube.com/watch?v=mMFUo5Fub3w,Pakistani
Cheesy Onion Bread Recipe By Food Fusion,Cheesy Onion Bread Recipe,https://www.youtube.com/watch?v=CbNFoKVUgeg,Pakistani
Healthy Protein Salad - Lemon Herb Grilled Chicken & Chickpea Salad Recipe by Food Fusion,Healthy Protein Salad,https://www.youtube.com/watch?v=CKYDabP62m4,Pakistani
Viral Chocolate Brownie Pudding Recipe By Amani - Food Fusion,Viral Chocolate Brownie Pudding Recipe By Amani,https://www.youtube.com/watch?v=oinbf7R0prc,Continental
Whole Wheat Biscuits - Tea Time Recipe By Food Fusion,Whole Wheat Biscuits,https://www.youtube.com/watch?v=GxJNrLYVMpY,Pakistani
Chicken Tikka French Toast Ramzan Special Recipe By Food Fusion,Chicken Tikka French Toast Ramzan Special Recipe,https://www.youtube.com/watch?v=zJsqQbDVv3Y,Pakistani
Chapta Cut Kabab Masala Recipe By Asad Memon Food Fusion,Chapta Cut Kabab Masala Recipe By Asad Memon,https://www.youtube.com/watch?v=cQUnyB8tBF0,Pakistani
Orange Ice Cream Recipe by Food Fusion,Orange Ice Cream Recipe,https://www.youtube.com/watch?v=a-LBUlmtkCo,Pakistani
Mix Vegetable Karahi Recipe by Food Fusion,Mix Vegetable Karahi Recipe,https://www.youtube.com/watch?v=_HQWmy_bJGQ,Pakistani
Dhuwandaar Chicken Koyla Karahi Highway Style Recipe By Asad Memon Food Fusion,Dhuwandaar Chicken Koyla Karahi Highway Style Recipe By Asad Memon,https://www.youtube.com/watch?v=9a3JIX3z_Ps,Pakistani
Gajar Gulab Jamun / Carrot Dessert Ramadan Special Recipe By Food Fusion,Gajar Gulab Jamun / Carrot Dessert Ramadan Special Recipe,https://www.youtube.com/watch?v=gscQFoiG8zU,Pakistani
Orange Almond Cake Recipe By Food Fusion,Orange Almond Cake Recipe,https://www.youtube.com/watch?v=ln7JY73BvrM,Continental
Crispy Mooli ki Puri Recipe By Food Fusion,Crispy Mooli ki Puri Recipe,https://www.youtube.com/watch?v=SIGSKx_zaKs,Pakistani
Fish Mandi Recipe By Food Fusion,Fish Mandi Recipe,https://www.youtube.com/watch?v=Rsm4wbKK628,Arabic/Mediterranean
Shakarkandi Fries /Sweet Potato Fries and Chutney- Recipe By Asad Memon Food Fusion,Shakarkandi Fries /Sweet Potato Fries and Chutney- Recipe By Asad Memon,https://www.youtube.com/watch?v=nfHWZFtVmMY,Pakistani
Gur Ki Chikki Basics - Tips by Asad Memon Recipe By Food Fusion,Gur Ki Chikki Basics,https://www.youtube.com/watch?v=KS_86C43KOg,Pakistani
Shahi Piyala Kashmiri Chai Recipe By Asad Memon-Food Fusion,Shahi Piyala Kashmiri Chai Recipe By Asad Memon,https://www.youtube.com/watch?v=bP05rJ8utEc,Pakistani
Sooji Tahini Halwa Recipe By Food Fusion,Sooji Tahini Halwa Recipe,https://www.youtube.com/watch?v=V12SHqPtURU,Pakistani
Crispy Shirmp Bombs Recipe by Food Fusion,Crispy Shirmp Bombs Recipe,https://www.youtube.com/watch?v=7kIs2uLh0yo,Pakistani
Osmania Biscuit Recipe By Food Fusion,Osmania Biscuit Recipe,https://www.youtube.com/watch?v=c8SC4rsIit4,Pakistani
Sarson Ke Saag ka Achar Recipe by Food Fusion,Sarson Ke Saag ka Achar Recipe,https://www.youtube.com/watch?v=kbaX1APThvc,Pakistani
Achari Arvi Masala Recipe by Food Fusion,Achari Arvi Masala Recipe,https://www.youtube.com/watch?v=RROaxrH-bIo,Pakistani
Shahi Malai Chicken Platter Recipe By Food Fusion,Shahi Malai Chicken Platter Recipe,https://www.youtube.com/watch?v=r6X-C6wceiM,Pakistani
Tapioca Fried Chicken Recipe By Food Fusion,Tapioca Fried Chicken Recipe,https://www.youtube.com/watch?v=TCyO9Gj6-Bc,Pakistani
Chapte Kabab Platter Recipe By Food Fusion,Chapte Kabab Platter Recipe,https://www.youtube.com/watch?v=opSMGv5jayk,Pakistani
Pastina Soup with Basil Chicken Meatballs Recipe By Food Fusion,Pastina Soup with Basil Chicken Meatballs Recipe,https://www.youtube.com/watch?v=6NTOhQuqgCI,Continental
Tikka Boti Rice Bowl Recipe By Food Fusion,Tikka Boti Rice Bowl Recipe,https://www.youtube.com/watch?v=JxtkzrN7dRQ,Pakistani
Hot Chilli Chicken with Airfried Bun Pockets Recipe By Food Fusion,Hot Chilli Chicken with Airfried Bun Pockets Recipe,https://www.youtube.com/watch?v=y0RdIyS6KAM,Pakistani
Sesame Sohan Halwa Bites Recipe By Food Fusion,Sesame Sohan Halwa Bites Recipe,https://www.youtube.com/watch?v=W2bBzurRmEk,Pakistani
Chicken Khao Soi Curry with Noodles Recipe by Food Fusion,Chicken Khao Soi Curry with Noodles Recipe,https://www.youtube.com/watch?v=xUAMliQwe2s,Pakistani
Crispy Sushi Rice Bites Recipe By Food Fusion,Crispy Sushi Rice Bites Recipe,https://www.youtube.com/watch?v=hGmzCCxKUCs,Japanese
Cheese Chilli Crispy Omelette Recipe By Food Fusion,Cheese Chilli Crispy Omelette Recipe,https://www.youtube.com/watch?v=OlXDoVMLFH4,Continental
Viral Turkish Doner Kebab Recipe By Food Fusion,Viral Turkish Doner Kebab Recipe,https://www.youtube.com/watch?v=TGLv__bZzfU,Arabic/Mediterranean
Boston Cream Dessert Recipe By Food Fusion,Boston Cream Dessert Recipe,https://www.youtube.com/watch?v=k19EVYcnb6M,Pakistani
Beef Kofta Matar Biryani Recipe By Food Fusion,Beef Kofta Matar Biryani Recipe,https://www.youtube.com/watch?v=DwXBFAoJokQ,Pakistani
Rolled Chicken Ramen Soup Recipe By Food Fusion,Rolled Chicken Ramen Soup Recipe,https://www.youtube.com/watch?v=w6qGyq0NeLU,Japanese
Vegetable Seekh Kabab Gravy Recipe By Food Fusion,Vegetable Seekh Kabab Gravy Recipe,https://www.youtube.com/watch?v=QPi_jgNdH8k,Pakistani
Aalo Beh Chaat - Traditional Sindhi Recipe by Food Fusion,Aalo Beh Chaat,https://www.youtube.com/watch?v=n9QbZPqHrCA,Pakistani
Palli Saag & Machi - Special Sindhi Recipe By Food Fusion,Palli Saag & Machi,https://www.youtube.com/watch?v=HqxjLS5zNvc,Pakistani
Dawat Special Malai Handi Platter Recipe By Food Fusion,Dawat Special Malai Handi Platter Recipe,https://www.youtube.com/watch?v=aeQc8ewcbZ4,Pakistani
Turkish Eggs on Crispy Flatbread Recipe by Food Fusion,Turkish Eggs on Crispy Flatbread Recipe,https://www.youtube.com/watch?v=XJMp2p1ehkw,Arabic/Mediterranean
Hot & Sour Soup in Minutes | Storable Soup Base Recipe By Food Fusion,Hot & Sour Soup in Minutes,https://www.youtube.com/watch?v=9eRed6PNgqQ,Pakistani
Tawa Machli Fry - Restaurant Style Recipe By Food Fusion,Tawa Machli Fry,https://www.youtube.com/watch?v=d5G-9sjqi6k,Pakistani
Restaurant-Style Fried Rice | Tips & Tricks by Asad Memon – Food Fusion,Restaurant-Style Fried Rice,https://www.youtube.com/watch?v=pc1ZzHhPs7Y,Chinese
Chicken Maryland Recipe by Food Fusion,Chicken Maryland Recipe,https://www.youtube.com/watch?v=WOyA8Ed-IWQ,Pakistani
Chocolate Lava Pudding Recipe By Food Fusion,Chocolate Lava Pudding Recipe,https://www.youtube.com/watch?v=uBRVMaF1hMw,Pakistani
Palmiers with Puff Pastry/ Sugary Heart Biscuits  Recipe By Food Fusion,Palmiers with Puff Pastry/ Sugary Heart Biscuits  Recipe,https://www.youtube.com/watch?v=D7ZTYrTLv8A,Pakistani
Turkish Kebab From Scratch Recipe By Asad Memon-Food Fusion,Turkish Kebab From Scratch Recipe By Asad Memon,https://www.youtube.com/watch?v=_z7vN3vgPp0,Arabic/Mediterranean
How to Boil and Store Pasta/Spaghetti | By Food Fusion,How to Boil and Store Pasta/Spaghetti,https://www.youtube.com/watch?v=EsZtYkiWYWQ,Continental
Tea Time Deep Dish Cookie Recipe by Food Fusion,Tea Time Deep Dish Cookie Recipe,https://www.youtube.com/watch?v=VCYghWdS8EM,Continental
Bakery Style Coconut Cake Recipe By Food Fusion,Bakery Style Coconut Cake Recipe,https://www.youtube.com/watch?v=6yMjjobjI5g,Continental
Microwave Hot Chocolate Mug Cake Recipe By Food Fusion,Microwave Hot Chocolate Mug Cake Recipe,https://www.youtube.com/watch?v=UD8olODCqg4,Continental
NOT Your Average Kebab: Russian Kabab Fingers Recipe By Food Fusion,NOT Your Average Kebab: Russian Kabab Fingers Recipe,https://www.youtube.com/watch?v=cRyzBJxQlzg,Pakistani
Teekhi Garlic Chutney & Crispy Potato Chips for Daal Chawal Recipe by Food Fusion,Teekhi Garlic Chutney & Crispy Potato Chips for Daal Chawal Recipe,https://www.youtube.com/watch?v=3angd1MDpWY,Pakistani
Rabri Wala Gajar Halwa Recipe By Food Fusion,Rabri Wala Gajar Halwa Recipe,https://www.youtube.com/watch?v=hxv1AlDoM2I,Pakistani
Chicken Garlic Wonton Soup Recipe By Food Fusion,Chicken Garlic Wonton Soup Recipe,https://www.youtube.com/watch?v=_xJIsHmXeug,Chinese
Korean Beef Bulgogi Rice Bowl Recipe by Food Fusion,Korean Beef Bulgogi Rice Bowl Recipe,https://www.youtube.com/watch?v=QY-iiiFmjLI,Pakistani
Crispy  Finger Fish Fry Recipe by Asad Memon- Food Fusion,Crispy  Finger Fish Fry Recipe by Asad Memon,https://www.youtube.com/watch?v=RcBaewSchvg,Pakistani
Cream of Spinach Soup Recipe By Food Fusion,Cream of Spinach Soup Recipe,https://www.youtube.com/watch?v=M9JIC3jZ9sA,Pakistani
Peshawari Style Chicken Soup Recipe by Food Fusion,Peshawari Style Chicken Soup Recipe,https://www.youtube.com/watch?v=qJdfAvnfc4g,Pakistani
Tandoori Fish Rice Bowl Recipe By Food Fusion,Tandoori Fish Rice Bowl Recipe,https://www.youtube.com/watch?v=X-zHg1bzBnA,Pakistani
Rohu Fish Fry Recipe By Food Fusion,Rohu Fish Fry Recipe,https://www.youtube.com/watch?v=eKl_coOIOBs,Pakistani
Instant Soups 101 - Winter Special by - Asad Memon - Food Fusion,Instant Soups 101,https://www.youtube.com/watch?v=Ie58Yu51qO8,Pakistani
Mini Dumplings Salad Bowl Recipe By Food Fusion,Mini Dumplings Salad Bowl Recipe,https://www.youtube.com/watch?v=O9M2AZ697Dk,Pakistani
Hot Garlic Chicken Sizzler Recipe by Food Fusion,Hot Garlic Chicken Sizzler Recipe,https://www.youtube.com/watch?v=SL5_gg8LFwA,Pakistani
Irani/Persian Mirza Ghasemi (Smoked Eggplant) by Food Fusion,Irani/Persian Mirza Ghasemi (Smoked Eggplant),https://www.youtube.com/watch?v=bNb0kclMrDg,Pakistani
Tajin Chicken Fajita Rice Bowl Recipe by Food Fusion,Tajin Chicken Fajita Rice Bowl Recipe,https://www.youtube.com/watch?v=kJEILcVtiQk,Pakistani
Gurr ki Panjeeri Recipe by Food Fusion,Gurr ki Panjeeri Recipe,https://www.youtube.com/watch?v=xa3bcoPcntc,Pakistani
Harrisa Chicken Mushroom Flat Bread Recipe by Food Fusion,Harrisa Chicken Mushroom Flat Bread Recipe,https://www.youtube.com/watch?v=JClKtH8Swgg,Pakistani
Microwave Zafrani Mithai Cake Recipe by Food Fusion,Microwave Zafrani Mithai Cake Recipe,https://www.youtube.com/watch?v=kxBJXrEJGXE,Continental
Hara Pyaz Lacha/Thread Paratha with Kathiawari Chutney Recipe By Food Fusion,Hara Pyaz Lacha/Thread Paratha with Kathiawari Chutney Recipe,https://www.youtube.com/watch?v=7y1asN1ytng,Pakistani
Cheeseburger Club Sandwich Recipe by Food Fusion,Cheeseburger Club Sandwich Recipe,https://www.youtube.com/watch?v=OkAMHDWdPBY,Continental
Sindhi Sanyal Machi Recipe by Food Fusion,Sindhi Sanyal Machi Recipe,https://www.youtube.com/watch?v=jY0usKEkCd0,Pakistani
Jalebi Churros with Saffron Rabri by Food Fusion,Jalebi Churros with Saffron Rabri,https://www.youtube.com/watch?v=ydb4t93em2I,Pakistani
Caramel Crunch Hot Chocolate Float Recipe by Food Fusion,Caramel Crunch Hot Chocolate Float Recipe,https://www.youtube.com/watch?v=DTRv23MB--w,Continental
Vanilla Hazelnut Brownie Sizzler Recipe by Food Fusion,Vanilla Hazelnut Brownie Sizzler Recipe,https://www.youtube.com/watch?v=OvrWBRXFRKs,Continental
Dhaka Chicken Fried Tikka Recipe by Food Fusion,Dhaka Chicken Fried Tikka Recipe,https://www.youtube.com/watch?v=cGTGzVPNWF8,Pakistani
Paneer Qeema Tawa Masala Recipe by Food Fusion,Paneer Qeema Tawa Masala Recipe,https://www.youtube.com/watch?v=Jc9X6u3H4Yk,Indian
Everyday Sabzi Recipes by Food Fusion,Everyday Sabzi Recipes,https://www.youtube.com/watch?v=XskhZMswCpY,Pakistani
Omoji Lava Cake Recipe by Food Fusion,Omoji Lava Cake Recipe,https://www.youtube.com/watch?v=zPbViTy3g1c,Continental
All Time Favourite Fish Recipes by Food Fusion,All Time Favourite Fish Recipes,https://www.youtube.com/watch?v=6hxqV_suhLw,Pakistani
Bhujiya Chutney Rice Bowl Recipe by Food Fusion,Bhujiya Chutney Rice Bowl Recipe,https://www.youtube.com/watch?v=ITCBGjhNZGg,Pakistani
Restaurant Style Dragon Chicken Burger Recipe by Food Fusion,Restaurant Style Dragon Chicken Burger Recipe,https://www.youtube.com/watch?v=oDP2OWLbeRs,Continental
Banana Pudding (Magnolia's Bakery Famous Pudding) Recipe by Food Fusion,Banana Pudding (Magnolia's Bakery Famous Pudding) Recipe,https://www.youtube.com/watch?v=hXzaMZmqYtI,Pakistani
Crispy Bhindi Rice Bowl Recipe By Food Fusion,Crispy Bhindi Rice Bowl Recipe,https://www.youtube.com/watch?v=obmdAl_suFY,Pakistani
Pista Frozen Trifle Recipe By Food Fusion,Pista Frozen Trifle Recipe,https://www.youtube.com/watch?v=GgnH_P4v_-s,Pakistani
Stuffed chicken Hot pockets Recipe By Food Fusion,Stuffed chicken Hot pockets Recipe,https://www.youtube.com/watch?v=oR8l5_HX2QY,Pakistani
Nigerian Jollof Rice with Grilled Chicken Recipe by Food Fusion,Nigerian Jollof Rice with Grilled Chicken Recipe,https://www.youtube.com/watch?v=yHVlXKimqSA,Pakistani
Strawberry Vanilla Parfait Recipe by Food Fusion,Strawberry Vanilla Parfait Recipe,https://www.youtube.com/watch?v=Qg0-f8kne-c,Pakistani
Sindhi Khatta Beh Recipe by Food Fusion,Sindhi Khatta Beh Recipe,https://www.youtube.com/watch?v=yKuQQ6klLdU,Pakistani
Jalebi Recipe by Food Fusion,Jalebi Recipe,https://www.youtube.com/watch?v=U7GJ-d7uQss,Pakistani
Hari Mirch Anda Qeema Recipe By Asad Memon-Food Fusion,Hari Mirch Anda Qeema Recipe By Asad Memon,https://www.youtube.com/watch?v=pT9U6uP54MM,Pakistani
Tiramisu Frozen Dessert Cake Recipe by Food Fusion,Tiramisu Frozen Dessert Cake Recipe,https://www.youtube.com/watch?v=iEUtDLXjYxA,Continental
Quick Breakfast/sehri Recipes by Food Fusion,Quick Breakfast/sehri Recipes,https://www.youtube.com/watch?v=JdHFkHg50oU,Pakistani
Viral Flat Croissants with Pistachio & Chocolate Dip Recipe by Food Fusion,Viral Flat Croissants with Pistachio & Chocolate Dip Recipe,https://www.youtube.com/watch?v=fj13IcaAAUc,Pakistani
Cinnamon Bread Cereal Recipe by Food Fusion,Cinnamon Bread Cereal Recipe,https://www.youtube.com/watch?v=Ok6aByPWciI,Pakistani
Sindhi Tahiri Recipe by Food Fusion,Sindhi Tahiri Recipe,https://www.youtube.com/watch?v=BVgPdB1MgTI,Pakistani
Most Loved Bhindi Recipes by Food Fusion,Most Loved Bhindi Recipes,https://www.youtube.com/watch?v=7ERvTbp3ku8,Pakistani
Malabar Chicken Fry Recipe by Food Fusion,Malabar Chicken Fry Recipe,https://www.youtube.com/watch?v=WRxfXPyGUm0,Pakistani
Refreshing Popsicle Punch Recipe By Food Fusion,Refreshing Popsicle Punch Recipe,https://www.youtube.com/watch?v=rvqrztlYVz0,Pakistani
Wazwan Pulao Recipe by Food Fusion,Wazwan Pulao Recipe,https://www.youtube.com/watch?v=_WyDuNjWfoI,Pakistani
Healthy Snacks for Anytime by Food Fusion,Healthy Snacks for Anytime,https://www.youtube.com/watch?v=8dZKLBC-Ljk,Pakistani
Kulfa Bread Pudding Recipe by Food Fusion,Kulfa Bread Pudding Recipe,https://www.youtube.com/watch?v=BIeFKphJHVI,Pakistani
Whole Wheat Tacos with Qeema & Chilli Oil Recipe by Food Fusion,Whole Wheat Tacos with Qeema & Chilli Oil Recipe,https://www.youtube.com/watch?v=d4oqFQqFUfs,Pakistani
Easy One Pot Recipes by Food Fusion,Easy One Pot Recipes,https://www.youtube.com/watch?v=JsCUbFPr6F8,Pakistani
Masala Lauki Katli Recipe by Food Fusion,Masala Lauki Katli Recipe,https://www.youtube.com/watch?v=zr5hTDI1uU4,Pakistani
Dahi Kali Mirch Chicken Karahi Recipe by Food Fusion,Dahi Kali Mirch Chicken Karahi Recipe,https://www.youtube.com/watch?v=uQ5Avo8TOHQ,Pakistani
All Time Favorite Noodles Recipes by Food Fusion,All Time Favorite Noodles Recipes,https://www.youtube.com/watch?v=PiujsjIC510,Pakistani
Lemon Pepper Chicken Recipe by Food Fusion,Lemon Pepper Chicken Recipe,https://www.youtube.com/watch?v=E60AfY_knvc,Pakistani
Cookie Mania Coffee Recipe by Food Fusion,Cookie Mania Coffee Recipe,https://www.youtube.com/watch?v=c_yP4wmhXV4,Continental
Italian Pesto Sandwich Recipe by Food Fusion,Italian Pesto Sandwich Recipe,https://www.youtube.com/watch?v=4Hymbg8rsko,Continental
Street Style Recipe Collection by Food Fusion,Street Style Recipe Collection,https://www.youtube.com/watch?v=JI5nqyYHeqw,Pakistani
Butter Chicken Bun Paratha Recipe by Food Fusion,Butter Chicken Bun Paratha Recipe,https://www.youtube.com/watch?v=XaQ3v1snnpA,Pakistani
Almond Pastry Recipe by Food Fusion,Almond Pastry Recipe,https://www.youtube.com/watch?v=i8F9aaGmqq8,Pakistani
One Pan Crispy Potatoes with Eggs Recipe by Food Fusion,One Pan Crispy Potatoes with Eggs Recipe,https://www.youtube.com/watch?v=2RoGUFIdp0s,Pakistani
Malai Ladoo Recipe By Food Fusion,Malai Ladoo Recipe,https://www.youtube.com/watch?v=1A4Fb5q1V2Q,Pakistani
Caramel Kheer with Puff Poori Recipe By  Food Fusion,Caramel Kheer with Puff Poori Recipe By,https://www.youtube.com/watch?v=w0q9RCzaDU4,Continental
Mazedar Hara Masala Pulao Recipe by Food Fusion,Mazedar Hara Masala Pulao Recipe,https://www.youtube.com/watch?v=MEh6GmWlbVw,Pakistani
Fajita Spaghetti Recipe By Food Fusion,Fajita Spaghetti Recipe,https://www.youtube.com/watch?v=OAmzdY32uQ8,Continental
Basil Beef Fried Rice Recipe by Food Fusion,Basil Beef Fried Rice Recipe,https://www.youtube.com/watch?v=5rBz-Psuv54,Chinese
Coconut Sooji Halwa Recipe by Food Fusion,Coconut Sooji Halwa Recipe,https://www.youtube.com/watch?v=__I2VD4SPeg,Pakistani
Banana Bread Toast Recipe by Food Fusion,Banana Bread Toast Recipe,https://www.youtube.com/watch?v=iEdN10XScsE,Pakistani
Marry Me Chicken Pasta Recipe by Food Fusion,Marry Me Chicken Pasta Recipe,https://www.youtube.com/watch?v=FXK3taqlF1M,Continental
Sabzi Pulao & Raita Recipe by Food Fusion,Sabzi Pulao & Raita Recipe,https://www.youtube.com/watch?v=fL7FY_XMqcA,Pakistani
Daging Belengas with Rice Recipe by Food Fusion,Daging Belengas with Rice Recipe,https://www.youtube.com/watch?v=M6p6lRuRQRE,Pakistani
Special White Sauce Pasta with Mushrooms Recipe by Food Fusion,Special White Sauce Pasta with Mushrooms Recipe,https://www.youtube.com/watch?v=inFbRiUU_Ls,Continental
Dahi Tadka Green Beans Recipe by Food Fusion,Dahi Tadka Green Beans Recipe,https://www.youtube.com/watch?v=lrqv3VfGk_M,Pakistani
Cheesy Paneer Ghotala Recipe by Food Fusion,Cheesy Paneer Ghotala Recipe,https://www.youtube.com/watch?v=bd22EV8l19Q,Indian
Lehsuni Baingan Recipe by Food Fusion,Lehsuni Baingan Recipe,https://www.youtube.com/watch?v=n9XiOMp67rk,Pakistani
Cookie Sticks Recipe by Food Fusion,Cookie Sticks Recipe,https://www.youtube.com/watch?v=_U6clgpXT1o,Continental
Tiramisu French Toast Recipe by Food Fusion,Tiramisu French Toast Recipe,https://www.youtube.com/watch?v=OHbL2dKCsEU,Pakistani
Easy Pulled Chicken Sandwich Recipe by Food Fusion,Easy Pulled Chicken Sandwich Recipe,https://www.youtube.com/watch?v=uVay-zZillc,Continental
Donut Rolls Back to School - Lunchbox Recipe by Food Fusion,Donut Rolls Back to School,https://www.youtube.com/watch?v=26_oTzbqpwE,Pakistani
Aalo Cutlet Wraps Back to School - Lunchbox Recipe by Food Fusion,Aalo Cutlet Wraps Back to School,https://www.youtube.com/watch?v=EljTMMOljNk,Pakistani
Homemade Pita Bun with Crispy Chicken Back to School - Lunchbox Recipe by Food Fusion,Homemade Pita Bun with Crispy Chicken Back to School,https://www.youtube.com/watch?v=SFRcF45q3ag,Arabic/Mediterranean
Bread Pizza Cones Recipe By Food Fusion (Amani),Bread Pizza Cones Recipe By Food Fusion (Amani),https://www.youtube.com/watch?v=8EIjzgRIrnU,Continental
Lunch box Idea using Bread Back to School - Lunchbox Recipe by Food Fusion,Lunch box Idea using Bread Back to School,https://www.youtube.com/watch?v=UaN46SJpUWw,Pakistani
Quick Potato Nuggets Back to School - Lunchbox Recipe by Food Fusion,Quick Potato Nuggets Back to School,https://www.youtube.com/watch?v=kqu111sZWDM,Pakistani
Mac & Cheese with Popcorn Chicken Back to School -Lunchbox Recipe by Food Fusion,Mac & Cheese with Popcorn Chicken Back to School -Lunchbox Recipe,https://www.youtube.com/watch?v=GjkqEPIPRAU,Continental
Triangle Pizza Paratha Back to School -Lunchbox Recipe by Food Fusion,Triangle Pizza Paratha Back to School -Lunchbox Recipe,https://www.youtube.com/watch?v=08Kgr07bVJk,Continental
Corn Aloo Pakoda Recipe by Food Fusion,Corn Aloo Pakoda Recipe,https://www.youtube.com/watch?v=zD4fzI06y4U,Pakistani
Chocolate Rice Mousse Recipe by Food Fusion,Chocolate Rice Mousse Recipe,https://www.youtube.com/watch?v=Y5uYDfmVi7A,Pakistani
Quick Hakka Noodles - Lunchbox Recipe by Food Fusion,Quick Hakka Noodles,https://www.youtube.com/watch?v=Z1qIfwcnmC4,Chinese
Breakfast Eggs with Meatballs Recipe by Food Fusion,Breakfast Eggs with Meatballs Recipe,https://www.youtube.com/watch?v=eWYJIaKPGwc,Continental
Viral Lazy Cat Dessert with Mango Twist Recipe by Food Fusion,Viral Lazy Cat Dessert with Mango Twist Recipe,https://www.youtube.com/watch?v=8TIoXEjMSC8,Pakistani
Homemade Peshawari Mango Ice cream Recipe by Food Fusion,Homemade Peshawari Mango Ice cream Recipe,https://www.youtube.com/watch?v=AN71uqRuKI0,Pakistani
Fruity Popsicles Recipe by Food Fusion,Fruity Popsicles Recipe,https://www.youtube.com/watch?v=30FjNUqCwAs,Pakistani
Air fry Loaded Fries with Best Sauces Recipe by Food Fusion,Air fry Loaded Fries with Best Sauces Recipe,https://www.youtube.com/watch?v=0apfY0f8L-U,Pakistani
Creamy Mango Sticky Rice Dessert Recipe by Food Fusion,Creamy Mango Sticky Rice Dessert Recipe,https://www.youtube.com/watch?v=1v_KN8X0B0s,Pakistani
Mango Kunafa Toast Recipe by Food Fusion,Mango Kunafa Toast Recipe,https://www.youtube.com/watch?v=L96BuTpghZk,Arabic/Mediterranean
Mango Cream Crepes Recipe by Food Fusion,Mango Cream Crepes Recipe,https://www.youtube.com/watch?v=j2EIAwWlev0,Pakistani
Dahi Shimla Mirch Recipe by Food Fusion,Dahi Shimla Mirch Recipe,https://www.youtube.com/watch?v=7xDaObaMUBg,Pakistani
Creamy Mango Sago Drink Recipe by Food Fusion,Creamy Mango Sago Drink Recipe,https://www.youtube.com/watch?v=VqNl2A4c-XE,Pakistani
Aloo Matar Chaap Recipe by Food Fusion,Aloo Matar Chaap Recipe,https://www.youtube.com/watch?v=PorSoxF2sr8,Pakistani
Bread Donuts Recipe by Food Fusion,Bread Donuts Recipe,https://www.youtube.com/watch?v=-kp7esjfwgk,Continental
Mango Tiramisu Cups Recipe by Food Fusion,Mango Tiramisu Cups Recipe,https://www.youtube.com/watch?v=aBArflSAR48,Pakistani
One Pot Afghani Pulao Recipe by Food Fusion,One Pot Afghani Pulao Recipe,https://www.youtube.com/watch?v=Q7q0y8fg1Sw,Arabic/Mediterranean
Daal Donut Pakora Recipe by Food Fusion,Daal Donut Pakora Recipe,https://www.youtube.com/watch?v=dXMe7R6eggg,Pakistani
Creamy Mango Popsicles Recipe by Food Fusion,Creamy Mango Popsicles Recipe,https://www.youtube.com/watch?v=RoMtETp9AtM,Pakistani
Dynamite Chicken Paratha Roll Recipe by Food Fusion,Dynamite Chicken Paratha Roll Recipe,https://www.youtube.com/watch?v=etESFHPKvL8,Pakistani
Summer Picnic Pack Collection 2 by Food Fusion,Summer Picnic Pack Collection 2,https://www.youtube.com/watch?v=wQoek77JO9I,Pakistani
5 Refreshing Milk Sharbat Recipes by Food Fusion,5 Refreshing Milk Sharbat Recipes,https://www.youtube.com/watch?v=Avfsr44pKMk,Pakistani
Dry Mong Daal with Onion & Garlic Relish Recipe by Food Fusion,Dry Mong Daal with Onion & Garlic Relish Recipe,https://www.youtube.com/watch?v=L_NXAgZle_g,Pakistani
Smokey Gurr Sharbat Recipe by Food Fusion,Smokey Gurr Sharbat Recipe,https://www.youtube.com/watch?v=he3VYt9Voi4,Pakistani
Daal Gosht Biryani Recipe by Food Fusion,Daal Gosht Biryani Recipe,https://www.youtube.com/watch?v=PQdWb7mMhAE,Pakistani
4 Daleem Recipes by Food Fusion,4 Daleem Recipes,https://www.youtube.com/watch?v=mNTB8C37fak,Pakistani
Kids in the kitchen Collection 2 by Food Fusion,Kids in the kitchen Collection 2,https://www.youtube.com/watch?v=OoEnh3ec1nI,Pakistani
Stuffed Chicken with Cheese & Sun-dried Tomatoes Recipe by Food Fusion,Stuffed Chicken with Cheese & Sun-dried Tomatoes Recipe,https://www.youtube.com/watch?v=Nn-OpW1b-hE,Pakistani
Teekhi Meethi Masala Hari Mirch Recipe by Food Fusion,Teekhi Meethi Masala Hari Mirch Recipe,https://www.youtube.com/watch?v=6ENva07wX7A,Pakistani
Sindhi Tarial Wangan (Fried Brinjal) Recipe by Food Fusion,Sindhi Tarial Wangan (Fried Brinjal) Recipe,https://www.youtube.com/watch?v=zXgrz5F6siE,Pakistani
Mango Soda 2 ways Recipe by Food Fusion,Mango Soda 2 ways Recipe,https://www.youtube.com/watch?v=MZR1EmzmS3Q,Pakistani
Summer Picnic Pack Collection 1 By Food Fusion,Summer Picnic Pack Collection 1,https://www.youtube.com/watch?v=ruJoUuArWig,Pakistani
Kids in the kitchen Collection 1 by Food Fusion,Kids in the kitchen Collection 1,https://www.youtube.com/watch?v=4zvZwa7ucek,Pakistani
Tomato Pasta Recipe by Food Fusion,Tomato Pasta Recipe,https://www.youtube.com/watch?v=pzzYiCEL3Bs,Continental
Mango Custard Bread Pudding Recipe by Food Fusion,Mango Custard Bread Pudding Recipe,https://www.youtube.com/watch?v=_R8uTQRCvnA,Pakistani
Mango Frooti Recipe by Food Fusion,Mango Frooti Recipe,https://www.youtube.com/watch?v=C0VlQe1sbQE,Pakistani
Creamy Latte Cake Recipe by Food Fusion,Creamy Latte Cake Recipe,https://www.youtube.com/watch?v=SsmL4qQ_VGI,Continental
Malai Qeema Recipe by Food Fusion,Malai Qeema Recipe,https://www.youtube.com/watch?v=kQEQyavQqfM,Pakistani
Air Fryer Burnt Basque Cheesecake Recipe by Food Fusion,Air Fryer Burnt Basque Cheesecake Recipe,https://www.youtube.com/watch?v=J2yrPZMpksU,Continental
Basil Chicken Stir fry (Pad Kra Pao) Recipe by Food Fusion,Basil Chicken Stir fry (Pad Kra Pao) Recipe,https://www.youtube.com/watch?v=n2_ctVjcX9c,Pakistani
Egg Croissant Sandwich Recipe by Food Fusion,Egg Croissant Sandwich Recipe,https://www.youtube.com/watch?v=LdDE6Bf6Zew,Continental
Pizza Sandwich Tray Bake Recipe by Food Fusion,Pizza Sandwich Tray Bake Recipe,https://www.youtube.com/watch?v=_yGyuy55fOw,Continental
Afghani Qeema Karahi Recipe by Food Fusion,Afghani Qeema Karahi Recipe,https://www.youtube.com/watch?v=QuSd2ZHrIis,Arabic/Mediterranean
White Sauce Pasta Beef Bake Recipe by Food Fusion,White Sauce Pasta Beef Bake Recipe,https://www.youtube.com/watch?v=xHX8xBrw4is,Continental
Boti Kabab Paratha Roll Recipe by Food Fusion,Boti Kabab Paratha Roll Recipe,https://www.youtube.com/watch?v=q3eGEyGixmg,Pakistani
Mutton Kali Mirch Biryani Recipe by Food Fusion,Mutton Kali Mirch Biryani Recipe,https://www.youtube.com/watch?v=Ra-AJwRFeV0,Pakistani
Authentic Mutton Paye Recipe by Food Fusion,Authentic Mutton Paye Recipe,https://www.youtube.com/watch?v=gOs7dSZvR4s,Pakistani
Kali Mirch Mutton & Chops Gravy Recipe by Food Fusion,Kali Mirch Mutton & Chops Gravy Recipe,https://www.youtube.com/watch?v=ih6cYu-KZYM,Pakistani
Eid Special Beef Handi Recipe by Food Fusion,Eid Special Beef Handi Recipe,https://www.youtube.com/watch?v=oERLP9iR55U,Pakistani
Biryani & Beyond Bakra Eid Special Rice Recipes By Food Fusion,Biryani & Beyond Bakra Eid Special Rice Recipes,https://www.youtube.com/watch?v=lB_xCuhhuEA,Pakistani
Bakra Eid Rich & Rustic Recipes by Food Fusion,Bakra Eid Rich & Rustic Recipes,https://www.youtube.com/watch?v=tVLLDncc3KY,Pakistani
Bakra Eid Dawat Special Recipes by Food Fusion,Bakra Eid Dawat Special Recipes,https://www.youtube.com/watch?v=UwTfQJ65nP4,Pakistani
From Simple to Special Bakra Eid Desserts Recipes by Food Fusion,From Simple to Special Bakra Eid Desserts Recipes,https://www.youtube.com/watch?v=5XCVaP3u3AI,Pakistani
4 Must Try Kaleji Recipes by Food Fusion,4 Must Try Kaleji Recipes,https://www.youtube.com/watch?v=w0dZEsTKlZo,Pakistani
Butter Fry Brain Masala Recipe by Food Fusion,Butter Fry Brain Masala Recipe,https://www.youtube.com/watch?v=lw1MeTzBbPg,Pakistani
Maghaz Mutton Karahi Recipe by Food Fusion,Maghaz Mutton Karahi Recipe,https://www.youtube.com/watch?v=2T5NUJrJ_1I,Pakistani
Easy No Bake Mango Cheesecake Recipe by Food Fusion,Easy No Bake Mango Cheesecake Recipe,https://www.youtube.com/watch?v=rG7yr8InGZs,Continental
Masala Roast Lamb with Gravy Recipe by Food Fusion,Masala Roast Lamb with Gravy Recipe,https://www.youtube.com/watch?v=DdPYtsH5aSM,Pakistani
Angoori Rasmalai Recipe by Food Fusion,Angoori Rasmalai Recipe,https://www.youtube.com/watch?v=MzwJUVcJ5qk,Pakistani
Bannu Beef Pulao Recipe by Food Fusion,Bannu Beef Pulao Recipe,https://www.youtube.com/watch?v=GLcst9zXD0U,Pakistani
Eid Special Umm Ali Recipe by Food Fusion,Eid Special Umm Ali Recipe,https://www.youtube.com/watch?v=47kBQQ8V_QI,Pakistani
Balochi Beef Tikka Boti Recipe by Food Fusion,Balochi Beef Tikka Boti Recipe,https://www.youtube.com/watch?v=p-Rs-cg4PBI,Pakistani
Eid Special Masala Tikka Boti Recipe By Food Fusion,Eid Special Masala Tikka Boti Recipe,https://www.youtube.com/watch?v=LrmsTx3rGEQ,Pakistani
Cheese Sooji Halwa-Turkish Recipe by Food Fusion,Cheese Sooji Halwa-Turkish Recipe,https://www.youtube.com/watch?v=pQhiltJwznI,Arabic/Mediterranean
BBQ Restaurant Style Malai Boti Recipe by Food Fusion,BBQ Restaurant Style Malai Boti Recipe,https://www.youtube.com/watch?v=ajLJk8ExcsU,Pakistani
Shahi Meetha Mukhwas Recipe By Food Fusion,Shahi Meetha Mukhwas Recipe,https://www.youtube.com/watch?v=1er3qfUwLe0,Pakistani
Malai Mutton Boti Skewers Recipe by Food Fusion,Malai Mutton Boti Skewers Recipe,https://www.youtube.com/watch?v=EWCaVBv2KC0,Pakistani
Eid Special Lamb Leg Roast with Chutney Recipe By Food Fusion,Eid Special Lamb Leg Roast with Chutney Recipe,https://www.youtube.com/watch?v=VJROn6_VRRs,Pakistani
Sagudana Custard Kheer Recipe by Food Fusion,Sagudana Custard Kheer Recipe,https://www.youtube.com/watch?v=LZfaHsJVlms,Pakistani
Bakra Eid Special Mutton Makhni Karahi Recipe by Food Fusion,Bakra Eid Special Mutton Makhni Karahi Recipe,https://www.youtube.com/watch?v=5aGTnnvPhh0,Pakistani
Smoky Beef Lasagna Recipe by Food Fusion,Smoky Beef Lasagna Recipe,https://www.youtube.com/watch?v=nhKtZjU4QU0,Continental
Reshmi Shimla Mirch Qeema Recipe by Food Fusion,Reshmi Shimla Mirch Qeema Recipe,https://www.youtube.com/watch?v=NB6PQl17JgA,Pakistani
Fry Beef Boti with Mashed Potato & Chimichurri Sauce Recipe by Food Fusion,Fry Beef Boti with Mashed Potato & Chimichurri Sauce Recipe,https://www.youtube.com/watch?v=1woVOqCN0-Q,Pakistani
Afghani Malai Seekh Recipe by Food Fusion,Afghani Malai Seekh Recipe,https://www.youtube.com/watch?v=hHPDpy1A7b4,Arabic/Mediterranean
Dates & Dry Fruit Matka Kulfi Recipe by Food Fusion,Dates & Dry Fruit Matka Kulfi Recipe,https://www.youtube.com/watch?v=EZ5GEcY4gKY,Pakistani
Creamy Steak Rice Platter Recipe by Food Fusion,Creamy Steak Rice Platter Recipe,https://www.youtube.com/watch?v=zknRh_iQozE,Continental
Galawati Boti Gravy with Garlic Burnt Rice Recipe by Food Fusion,Galawati Boti Gravy with Garlic Burnt Rice Recipe,https://www.youtube.com/watch?v=tKl4B38u0Dw,Indian
Lemon Squash Recipe by Food Fusion,Lemon Squash Recipe,https://www.youtube.com/watch?v=U14fRCDdQ1s,Pakistani
Shahi Parcha Kabab Recipe by Food Fusion,Shahi Parcha Kabab Recipe,https://www.youtube.com/watch?v=Mz8wJr0c5rI,Pakistani
Alfredo Tortellini Recipe by Food Fusion,Alfredo Tortellini Recipe,https://www.youtube.com/watch?v=FdItlmOcDho,Pakistani
Beef Malai Boti Biryani Recipe By Food Fusion,Beef Malai Boti Biryani Recipe,https://www.youtube.com/watch?v=oTbrtvdFui8,Pakistani
BBQ Pulled Beef Naan Buns Recipe by Food Fusion,BBQ Pulled Beef Naan Buns Recipe,https://www.youtube.com/watch?v=FGXznTa2JRc,Pakistani
5 Million Subscribers Meetup at Habitt City - Food Fusion,5 Million Subscribers Meetup at Habitt City,https://www.youtube.com/watch?v=DxXwYFCoswo,Pakistani
Peach Squash Recipe by Food Fusion,Peach Squash Recipe,https://www.youtube.com/watch?v=7a4jWM_d82s,Pakistani
Reshmi Dum Gosht Recipe by Food Fusion,Reshmi Dum Gosht Recipe,https://www.youtube.com/watch?v=23v8IgKsO2g,Pakistani
Shawarma Tacos Recipe by Food Fusion,Shawarma Tacos Recipe,https://www.youtube.com/watch?v=kKjhvIc-a58,Arabic/Mediterranean
Beef Curry Puffs Recipe by Food Fusion,Beef Curry Puffs Recipe,https://www.youtube.com/watch?v=c615D62RvjM,Pakistani
Pesto Chicken Sandwich Recipe by Food Fusion,Pesto Chicken Sandwich Recipe,https://www.youtube.com/watch?v=9lsA2PsJSho,Continental
Hyderabadi Red Chicken Recipe by Food Fusion,Hyderabadi Red Chicken Recipe,https://www.youtube.com/watch?v=hz-OFYlVuRw,Indian
Final Episode Dream Outdoor Kitchen Build For Food Fusion- Episode 4 ‪@FusionCraftsPK‬,Final Episode Dream Outdoor Kitchen Build For Food Fusion- Episode 4 ‪@FusionCraftsPK‬,https://www.youtube.com/watch?v=sDiK0FjJJC0,Pakistani
Nutritious Lobia & Veg Kabab Recipe by Food Fusion,Nutritious Lobia & Veg Kabab Recipe,https://www.youtube.com/watch?v=OhirXXmCtwE,Pakistani
Creamy Tortillas Triangles Recipe by Food Fusion,Creamy Tortillas Triangles Recipe,https://www.youtube.com/watch?v=MYOMewgWMNU,Pakistani
Mediterranean Chicken Salad Recipe by Food Fusion,Mediterranean Chicken Salad Recipe,https://www.youtube.com/watch?v=Z3mmPjAM5uU,Arabic/Mediterranean
Lehsan ka Achar Recipe by Food Fusion,Lehsan ka Achar Recipe,https://www.youtube.com/watch?v=91GcqP_28CQ,Pakistani
Lebanese Fattoush Salad Recipe by Food Fusion,Lebanese Fattoush Salad Recipe,https://www.youtube.com/watch?v=RuO6UuC1ogA,Arabic/Mediterranean
"Daal Chawal Platter (Makhni Daal, Keri Achar & Chawal) Recipe by Food Fusion","Daal Chawal Platter (Makhni Daal, Keri Achar & Chawal) Recipe",https://www.youtube.com/watch?v=uQsjcnkquks,Pakistani
Mini Qeema Naan Recipe by Food Fusion,Mini Qeema Naan Recipe,https://www.youtube.com/watch?v=PCN7j1k8EI8,Pakistani
Italian Chopped Sandwich Recipe by Food Fusion,Italian Chopped Sandwich Recipe,https://www.youtube.com/watch?v=pC4l9FMFk20,Continental
Achari Baingan Sabzi Recipe by Food Fusion,Achari Baingan Sabzi Recipe,https://www.youtube.com/watch?v=0qqxcuKWXKM,Pakistani
Turkish Street Style Sandwich Recipe by Food Fusion,Turkish Street Style Sandwich Recipe,https://www.youtube.com/watch?v=WXxX0EW_DkE,Arabic/Mediterranean
Chicken Chilli with Fried Rice Recipe by Food Fusion,Chicken Chilli with Fried Rice Recipe,https://www.youtube.com/watch?v=sagyhWis6Xg,Chinese
Anda Tawa Malai Masala Recipe By Food Fusion,Anda Tawa Malai Masala Recipe,https://www.youtube.com/watch?v=4IGjkRPeJ4U,Pakistani
HQ BLOKUS Organizer By @fusionhomepk,HQ BLOKUS Organizer By @fusionhomepk,https://www.youtube.com/watch?v=ZHwfTg2FFs0,Pakistani
Napa Cabbage Rolls Recipe by Food Fusion,Napa Cabbage Rolls Recipe,https://www.youtube.com/watch?v=ekqVAaQDtSU,Pakistani
Dream Kitchen Build Episode 3 - For Food Fusion By Fusion Crafts,Dream Kitchen Build Episode 3,https://www.youtube.com/watch?v=877W5ODPOuQ,Pakistani
Chatpatta Baingan Aloo Recipe by Food Fusion,Chatpatta Baingan Aloo Recipe,https://www.youtube.com/watch?v=bCsdSOnQ_Zo,Pakistani
Ginger Chilli Garlic Pickle Recipe by Food Fusion,Ginger Chilli Garlic Pickle Recipe,https://www.youtube.com/watch?v=y73RBOAb6is,Pakistani
Dream Outdoor Kitchen Build For Food Fusion- Episode 2 ‪@FusionCraftsPK‬,Dream Outdoor Kitchen Build For Food Fusion- Episode 2 ‪@FusionCraftsPK‬,https://www.youtube.com/watch?v=NwcguOpdn80,Pakistani
Hari Moong Daal Shola (Moong Daal Gosht) Recipe by Food Fusion,Hari Moong Daal Shola (Moong Daal Gosht) Recipe,https://www.youtube.com/watch?v=aO0fPzyapl8,Pakistani
High Protein Gluten free Lentil Bread Recipe by Food Fusion,High Protein Gluten free Lentil Bread Recipe,https://www.youtube.com/watch?v=HtbeEXYVAQU,Pakistani
Galaxy Lemonade Recipe by Food Fusion,Galaxy Lemonade Recipe,https://www.youtube.com/watch?v=BV-gD23OzVg,Pakistani
Whole Wheat Naan without Oven Recipe By Food Fusion,Whole Wheat Naan without Oven Recipe,https://www.youtube.com/watch?v=r4lnT-yanJQ,Pakistani
Chicken & Liver Kabab Recipe by Food Fusion,Chicken & Liver Kabab Recipe,https://www.youtube.com/watch?v=PCntmvoOY98,Pakistani
Stuffed Brinjal/Eggplant Recipe by Food Fusion,Stuffed Brinjal/Eggplant Recipe,https://www.youtube.com/watch?v=7gVYPJGlJn0,Pakistani
Red Pesto Pasta Recipe by Food Fusion,Red Pesto Pasta Recipe,https://www.youtube.com/watch?v=c_o6kfSlxCg,Continental
Fry Mash Daal Recipe by Food Fusion,Fry Mash Daal Recipe,https://www.youtube.com/watch?v=K3erpcYpjIw,Pakistani
Eid Feast: Delicious Exquisite Rice Dishes by Food Fusion,Eid Feast: Delicious Exquisite Rice Dishes,https://www.youtube.com/watch?v=IvOM_Vg7BEQ,Pakistani
6 Eid BBQ Feast Recipes by Food Fusion,6 Eid BBQ Feast Recipes,https://www.youtube.com/watch?v=hItiYOXSF24,Pakistani
Eid Special Turkish Chicken Recipe by Food Fusion,Eid Special Turkish Chicken Recipe,https://www.youtube.com/watch?v=c2r6qqi5ItU,Arabic/Mediterranean
5 Delicious Pulao Recipes by Food Fusion,Pulao Recipes,https://www.youtube.com/watch?v=JqJfv3hgosk,Pakistani
Eid Special Kali mirch Tikka Masala Recipe by Food Fusion,Eid Special Kali mirch Tikka Masala Recipe,https://www.youtube.com/watch?v=_zirinGAlPw,Indian
Eid Special Kheer Recipe by Food Fusion,Eid Special Kheer Recipe,https://www.youtube.com/watch?v=jIRpsQOc-28,Pakistani
Chocolate Custard Cake Recipe by Food Fusion,Chocolate Custard Cake Recipe,https://www.youtube.com/watch?v=y6X9rCfti5I,Continental
Eid Special Tandoori Club Sandwich Recipe by Food Fusion,Eid Special Tandoori Club Sandwich Recipe,https://www.youtube.com/watch?v=CohIDoMwGbI,Continental
Eid Goodness Menu by Food Fusion,Eid Goodness Menu,https://www.youtube.com/watch?v=OUWPEmqVF8A,Pakistani
Lazy Cat Viral Cake Recipe by Food Fusion,Lazy Cat Viral Cake Recipe,https://www.youtube.com/watch?v=Dt2DddWIMfc,Continental
Eid Special Peri Peri Chicken Drumsticks Recipe by Food Fusion,Eid Special Peri Peri Chicken Drumsticks Recipe,https://www.youtube.com/watch?v=BIFQVwLli1s,Continental
Eid Special Custard Delight Recipe by Food Fusion,Eid Special Custard Delight Recipe,https://www.youtube.com/watch?v=9Ro2f6avKmM,Pakistani
Eid Special Sheet Pan Seekh Kabab Recipe by Food Fusion,Eid Special Sheet Pan Seekh Kabab Recipe,https://www.youtube.com/watch?v=3-EFQvJVPn0,Pakistani
Eid Special Smokey Malai Tikka Biryani Recipe by Food Fusion,Eid Special Smokey Malai Tikka Biryani Recipe,https://www.youtube.com/watch?v=wOuVFKZXKi0,Pakistani
Extra Crispy Fried Chicken Wings Recipe by Food Fusion,Extra Crispy Fried Chicken Wings Recipe,https://www.youtube.com/watch?v=9WIBSjkURJI,Continental
4 Sheer Khurma & Sawaiyan Recipes for Eid by Food Fusion,4 Sheer Khurma & Sawaiyan Recipes for Eid,https://www.youtube.com/watch?v=gPOsQgJ1lM4,Pakistani
Moroccan Chicken Tagine Recipe by Food Fusion,Moroccan Chicken Tagine Recipe,https://www.youtube.com/watch?v=Sh5-l-xRZMA,Arabic/Mediterranean
Pistachio Kunafa Brownie Recipe by Food Fusion,Pistachio Kunafa Brownie Recipe,https://www.youtube.com/watch?v=jWd1UuILMzY,Arabic/Mediterranean
Special Degi Aloo Koftay Recipe by Food Fusion,Special Degi Aloo Koftay Recipe,https://www.youtube.com/watch?v=p9gxW0Qk-3k,Pakistani
Shahi Tukra Thaal - Eid Special Dessert Recipe by Food Fusion,Shahi Tukra Thaal,https://www.youtube.com/watch?v=Xqgan0sROK0,Pakistani
Chapli Kabab Platter Recipe by Food Fusion,Chapli Kabab Platter Recipe,https://www.youtube.com/watch?v=ZLreGUe016Y,Pakistani
Orange Pepper Fried Chicken Recipe by Food Fusion,Orange Pepper Fried Chicken Recipe,https://www.youtube.com/watch?v=UV3yr9Cwh6U,Pakistani
Eid Special Chocolate Cake with Ganache Recipe by Food Fusion,Eid Special Chocolate Cake with Ganache Recipe,https://www.youtube.com/watch?v=6tyVnsIZKaQ,Continental
Special Chicken White Karahi Recipe by Food Fusion,Special Chicken White Karahi Recipe,https://www.youtube.com/watch?v=PJ_A6xxm-EY,Pakistani
4 Showstopper Eid Platters by Food Fusion,4 Showstopper Eid Platters,https://www.youtube.com/watch?v=izZmJMMHamQ,Pakistani
Chicken Bread Cake Recipe by Food Fusion,Chicken Bread Cake Recipe,https://www.youtube.com/watch?v=TcAHGYlDz94,Continental
Aloo Matar Pulao With Chicken Shorba Ramadan Special Recipe by Food Fusion,Aloo Matar Pulao With Chicken Shorba Ramadan Special Recipe,https://www.youtube.com/watch?v=e8aamnD_Nd0,Pakistani
Bakhlava From Homemade Phyllo Dough Recipe by Food Fusion,Bakhlava From Homemade Phyllo Dough Recipe,https://www.youtube.com/watch?v=c78lPmOTUf4,Pakistani
Roast Masala Chicken Recipe by Food Fusion,Roast Masala Chicken Recipe,https://www.youtube.com/watch?v=LDfVleJC0gQ,Pakistani
Arabian Pudding Ramadan Special Recipe by Food Fusion,Arabian Pudding Ramadan Special Recipe,https://www.youtube.com/watch?v=aTjLQiTsHEA,Pakistani
Mini Simit Pizza Ramadan Special Recipe by Food fusion,Mini Simit Pizza Ramadan Special Recipe,https://www.youtube.com/watch?v=Gk8MnK4iPVo,Continental
Caramalized French Toast Ramadan Special Recipe by Food Fusion,Caramalized French Toast Ramadan Special Recipe,https://www.youtube.com/watch?v=TSRVqUhpzpg,Pakistani
Chicken Kolhapuri Curry Ramadan Special Recipe by Food Fusion,Chicken Kolhapuri Curry Ramadan Special Recipe,https://www.youtube.com/watch?v=JHFcmOuHuVQ,Pakistani
Quick & Tasty 4 Chana Chaat Ideas by Food Fusion,Quick & Tasty 4 Chana Chaat Ideas,https://www.youtube.com/watch?v=4G8CHFy7itc,Pakistani
Easy Bread Rasmalai Recipe by food Fusion,Easy Bread Rasmalai Recipe,https://www.youtube.com/watch?v=OKlUe8kUcmg,Pakistani
Chinese Style Tikka & Butter Fried Rice Ramadan Special Recipe by Food Fusion,Chinese Style Tikka & Butter Fried Rice Ramadan Special Recipe,https://www.youtube.com/watch?v=poLwbutD9IA,Chinese
Qeema Bun Sandwich Ramadan Special Recipe by Food Fusion,Qeema Bun Sandwich Ramadan Special Recipe,https://www.youtube.com/watch?v=NcJhdooRKbA,Continental
Cake Rusk Three Milk Cake Ramadan Special Recipe by Food Fusion,Cake Rusk Three Milk Cake Ramadan Special Recipe,https://www.youtube.com/watch?v=18PW13_rh0A,Continental
Restaurant Style Babar Pasta Ramadan Special Recipe by Food Fusion,Restaurant Style Babar Pasta Ramadan Special Recipe,https://www.youtube.com/watch?v=HFGtwV94kig,Continental
Achari Aloo Katli Ramadan Special Recipe by Food Fusion,Achari Aloo Katli Ramadan Special Recipe,https://www.youtube.com/watch?v=Yr3rvyNtJ9Q,Pakistani
Ranch Kabab Sizzler Ramadan Special Recipe by Food Fusion,Ranch Kabab Sizzler Ramadan Special Recipe,https://www.youtube.com/watch?v=YKM-NHMIcbU,Pakistani
Cucumber Cooler Ramadan Special Recipe by Food Fusion,Cucumber Cooler Ramadan Special Recipe,https://www.youtube.com/watch?v=wZpQD_K0i6o,Pakistani
Classic Chicken Cobb Salad Recipe By Food Fusion,Classic Chicken Cobb Salad Recipe,https://www.youtube.com/watch?v=6OXzPsYBE9A,Pakistani
Dream Outdoor Kitchen Build - Episode 1 @FusionCraftsPK,Dream Outdoor Kitchen Build,https://www.youtube.com/watch?v=H9On0eI04eQ,Pakistani
Creamy Egg Masala Gravy Ramadan Special Recipe by Food Fusion,Creamy Egg Masala Gravy Ramadan Special Recipe,https://www.youtube.com/watch?v=mXK4iqO1oU8,Pakistani
Grilled Chicken Sandwich Recipe By Food Fusion,Grilled Chicken Sandwich Recipe,https://www.youtube.com/watch?v=Ag3VAQbQKHs,Continental
Chocolate Puff Rolls Bread Ramadan Special Recipe by Food Fusion,Chocolate Puff Rolls Bread Ramadan Special Recipe,https://www.youtube.com/watch?v=pFqBBvzQEn4,Pakistani
4 Refreshing Iftar Drinks Recipe by Food Fusion,4 Refreshing Iftar Drinks Recipe,https://www.youtube.com/watch?v=Faeuv2m2Dc0,Pakistani
Coconut Chia Drink Ramadan Special Recipe by Food Fusion,Coconut Chia Drink Ramadan Special Recipe,https://www.youtube.com/watch?v=AftW6umqV4M,Pakistani
4 Creamy Fruit Chaat Recipes by Food Fusion,4 Creamy Fruit Chaat Recipes,https://www.youtube.com/watch?v=03DPuzo-Ub4,Pakistani
Air fried Patakha Chicken Pieces Recipe by Food Fusion,Air fried Patakha Chicken Pieces Recipe,https://www.youtube.com/watch?v=sq-tySahUYI,Pakistani
Mawa Malai Roll Cut Kulfi Ramadan Special Recipe by Food Fusion,Mawa Malai Roll Cut Kulfi Ramadan Special Recipe,https://www.youtube.com/watch?v=PnWbbN7cZgo,Pakistani
Mughlai Anda Samosa - Ramadan Special Recipe by Food Fusion,Mughlai Anda Samosa,https://www.youtube.com/watch?v=G4wsI6cCSBE,Pakistani
Chilli Garlic Chicken Spicy Noodles Recipe by Food Fusion,Chilli Garlic Chicken Spicy Noodles Recipe,https://www.youtube.com/watch?v=BL0yF7GvsjE,Pakistani
Qalandari Chicken Pulao Ramadan Special Recipe by Food Fusion,Qalandari Chicken Pulao Ramadan Special Recipe,https://www.youtube.com/watch?v=WiPmAyr1GJo,Pakistani
Chocolate Nuts Samosa Ramadan Special Recipe by Food Fusion,Chocolate Nuts Samosa Ramadan Special Recipe,https://www.youtube.com/watch?v=HyMQfVFRkeo,Pakistani
Creamy Dates Halwa Recipe by Food Fusion,Creamy Dates Halwa Recipe,https://www.youtube.com/watch?v=nxYE4I1wyNs,Pakistani
Healthy Protein Pink Chaat - Ramadan Special Recipe By Food Fusion,Healthy Protein Pink Chaat,https://www.youtube.com/watch?v=H7gT5vy-nNM,Pakistani
Daal Paratha with Tamatar ka Achar Ramadan Special Recipe by Food Fusion,Daal Paratha with Tamatar ka Achar Ramadan Special Recipe,https://www.youtube.com/watch?v=WR2iJBlwGtg,Pakistani
Potato Cheese Cakes Ramadan Special Recipe by Food Fusion,Potato Cheese Cakes Ramadan Special Recipe,https://www.youtube.com/watch?v=wSCOTgLS_RE,Pakistani
Family Size Calzone Ramadan Special Recipe by Food Fusion,Family Size Calzone Ramadan Special Recipe,https://www.youtube.com/watch?v=dXd5U5WI4Z4,Pakistani
High Protein Chickpea Salad/chaat - Iftar Special By Food Fusion,High Protein Chickpea Salad/chaat,https://www.youtube.com/watch?v=anD5SJZrxy0,Pakistani
High Protein Dates Sharbat Ramadan Special Recipe by Food Fusion,High Protein Dates Sharbat Ramadan Special Recipe,https://www.youtube.com/watch?v=w4LtYaWuojc,Pakistani
Pineapple Gol gappay Ramadan Special Recipe by Food Fusion,Pineapple Gol gappay Ramadan Special Recipe,https://www.youtube.com/watch?v=8pdpuxUDKPE,Pakistani
Hara Masala Aloo Paratha Ramadan Special Recipe by Food Fusion,Hara Masala Aloo Paratha Ramadan Special Recipe,https://www.youtube.com/watch?v=u3E9j96XkLs,Pakistani
Lachha Chicken Cheese Paratha Recipe by Food Fusion,Lachha Chicken Cheese Paratha Recipe,https://www.youtube.com/watch?v=oPuarZWQ8og,Pakistani
Khattay Pani walay Bhallay Ramadan Special Recipe by Food Fusion,Khattay Pani walay Bhallay Ramadan Special Recipe,https://www.youtube.com/watch?v=jI5MD3BAWRg,Pakistani
Special Cream Fruit Chaat Ramadan Special Recipe by Food Fusion,Special Cream Fruit Chaat Ramadan Special Recipe,https://www.youtube.com/watch?v=1ggycx9NQzM,Pakistani
6 Freezer Friendly Roll Recipes - Ramadan Special  by Food Fusion,6 Freezer Friendly Roll Recipes,https://www.youtube.com/watch?v=bIO41BfP7Co,Pakistani
Desi Style Shawarma Roll Ramadan Special Recipe by Food Fusion,Desi Style Shawarma Roll Ramadan Special Recipe,https://www.youtube.com/watch?v=RgD8a5HbjUQ,Arabic/Mediterranean
5 Easy & Tasty Omelette Recipes by Food Fusion,5 Easy & Tasty Omelette Recipes,https://www.youtube.com/watch?v=CrODah__LC4,Continental
Mini Qeema Naan In (Microwave Grill Oven) Recipe by food Fusion,Mini Qeema Naan In (Microwave Grill Oven) Recipe,https://www.youtube.com/watch?v=_ZD_l9HzuEI,Pakistani
Toffee Kabab Samosa Ramadan Special Recipe by Food Fusion,Toffee Kabab Samosa Ramadan Special Recipe,https://www.youtube.com/watch?v=55qxCn0CFbM,Pakistani
Chicken Tikka Vol au Vent/Patties Recipe by Food Fusion,Chicken Tikka Vol au Vent/Patties Recipe,https://www.youtube.com/watch?v=1PuN0D3QCNM,Pakistani
No garam masala Saaf Suthri Biryani Ramadan Special Recipe by Food Fusion,No garam masala Saaf Suthri Biryani Ramadan Special Recipe,https://www.youtube.com/watch?v=TQbGidHw8ko,Pakistani
Qeema Soya Matar Ramadan Special Recipe by Food Fusion,Qeema Soya Matar Ramadan Special Recipe,https://www.youtube.com/watch?v=Fob2dyyAKpQ,Pakistani
Talbina Ramadan Special Recipe by Food Fusion,Talbina Ramadan Special Recipe,https://www.youtube.com/watch?v=Vl-xIl-_fGw,Pakistani
Layered Paratha with Anda Qeema Ramadan Special Recipe by Food Fusion,Layered Paratha with Anda Qeema Ramadan Special Recipe,https://www.youtube.com/watch?v=_vs7_9MAzeI,Pakistani
Qeema Chutney Samosa Ramadan Special Recipe by Food Fusion,Qeema Chutney Samosa Ramadan Special Recipe,https://www.youtube.com/watch?v=zmucmNXSQGk,Pakistani
Chinese Style Beef Kabab Ramadan Special Recipe by Food Fusion,Chinese Style Beef Kabab Ramadan Special Recipe,https://www.youtube.com/watch?v=nHJSXjtN_b8,Chinese
Chicken Pyaz Masala Paratha Ramadan Special Recipe by Food Fusion,Chicken Pyaz Masala Paratha Ramadan Special Recipe,https://www.youtube.com/watch?v=ZEYqeTJoQwM,Pakistani
6 Amazing Aloo Samosa Recipes Ramadan Special by Food Fusion,Aloo Samosa Recipes Ramadan Special,https://www.youtube.com/watch?v=DwzTPqLzwJE,Pakistani
Qeema Veg Parcels Ramadan Special Recipe by Food Fusion,Qeema Veg Parcels Ramadan Special Recipe,https://www.youtube.com/watch?v=CYxVzoGTQWk,Pakistani
Kachori Chaat Ramadan Special Recipe by Food Fusion,Kachori Chaat Ramadan Special Recipe,https://www.youtube.com/watch?v=Bh0cnmBUH0M,Pakistani
Grilled Kabab Platter 👉Make and Freeze Ramadan Special Recipe by Food Fusion,Grilled Kabab Platter 👉Make and Freeze Ramadan Special Recipe,https://www.youtube.com/watch?v=u8BLnys4l5o,Pakistani
Restaurant Style Hummus 3 Different ways Ramadan Special Recipe By Food Fusion,Restaurant Style Hummus 3 Different ways Ramadan Special Recipe,https://www.youtube.com/watch?v=momaUhKTxA4,Arabic/Mediterranean
Restaurant style Chicken Fajita Omelette Ramadan Recipe by Food Fusion,Restaurant style Chicken Fajita Omelette Ramadan Recipe,https://www.youtube.com/watch?v=p-cKOE8J1kc,Continental
Madrasi Dahi Baray Ramadan Special Recipe by Food Fusion,Madrasi Dahi Baray Ramadan Special Recipe,https://www.youtube.com/watch?v=scBp5ekCBmU,Pakistani
Spring Roll Pinwheels Ramadan Special Recipe by Food Fusion,Spring Roll Pinwheels Ramadan Special Recipe,https://www.youtube.com/watch?v=W6kQsWnNXRE,Chinese
Rabri Doodh Ramadan Special Recipe by Food Fusion,Rabri Doodh Ramadan Special Recipe,https://www.youtube.com/watch?v=eSi-zTAbjAE,Pakistani
Healthy Salad Meal - Orange Beetroot & Pomegranate Garden Salad Recipe by Food Fusion,Healthy Salad Meal,https://www.youtube.com/watch?v=rk5QRMhfVeM,Pakistani
Makhni Tadka Chanay Ramadan Special Recipe by Food Fusion,Makhni Tadka Chanay Ramadan Special Recipe,https://www.youtube.com/watch?v=rV4eKT9E9lc,Pakistani
Hyderabadi Yakhni Biryani Ramadan Special Recipe by Food Fusion,Hyderabadi Yakhni Biryani Ramadan Special Recipe,https://www.youtube.com/watch?v=67ugM2Ht1TM,Indian
Chicken Pakora Ramadan Special Recipe by Food Fusion,Chicken Pakora Ramadan Special Recipe,https://www.youtube.com/watch?v=eLgzKmTxX0A,Pakistani
Special Dahi Gosht Ramadan Special Recipe by Food Fusion,Special Dahi Gosht Ramadan Special Recipe,https://www.youtube.com/watch?v=ujX_ZFbnQCU,Pakistani
Creamy Lassi with Lachha Paratha Ramadan Special Recipe by Food Fusion,Creamy Lassi with Lachha Paratha Ramadan Special Recipe,https://www.youtube.com/watch?v=wixf770k_xc,Pakistani
Deconstructed Samosa Platter Ramadan Special Recipe by Food Fusion,Deconstructed Samosa Platter Ramadan Special Recipe,https://www.youtube.com/watch?v=rHWHDft6g1U,Pakistani
Ramadan Special Fruit Custard Recipe by Food Fusion,Ramadan Special Fruit Custard Recipe,https://www.youtube.com/watch?v=qVXQ5rzaNN8,Pakistani
6 Delicious Biryani Recipes By Food Fusion,Biryani Recipes,https://www.youtube.com/watch?v=EHJoGXbp5RY,Pakistani
Chatpati Balti Chaat with 2 Unique Chutneys Ramadan Special Recipe by Food Fusion,Chatpati Balti Chaat with 2 Unique Chutneys Ramadan Special Recipe,https://www.youtube.com/watch?v=Jdx2VTNN8cE,Pakistani
Creamy Meethi Dahi Phulki Ramadan Special Recipe by Food Fusion,Creamy Meethi Dahi Phulki Ramadan Special Recipe,https://www.youtube.com/watch?v=NtZ0y_vHXdw,Pakistani
Stuffed Bhindi & Pyaz Recipe By Food Fusion,Stuffed Bhindi & Pyaz Recipe,https://www.youtube.com/watch?v=Jd1EP_p6gbc,Pakistani
Smoked Chana Bhel Ramadan Special Recipe by Food Fusion,Smoked Chana Bhel Ramadan Special Recipe,https://www.youtube.com/watch?v=sBX1rEnt5Yo,Pakistani
Authentic Punjabi Samosa Ramadan Special Recipe by Food Fusion,Authentic Punjabi Samosa Ramadan Special Recipe,https://www.youtube.com/watch?v=IKvLIgZW6PU,Pakistani
Chicken Bihari Masala Ramadan Special Recipe by Food Fusion,Chicken Bihari Masala Ramadan Special Recipe,https://www.youtube.com/watch?v=Cu8cfnt8sko,Pakistani
Chutney Aloo Bharta with Masala Kachori Ramadan Special Recipe by Food Fusion,Chutney Aloo Bharta with Masala Kachori Ramadan Special Recipe,https://www.youtube.com/watch?v=Wz6O-U7WJJs,Pakistani
Street Style Mini Samosa with Chutney Ramadan Special Recipe by Food Fusion,Street Style Mini Samosa with Chutney Ramadan Special Recipe,https://www.youtube.com/watch?v=lSW_whPq1ro,Pakistani
Chicken Kafta Salad with GM Salad Dressing - Ramadan Special Recipe By Food Fusion,Chicken Kafta Salad with GM Salad Dressing,https://www.youtube.com/watch?v=tLEULXG0cLs,Pakistani
Kharay Iftar Bites Ramadan Special Recipe by Food Fusion,Kharay Iftar Bites Ramadan Special Recipe,https://www.youtube.com/watch?v=OlVJHAOD-pI,Pakistani
Dhania Pakora Ramadan Special Recipe by Food Fusion,Dhania Pakora Ramadan Special Recipe,https://www.youtube.com/watch?v=39g82b8JcU8,Pakistani
Masala Aloo Katli Ramadan Special Recipe by Food Fusion,Masala Aloo Katli Ramadan Special Recipe,https://www.youtube.com/watch?v=D9pBTCKEoYs,Pakistani
Chicken Cihan Kebab Ramadan Special Recipe by Food Fusion,Chicken Cihan Kebab Ramadan Special Recipe,https://www.youtube.com/watch?v=gtTAHCJWtIs,Pakistani
Ramadan Prep Essentials Recipe by Food Fusion,Ramadan Prep Essentials Recipe,https://www.youtube.com/watch?v=Xyy3cW8RXQY,Pakistani
Paneer Bhallay Chaat Ramadan Special Recipe by Food Fusion,Paneer Bhallay Chaat Ramadan Special Recipe,https://www.youtube.com/watch?v=DM__kWpFRF0,Indian
Chicken Potato Lachha Kabab Ramadan Special Recipe by Food Fusion,Chicken Potato Lachha Kabab Ramadan Special Recipe,https://www.youtube.com/watch?v=YXGZB_WE_9w,Pakistani
Pre-Prep Ramadan Essentials Pack Make & Store Recipe by Food Fusion,Pre-Prep Ramadan Essentials Pack Make & Store Recipe,https://www.youtube.com/watch?v=Hxy7ZwXKLfs,Pakistani
3-Creamy Dips Ramadan Special Recipe by Food Fusion,3-Creamy Dips Ramadan Special Recipe,https://www.youtube.com/watch?v=JBNYlefScx0,Pakistani
Aloo Papri 👉Make and Store Ramadan Special Recipe by Food Fusion,Aloo Papri 👉Make and Store Ramadan Special Recipe,https://www.youtube.com/watch?v=BOPdWq4ONa8,Pakistani
Resha Kabab Fingers Ramadan Special Recipe by Food Fusion,Resha Kabab Fingers Ramadan Special Recipe,https://www.youtube.com/watch?v=ItW3wdRd39A,Pakistani
Egg Chops (Anda Chop) Ramadan Special Recipe by Food Fusion,Egg Chops (Anda Chop) Ramadan Special Recipe,https://www.youtube.com/watch?v=NV9JXnKd_vg,Pakistani
Chicken & Mushroom Buns Ramadan Special Recipe by Food Fusion,Chicken & Mushroom Buns Ramadan Special Recipe,https://www.youtube.com/watch?v=hzczwAFPY2c,Pakistani
Lal Lobia Chutney Sliders Ramadan Special Recipe by Food Fusion,Lal Lobia Chutney Sliders Ramadan Special Recipe,https://www.youtube.com/watch?v=IlTC2EhWtPU,Pakistani
Lachedar Qeema Kachori Ramadan Special Recipe by Food Fusion,Lachedar Qeema Kachori Ramadan Special Recipe,https://www.youtube.com/watch?v=q6nQR2_zd4E,Pakistani
Crispy Wontons 👉Make and Freeze Ramadan Special Recipe by Food Fusion,Crispy Wontons 👉Make and Freeze Ramadan Special Recipe,https://www.youtube.com/watch?v=6YPpsdZRcxw,Pakistani
Chicken Baskets in Air fryer Ramadan Special Recipe by Food Fusion,Chicken Baskets in Air fryer Ramadan Special Recipe,https://www.youtube.com/watch?v=tPl2QXvXyIw,Pakistani
Pizza Samosa 👉Make and Freeze Ramadan Special Recipe by Food Fusion,Pizza Samosa 👉Make and Freeze Ramadan Special Recipe,https://www.youtube.com/watch?v=hHN3i1qsGqA,Continental
Hot Chocolate Milk Cake Recipe by Food Fusion,Hot Chocolate Milk Cake Recipe,https://www.youtube.com/watch?v=Wd1voO5xGdw,Continental
Garlic Butter Wings Pan fried & Air Fried Recipe by Food Fusion,Garlic Butter Wings Pan fried & Air Fried Recipe,https://www.youtube.com/watch?v=NDhjvKfrRk0,Pakistani
Hyderabadi Vegetable Biryani Recipe by Food Fusion,Hyderabadi Vegetable Biryani Recipe,https://www.youtube.com/watch?v=Z4hvzSstsnI,Indian
Peri Peri Chicken Samosa 👉Make and Freeze Ramadan Special Recipe by Food Fusion,Peri Peri Chicken Samosa 👉Make and Freeze Ramadan Special Recipe,https://www.youtube.com/watch?v=tFHzl3l6Hd8,Continental
Chicken Cheese Nachos Triangle 👉Make and Freeze Ramadan Special Recipe by Food Fusion,Chicken Cheese Nachos Triangle 👉Make and Freeze Ramadan Special Recipe,https://www.youtube.com/watch?v=7AxwS5-8UxU,Pakistani
Ranch Pizza Mini Bites Recipe by Food Fusion,Ranch Pizza Mini Bites Recipe,https://www.youtube.com/watch?v=V4SX2CZ3MDk,Continental
Make & Freeze Iftar Snacks Recipes by Food Fusion,Make & Freeze Iftar Snacks Recipes,https://www.youtube.com/watch?v=FNCDvxgm9N8,Pakistani
Make & Freeze Creamy Buffalo Chicken & Veg Roll Recipe By Food Fusion,Make & Freeze Creamy Buffalo Chicken & Veg Roll Recipe,https://www.youtube.com/watch?v=7RckNxPS_mk,Pakistani
Kunafa with Homemade Kataifi Pastry (Make and Freeze ) Recipe By Food Fusion,Kunafa with Homemade Kataifi Pastry (Make and Freeze ) Recipe,https://www.youtube.com/watch?v=gnwE8AnQ-2Y,Arabic/Mediterranean
Pyaz Qeema Lifafa Paratha Recipe by Food Fusion,Pyaz Qeema Lifafa Paratha Recipe,https://www.youtube.com/watch?v=goF0crZB2O4,Pakistani
Cheeseburger Samosa Parcels 👉Make and Freeze Ramadan Special Recipe by Food Fusion,Cheeseburger Samosa Parcels 👉Make and Freeze Ramadan Special Recipe,https://www.youtube.com/watch?v=OOTVcq3ZKkI,Pakistani
Brazilian Coconut Cold Cake Recipe by Food Fusion,Brazilian Coconut Cold Cake Recipe,https://www.youtube.com/watch?v=R588VfGzo6M,Continental
Tandoori Chicken Nuggets 👉Make and Freeze Ramadan Special Recipe by Food Fusion,Tandoori Chicken Nuggets 👉Make and Freeze Ramadan Special Recipe,https://www.youtube.com/watch?v=M8owTiXsusM,Pakistani
Rocket Samosa with bread👉Make and Freeze Ramadan Special Recipe by Food Fusion,Rocket Samosa with bread👉Make and Freeze Ramadan Special Recipe,https://www.youtube.com/watch?v=LlO0EdjfeaI,Pakistani
Make & Freeze Malai Qeema Triangle Paratha Recipe By Food Fusion,Make & Freeze Malai Qeema Triangle Paratha Recipe,https://www.youtube.com/watch?v=KhV0-W24YqM,Pakistani
Make and Freeze  Chicken Patty Kabab Ramadan Special Recipe by Food Fusion,Make and Freeze  Chicken Patty Kabab Ramadan Special Recipe,https://www.youtube.com/watch?v=hJcmlB4_58A,Pakistani
Sindhi Gur ki Kutti/Churi Recipe By Food Fusion,Sindhi Gur ki Kutti/Churi Recipe,https://www.youtube.com/watch?v=TbyTPvYyWeE,Pakistani
Shahi Makhmali Chicken Gravy Recipe By Food Fusion,Shahi Makhmali Chicken Gravy Recipe,https://www.youtube.com/watch?v=8d5yQPx0Tgc,Pakistani
Chana Masala & Poori Recipe By Food Fusion,Chana Masala & Poori Recipe,https://www.youtube.com/watch?v=A7be7MxdTY8,Pakistani
Soupy Dumplings Recipe By Food Fusion,Soupy Dumplings Recipe,https://www.youtube.com/watch?v=SJbBe2kNWIY,Pakistani
Two New Baking Ovens Reviewed - Food Fusion Tested Glam Gas,Two New Baking Ovens Reviewed Tested Glam Gas,https://www.youtube.com/watch?v=L1lK2FxZxLI,Pakistani
Potato Crust Pizza Pie Recipe By Food Fusion,Potato Crust Pizza Pie Recipe,https://www.youtube.com/watch?v=jgu4bVkjPH4,Continental
Homemade Golden Milk Premix Recipe by Food Fusion,Homemade Golden Milk Premix Recipe,https://www.youtube.com/watch?v=h1pC_-a4Gj8,Pakistani
Creamy Fettuccine Alfredo Recipe By Food Fusion,Creamy Fettuccine Alfredo Recipe,https://www.youtube.com/watch?v=WpdvMQRSalg,Pakistani
Top 10 Recipes of 2024 by Food Fusion,Top 10 Recipes of 2024,https://www.youtube.com/watch?v=8BOmEkniXT4,Pakistani
Anda Malai Biryani Recipe by Food Fusion,Anda Malai Biryani Recipe,https://www.youtube.com/watch?v=hVUSNlgZBrQ,Pakistani
Rice Paper Dumplings Recipe by Food Fusion,Rice Paper Dumplings Recipe,https://www.youtube.com/watch?v=aoJ5rICFJxk,Pakistani
Mughlai Fish Curry Recipe by Food Fusion,Mughlai Fish Curry Recipe,https://www.youtube.com/watch?v=qcnADFE79bE,Pakistani
Lasagna in Pan Recipe by Food Fusion,Lasagna in Pan Recipe,https://www.youtube.com/watch?v=gqjgA1hKUek,Continental
Aloe Vera Sooji Halwa Recipe by Food Fusion,Aloe Vera Sooji Halwa Recipe,https://www.youtube.com/watch?v=Z4iOUZESXGw,Pakistani
Wonton Soup Recipe by Food Fusion,Wonton Soup Recipe,https://www.youtube.com/watch?v=5mxrpjZvxuc,Chinese
Viral Turkish Pasta Recipe by Food Fusion,Viral Turkish Pasta Recipe,https://www.youtube.com/watch?v=7-qfG4Ci8tQ,Arabic/Mediterranean
Mooli ka Paratha Recipe by Food Fusion,Mooli ka Paratha Recipe,https://www.youtube.com/watch?v=R4p2uISRW0Y,Pakistani
Steam Chicken Platter Recipe by Food Fusion,Steam Chicken Platter Recipe,https://www.youtube.com/watch?v=3_PpN9Xbtv4,Pakistani
Eggless Mousse Cake Recipe by Food Fusion,Eggless Mousse Cake Recipe,https://www.youtube.com/watch?v=KGaq07OhiNw,Continental
Healthy & Delicious High Protein Breakfast Wrap Recipe - Hemani x Food Fusion,Healthy & Delicious High Protein Breakfast Wrap,https://www.youtube.com/watch?v=-A-38XMUwQY,Pakistani
Tandoori Fish in Air fryer Recipe by Food Fusion,Tandoori Fish in Air fryer Recipe,https://www.youtube.com/watch?v=6f06pdJnwDc,Pakistani
Malai Pasanday Recipe by Food Fusion,Malai Pasanday Recipe,https://www.youtube.com/watch?v=2ALImcJJzRM,Pakistani
4 Vegetable Soups To Try This Winter Recipes by Food Fusion,4 Vegetable Soups To Try This Winter Recipes,https://www.youtube.com/watch?v=YadX817-0vg,Pakistani
Chicken Corn Soup with Chilli Oil Recipe by Food Fusion,Chicken Corn Soup with Chilli Oil Recipe,https://www.youtube.com/watch?v=03YOZzm05yc,Chinese
Lahori Fish Fry in Air fryer Recipe by Food Fusion,Lahori Fish Fry in Air fryer Recipe,https://www.youtube.com/watch?v=SkmHoSzu-xo,Pakistani
Pineapple Cake Recipe by Food Fusion,Pineapple Cake Recipe,https://www.youtube.com/watch?v=VgC2dj1F_zI,Continental
Spicy Blooming Pastry Recipe by Food Fusion,Spicy Blooming Pastry Recipe,https://www.youtube.com/watch?v=gkLh48GXD24,Pakistani
Homemade Til Rewari Recipe by Food Fusion,Homemade Til Rewari Recipe,https://www.youtube.com/watch?v=BGESMsNygiU,Pakistani
Barfi Rolls Recipe by Food Fusion,Barfi Rolls Recipe,https://www.youtube.com/watch?v=ZDDe1GO3ev0,Pakistani
Jauzi Halwa Recipe by Food Fusion,Jauzi Halwa Recipe,https://www.youtube.com/watch?v=yRZ7sblJa40,Pakistani
Shaljam ka Bharta Recipe by Food Fusion,Shaljam ka Bharta Recipe,https://www.youtube.com/watch?v=W9R-83jB_ok,Pakistani
Multi Seeds Date Fudge Recipe by Food Fusion,Multi Seeds Date Fudge Recipe,https://www.youtube.com/watch?v=Rua-j1VC-qU,Pakistani
French Hot Chocolate Recipe by Food Fusion,French Hot Chocolate Recipe,https://www.youtube.com/watch?v=ad65e-80CZ4,Pakistani
Cookie Truffles Recipe by Food Fusion,Cookie Truffles Recipe,https://www.youtube.com/watch?v=ynpvLifhezg,Continental
Vietnamese Chicken Pho Soup Recipe by Food Fusion,Vietnamese Chicken Pho Soup Recipe,https://www.youtube.com/watch?v=02dszvnD15w,Pakistani
4 Quick Fish Recipes by Food Fusion,4 Quick Fish Recipes,https://www.youtube.com/watch?v=GLkRH_xtLzU,Pakistani
3 Turkish Style Soups Recipes by Food Fusion,3 Turkish Style Soups Recipes,https://www.youtube.com/watch?v=-rlvKZ_q-28,Arabic/Mediterranean
Panjeeri Biscuits Recipe by Food Fusion,Panjeeri Biscuits Recipe,https://www.youtube.com/watch?v=SER9SnXRuKE,Pakistani
Almond Toast Recipe by Food Fusion,Almond Toast Recipe,https://www.youtube.com/watch?v=LuPYGp0qlYo,Pakistani
Thai Red Curry Ramen Soup Recipe by Food Fusion,Thai Red Curry Ramen Soup Recipe,https://www.youtube.com/watch?v=hB-vhEZc1AM,Japanese
Long John Donuts Recipe by Food Fusion,Long John Donuts Recipe,https://www.youtube.com/watch?v=uhfZN1yfXNA,Continental
Best Fish Recipes By Food Fusion,Best Fish Recipes,https://www.youtube.com/watch?v=PxwwBnvDTgA,Pakistani
Creamy Garlic Chickpea Soup Recipe by Food Fusion,Creamy Garlic Chickpea Soup Recipe,https://www.youtube.com/watch?v=plJIJ71Ybic,Pakistani
Oven Grilled Chicken Seekh Kabab Recipe by Food Fusion,Oven Grilled Chicken Seekh Kabab Recipe,https://www.youtube.com/watch?v=KhxOiJCcryU,Pakistani
Coffee Bombs Recipe by Food Fusion,Coffee Bombs Recipe,https://www.youtube.com/watch?v=uhsDgKgl6dU,Continental
Phoenix Dumplings Recipe by Food Fusion,Phoenix Dumplings Recipe,https://www.youtube.com/watch?v=umW1vXn1LAo,Pakistani
4 Hot & Sour Soups Recipe by Food Fusion,4 Hot & Sour Soups Recipe,https://www.youtube.com/watch?v=BtDZIxO5vx0,Pakistani
Sarson ka Saag te Aloo Paratha Recipe by Food Fusion,Sarson ka Saag te Aloo Paratha Recipe,https://www.youtube.com/watch?v=r1h5hr7f0X4,Pakistani
Coffee Pistachio Cake Recipe by Food Fusion,Coffee Pistachio Cake Recipe,https://www.youtube.com/watch?v=QoGmjNXbcCc,Continental
Balochi Machli ka Salan Recipe by Food Fusion,Balochi Machli ka Salan Recipe,https://www.youtube.com/watch?v=eNCtt9hm4A4,Pakistani
6 Best Soup Recipes in Food Fusion Style Recipes by Food Fusion,6 Best Soup Recipes in Food Fusion Style Recipes,https://www.youtube.com/watch?v=7v2oxjvUv2M,Pakistani
Butter Chicken Dumplings Recipe by Food Fusion,Butter Chicken Dumplings Recipe,https://www.youtube.com/watch?v=O9G1LjuoTS4,Pakistani
Zafrani Gajrella Kheer Recipe by Food Fusion,Zafrani Gajrella Kheer Recipe,https://www.youtube.com/watch?v=PtC1hqrd-UI,Pakistani
Chocolate Digestive Biscuits Recipe by Food Fusion,Chocolate Digestive Biscuits Recipe,https://www.youtube.com/watch?v=jZFka0q4fWQ,Pakistani
Grilled Teriyaki Chicken Recipe by Food Fusion,Grilled Teriyaki Chicken Recipe,https://www.youtube.com/watch?v=S6rohuPdvC8,Japanese
Lemon Tart (Egg less) Recipe by Food Fusion,Lemon Tart (Egg less) Recipe,https://www.youtube.com/watch?v=720iWCPCah0,Pakistani
Creamy Almond Praline Halwa Jars Recipe by Food Fusion,Creamy Almond Praline Halwa Jars Recipe,https://www.youtube.com/watch?v=UTjbmddnBUI,Pakistani
Matar Makhana Curry Recipe by Food Fusion,Matar Makhana Curry Recipe,https://www.youtube.com/watch?v=0xobwyYo0MA,Pakistani
Bombay Masala Toast Recipe by Food Fusion,Bombay Masala Toast Recipe,https://www.youtube.com/watch?v=FClVesrmePE,Pakistani
High Protein Crispy Chicken Sandwich Recipe by Food Fusion,High Protein Crispy Chicken Sandwich Recipe,https://www.youtube.com/watch?v=m_eRegb2Om4,Continental
Special Tawa Kabab Recipe by Food Fusion,Special Tawa Kabab Recipe,https://www.youtube.com/watch?v=CYSKFqh9fUM,Pakistani
Garlic Butter Chicken Tenders Recipe by Food Fusion,Garlic Butter Chicken Tenders Recipe,https://www.youtube.com/watch?v=IEpZkp2yxYw,Pakistani
Homemade Kataifi Pastry (Kunafa Dough) Recipe by Food Fusion,Homemade Kataifi Pastry (Kunafa Dough) Recipe,https://www.youtube.com/watch?v=akyyf_XkbVs,Arabic/Mediterranean
Chocolate Banana Bread Recipe by Food Fusion,Chocolate Banana Bread Recipe,https://www.youtube.com/watch?v=XP7OIwwAUew,Pakistani
Crispy Potato Salad Recipe by Food Fusion,Crispy Potato Salad Recipe,https://www.youtube.com/watch?v=0067obHJJD0,Pakistani
Anda Paratha Wrap Recipe by Food Fusion,Anda Paratha Wrap Recipe,https://www.youtube.com/watch?v=ORweiQ9yyhw,Pakistani
Korean Potatoes with Rice Recipe by Food Fusion,Korean Potatoes with Rice Recipe,https://www.youtube.com/watch?v=00ZJMEe1czY,Pakistani
Boneless Afghani Chicken Handi Recipe by Food Fusion,Boneless Afghani Chicken Handi Recipe,https://www.youtube.com/watch?v=KQqp-mUCjkg,Arabic/Mediterranean
Coconut Cheesecake Recipe by Food Fusion,Coconut Cheesecake Recipe,https://www.youtube.com/watch?v=cGIuEEA7HTA,Continental
Golden Daal Platter with Karelay ke Chips Recipe by Food Fusion,Golden Daal Platter with Karelay ke Chips Recipe,https://www.youtube.com/watch?v=gD7MsWwnmtc,Pakistani
Milk Powder Cake Recipe by Food Fusion,Milk Powder Cake Recipe,https://www.youtube.com/watch?v=qOlATTcsy0s,Continental
Mediterranean Chicken & Rice Bowl Recipe by Food Fusion,Mediterranean Chicken & Rice Bowl Recipe,https://www.youtube.com/watch?v=f9ekckWZJ6k,Arabic/Mediterranean
Chicken Wings with Kare-Kare Fusion Sauce Recipe by Food Fusion,Chicken Wings with Kare-Kare Fusion Sauce Recipe,https://www.youtube.com/watch?v=t6CxQykR6bY,Continental
Matki Kheer Recipe by Food Fusion,Matki Kheer Recipe,https://www.youtube.com/watch?v=wl8goR8QjGA,Pakistani
Churros Disc with Rabri Topping Recipe by Food Fusion,Churros Disc with Rabri Topping Recipe,https://www.youtube.com/watch?v=lOU8mhBO95Q,Pakistani
Crispy Mong Daal Paare Recipe by Food Fusion,Crispy Mong Daal Paare Recipe,https://www.youtube.com/watch?v=wuQRBVGgNoE,Pakistani
Almond Croissant Recipe by Food Fusion,Almond Croissant Recipe,https://www.youtube.com/watch?v=4cgoKdPcIuE,Continental
Viral Dubai Chocolate Dessert Cups Recipe by Food Fusion,Viral Dubai Chocolate Dessert Cups Recipe,https://www.youtube.com/watch?v=h6jDoX_us9U,Pakistani
Barfi Truffles Recipe by Food Fusion,Barfi Truffles Recipe,https://www.youtube.com/watch?v=WxLurSEo18g,Pakistani
Mashed Potato Tamagoyaki Recipe by Food Fusion,Mashed Potato Tamagoyaki Recipe,https://www.youtube.com/watch?v=eHbE3y-xm-I,Pakistani
Malai Tikka Rice Platter Recipe by Food Fusion,Malai Tikka Rice Platter Recipe,https://www.youtube.com/watch?v=HeYXaGPB1dE,Pakistani
Kashmiri Rajma Gravy with Pulao Recipe by Food Fusion,Kashmiri Rajma Gravy with Pulao Recipe,https://www.youtube.com/watch?v=O44aEt2I97w,Indian
Food Fusion's First Ever DVC - Launch of Food Fusion Aluminium Foil and Cling Wrap,Food Fusion's First Ever DVC,https://www.youtube.com/watch?v=eEE_WjHx5lc,Pakistani
Kala Chana Galawati Kabab Recipe by Food Fusion,Kala Chana Galawati Kabab Recipe,https://www.youtube.com/watch?v=zaeG4CYmEq0,Indian
Fajita Chicken Mac & Cheese Recipe by Food Fusion,Fajita Chicken Mac & Cheese Recipe,https://www.youtube.com/watch?v=_y2tP-op4lw,Pakistani
Make & Store Chocolate Chip Cookie Dough Recipe by Food Fusion,Make & Store Chocolate Chip Cookie Dough Recipe,https://www.youtube.com/watch?v=onBzlT9K5Qc,Continental
Kate Masala ka Keema Recipe by Food Fusion,Kate Masala ka Keema Recipe,https://www.youtube.com/watch?v=OJ1Nrx0F_2M,Pakistani
BBQ Chicken Bread Recipe by Food Fusion,BBQ Chicken Bread Recipe,https://www.youtube.com/watch?v=4NktSRzSEcA,Pakistani
Creamy Carbonara Spaghetti Recipe by Food Fusion,Creamy Carbonara Spaghetti Recipe,https://www.youtube.com/watch?v=MQY4q19Ai_U,Continental
Food Fusion's First Ever DVC - Launch of Food Fusion Aluminium Foil and Cling Wrap,Food Fusion's First Ever DVC,https://www.youtube.com/watch?v=jR-mlZ8UX7k,Pakistani
Triangle Chocolate Pancakes Recipe by Food Fusion,Triangle Chocolate Pancakes Recipe,https://www.youtube.com/watch?v=s7RGhRLQuOs,Pakistani
Jalapeno Cheese Macaroni in Microwave Recipe by Food Fusion,Jalapeno Cheese Macaroni in Microwave Recipe,https://www.youtube.com/watch?v=8aC9Dmu85Jw,Continental
Imam Bayildi (Turkish Stuffed Eggplants) Recipe by Food Fusion,Imam Bayildi (Turkish Stuffed Eggplants) Recipe,https://www.youtube.com/watch?v=YjvLMvhhHII,Arabic/Mediterranean
Grilled Cheeseburger Wraps Recipe by Food Fusion,Grilled Cheeseburger Wraps Recipe,https://www.youtube.com/watch?v=iEutluNaCCA,Pakistani
Matilda Cake Recipe by Food Fusion,Matilda Cake Recipe,https://www.youtube.com/watch?v=hRXlhwOpYdY,Continental
Falafel Recipe by Food Fusion,Falafel Recipe,https://www.youtube.com/watch?v=JRCV-niIGSI,Arabic/Mediterranean
Tteokbokki with Homemade Rice Cake (Garaetteok) Recipe by Food Fusion,Tteokbokki with Homemade Rice Cake (Garaetteok) Recipe,https://www.youtube.com/watch?v=V0ZLevz3dHQ,Continental
Biscuit Bites Recipe by Food Fusion,Biscuit Bites Recipe,https://www.youtube.com/watch?v=ya7uPURaPKo,Pakistani
Malai Chicken Roll-ups Recipe by Food Fusion,Malai Chicken Roll-ups Recipe,https://www.youtube.com/watch?v=qw0p4spIgcw,Pakistani
Butter Chicken Baos Recipe by Food Fusion,Butter Chicken Baos Recipe,https://www.youtube.com/watch?v=GTVqgb-HIEg,Pakistani
Perfect Chocolate Cake In A Microwave – Recipe By Food Fusion,Perfect Chocolate Cake In A Microwave – Recipe,https://www.youtube.com/watch?v=oKo0azPg5Kk,Continental
Easy Resha Chicken Paratha Roll Recipe by Food Fusion,Easy Resha Chicken Paratha Roll Recipe,https://www.youtube.com/watch?v=1U_0XZFT_NE,Pakistani
Chocolate Mocha Mousse Recipe by Food Fusion,Chocolate Mocha Mousse Recipe,https://www.youtube.com/watch?v=I3Kid7y4gf0,Pakistani
Fusion Japanese Gyoza (Dumplings) Recipe by Food Fusion,Fusion Japanese Gyoza (Dumplings) Recipe,https://www.youtube.com/watch?v=S3PDL_hq3nw,Japanese
Mini Calzone Recipe in Food Fusion Style,Mini Calzone Recipe in Food Fusion Style,https://www.youtube.com/watch?v=v_b_ZElYg4E,Pakistani
Cabbage Kofta Curry Recipe by Food Fusion,Cabbage Kofta Curry Recipe,https://www.youtube.com/watch?v=iGn3Pj9WofI,Pakistani
Malai Tandoori Tangri Kabab Recipe by Food Fusion,Malai Tandoori Tangri Kabab Recipe,https://www.youtube.com/watch?v=pQmmf1MxFO4,Pakistani
Dubai's Viral Kunafa Chocolate Recipe Is Out by Food Fusion,Dubai's Viral Kunafa Chocolate Recipe Is Out,https://www.youtube.com/watch?v=9Xt0mN0ioQE,Arabic/Mediterranean
Lauki ki Sabzi Recipe by Food Fusion,Lauki ki Sabzi Recipe,https://www.youtube.com/watch?v=E0WXcqTm51Y,Pakistani
Lentil Toast Recipe by Food Fusion,Lentil Toast Recipe,https://www.youtube.com/watch?v=MpJn9zhKC4s,Pakistani
Peshawari Halwa Recipe by Food Fusion,Peshawari Halwa Recipe,https://www.youtube.com/watch?v=4_glmHBE8hk,Pakistani
Stuffed Sriracha Chicken Omelette Recipe by Food Fusion,Stuffed Sriracha Chicken Omelette Recipe,https://www.youtube.com/watch?v=ao5vIFKxoho,Continental
Pistachio Cheesecake Cups Recipe by Food Fusion,Pistachio Cheesecake Cups Recipe,https://www.youtube.com/watch?v=WcWuJSpkkNk,Continental
Mini Rasgullay Recipe by Food Fusion,Mini Rasgullay Recipe,https://www.youtube.com/watch?v=KZL69wc_kfE,Pakistani
Omani Mqallai Recipe by Food Fusion,Omani Mqallai Recipe,https://www.youtube.com/watch?v=PRFruiNNVLw,Pakistani
Khasta Shakar Paray Recipe by Food Fusion,Khasta Shakar Paray Recipe,https://www.youtube.com/watch?v=VnEKEsf1_vw,Pakistani
Vanilla Jam Hearts Recipe by Food Fusion,Vanilla Jam Hearts Recipe,https://www.youtube.com/watch?v=VDi5zS9vArE,Pakistani
Blooming Qeema Paratha Recipe by Food Fusion,Blooming Qeema Paratha Recipe,https://www.youtube.com/watch?v=19rKbXGARBw,Pakistani
Restaurant Style Chicken Fajita Rice Recipe by Food Fusion,Restaurant Style Chicken Fajita Rice Recipe,https://www.youtube.com/watch?v=33o-wYEfmiw,Pakistani
Coffee Toffee Recipe by Food Fusion,Coffee Toffee Recipe,https://www.youtube.com/watch?v=NfQhKwibLq8,Continental
Honey Sriracha Crispy Chicken Rice Bowl Recipe by Food Fusion,Honey Sriracha Crispy Chicken Rice Bowl Recipe,https://www.youtube.com/watch?v=yUnWj95vyM4,Pakistani
Garlic Butter Cheese Pasta Recipe by Food Fusion,Garlic Butter Cheese Pasta Recipe,https://www.youtube.com/watch?v=X6pZ6hIw81A,Continental
Lehsuni Aalo Recipe by Food Fusion,Lehsuni Aalo Recipe,https://www.youtube.com/watch?v=C61LgX2CKUQ,Pakistani
"Dynamite Starters Chicken, Prawn & Cauliflower Recipe by Food Fusion","Dynamite Starters Chicken, Prawn & Cauliflower Recipe",https://www.youtube.com/watch?v=VW75GyuPLRM,Pakistani
Mutton Potli Pulao Recipe by Food Fusion,Mutton Potli Pulao Recipe,https://www.youtube.com/watch?v=Pac6JW2xskQ,Pakistani
Cookie Dough Croissants Recipe by Food Fusion,Cookie Dough Croissants Recipe,https://www.youtube.com/watch?v=s0ikb8XuT7U,Continental
Spicy Fettuccine Recipe by Food Fusion,Spicy Fettuccine Recipe,https://www.youtube.com/watch?v=T1vDj3QpUaE,Pakistani
Food Ag 2024 – Food Fusion,Food Ag 2024 –,https://www.youtube.com/watch?v=jkNVs9B73V4,Pakistani
Back to School Lunch box Recipes Collection 4 By Food Fusion,Back to School Lunch box Recipes Collection 4,https://www.youtube.com/watch?v=TCVKHzOzcl4,Pakistani
Chicken Gyro Recipe by Food Fusion,Chicken Gyro Recipe,https://www.youtube.com/watch?v=IhyI4v4gIt8,Pakistani
Crispy Chicken Strips in Air fryer Lunchbox Recipe by Food Fusion,Crispy Chicken Strips in Air fryer Lunchbox Recipe,https://www.youtube.com/watch?v=DLtNHABOSjY,Pakistani
Dahi Chawal Recipe by Food Fusion,Dahi Chawal Recipe,https://www.youtube.com/watch?v=cO9fl_fd3yY,Pakistani
Back to School Lunch box Recipes Collection 3 By Food Fusion,Back to School Lunch box Recipes Collection 3,https://www.youtube.com/watch?v=v20SVf-gsMg,Pakistani
Back to School Lunch box Recipes Collection 2 By Food Fusion,Back to School Lunch box Recipes Collection 2,https://www.youtube.com/watch?v=SxOifUl-f4A,Pakistani
Korean Veg & Cheese Filled Pancakes Recipe by Food Fusion,Korean Veg & Cheese Filled Pancakes Recipe,https://www.youtube.com/watch?v=dPGByPZ7m6g,Pakistani
Back to School Lunch box Recipes Collection 1 By Food Fusion,Back to School Lunch box Recipes Collection 1,https://www.youtube.com/watch?v=_xBAbncDuMY,Pakistani
Balakot to Islamabad and back to Karachi - Final Episode Food Fusion Travel Series,Balakot to Islamabad and back to Karachi,https://www.youtube.com/watch?v=AkEA9cwo7ww,Pakistani
No Bake Mango Cream Pie Recipe by Food Fusion,No Bake Mango Cream Pie Recipe,https://www.youtube.com/watch?v=vPLPKDk4ACQ,Pakistani
Sizzling Chilli Oil Potatoes Recipe by Food Fusion,Sizzling Chilli Oil Potatoes Recipe,https://www.youtube.com/watch?v=-eZC9-twliA,Pakistani
Achari Mirchi Pakora Recipe by Food Fusion,Achari Mirchi Pakora Recipe,https://www.youtube.com/watch?v=591dvIzHo14,Pakistani
Crispy Onion Pakora Recipe by Food Fusion,Crispy Onion Pakora Recipe,https://www.youtube.com/watch?v=ref4lsPJ_r4,Pakistani
Boys Vs Girls Cookoff vlog - Team Food Fusion,Boys Vs Girls Cookoff vlog,https://www.youtube.com/watch?v=rv-gz7PO5Tg,Pakistani
3 Recipe Shoots in one day while on vacation in Nathia Gali  - Vlog Part 5 - Food Fusion,3 Recipe Shoots in one day while on vacation in Nathia Gali,https://www.youtube.com/watch?v=ZliPL8kRco8,Pakistani
Schezwan Chilli Cheese Sandwich Recipe by Food Fusion,Schezwan Chilli Cheese Sandwich Recipe,https://www.youtube.com/watch?v=TRPACH7WQPA,Chinese
Dry Aalo Bhindi Masala with Butter Paratha Recipe by Food Fusion,Dry Aalo Bhindi Masala with Butter Paratha Recipe,https://www.youtube.com/watch?v=lherUtkAO-4,Pakistani
Iced Mango Latte & Korean Mango Milk Recipe by Food Fusion,Iced Mango Latte & Korean Mango Milk Recipe,https://www.youtube.com/watch?v=2eLbBLXZH4c,Pakistani
Herb Crusted Grilled Cheese Sandwich Recipe by Food Fusion,Herb Crusted Grilled Cheese Sandwich Recipe,https://www.youtube.com/watch?v=2nLmR766rFM,Continental
Nathia Gali - The Mukshpuri Peak Hike and Cooking for team - Vlog Part 4 - Food Fusion,Nathia Gali,https://www.youtube.com/watch?v=WSSqhtOrCuA,Pakistani
Detroit Style Pepperoni Pizza Recipe by Food Fusion,Detroit Style Pepperoni Pizza Recipe,https://www.youtube.com/watch?v=tsMmWu2J2jM,Continental
Bread Waffles Recipe by Food Fusion,Bread Waffles Recipe,https://www.youtube.com/watch?v=JNcH-C-8uzk,Pakistani
Mango Kunafa Recipe by Food Fusion,Mango Kunafa Recipe,https://www.youtube.com/watch?v=Q4KUcf1kdtg,Arabic/Mediterranean
Chicken Thai Noodles Recipe by Food Fusion,Chicken Thai Noodles Recipe,https://www.youtube.com/watch?v=YjINvq0CwCA,Pakistani
Bangkok Caramel Toast Recipe by Food Fusion,Bangkok Caramel Toast Recipe,https://www.youtube.com/watch?v=48K8Vk0BuCU,Continental
Chicken Dumplings with Chilli Oil & Dumpling Sauce Recipe by Food Fusion,Chicken Dumplings with Chilli Oil & Dumpling Sauce Recipe,https://www.youtube.com/watch?v=CFC82ec9ft4,Pakistani
Sunday Brunch Recipes 2024 by Food Fusion,Sunday Brunch Recipes 2024,https://www.youtube.com/watch?v=x7PbDmj4OqI,Pakistani
Mango Yogurt Pudding (Bhapa Doi) Recipe by Food Fusion,Mango Yogurt Pudding (Bhapa Doi) Recipe,https://www.youtube.com/watch?v=eIyvYYXBcJk,Pakistani
Sesame Chicken Pakora Recipe by Food Fusion,Sesame Chicken Pakora Recipe,https://www.youtube.com/watch?v=DxLMXG2e2VI,Pakistani
Aloo Katli Pakora Recipe by Food Fusion,Aloo Katli Pakora Recipe,https://www.youtube.com/watch?v=UBxAdBdZO44,Pakistani
Easy Malka Masoor Biryani Recipe by Food Fusion,Easy Malka Masoor Biryani Recipe,https://www.youtube.com/watch?v=y1aIrciccuU,Pakistani
Sooji Roat Recipe by Food Fusion,Sooji Roat Recipe,https://www.youtube.com/watch?v=V8EpsUmTnDk,Pakistani
4 Special Sharbat Recipes by Food Fusion,4 Special Sharbat Recipes,https://www.youtube.com/watch?v=is0lUarMRcY,Pakistani
Mango Dream Cake Recipe by Food Fusion,Mango Dream Cake Recipe,https://www.youtube.com/watch?v=50EYWNpODu0,Continental
4 Best Poori Recipes by Food Fusion,4 Best Poori Recipes,https://www.youtube.com/watch?v=LCkwoOhrG7Y,Pakistani
Degi Chicken Daleem Recipe by Food Fusion,Degi Chicken Daleem Recipe,https://www.youtube.com/watch?v=dTVgqXze8lU,Pakistani
Mix Sabzi Pakora Recipe by Food Fusion,Mix Sabzi Pakora Recipe,https://www.youtube.com/watch?v=cm3dncSgVo0,Pakistani
Banarasi Gol Kachori Recipe by Food Fusion,Banarasi Gol Kachori Recipe,https://www.youtube.com/watch?v=OUIAYcbamcs,Pakistani
Mutton Melt Curry Recipe by Food Fusion,Mutton Melt Curry Recipe,https://www.youtube.com/watch?v=JpxprS_9UY8,Pakistani
Crispy Beef Qeema Paratha Recipe by Food Fusion,Crispy Beef Qeema Paratha Recipe,https://www.youtube.com/watch?v=G0YG9re6jio,Pakistani
Classic Tiramisu Recipe by Food Fusion,Classic Tiramisu Recipe,https://www.youtube.com/watch?v=eZtnYgNkfSQ,Pakistani
Peach Ice cream Recipe by Food Fusion,Peach Ice cream Recipe,https://www.youtube.com/watch?v=ECsCYvV2LQY,Pakistani
Ginger Mint Lemonade Recipe by Food Fusion,Ginger Mint Lemonade Recipe,https://www.youtube.com/watch?v=QiwXtShGGz4,Pakistani
Mutton Karahi Gosht Recipe by Food Fusion,Mutton Karahi Gosht Recipe,https://www.youtube.com/watch?v=9ec5pdBxdvM,Pakistani
Easy Cheesy Tomato Pasta Recipe by Food Fusion,Easy Cheesy Tomato Pasta Recipe,https://www.youtube.com/watch?v=KPU2ZsuhhV0,Continental
Two Summer Coffee Drinks Recipes by Food Fusion,Two Summer Coffee Drinks Recipes,https://www.youtube.com/watch?v=c0mUI3tdQxY,Continental
Noormehal Mutton Handi Recipe by Food Fusion,Noormehal Mutton Handi Recipe,https://www.youtube.com/watch?v=Tvi-mmDDUwI,Pakistani
Nathia Gali - Pipeline track - everyone got into a fight Vlog Part 3 - Food Fusion,Nathia Gali,https://www.youtube.com/watch?v=8Lvn2ODyh44,Pakistani
Lucknowi Mutton Biryani in Multicooker Recipe by Food Fusion,Lucknowi Mutton Biryani in Multicooker Recipe,https://www.youtube.com/watch?v=yruzgfTwPOE,Pakistani
Special Daal with Achari Mirch Tadka Recipe by Food Fusion,Special Daal with Achari Mirch Tadka Recipe,https://www.youtube.com/watch?v=TkTTTZksXd4,Pakistani
Brownie Ice cream Bombs Recipe by Food Fusion,Brownie Ice cream Bombs Recipe,https://www.youtube.com/watch?v=5oC8oUOvXuc,Continental
Falsa Mojito Recipe by Food Fusion,Falsa Mojito Recipe,https://www.youtube.com/watch?v=jpwH8FYuljA,Pakistani
Islamabad To Nathia Gali Road Trip - Vlog Part 2 - Food Fusion,Islamabad To Nathia Gali Road Trip,https://www.youtube.com/watch?v=tKlwhlgObH4,Pakistani
4 Restaurant Rice Bowl Recipes by Food Fusion,4 Restaurant Rice Bowl Recipes,https://www.youtube.com/watch?v=CuQGWA5Y9_w,Pakistani
Pulled Achari Chicken Panini Sandwich Recipe by Food Fusion,Pulled Achari Chicken Panini Sandwich Recipe,https://www.youtube.com/watch?v=25N6SHPSVlU,Continental
Cheese Jalapeno Kabab Recipe by Food Fusion,Cheese Jalapeno Kabab Recipe,https://www.youtube.com/watch?v=NvyD0WPDIw4,Pakistani
Mutton Rezala Recipe by Food Fusion,Mutton Rezala Recipe,https://www.youtube.com/watch?v=yBQ6AzGNjEc,Pakistani
Matka Beef Biryani Recipe by Food Fusion,Matka Beef Biryani Recipe,https://www.youtube.com/watch?v=TyOtAO3G0rA,Pakistani
Mutton Degi Balti Gosht Recipe by Food Fusion,Mutton Degi Balti Gosht Recipe,https://www.youtube.com/watch?v=4_Kk3t484Mc,Pakistani
Creamy Beef Tikka Recipe by Food Fusion,Creamy Beef Tikka Recipe,https://www.youtube.com/watch?v=pNVIXF7ecB0,Pakistani
Degi Aloo Mutton Pulao - Bakra Eid Special Recipe by Food Fusion,Degi Aloo Mutton Pulao,https://www.youtube.com/watch?v=Upf50u9PUps,Pakistani
Mango Loaf Cake Recipe by Food Fusion,Mango Loaf Cake Recipe,https://www.youtube.com/watch?v=it_zdq9xwww,Continental
Pan Seared Lamb Chops Recipe by Food Fusion,Pan Seared Lamb Chops Recipe,https://www.youtube.com/watch?v=pj6RgFo1epk,Pakistani
Eid ul Adha Special Beef Menu Collection 2024- By Food Fusion,Eid ul Adha Special Beef Menu Collection 2024-,https://www.youtube.com/watch?v=y7mHZfNQ0mU,Pakistani
Eid ul Adha Mutton Rice Recipes 2024 by Food Fusion,Eid ul Adha Mutton Rice Recipes 2024,https://www.youtube.com/watch?v=iceB23FAj30,Pakistani
5 Summer Eid Special Mango Recipes by Food Fusion,5 Summer Eid Special Mango Recipes,https://www.youtube.com/watch?v=U9bPEnRVyPs,Pakistani
Eid Menu Collection 2024 Recipes By Food Fusion,Eid Menu Collection 2024 Recipes,https://www.youtube.com/watch?v=PaCg2F9kYVQ,Pakistani
"Cooking Essentials - Ginger Garlic , Papaya & Green Chili Paste -  Recipe by Food Fusion",Cooking Essentials,https://www.youtube.com/watch?v=1ift665c83g,Pakistani
Beef Brain Masala with 2 Brain Cleaning Methods Recipe by Food Fusion,Beef Brain Masala with 2 Brain Cleaning Methods Recipe,https://www.youtube.com/watch?v=Lm_bbaCBgiQ,Pakistani
Kaleji Qeema Karahi - Bakra Eid Special  Recipe by Food Fusion,Kaleji Qeema Karahi,https://www.youtube.com/watch?v=qqOvLbF-jhM,Pakistani
Makhni Kaleji - Bakra Eid Special Recipe by Food Fusion,Makhni Kaleji,https://www.youtube.com/watch?v=lGTSvfh1Ut4,Pakistani
Achari Shredded Beef Tacos Recipe by Food Fusion,Achari Shredded Beef Tacos Recipe,https://www.youtube.com/watch?v=T2z7D9yzCus,Pakistani
Easy Doodh wali Seviyan - Eid Special Recipe by Food Fusion,Easy Doodh wali Seviyan,https://www.youtube.com/watch?v=VxUjCnw9id4,Pakistani
Special Beef Bong Paye - Bakra Eid Special Recipe by Food Fusion,Special Beef Bong Paye,https://www.youtube.com/watch?v=VDMLnqbvvSc,Pakistani
Easy Mango Ice cream Cake - Eid Special Recipe by Food Fusion,Easy Mango Ice cream Cake,https://www.youtube.com/watch?v=HgAwNpUdajs,Continental
Malai Mutton Biryani - Bakra Eid Special Recipe by Food Fusion,Malai Mutton Biryani,https://www.youtube.com/watch?v=pLt-PP6XXGU,Pakistani
Best Tender Beef Nihari in Multi Cooker -Bakra Eid Special Recipe by Food Fusion,Best Tender Beef Nihari in Multi Cooker -Bakra Eid Special Recipe,https://www.youtube.com/watch?v=Iywgi5c1k5s,Pakistani
Arabic Mutton Mandi - Bakra Eid Special Recipe by Food Fusion,Arabic Mutton Mandi,https://www.youtube.com/watch?v=lJ4sscPiqQI,Arabic/Mediterranean
Beef Paye Cleaning Method- Bakra Eid Special Recipe by Food Fusion,Beef Paye Cleaning Method- Bakra Eid Special Recipe,https://www.youtube.com/watch?v=vQR2fuBcdW4,Pakistani
Cheesy Resha Beef Kabab - Bakra Eid Special Recipe By Food Fusion,Cheesy Resha Beef Kabab,https://www.youtube.com/watch?v=uYRZh1aAtro,Pakistani
Achari Mutton Gosht - Bakra Eid Special Recipe by Food Fusion,Achari Mutton Gosht,https://www.youtube.com/watch?v=_W84vKu3ZUI,Pakistani
Quick Kulfa Faluda - Bakra Eid Special Recipe by Food Fusion,Quick Kulfa Faluda,https://www.youtube.com/watch?v=Z1tuGUJyuY4,Pakistani
Rabadi Sev Katori Recipe by Food Fusion,Rabadi Sev Katori Recipe,https://www.youtube.com/watch?v=jR-TSs6uyJ8,Pakistani
Namkeen Gosht Karahi - Bakra Eid Special Recipe by Food Fusion,Namkeen Gosht Karahi,https://www.youtube.com/watch?v=Ys1EKwNM_RA,Pakistani
Eid ul Adha Special Mutton Lamb Menu 2024 - Recipes By Food Fusion,Eid ul Adha Special Mutton Lamb Menu 2024,https://www.youtube.com/watch?v=KjrpjIkP_I8,Pakistani
Mutton Bukhari Rice -Bakra Eid Special Recipe by Food Fusion,Mutton Bukhari Rice -Bakra Eid Special Recipe,https://www.youtube.com/watch?v=J4d-kZe3kxY,Pakistani
Margarita Pizza Quesadilla in Microwave - Recipe by Food Fusion,Margarita Pizza Quesadilla in Microwave,https://www.youtube.com/watch?v=0RlpDyiFafI,Continental
King Beef Burger Recipe by Food Fusion,King Beef Burger Recipe,https://www.youtube.com/watch?v=TK_JEXcBkeg,Continental
Super Soft Tunday Kabab - Bakra Eid Special Recipe by Food Fusion,Super Soft Tunday Kabab,https://www.youtube.com/watch?v=JNb0xeK5nWM,Pakistani
Achari Beef Masala Biryani - Bakra Eid special Recipe by Food Fusion,Achari Beef Masala Biryani,https://www.youtube.com/watch?v=D-ycgu8Ftx8,Pakistani
Stuffed Potato Cutlets Kabab - Bakra Eid Special Recipe by Food Fusion,Stuffed Potato Cutlets Kabab,https://www.youtube.com/watch?v=dsi-p6aS9Jo,Pakistani
Creamy Mutton Boti Fry Recipe by Food Fusion,Creamy Mutton Boti Fry Recipe,https://www.youtube.com/watch?v=5zmTV8fHqkY,Pakistani
Authentic Cheese Kunafa Recipe by Food Fusion,Authentic Cheese Kunafa Recipe,https://www.youtube.com/watch?v=9jZLvjma_bc,Arabic/Mediterranean
Makhni Handi Kabab - Bakra Eid Special Recipe by Food Fusion,Makhni Handi Kabab,https://www.youtube.com/watch?v=q8eBRPMDb5k,Pakistani
Alfredo Pizza Naan on Tawa Recipe by Food Fusion,Alfredo Pizza Naan on Tawa Recipe,https://www.youtube.com/watch?v=ym5r4835ee8,Continental
Millionaire's Dessert Cups Recipe by Food Fusion,Millionaire's Dessert Cups Recipe,https://www.youtube.com/watch?v=fOCVgaslI0I,Pakistani
Summer Fun Chocolate Recipes with kids By Food Fusion,Summer Fun Chocolate Recipes with kids,https://www.youtube.com/watch?v=WXX6B10hRgA,Pakistani
Chicken Mumtaz Recipe by Food Fusion,Chicken Mumtaz Recipe,https://www.youtube.com/watch?v=BXMQKohoR9E,Pakistani
Spicy Masaleydar Chicken Biryani - Inspired by Khatri Biryani Recipe by Food Fusion,Spicy Masaleydar Chicken Biryani,https://www.youtube.com/watch?v=Z3sKGpKxh0w,Pakistani
Chilli Mac & Cheese Recipe by Food Fusion,Chilli Mac & Cheese Recipe,https://www.youtube.com/watch?v=zR2nmwl8LZ4,Pakistani
Lemon Tiramisu Recipe by Food Fusion,Lemon Tiramisu Recipe,https://www.youtube.com/watch?v=dIDJRf7s3co,Pakistani
Tandoori White Chicken Recipe By Food Fusion,Tandoori White Chicken Recipe,https://www.youtube.com/watch?v=K7ftbJTd488,Pakistani
Dahi Bhindi Recipe by Food Fusion,Dahi Bhindi Recipe,https://www.youtube.com/watch?v=X-vZS3NU1_0,Pakistani
Creamy Pesto Pasta with Sun dried Tomatoes Recipe by Food Fusion,Creamy Pesto Pasta with Sun dried Tomatoes Recipe,https://www.youtube.com/watch?v=86IgUdbQIkY,Continental
Jalapeno & Cheese Omelette Recipe by Food Fusion,Jalapeno & Cheese Omelette Recipe,https://www.youtube.com/watch?v=Ri-oU7YOY4Q,Continental
Chicken Resha Daal Recipe by Food Fusion,Chicken Resha Daal Recipe,https://www.youtube.com/watch?v=XyPdNuYcZbI,Pakistani
Thank You!,Thank You!,https://www.youtube.com/watch?v=jCtbf-Qk1x0,Pakistani
Sooji Veg Pancakes Recipe by Food Fusion,Sooji Veg Pancakes Recipe,https://www.youtube.com/watch?v=RZB7nPSheGc,Pakistani
Fresh Fruit Cream Icebox Dessert Recipe by Food Fusion,Fresh Fruit Cream Icebox Dessert Recipe,https://www.youtube.com/watch?v=BzCdA9J_-p4,Pakistani
Crispy Egg Cheese Toast Recipe by Food Fusion,Crispy Egg Cheese Toast Recipe,https://www.youtube.com/watch?v=QaQB65V4YO8,Pakistani
Restaurant style Spicy Schezwan Chicken with Gravy Recipe by Food Fusion,Restaurant style Spicy Schezwan Chicken with Gravy Recipe,https://www.youtube.com/watch?v=DRlYK4D7BUw,Chinese
Karachi Famous Chicken Resha Bun Kabab Recipe by Food Fusion,Karachi Famous Chicken Resha Bun Kabab Recipe,https://www.youtube.com/watch?v=B9stw87RFDU,Pakistani
Qalmi Tikka Kabab Recipe by Food Fusion,Qalmi Tikka Kabab Recipe,https://www.youtube.com/watch?v=JtSog7Tfvx0,Pakistani
Tawa Veg Pulao Recipe by Food Fusion,Tawa Veg Pulao Recipe,https://www.youtube.com/watch?v=fWMBj0aFKCc,Pakistani
Food Entrepreneurship Talk with Azad Chai Wala and Asad Memon on Fusion Talks,Food Entrepreneurship Talk with Azad Chai Wala and Asad Memon on Fusion Talks,https://www.youtube.com/watch?v=lf97pS2XV3U,Pakistani
Chicken Spread Sandwich Recipe by Food Fusion,Chicken Spread Sandwich Recipe,https://www.youtube.com/watch?v=gFv1nOAn57o,Continental
Pahari Daal Recipe by Food Fusion,Pahari Daal Recipe,https://www.youtube.com/watch?v=69m9x6FcKeU,Pakistani
Creamy Tikka Buns Recipe by Food Fusion,Creamy Tikka Buns Recipe,https://www.youtube.com/watch?v=O7iKcM5cVNU,Pakistani
Smoked Beef Cheese Burger Recipe by Food Fusion,Smoked Beef Cheese Burger Recipe,https://www.youtube.com/watch?v=jBtw9SKIT94,Continental
Pasta Salad Restaurant Wala - Recipe by Food Fusion,Pasta Salad Restaurant Wala,https://www.youtube.com/watch?v=fLE5jRlkxxs,Continental
Butter Noodles with Chicken Recipe by Food Fusion,Butter Noodles with Chicken Recipe,https://www.youtube.com/watch?v=cepWDuNsqZE,Pakistani
Afghani White Kofta Gravy Recipe by Food Fusion,Afghani White Kofta Gravy Recipe,https://www.youtube.com/watch?v=4jyYd9mvuhw,Arabic/Mediterranean
Creamy Chicken Baps Recipe by Food Fusion,Creamy Chicken Baps Recipe,https://www.youtube.com/watch?v=PwyvjxRxR2U,Pakistani
Chicken Cheese Stuffed Buns Recipe by Food Fusion,Chicken Cheese Stuffed Buns Recipe,https://www.youtube.com/watch?v=SLRnNjGtH6I,Pakistani
Tangzhong Milk Bread with Assorted Filling Recipe by Food Fusion,Tangzhong Milk Bread with Assorted Filling Recipe,https://www.youtube.com/watch?v=xi9WJaCMjk0,Pakistani
Eid Special BBQ Recipes By Food Fusion,Eid Special BBQ Recipes,https://www.youtube.com/watch?v=4zAF1kXZYTw,Pakistani
Achari Mirchi Recipe by Food Fusion,Achari Mirchi Recipe,https://www.youtube.com/watch?v=T26PaCj9qmQ,Pakistani
5 Amazing Rice Platter Ideas for Eid - By Food Fusion,Rice Platter Ideas for Eid,https://www.youtube.com/watch?v=nlaWD67zVK4,Pakistani
5 Eid Meal Ideas by Food Fusion,5 Eid Meal Ideas,https://www.youtube.com/watch?v=yfGu1PMHRHs,Pakistani
Eid Menu Ideas Collection 2 - 2024 By Food Fusion,Eid Menu Ideas Collection 2,https://www.youtube.com/watch?v=W8-G4sOcLuU,Pakistani
Chinese BBQ Biryani Eid Special Recipe by Food Fusion,Chinese BBQ Biryani Eid Special Recipe,https://www.youtube.com/watch?v=1j2joal9A3c,Chinese
Eid Special Dessert with Leftover Samosa Patti Recipe by Food Fusion,Eid Special Dessert with Leftover Samosa Patti Recipe,https://www.youtube.com/watch?v=ZIp_H4-kZU0,Pakistani
Eid Special Breakfast Recipes - 2024 by Food Fusion,Eid Special Breakfast Recipes,https://www.youtube.com/watch?v=Na3cTqCmj2E,Pakistani
Eid Special Khoya Sawaiyan Recipe by Food Fusion,Eid Special Khoya Sawaiyan Recipe,https://www.youtube.com/watch?v=vN6Hgwykz2Y,Pakistani
Tawa Kabab Platter Eid Special Recipe by Food Fusion,Tawa Kabab Platter Eid Special Recipe,https://www.youtube.com/watch?v=OQaVqBSzvtk,Pakistani
Top 5 Eid Seviyan Recipes by Food Fusion,Top 5 Eid Seviyan Recipes,https://www.youtube.com/watch?v=nD66_nghljU,Pakistani
Mini Crispy Patty Burger - Eid Special  Recipe by Food Fusion,Mini Crispy Patty Burger,https://www.youtube.com/watch?v=Zov_DDYAfD4,Continental
Eid Special Zafrani Doodh Seviyan Recipe by Food Fusion,Eid Special Zafrani Doodh Seviyan Recipe,https://www.youtube.com/watch?v=Hr9D0Ujx27k,Pakistani
Eid Special Bombay Bakery Inspired Chocolate Cake Recipe by Food Fusion,Eid Special Bombay Bakery Inspired Chocolate Cake Recipe,https://www.youtube.com/watch?v=cu9RUOedUNY,Continental
Lagan Qeema with Paratha - Eid Breakfast Special Recipe by Food Fusion,Lagan Qeema with Paratha,https://www.youtube.com/watch?v=UfNMK3s2BrQ,Pakistani
Eid Dinner Ideas - 5 Creamy Recipes by Food Fusion,Eid Dinner Ideas,https://www.youtube.com/watch?v=A9YgtYyzOhA,Pakistani
Pull-Apart Pizza Balls Recipe by Food Fusion,Pull-Apart Pizza Balls Recipe,https://www.youtube.com/watch?v=WpVYY9pi-5U,Continental
Mughlai Chicken Kabab - Eid Special Recipe by Food Fusion,Mughlai Chicken Kabab,https://www.youtube.com/watch?v=mN33bdeB3C8,Pakistani
Eid Dessert Recipe - Strawberry & Fruit Custard Trifle by Food Fusion,Eid Dessert,https://www.youtube.com/watch?v=nFoHOD1DUUA,Pakistani
Seekh Kabab Dum Biryani - Eid Special Recipe by Food Fusion,Seekh Kabab Dum Biryani,https://www.youtube.com/watch?v=PjK7z_bhO6o,Pakistani
Lucknowy Bund Gosht Recipe by Food Fusion,Lucknowy Bund Gosht Recipe,https://www.youtube.com/watch?v=73llRs_jouI,Pakistani
Pesto Lasagna Recipe by Food Fusion,Pesto Lasagna Recipe,https://www.youtube.com/watch?v=xjoU4DZo8Rk,Continental
Pinwheel Shahi Tukray - Eid Special Dessert Recipe by Food Fusion,Pinwheel Shahi Tukray,https://www.youtube.com/watch?v=CBuIRIre96M,Pakistani
Turkish Style Simit Pizza Recipe by Food Fusion,Turkish Style Simit Pizza Recipe,https://www.youtube.com/watch?v=zgPtMMA1xlo,Arabic/Mediterranean
Eid Dessert Kulfi Trifle Recipe by Food Fusion,Eid Dessert Kulfi Trifle Recipe,https://www.youtube.com/watch?v=Ih6LZpzdZb8,Pakistani
Restaurant Style Chicken Mandi Recipe by Food Fusion,Restaurant Style Chicken Mandi Recipe,https://www.youtube.com/watch?v=zVSGabEbDJ8,Arabic/Mediterranean
They stole from us! We need your help,They stole from us! We need your help,https://www.youtube.com/watch?v=FcdgSfjzLPg,Pakistani
5 Creamy Eid Desserts Recipe by Food Fusion,5 Creamy Eid Desserts Recipe,https://www.youtube.com/watch?v=U0yOdz4ATX0,Pakistani
Qissa Khawani Kheer - Eid Special Recipe by Food Fusion,Qissa Khawani Kheer,https://www.youtube.com/watch?v=fKZE2_2QmFg,Pakistani
Chicken Makhni Kofta Gravy Recipe by Food Fusion,Chicken Makhni Kofta Gravy Recipe,https://www.youtube.com/watch?v=HhYA3VuRPYo,Pakistani
Filipino Eggplant Omelette - Sehri /Breakfast Recipe by Food Fusion,Filipino Eggplant Omelette,https://www.youtube.com/watch?v=nRaeSnpxaHo,Continental
Chicken Cheese White Karahi Recipe by Food Fusion,Chicken Cheese White Karahi Recipe,https://www.youtube.com/watch?v=QebUXBvdd1I,Pakistani
Apricot Delight/ Khubani ka Trifle - Eid Dessert Recipe by Food Fusion,Apricot Delight/ Khubani ka Trifle,https://www.youtube.com/watch?v=PjczO-jdgn4,Pakistani
Eid Menu Ideas Collection 1 - 2024 By Food Fusion,Eid Menu Ideas Collection 1,https://www.youtube.com/watch?v=ZW-XLxsAYRw,Pakistani
Delhi Korma - Eid Special Recipe by Food Fusion,Delhi Korma,https://www.youtube.com/watch?v=bEXO5X7Hxmo,Pakistani
Chocolate Dream Cake Eid Special Recipe by Food Fusion,Chocolate Dream Cake Eid Special Recipe,https://www.youtube.com/watch?v=wXZdyuG2BJM,Continental
Puff Pastry Apple Donuts Recipe by Food Fusion,Puff Pastry Apple Donuts Recipe,https://www.youtube.com/watch?v=dGsyrurwX0Q,Continental
Fire Tadka Daal Recipe by Food Fusion,Fire Tadka Daal Recipe,https://www.youtube.com/watch?v=4iqrs3gFGCg,Pakistani
"3 Smoothies: Coffee, Superfood, Apple Recipes by Food Fusion","3 Smoothies: Coffee, Superfood, Apple Recipes",https://www.youtube.com/watch?v=_FS_8lYNPDo,Continental
2 Easy Bread Pudding with Leftover Bread Recipe by Food Fusion,2 Easy Bread Pudding with Leftover Bread Recipe,https://www.youtube.com/watch?v=YD2u00a87zs,Pakistani
Kalay Chanay ka Salan with Zeera Pulao Recipe by Food Fusion,Kalay Chanay ka Salan with Zeera Pulao Recipe,https://www.youtube.com/watch?v=xLaMmGnIWLA,Pakistani
Gulabi Pheni Ka Meetha - Ramadan Special  Recipe by Food Fusion,Gulabi Pheni Ka Meetha,https://www.youtube.com/watch?v=PtL4yBAf0XE,Pakistani
Degi Style White Beef Biryani -  Iftar Dinner Special Recipe by Food Fusion,Degi Style White Beef Biryani,https://www.youtube.com/watch?v=Gn9LnfbppX0,Pakistani
Quick and Easy Chicken Sticks Ramadan Special Recipe by Food Fusion,Quick and Easy Chicken Sticks Ramadan Special Recipe,https://www.youtube.com/watch?v=vBEfQ-xhS5M,Pakistani
Sizzling Gulab Jamun -  Recipe by Food Fusion,Sizzling Gulab Jamun,https://www.youtube.com/watch?v=G4cqfCNsTfU,Pakistani
Street Style Authentic Mawa Kulfi Recipe by Food Fusion,Street Style Authentic Mawa Kulfi Recipe,https://www.youtube.com/watch?v=UlRA5QgyRko,Pakistani
Tandoori Chicken with Garlic Mint Butter Sauce Recipe by Food Fusion,Tandoori Chicken with Garlic Mint Butter Sauce Recipe,https://www.youtube.com/watch?v=poTEhhWRTY0,Pakistani
Loaded Animal Fries - Ramadan Special Recipe by Food Fusion,Loaded Animal Fries,https://www.youtube.com/watch?v=NpHZ9HvZmhI,Pakistani
Restaurant Style Club Sandwich Recipe by Food Fusion,Restaurant Style Club Sandwich Recipe,https://www.youtube.com/watch?v=b6XexzWXid0,Continental
Kala Chana Kadhi Chaat - Iftar special Recipe by Food Fusion,Kala Chana Kadhi Chaat,https://www.youtube.com/watch?v=5Bja8FGkWro,Pakistani
Boat basin inspired Chicken Cheese Paratha - Recipe by Food Fusion Recreates,Boat basin inspired Chicken Cheese Paratha,https://www.youtube.com/watch?v=rDThPYwASdI,Pakistani
Steam Roast Chicken Pulao - Ramadan Special Recipe by Food Fusion,Steam Roast Chicken Pulao,https://www.youtube.com/watch?v=XAFLQJUmh7A,Pakistani
Dahi Phulki Chaat with Storable Phulki Method Recipe by Food Fusion,Dahi Phulki Chaat with Storable Phulki Method Recipe,https://www.youtube.com/watch?v=dgMB8ua_3SY,Pakistani
Tomato Cheese Omelette - Breakfast / Sehri Recipe by Food Fusion,Tomato Cheese Omelette,https://www.youtube.com/watch?v=6Y3_eOyF4T8,Continental
Chocolate Bread Pudding - Ramadan Special Recipe by Food Fusion,Chocolate Bread Pudding,https://www.youtube.com/watch?v=yuYQapEkkBs,Pakistani
Chicken Bread Balls - Iftar Recipe by Food Fusion,Chicken Bread Balls,https://www.youtube.com/watch?v=lzmRnKfw1UA,Pakistani
Best uses of Leftover Roti - Ramazan Special Recipe by Food Fusion,Best uses of Leftover Roti,https://www.youtube.com/watch?v=YHhC5e0__DE,Pakistani
Baingan Matar ki Sabzi - Recipe by Food Fusion,Baingan Matar ki Sabzi,https://www.youtube.com/watch?v=WWi6jcEOCCo,Pakistani
Smokey Dahi/yogurt Chicken kabab - Ramadan special Recipe by Food Fusion,Smokey Dahi/yogurt Chicken kabab,https://www.youtube.com/watch?v=gXl9jOHXwuA,Pakistani
Aloo Keema Pakora (Potato Mince Fritters) Ramadan Special Recipe by Food Fusion,Aloo Keema Pakora (Potato Mince Fritters) Ramadan Special Recipe,https://www.youtube.com/watch?v=3SQZ76IjMfs,Pakistani
Samosa Roll with Creamy Custard Filling - Iftar Special Recipe by Food Fusion,Samosa Roll with Creamy Custard Filling,https://www.youtube.com/watch?v=sLXSmg8wZqQ,Pakistani
Chocolate Chickpea Cake Recipe by Food Fusion,Chocolate Chickpea Cake Recipe,https://www.youtube.com/watch?v=ntA2A9xAkBA,Continental
Fresh Turmeric Citrus Cooler - Refreshing Iftar Drink Recipe by Food Fusion,Fresh Turmeric Citrus Cooler,https://www.youtube.com/watch?v=ykRGiIzjmMM,Pakistani
Butter Tarka Kadhi Pakora Chawal Recipe by Food Fusion,Butter Tarka Kadhi Pakora Chawal Recipe,https://www.youtube.com/watch?v=jrJHv8Z-2Zk,Pakistani
Sticky Toffee Date Pudding Dessert Recipe By Food Fusion,Sticky Toffee Date Pudding Dessert Recipe,https://www.youtube.com/watch?v=pyYxui60OD0,Pakistani
Easy Chicken Lasagna in Dawlance Convection Microwave Oven -  Recipe by Food Fusion,Easy Chicken Lasagna in Dawlance Convection Microwave Oven,https://www.youtube.com/watch?v=Seexp1KxbdI,Continental
Palak Patta Chaat - Iftar Special Recipe by Food Fusion,Palak Patta Chaat,https://www.youtube.com/watch?v=1bC7YC4QR8w,Pakistani
Restaurant Style Cheese Handi Recipe by Food Fusion,Restaurant Style Cheese Handi Recipe,https://www.youtube.com/watch?v=ts7LqjR3umk,Pakistani
Arabic Champagne - Halal Saudi Champagne Recipe by Food Fusion,Arabic Champagne,https://www.youtube.com/watch?v=Sda9Ljt3-q4,Arabic/Mediterranean
Khasta Chicken Kachori - Easy Ramzan Special Recipe by Food Fusion,Khasta Chicken Kachori,https://www.youtube.com/watch?v=TkjgQmrvow8,Pakistani
Spicy Cream Eggs - Sehri Special Recipe by Food Fusion,Spicy Cream Eggs,https://www.youtube.com/watch?v=XZbLBzNFyjE,Pakistani
Chocolate Date Bites - Ramadan Special Recipe by Food Fusion,Chocolate Date Bites,https://www.youtube.com/watch?v=XF_kDM4YJEY,Pakistani
Fajita Platter - Ramadan Special Recipe by Food Fusion,Fajita Platter,https://www.youtube.com/watch?v=CeZyblXcgc8,Pakistani
Chicken Sukka with Leftover Naan Recipe by Food Fusion,Chicken Sukka with Leftover Naan Recipe,https://www.youtube.com/watch?v=8jDqmlVLFF4,Pakistani
Pink Dahi Samosa Chaat - Iftar Special Recipe by Food Fusion,Pink Dahi Samosa Chaat,https://www.youtube.com/watch?v=MWnohzImByw,Pakistani
Aalo Palak Pakora in Air Fryer - Iftar Special Recipe by Food Fusion,Aalo Palak Pakora in Air Fryer,https://www.youtube.com/watch?v=7-Gr7P8My5c,Pakistani
Breakfast Egg Patty - Sehri Special Recipe by Food Fusion,Breakfast Egg Patty,https://www.youtube.com/watch?v=WLsJcE13vH4,Pakistani
Cheesy Chicken Bread Roll - Ramadan Special Recipe by Food Fusion,Cheesy Chicken Bread Roll,https://www.youtube.com/watch?v=a-JbfU-cVHE,Pakistani
Cone Papri Dahi Chaat Air Fried cones - Iftar Special Recipe by Food Fusion,Cone Papri Dahi Chaat Air Fried cones,https://www.youtube.com/watch?v=_ilLqoYf3cY,Pakistani
5 min Shakshuka - Breakfast/Sehri special Recipe by Food Fusion,5 min Shakshuka,https://www.youtube.com/watch?v=NKuOIO3f7ms,Pakistani
Tandoori Aloo Pulao - Ramadan special Recipe by Food Fusion,Tandoori Aloo Pulao,https://www.youtube.com/watch?v=7Pq2RDvWBy8,Pakistani
Chapli Kabab Mirchi - Ramadan Special Recipe by Food Fusion,Chapli Kabab Mirchi,https://www.youtube.com/watch?v=N9jm1F6CwW4,Pakistani
Breakfast Anda Qeema Sliders - Sehri Special Recipe by Food Fusion,Breakfast Anda Qeema Sliders,https://www.youtube.com/watch?v=BqhTe0XgtjQ,Pakistani
Masalaydar Kalay Chanay with Matar Chewra - Iftar Chaat Recipe by Food Fusion,Masalaydar Kalay Chanay with Matar Chewra,https://www.youtube.com/watch?v=o7HK0R8SXGs,Pakistani
Churros Pudding Recipe by Food Fusion,Churros Pudding Recipe,https://www.youtube.com/watch?v=BaNupinI6tA,Pakistani
Cyprus Meatballs Keftedes - Iftar Special Recipe by Food Fusion,Cyprus Meatballs Keftedes,https://www.youtube.com/watch?v=Nmuat7BGRDU,Continental
Spicy Chatkhara Chicken Chargha - Ramadan Special Recipe by Food Fusion,Spicy Chatkhara Chicken Chargha,https://www.youtube.com/watch?v=dzGrxtIfImQ,Indian
Khattay Pani wali Chana Chaat - Iftar Special Recipe by Food Fusion,Khattay Pani wali Chana Chaat,https://www.youtube.com/watch?v=5_4pL4kXOR4,Pakistani
New Chilli Paneer Fried Rice - Ramadan Recipe by Food Fusion,New Chilli Paneer Fried Rice,https://www.youtube.com/watch?v=LDvU_7CFWRQ,Chinese
Hari Moong Daal Pakora with Chutney - Ramadan Special Recipe by Food Fusion,Hari Moong Daal Pakora with Chutney,https://www.youtube.com/watch?v=gWnvel8jLig,Pakistani
Date Filled Cookies - Ramadan Special Recipe by Food Fusion,Date Filled Cookies,https://www.youtube.com/watch?v=Jw1fG6Odzv4,Pakistani
Spicy Titli Paratha - Breakfast/Sehri Special Make & Freeze Recipe by Food Fusion,Spicy Titli Paratha,https://www.youtube.com/watch?v=awTUvSNiv98,Pakistani
Podina Dahi Baray - Iftar recipe idea by Food Fusion,Podina Dahi Baray,https://www.youtube.com/watch?v=iWdx0tY3keo,Pakistani
Greek Chicken Souvlaki With Yogurt Sauce - Ramadan Special Recipe by Food Fusion,Greek Chicken Souvlaki With Yogurt Sauce,https://www.youtube.com/watch?v=77gqDamW-Uk,Pakistani
New Paratha Aloo Wrap - Breakfast / Sehri special Recipe by Food Fusion,New Paratha Aloo Wrap,https://www.youtube.com/watch?v=yruiC3srUrg,Pakistani
Strawberry Sago Sharbat - Refreshing Iftar Drink Recipe by Food Fusion,Strawberry Sago Sharbat,https://www.youtube.com/watch?v=Yi2GYG8MwG4,Pakistani
Spicy Beef Cheese Tawa Burger Recipe By Food Fusion,Spicy Beef Cheese Tawa Burger Recipe,https://www.youtube.com/watch?v=C3RJBbCF73Y,Continental
Hyderabadi Fruit Cream Chaat  - Iftar Special Recipe by Food Fusion,Hyderabadi Fruit Cream Chaat,https://www.youtube.com/watch?v=KRftigqDgAs,Indian
Samosa Roll with Creamy Chicken Filling - Iftar Recipe Idea by Food Fusion,Samosa Roll with Creamy Chicken Filling,https://www.youtube.com/watch?v=tMU_zp9Fmm0,Pakistani
Chicken Cheese Drumsticks - Ramadan Special Recipe by Food Fusion,Chicken Cheese Drumsticks,https://www.youtube.com/watch?v=5MgvoNRx7Tc,Pakistani
Meethi Dahi Phulki With Storage Method - Ramadan Special Recipe by Food Fusion,Meethi Dahi Phulki With Storage Method,https://www.youtube.com/watch?v=PKu6G3H45UQ,Pakistani
Dhaba Style Chicken Shinwari Qeema - Sehri / Breakfast special Recipe by Food Fusion,Dhaba Style Chicken Shinwari Qeema,https://www.youtube.com/watch?v=wdeCIJa0lw0,Pakistani
Smokey Cholay🌶️👉 Breakfast/Sehri Recipe by Food Fusion,Smokey Cholay🌶️👉 Breakfast/Sehri Recipe,https://www.youtube.com/watch?v=ty3Wg57qYq4,Pakistani
Apple Sharbat 👉Iftar Drink Recipe by Food Fusion,Apple Sharbat 👉Iftar Drink Recipe,https://www.youtube.com/watch?v=-skWxlepT2Y,Pakistani
Street Style Super Soft Daal Dahi Baray 👉 Make & Store Recipe by Food Fusion,Street Style Super Soft Daal Dahi Baray 👉 Make & Store Recipe,https://www.youtube.com/watch?v=uza38L9DRFs,Pakistani
Irani Chicken Pulao (Zereshk Pilaf) Ramadan Special Recipe by Food Fusion,Irani Chicken Pulao (Zereshk Pilaf) Ramadan Special Recipe,https://www.youtube.com/watch?v=3Pcd-aYo1vY,Pakistani
Food Fusion Samosa Recipe Collection,Food Fusion Samosa Recipe Collection,https://www.youtube.com/watch?v=mM1jaYWtmIs,Pakistani
Homemade Talbina Mix 👉 Make & Store Recipe by Food Fusion,Homemade Talbina Mix 👉 Make & Store Recipe,https://www.youtube.com/watch?v=v0CCuQqtP2M,Pakistani
Homemade Instant Limo Pani Mix 👉 Make & Store Recipe by Food Fusion,Homemade Instant Limo Pani Mix 👉 Make & Store Recipe,https://www.youtube.com/watch?v=82lyI1TwZEc,Pakistani
Vermicelli Bakhlava 👉Ramadan Special Recipe by 🚩Food Fusion,Vermicelli Bakhlava 👉Ramadan Special Recipe by 🚩Food Fusion,https://www.youtube.com/watch?v=HACtJ4p2-AY,Pakistani
Baisan Potato Squares - Ramadan Special Recipe by Food Fusion,Baisan Potato Squares,https://www.youtube.com/watch?v=zrUwMee9_7w,Pakistani
Magic Red Chutney Powder - Make & Store Recipe by Food Fusion,Magic Red Chutney Powder,https://www.youtube.com/watch?v=tM7bH3jm7Xo,Pakistani
Cheese Onion Bread Pockets - Ramadan Special Recipe by Food Fusion,Cheese Onion Bread Pockets,https://www.youtube.com/watch?v=1D-ofYAnA6w,Pakistani
Magic Green Chutney Powder - Make & Store Recipe By Food Fusion,Magic Green Chutney Powder,https://www.youtube.com/watch?v=j2KYWN7cpn4,Pakistani
Viral Croissant Roll Aloo Samosa - Iftar Recipe Ideas By Food Fusion,Viral Croissant Roll Aloo Samosa,https://www.youtube.com/watch?v=81w47itiUys,Continental
Palak Puri - Ramadan Special Recipe by Food Fusion,Palak Puri,https://www.youtube.com/watch?v=OsAg8v20gkQ,Pakistani
Injected Chicken Broast with Garlic Dip Sauce Recipe by Food Fusion,Injected Chicken Broast with Garlic Dip Sauce Recipe,https://www.youtube.com/watch?v=ymSwrDTuFHQ,Pakistani
Crispy Sweet Chilli Beef Rolls - Make and Freeze Ramadan Recipe by Food Fusion,Crispy Sweet Chilli Beef Rolls,https://www.youtube.com/watch?v=NE1wGAsCmZE,Pakistani
Homemade Frozen Daal Kachori - Make and Freeze Ramadan Recipe by Food Fusion,Homemade Frozen Daal Kachori,https://www.youtube.com/watch?v=m2nxN2I9UAE,Pakistani
Eggtastic Sehri Recipe ideas  by Food Fusion,Eggtastic Sehri Recipe ideas,https://www.youtube.com/watch?v=H00EinTdlD8,Pakistani
Quick D Samosa - Make & Freeze Ramadan Special Recipe by Food Fusion,Quick D Samosa,https://www.youtube.com/watch?v=1g6CWKA2IDk,Pakistani
Bakery Style Reshaydar Shami Kabab without Chopper - Make & Freeze Recipe by Food Fusion,Bakery Style Reshaydar Shami Kabab without Chopper,https://www.youtube.com/watch?v=3cXsXnoaRtg,Pakistani
Fusion Chapli Seekhab Roll - Make and Freeze Ramadan Special Recipe by Food Fusion,Fusion Chapli Seekhab Roll,https://www.youtube.com/watch?v=od0VUfYQ_ug,Pakistani
Restaurant Style Tarragon Chicken Recipe by Food Fusion,Restaurant Style Tarragon Chicken Recipe,https://www.youtube.com/watch?v=5jYvWo-eUJI,Pakistani
6 Strawberry Desserts Ramadan Recipe Ideas Food Fusion,6 Strawberry Desserts Ramadan Recipe Ideas,https://www.youtube.com/watch?v=ChLbQo6xo6o,Pakistani
Homemade Samosa/Manda Patti with Iron & Tawa  -  Ramadan Special Recipe By Food Fusion,Homemade Samosa/Manda Patti with Iron & Tawa,https://www.youtube.com/watch?v=DpfdMiCcf74,Pakistani
Pizza Omelette Breakfast & Sehri Recipe by Food Fusion,Pizza Omelette Breakfast & Sehri Recipe,https://www.youtube.com/watch?v=Dfllrn2gV7s,Continental
Air Fryer Friendly Meals - Cook without Gas  - Recipe by Food Fusion,Air Fryer Friendly Meals,https://www.youtube.com/watch?v=36n17shozig,Pakistani
Homemade Frozen Poori: How to make and freeze - Ramzan Recipe by Food Fusion,Homemade Frozen Poori: How to make and freeze,https://www.youtube.com/watch?v=Ca_pG1qxBHg,Pakistani
6 Chicken Marinades & Cooking Methods - Make and Freeze Ramadan Recipes By Food Fusion,6 Chicken Marinades & Cooking Methods,https://www.youtube.com/watch?v=EhZ05F0mcLc,Pakistani
Pre Ramadan Preparation Kids friendly Iftar Recipes by Food Fusion,Pre Ramadan Preparation Kids friendly Iftar Recipes,https://www.youtube.com/watch?v=J4JGhyg0G58,Pakistani
Pre Ramadan Preparation Sharbat Recipes by Food Fusion,Pre Ramadan Preparation Sharbat Recipes,https://www.youtube.com/watch?v=zkhzhBFUIgA,Pakistani
Cheese Sambousek  - Make and Freeze Ramadan Special Recipe by Food Fusion,Cheese Sambousek,https://www.youtube.com/watch?v=cF_aZi_6Q4U,Pakistani
Punjabi Aloo Chutney Samosa - Make & Freeze Ramadan Special Recipe by Food Fusion,Punjabi Aloo Chutney Samosa,https://www.youtube.com/watch?v=cmnvSsHAVIs,Pakistani
Pre Ramadan Preparation Air Fryer Friendly Recipes By Food Fusion,Pre Ramadan Preparation Air Fryer Friendly Recipes,https://www.youtube.com/watch?v=rZGR0oadvSc,Pakistani
Flaky Layered Samosa with Creamy Veg Filling - Pre Ramadan preparation Recipe By Food Fusion,Flaky Layered Samosa with Creamy Veg Filling,https://www.youtube.com/watch?v=fa0WgU5B16I,Pakistani
Pre Ramadan Preparation Recipes By Food Fusion,Pre Ramadan Preparation Recipes,https://www.youtube.com/watch?v=LLcs28JrtL4,Pakistani
Make & Store Sehri Recipes - Pre Ramadan Preparation 2024 - Food Fusion,Make & Store Sehri Recipes,https://www.youtube.com/watch?v=yQaGcO23oRM,Pakistani
4 Amazing Korean Recipes By Food Fusion,Korean Recipes,https://www.youtube.com/watch?v=shjwqAweSWs,Pakistani
Gas Shortage Solution 2024 - New Must Have Ceramic Cooker -  Food Fusion Reviews,Gas Shortage Solution 2024,https://www.youtube.com/watch?v=VmTiglIXEAI,Pakistani
Frozen Creamy Tikka Paratha 👉 Ramazan Special Recipe by Food Fusion,Frozen Creamy Tikka Paratha 👉 Ramazan Special Recipe,https://www.youtube.com/watch?v=Naa3dLoLkCM,Pakistani
Mutton Akbari Recipe by Food Fusion,Mutton Akbari Recipe,https://www.youtube.com/watch?v=7rXDD4UqgCg,Pakistani
Egg Chicken Croquettes 👉Make and Freeze Ramadan Special Recipe by Food Fusion,Egg Chicken Croquettes 👉Make and Freeze Ramadan Special Recipe,https://www.youtube.com/watch?v=bA404zyVsHk,Pakistani
Cupcake Decoration Ideas - Do it like a pro-  Recipe by Food Fusion,Cupcake Decoration Ideas,https://www.youtube.com/watch?v=gZkRICrzJR8,Pakistani
Dhaba Style Aloo Paratha 👉 Make and Freeze Easy Ramzan Recipe by Food Fusion,Dhaba Style Aloo Paratha 👉 Make and Freeze Easy Ramzan Recipe,https://www.youtube.com/watch?v=r3WcoTLE-zQ,Pakistani
Homemade Instant Daal Premix - 👉Make and store Recipe by Food Fusion,Homemade Instant Daal Premix,https://www.youtube.com/watch?v=qTgxxGkyKpQ,Pakistani
Vegetable Cheese Spring Rolls 👉Make & Freeze Easy Ramadan Recipe by Food Fusion,Vegetable Cheese Spring Rolls 👉Make & Freeze Easy Ramadan Recipe,https://www.youtube.com/watch?v=Ks-c3WOD-mw,Pakistani
Creamy Half Moon Pies 👉 Make and freeze Ramzan Special Recipe by Food Fusion,Creamy Half Moon Pies 👉 Make and freeze Ramzan Special Recipe,https://www.youtube.com/watch?v=Ih6Jm8XmX_w,Pakistani
Garlic Herb Pull Apart Bread Recipe by Food Fusion,Garlic Herb Pull Apart Bread Recipe,https://www.youtube.com/watch?v=aq3_2Tb8wYU,Pakistani
Buffalo Chicken Melt Sandwich Recipe by Food Fusion,Buffalo Chicken Melt Sandwich Recipe,https://www.youtube.com/watch?v=RgsBRsgoON8,Continental
Gajar Halwa Shots 🥕👉Ramadan Special Recipe By Food Fusion,Gajar Halwa Shots 🥕👉Ramadan Special Recipe,https://www.youtube.com/watch?v=SWf-X63HNnk,Pakistani
Creamy Chicken Lifafa Samosa 👉 Ramazan Special Make and freeze Recipe by Food Fusion,Creamy Chicken Lifafa Samosa 👉 Ramazan Special Make and freeze Recipe,https://www.youtube.com/watch?v=NC9lhAPO9Fg,Pakistani
Jalapeno Orange Chicken Recipe by Food Fusion,Jalapeno Orange Chicken Recipe,https://www.youtube.com/watch?v=TdJjW5z-tcI,Pakistani
Pizza Dough with👉 Storage Method Recipe by Food Fusion,Pizza Dough with👉 Storage Method Recipe,https://www.youtube.com/watch?v=ojLOKTDiZ_8,Continental
Red Velvet Marble Cake Recipe by Food Fusion,Red Velvet Marble Cake Recipe,https://www.youtube.com/watch?v=N40k5klhuYc,Continental
Peri Peri Spaghetti Recipe by Food Fusion,Peri Peri Spaghetti Recipe,https://www.youtube.com/watch?v=tRf1jXT9K9E,Continental
Qeema Pulao made with Falak Rice (Purana Chawal) Recipe by Food Fusion,Qeema Pulao made with Falak Rice (Purana Chawal) Recipe,https://www.youtube.com/watch?v=uPTvqZr_oy0,Pakistani
Smokey Chicken Croquettes 👉Make and Freeze Recipe By Food Fusion,Smokey Chicken Croquettes 👉Make and Freeze Recipe,https://www.youtube.com/watch?v=trwjuWgOgGc,Pakistani
New Chicken Floss Bread Recipe by Food Fusion,New Chicken Floss Bread Recipe,https://www.youtube.com/watch?v=csxgAmkoXn0,Pakistani
Chinese Crispy Salt & Pepper Wings Recipe by Food Fusion,Chinese Crispy Salt & Pepper Wings Recipe,https://www.youtube.com/watch?v=hLJrmT_tr_M,Chinese
Coffee Mousse Cups Recipe by Food Fusion,Coffee Mousse Cups Recipe,https://www.youtube.com/watch?v=y-0wkw81XX4,Continental
Crispy Butterfly Drumsticks with Creamy Garlic Sauce Recipe by Food Fusion,Crispy Butterfly Drumsticks with Creamy Garlic Sauce Recipe,https://www.youtube.com/watch?v=sP3AUt6ZzYg,Pakistani
Crispy Potato Cheese Sandwich Recipe By Food Fusion,Crispy Potato Cheese Sandwich Recipe,https://www.youtube.com/watch?v=YxNeBQQB98Y,Continental
Orange Posset Recipe by Food Fusion,Orange Posset Recipe,https://www.youtube.com/watch?v=MAIP5uiovSE,Pakistani
Homemade Pizza Sauce🍕 Make and Store Recipe by Food Fusion,Homemade Pizza Sauce🍕 Make and Store Recipe,https://www.youtube.com/watch?v=FSpJDPmCXJY,Continental
Makhni Methi Paneer Recipe By Food Fusion,Makhni Methi Paneer Recipe,https://www.youtube.com/watch?v=xlZS4D-Lguo,Indian
Homemade Chocolate Peanut Butter Recipe by Food Fusion,Homemade Chocolate Peanut Butter Recipe,https://www.youtube.com/watch?v=DR_v2TzVyUA,Pakistani
Cauliflower 2 ways in Air fryer Recipe by Food Fusion,Cauliflower 2 ways in Air fryer Recipe,https://www.youtube.com/watch?v=mu4sOlQDgUc,Pakistani
Gajar ka Halwa with 6 Months Storage method Recipe by Food Fusion,Gajar ka Halwa with 6 Months Storage method Recipe,https://www.youtube.com/watch?v=bW_uOX8DThk,Pakistani
Aloo Methi Paratha Recipe by Food Fusion,Aloo Methi Paratha Recipe,https://www.youtube.com/watch?v=eCU8WnWOGEE,Pakistani
Pina colada Tres Leches Cake Recipe by Food Fusion,Pina colada Tres Leches Cake Recipe,https://www.youtube.com/watch?v=0ijoG3q7eJk,Continental
Homemade Pancake Mix Recipe By Food Fusion,Homemade Pancake Mix Recipe,https://www.youtube.com/watch?v=0CTDTBbKCbg,Continental
5 Fried Fish Recipes by Food Fusion,5 Fried Fish Recipes,https://www.youtube.com/watch?v=NaIBuHF2fxA,Pakistani
Chana Daal Katli Halwa Recipe by Food Fusion,Chana Daal Katli Halwa Recipe,https://www.youtube.com/watch?v=-FLs1OYjCxc,Pakistani
Aish El Saraya - Middle Eastern Dessert - Recipe by Food Fusion,Aish El Saraya,https://www.youtube.com/watch?v=FmQ8VN8xc4c,Pakistani
Fish Karahi -Inspired by Rashid Seafood - Food Fusion,Fish Karahi -Inspired by Rashid Seafood,https://www.youtube.com/watch?v=CRtLgEN399w,Pakistani
Creamy Chicken Sandwich Recipe by Food Fusion,Creamy Chicken Sandwich Recipe,https://www.youtube.com/watch?v=E_WWU3DkPbE,Continental
1Billion Creators Expo - Food Fusion in dubai,1Billion Creators Expo in dubai,https://www.youtube.com/watch?v=xHnjO46a7Do,Pakistani
Coffee Filled Donuts Recipe by Food Fusion,Coffee Filled Donuts Recipe,https://www.youtube.com/watch?v=AxySJN4aMCg,Continental
Scissor Cut Noodle Soup Recipe by Food Fusion,Scissor Cut Noodle Soup Recipe,https://www.youtube.com/watch?v=FjVZc6UIwl0,Chinese
Prawn Shashlik Recipe by Food Fusion,Prawn Shashlik Recipe,https://www.youtube.com/watch?v=NsnsI2GOhEo,Pakistani
Jalapeno Crunch Beef Cheese Burger Recipe by Food Fusion,Jalapeno Crunch Beef Cheese Burger Recipe,https://www.youtube.com/watch?v=Ul5BwE6uHL4,Continental
Moroccan Chicken Soup - Winter Special Recipe by Food Fusion,Moroccan Chicken Soup,https://www.youtube.com/watch?v=aGt1sk0tzds,Pakistani
Kofta Kabab & Rice Sizzler Recipe by Food Fusion,Kofta Kabab & Rice Sizzler Recipe,https://www.youtube.com/watch?v=ejnbR-aSMdY,Pakistani
Chocolate Mousse Recipe by Chef Mehboob on Food Fusion,Chocolate Mousse Recipe by Chef Mehboob on,https://www.youtube.com/watch?v=xtcvgw11Wqg,Pakistani
Homemade Peanut Butter Recipe by Food Fusion,Homemade Peanut Butter Recipe,https://www.youtube.com/watch?v=M4h9Io20zkI,Pakistani
Pan Fried Veggie Buns Recipe by Food Fusion,Pan Fried Veggie Buns Recipe,https://www.youtube.com/watch?v=IJcwUXb8RvY,Pakistani
Foul Medames Arabic Breakfast Recipe By Food Fusion,Foul Medames Arabic Breakfast Recipe,https://www.youtube.com/watch?v=0aY3PZwDY5U,Arabic/Mediterranean
Instant Soup Base Recipe by Food Fusion,Instant Soup Base Recipe,https://www.youtube.com/watch?v=tDLDXc7L4zM,Pakistani
Fish Nuggets Recipe Inspired by AlBaik by Food Fusion,Fish Nuggets Recipe Inspired by AlBaik,https://www.youtube.com/watch?v=aJfdmDcUL3M,Pakistani
Prawn Karahi Recipe By Food Fusion Challenge Completed Zia Tabarak Rashid Sea Food,Prawn Karahi Recipe By Food Fusion Challenge Completed Zia Tabarak Rashid Sea Food,https://www.youtube.com/watch?v=dEgRM_VbtyI,Pakistani
Prawn Karahi Challenge Completed ?  Zia Tabarak X Food Fusion,Prawn Karahi Challenge Completed ?  Zia Tabarak X,https://www.youtube.com/watch?v=8emjQRHRaHo,Pakistani
Penne Pasta with Hot Cheesy Chicken Recipe by Food Fusion,Penne Pasta with Hot Cheesy Chicken Recipe,https://www.youtube.com/watch?v=aVwoWvk1bus,Continental
Food Fusion Challenged by Zia Tabarak- Prawn Karahi Rashid Sea Food -@streetfoodpk,Food Fusion Challenged by Zia Tabarak- Prawn Karahi Rashid Sea Food -@streetfoodpk,https://www.youtube.com/watch?v=DTO-hllxyfA,Pakistani
Immunity Boosting Yakhni/Broth Recipe by Food Fusion,Immunity Boosting Yakhni/Broth Recipe,https://www.youtube.com/watch?v=JqeKqD2jBxQ,Pakistani
Mujadara a simple Palestinian dish Recipe by Food Fusion,Mujadara a simple Palestinian dish Recipe,https://www.youtube.com/watch?v=Xffanry66Ro,Pakistani
Lehsan Bajray kay Ladoo - Winter Special Recipe by Food Fusion,Lehsan Bajray kay Ladoo,https://www.youtube.com/watch?v=3Hx5dC3e2sg,Pakistani
Soufflé Brownie Recipe by Food Fusion,Soufflé Brownie Recipe,https://www.youtube.com/watch?v=BvzE31xaOaY,Continental
Bread Pockets with 2 Easy Spinach Fillings Recipe by Food Fusion,Bread Pockets with 2 Easy Spinach Fillings Recipe,https://www.youtube.com/watch?v=AxZa8Y3pPo8,Pakistani
Balochi Fried Fish Recipe by Food Fusion,Balochi Fried Fish Recipe,https://www.youtube.com/watch?v=_PwXC2c0AS4,Pakistani
Creamy Scrambled Eggs Recipe by Food Fusion,Creamy Scrambled Eggs Recipe,https://www.youtube.com/watch?v=d-KzTh05nkA,Pakistani
Gooey Chocolate Cake Recipe by Food Fusion,Gooey Chocolate Cake Recipe,https://www.youtube.com/watch?v=Ign_py5QFIU,Continental
Til Gur Ladoo Recipe by Food Fusion,Til Gur Ladoo Recipe,https://www.youtube.com/watch?v=22aXUNcRN6k,Pakistani
Food Fusion 2023 Travel Series Episode 1- Karachi to Islamabad,Food Fusion 2023 Travel Series Episode 1- Karachi to Islamabad,https://www.youtube.com/watch?v=Palff1YXi-8,Pakistani
Khashkhash Chutney Fish Fry Recipe by Food Fusion,Khashkhash Chutney Fish Fry Recipe,https://www.youtube.com/watch?v=aGrtLmL5f40,Pakistani
Creamy Chicken & Dumpling Soup Recipe by Food Fusion,Creamy Chicken & Dumpling Soup Recipe,https://www.youtube.com/watch?v=b4l3GfTFk6k,Pakistani
Mutton Yakhni Soup Recipe by Food Fusion,Mutton Yakhni Soup Recipe,https://www.youtube.com/watch?v=3U9umS9eObc,Pakistani
Instant Gurr Masala Chai Mix Recipe by Food Fusion,Instant Gurr Masala Chai Mix Recipe,https://www.youtube.com/watch?v=SJa798Lm09o,Pakistani
Makhani Sarson ka Saag Recipe by Food Fusion,Makhani Sarson ka Saag Recipe,https://www.youtube.com/watch?v=USuhImYy6PE,Pakistani
Hube Air Fryer Reviewed - Best Value For Money - Asad Memon From Food Fusion,Hube Air Fryer Reviewed,https://www.youtube.com/watch?v=NPUaq8KCV9A,Pakistani
Cheesy Zaatar Toast Recipe by Food Fusion,Cheesy Zaatar Toast Recipe,https://www.youtube.com/watch?v=0FYru0ePONk,Pakistani
Homemade Chocolate Protein Powder Recipe by Food Fusion,Homemade Chocolate Protein Powder Recipe,https://www.youtube.com/watch?v=cNgpO-xI88M,Pakistani
Korean Spicy Chicken Stew (Dakdoritang) Recipe by Food Fusion,Korean Spicy Chicken Stew (Dakdoritang) Recipe,https://www.youtube.com/watch?v=XOfMhg5ty8s,Continental
Chocolate Lava Cake Recipe by Food Fusion,Chocolate Lava Cake Recipe,https://www.youtube.com/watch?v=fvphpRBWAEk,Continental
Instant Vegetable Noodle Soup Mix Recipe by Food Fusion,Instant Vegetable Noodle Soup Mix Recipe,https://www.youtube.com/watch?v=1RU-inb8dww,Chinese
Hot Chocolate on Stick Recipe by Food Fusion,Hot Chocolate on Stick Recipe,https://www.youtube.com/watch?v=Bd-UgQbeCGA,Pakistani
Prawn Fried Rice Recipe by Food Fusion,Prawn Fried Rice Recipe,https://www.youtube.com/watch?v=fQOqj2S8Jfs,Chinese
Makhni Chicken Recipe by Food Fusion,Makhni Chicken Recipe,https://www.youtube.com/watch?v=Kkof8EYr_Bw,Pakistani
Pistachio Tahini Halwa Recipe by Food Fusion,Pistachio Tahini Halwa Recipe,https://www.youtube.com/watch?v=lOdc5hrfFSI,Pakistani
Chicken Seekh Rara Recipe by Food Fusion,Chicken Seekh Rara Recipe,https://www.youtube.com/watch?v=rW0e_1x9sIA,Pakistani
Chicken Corn Soup Mix Recipe by Food Fusion,Chicken Corn Soup Mix Recipe,https://www.youtube.com/watch?v=2nIjjcMOJyE,Chinese
Thai Chicken Clear Soup Recipe By Food Fusion,Thai Chicken Clear Soup Recipe,https://www.youtube.com/watch?v=cdz-W1yQtQQ,Pakistani
Kuzu Kebab with Rice Recipe By Food Fusion,Kuzu Kebab with Rice Recipe,https://www.youtube.com/watch?v=OHoCRh-nn44,Pakistani
Butter Malai Seekh Kabab Recipe By Food Fusion,Butter Malai Seekh Kabab Recipe,https://www.youtube.com/watch?v=iLuDmvV_b_o,Pakistani
Lachaydar Anda Keema Paratha - Recipe By Food Fusion,Lachaydar Anda Keema Paratha,https://www.youtube.com/watch?v=OomwUxTTgmI,Pakistani
Chicken Musakhan Palestini Recipe - by Food Fusion,Chicken Musakhan Palestini,https://www.youtube.com/watch?v=R9_wWeAx-KI,Pakistani
Halwai Style Anday ka Halwa Recipe By Food Fusion,Halwai Style Anday ka Halwa Recipe,https://www.youtube.com/watch?v=c_FAtvYGqBo,Pakistani
Instant Chai Mix - Just add Hot Water - Recipe By Food Fusion,Instant Chai Mix,https://www.youtube.com/watch?v=fe_CZ-B1ZV4,Pakistani
Chicken Shawarma Platter Recipe By Food Fusion,Chicken Shawarma Platter Recipe,https://www.youtube.com/watch?v=uYFPSK1smMM,Arabic/Mediterranean
Instant Kashmiri Chai Mix - Just add Hot Water Recipe By Food Fusion,Instant Kashmiri Chai Mix,https://www.youtube.com/watch?v=eu64JwZ2dSg,Pakistani
Cinnamon Butter French Toast Recipe By Food Fusion,Cinnamon Butter French Toast Recipe,https://www.youtube.com/watch?v=eRqm652-C7E,Pakistani
Instant Coffee Mix - Just add Hot Water (Travel Friendly) Recipe By Food Fusion,Instant Coffee Mix,https://www.youtube.com/watch?v=d4phensLEdg,Continental
Winter Special Halwai Style Halwa Recipes by Food Fusion,Winter Special Halwai Style Halwa Recipes,https://www.youtube.com/watch?v=RDNKfZiA-T8,Pakistani
Chicken Paprikash Recipe by Food Fusion,Chicken Paprikash Recipe,https://www.youtube.com/watch?v=cqFF1UBNPWo,Pakistani
Restaurant Style Soup Recipes By Food Fusion,Restaurant Style Soup Recipes,https://www.youtube.com/watch?v=GtBIjWTTAks,Pakistani
Chicken Angara Tikka Dum Pulao by Food Fusion,Chicken Angara Tikka Dum Pulao,https://www.youtube.com/watch?v=xZ-WU1JHNbE,Pakistani
Green Chilli Oil Egg Noodles Recipe by Food Fusion,Green Chilli Oil Egg Noodles Recipe,https://www.youtube.com/watch?v=iXCB3wIaBm8,Pakistani
Masala Chicken Wings Recipe by Food Fusion,Masala Chicken Wings Recipe,https://www.youtube.com/watch?v=HOryVINHzPM,Continental
Hidden Vegetable Soup Recipe by Food Fusion,Hidden Vegetable Soup Recipe,https://www.youtube.com/watch?v=5Luq88lDONM,Pakistani
Roasted Milk Tea with Gurr - Nathia Gali Special Recipe by Saima Asad -Food Fusion,Roasted Milk Tea with Gurr,https://www.youtube.com/watch?v=yTE9bSi73Ms,Pakistani
Lemon Posset Recipe by Food Fusion,Lemon Posset Recipe,https://www.youtube.com/watch?v=o9UiC9G1oSo,Pakistani
Jhatpat Aloo Palak Recipe by Food Fusion,Jhatpat Aloo Palak Recipe,https://www.youtube.com/watch?v=BGu5jE-abUw,Pakistani
Mini Aloo Sooji Donut (Potato Snacks) Recipe by Food Fusion,Mini Aloo Sooji Donut (Potato Snacks) Recipe,https://www.youtube.com/watch?v=Ptq36XJzwQQ,Pakistani
Arabic Paratha Street Style Recipe by Food Fusion,Arabic Paratha Street Style Recipe,https://www.youtube.com/watch?v=oF_0Iwsapds,Arabic/Mediterranean
Chef Mehboob Khan Full Story - Interview with Food Fusion,Chef Mehboob Khan Full Story,https://www.youtube.com/watch?v=Lhnq1VRV0j4,Pakistani
Makhmali Dum Mix Vegetable Recipe by Food Fusion,Makhmali Dum Mix Vegetable Recipe,https://www.youtube.com/watch?v=D78Z1EjNgwM,Pakistani
King Fish Fry Masala Recipe By Food Fusion,King Fish Fry Masala Recipe,https://www.youtube.com/watch?v=qzaZrg-gLgQ,Pakistani
Eggplant Shakshuka - Breakfast/ Sehri Special Recipe By Food Fusion,Eggplant Shakshuka,https://www.youtube.com/watch?v=7iUS9a8XdWk,Pakistani
Zeera Biscuits with and without oven Recipe by Food Fusion,Zeera Biscuits with and without oven Recipe,https://www.youtube.com/watch?v=-zkeFz5au6E,Pakistani
Jhat Pat Chicken Soup Nathia Gali Special - Winter Recipe By Saima Food Fusion,Jhat Pat Chicken Soup Nathia Gali Special,https://www.youtube.com/watch?v=KbTfKpqKYQY,Pakistani
Unique Cheese Fingers Recipe by Food Fusion,Unique Cheese Fingers Recipe,https://www.youtube.com/watch?v=GTk5pcPJzE4,Pakistani
Creamy Chicken Crepes Recipe by Food Fusion,Creamy Chicken Crepes Recipe,https://www.youtube.com/watch?v=_ND_GuUeZzg,Pakistani
Palak Cheese Kabab Recipe by Food Fusion,Palak Cheese Kabab Recipe,https://www.youtube.com/watch?v=uaT9WDvLZVU,Pakistani
Chicken Coriander Soup Recipe by Food Fusion,Chicken Coriander Soup Recipe,https://www.youtube.com/watch?v=RZkr1_OptGw,Pakistani
Sabut Masoor Daal - Kolhapuri Akkha Masoor Recipe by Food Fusion,Sabut Masoor Daal,https://www.youtube.com/watch?v=G6cOPZ8yxwI,Pakistani
Jiggly Fluffy Cake - Aka Castella Cake Recipe By Food Fusion,Jiggly Fluffy Cake,https://www.youtube.com/watch?v=W6yjiiRTL60,Continental
Mac & Cheese with Tuscan style Chicken Recipe by Food Fusion,Mac & Cheese with Tuscan style Chicken Recipe,https://www.youtube.com/watch?v=y_9cnKDg7N4,Pakistani
Restaurant Style Butter Chicken Bowl Recipe By Food Fusion,Restaurant Style Butter Chicken Bowl Recipe,https://www.youtube.com/watch?v=EpfvTmgIYDE,Pakistani
Sweet Cream Pancakes Recipe by Chef Mehboob on Food Fusion,Sweet Cream Pancakes Recipe by Chef Mehboob on,https://www.youtube.com/watch?v=Em2pOTqQET0,Pakistani
Green Herb Masala Paratha Recipe by Food Fusion,Green Herb Masala Paratha Recipe,https://www.youtube.com/watch?v=GwB99ceWHYQ,Pakistani
Powerful Announcement - Food Fusion Becomes The First to Shift to Himalayan Pink Salt,Powerful Announcement Becomes The First to Shift to Himalayan Pink Salt,https://www.youtube.com/watch?v=2byOsIm6mJc,Pakistani
Big Announcement - Food Fusion x Chef Mehboob x Olper's Cream,Big Announcement x Chef Mehboob x Olper's Cream,https://www.youtube.com/watch?v=HdbVYHtR2zs,Pakistani
Malai Tawa Chicken Recipe by Food Fusion Travel Series 2023,Malai Tawa Chicken Recipe by Food Fusion Travel Series 2023,https://www.youtube.com/watch?v=ZbU22TR7ets,Pakistani
Crispy Chicken Karaage | Japanese Style Fried Chicken Recipe by Food Fusion,Crispy Chicken Karaage,https://www.youtube.com/watch?v=gfLl0Awtdeo,Pakistani
BBQ Chicken Boti with Cream & Butter Glaze Recipe by Food Fusion,BBQ Chicken Boti with Cream & Butter Glaze Recipe,https://www.youtube.com/watch?v=mQXnKpKj7Q4,Pakistani
Waffles with Butter Bombs Recipe by Food Fusion,Waffles with Butter Bombs Recipe,https://www.youtube.com/watch?v=1DFSSlj5H7M,Pakistani
Naan Khatai In Air Fryer Recipe By Food Fusion,Naan Khatai In Air Fryer Recipe,https://www.youtube.com/watch?v=N8iqUhu5Jj0,Pakistani
Fusion Patakha Chicken Recipe - Food Fusion Travel Series 2023 - Nathia Gali Special,Fusion Patakha Chicken Recipe Travel Series 2023,https://www.youtube.com/watch?v=7YiaJ69NU2A,Pakistani
Creamy Chicken Cajun Croquettes Recipe By Food Fusion,Creamy Chicken Cajun Croquettes Recipe,https://www.youtube.com/watch?v=XZ1CUM4rDsw,Pakistani
Nathia Gali Anda Ghotala & Sandwich sehri/ breakfast Recipe - Food Fusion Travel Series 2023,Nathia Gali Anda Ghotala & Sandwich sehri/ breakfast Recipe Travel Series 2023,https://www.youtube.com/watch?v=aaI8xGypRyw,Continental
No Bake Chocolate Cookies - Viral Trend - Recipe by Food Fusion,No Bake Chocolate Cookies,https://www.youtube.com/watch?v=2qF9rXQtjBs,Pakistani
"Travel & Food, Food Fusion Travel Series 2023 Trip Highlights","Travel & Food, Food Fusion Travel Series 2023 Trip Highlights",https://www.youtube.com/watch?v=hMJx-bIOJ-g,Pakistani
Chinese Style Chicken Burger Recipe by Food Fusion,Chinese Style Chicken Burger Recipe,https://www.youtube.com/watch?v=BSnxGjfQ0h0,Chinese
Roasted Pepper Creamy Sauce Pasta Recipe by food Fusion,Roasted Pepper Creamy Sauce Pasta Recipe,https://www.youtube.com/watch?v=9HToc_WpcY0,Continental
Cheesy Steak Calzone Recipe by Food Fusion,Cheesy Steak Calzone Recipe,https://www.youtube.com/watch?v=lMvnPZlw0vM,Continental
Viral Big Mac Smash Taco Burger Recipe by Food Fusion,Viral Big Mac Smash Taco Burger Recipe,https://www.youtube.com/watch?v=HoNSQNIsTlg,Continental
Roasted Chicken Legs with Baby onion & Potatoes in Air fryer Recipe by Food Fusion,Roasted Chicken Legs with Baby onion & Potatoes in Air fryer Recipe,https://www.youtube.com/watch?v=Sn6A0GxIK5I,Pakistani
Bread pop & Cinnamon roll with Leftover bread Recipe by Food Fusion,Bread pop & Cinnamon roll with Leftover bread Recipe,https://www.youtube.com/watch?v=w_cIs-Ap22o,Pakistani
Green Tea Cucumber & Mint Cooler Recipe by Food Fusion,Green Tea Cucumber & Mint Cooler Recipe,https://www.youtube.com/watch?v=qwKLqELXKeg,Pakistani
Chilli Tamarind Chicken Recipe by Food Fusion,Chilli Tamarind Chicken Recipe,https://www.youtube.com/watch?v=dRE2ErShZxM,Pakistani
Masala Chana Daal Recipe by Food Fusion,Masala Chana Daal Recipe,https://www.youtube.com/watch?v=72Sy9j7DLVk,Pakistani
Hummus Chickpea Masala Recipe by Food Fusion,Hummus Chickpea Masala Recipe,https://www.youtube.com/watch?v=EgKZyuE70jk,Arabic/Mediterranean
Chocolate Pot de Creme Recipe by Food Fusion,Chocolate Pot de Creme Recipe,https://www.youtube.com/watch?v=s6gDWqzAiao,Pakistani
Nishastay ka Halwa Recipe by Food Fusion,Nishastay ka Halwa Recipe,https://www.youtube.com/watch?v=4ey19EvihzE,Pakistani
Bhunna Touri Qeema Recipe by Food Fusion,Bhunna Touri Qeema Recipe,https://www.youtube.com/watch?v=I1JhpgPp3Es,Pakistani
Cheese Stuffed Garlic Sticks Recipe by Food Fusion,Cheese Stuffed Garlic Sticks Recipe,https://www.youtube.com/watch?v=FGbidB7UbvA,Pakistani
Creamy Spinach Chicken Curry Recipe by Food Fusion,Creamy Spinach Chicken Curry Recipe,https://www.youtube.com/watch?v=cJp-IK__XLw,Pakistani
Apple Mint Iced Green Tea Recipe by Food Fusion,Apple Mint Iced Green Tea Recipe,https://www.youtube.com/watch?v=NIqRWeC80zI,Pakistani
10 Amazing Sandwich Recipes By Food Fusion,Sandwich Recipes,https://www.youtube.com/watch?v=Fq4T5ic0OQw,Continental
Sweet & Sour Eggplant Recipe by Food Fusion,Sweet & Sour Eggplant Recipe,https://www.youtube.com/watch?v=CU-HM54Rp3c,Pakistani
Doner Shawarma with Cream Sauce Recipe by Food Fusion,Doner Shawarma with Cream Sauce Recipe,https://www.youtube.com/watch?v=6DCQNyKhNe8,Arabic/Mediterranean
Beginner's Guide to Perfect Rice Every Time | Boiling Perfect Rice - By Saima Asad From Food Fusion,Beginner's Guide to Perfect Rice Every Time,https://www.youtube.com/watch?v=QaQyaS6u3QM,Pakistani
Iced Pistachio Latte Recipe by Food Fusion,Iced Pistachio Latte Recipe,https://www.youtube.com/watch?v=KUM6_ZuINcg,Pakistani
Malka Masoor Daal with Instant Quick Achar Recipe by Food Fusion,Malka Masoor Daal with Instant Quick Achar Recipe,https://www.youtube.com/watch?v=s1rA4kd1Wfg,Pakistani
Easy Potato Tea time Snack Recipe by Food Fusion,Easy Potato Tea time Snack Recipe,https://www.youtube.com/watch?v=QFcqrbM0Idg,Pakistani
Pakoray ka Salan Recipe by Food Fusion,Pakoray ka Salan Recipe,https://www.youtube.com/watch?v=sM4M1L_ATVs,Pakistani
Steak with Compound Butter Recipe by Food Fusion,Steak with Compound Butter Recipe,https://www.youtube.com/watch?v=SmoY_R8-N7Q,Continental
Crispy Cheese Fried Egg Recipe by Food Fusion,Crispy Cheese Fried Egg Recipe,https://www.youtube.com/watch?v=A9uWO2jO5Lk,Pakistani
Garlic Chicken Thighs with Creamy Sauce Recipe by Food Fusion,Garlic Chicken Thighs with Creamy Sauce Recipe,https://www.youtube.com/watch?v=wNHof6taMBE,Pakistani
Pesto Sandwich Recipe by Food Fusion,Pesto Sandwich Recipe,https://www.youtube.com/watch?v=UX3hYWuuYss,Continental
Lacha Paratha with Onion Chutney Recipe by Food Fusion,Lacha Paratha with Onion Chutney Recipe,https://www.youtube.com/watch?v=8DK3xPBfuqs,Pakistani
Fajita Chicken Rice Bowl Recipe by Food Fusion,Fajita Chicken Rice Bowl Recipe,https://www.youtube.com/watch?v=XRcSYFxXfXo,Pakistani
Dahi Walay Aloo Recipe by Food Fusion,Dahi Walay Aloo Recipe,https://www.youtube.com/watch?v=aTUvxeuRlGg,Pakistani
Ayam Penyet Pedas / Indonesian Spicy smacked down Chicken Recipe by Food Fusion,Ayam Penyet Pedas / Indonesian Spicy smacked down Chicken Recipe,https://www.youtube.com/watch?v=NU9WoWF1ARI,Pakistani
Restaurant Style Hummus & Chicken Bowl Recipe by Food Fusion,Restaurant Style Hummus & Chicken Bowl Recipe,https://www.youtube.com/watch?v=1DMRPt93sU0,Arabic/Mediterranean
Peach Ginger Iced Green Tea Recipe by Food Fusion,Peach Ginger Iced Green Tea Recipe,https://www.youtube.com/watch?v=OB8P06BG2OE,Pakistani
Oreo Cream Cups Recipe by Food Fusion,Oreo Cream Cups Recipe,https://www.youtube.com/watch?v=Z0fAgS0KbtQ,Pakistani
Paneer Cholay Recipe by Food Fusion,Paneer Cholay Recipe,https://www.youtube.com/watch?v=bTeSRmEb1hs,Indian
Aloo Bhunna Recipe by Food Fusion,Aloo Bhunna Recipe,https://www.youtube.com/watch?v=QuDbNsSrMrQ,Pakistani
Bharwan Bhindi Recipe by Food Fusion,Bharwan Bhindi Recipe,https://www.youtube.com/watch?v=krcxJEgggbw,Pakistani
Unique Malai Murgh Tikka Drumsticks Recipe by Food Fusion,Unique Malai Murgh Tikka Drumsticks Recipe,https://www.youtube.com/watch?v=QQ7jhNLZqww,Pakistani
Banana Berry Green Tea Smoothie Recipe by Food Fusion,Banana Berry Green Tea Smoothie Recipe,https://www.youtube.com/watch?v=W6CFepnd-iY,Pakistani
Crispy Chicken Flatbread Sliders Recipe by Food Fusion,Crispy Chicken Flatbread Sliders Recipe,https://www.youtube.com/watch?v=oms5UMHbji4,Pakistani
2 Crispy Potatoes Snacks Recipes by Food Fusion,2 Crispy Potatoes Snacks Recipes,https://www.youtube.com/watch?v=pXIhzO-uPbA,Pakistani
Corn & Spinach Cheese Sandwich Recipe by Food Fusion,Corn & Spinach Cheese Sandwich Recipe,https://www.youtube.com/watch?v=yJoAmyJko60,Continental
Roast Chicken Creamy Tart Recipe by Food Fusion,Roast Chicken Creamy Tart Recipe,https://www.youtube.com/watch?v=yQAzlbUl0r4,Pakistani
Lemon Pepper Chicken Skewers in Air fryer Recipe by Food Fusion,Lemon Pepper Chicken Skewers in Air fryer Recipe,https://www.youtube.com/watch?v=h2zrHLGLr_g,Pakistani
Mango Iced Green Tea Recipe by Food Fusion,Mango Iced Green Tea Recipe,https://www.youtube.com/watch?v=WMkxh4DpYHc,Pakistani
5 Amazing Quick Potato Recipes Recipe by Food Fusion,Quick Potato Recipes Recipe,https://www.youtube.com/watch?v=auS412YhYYk,Pakistani
Soft Bread in Pan (Without Oven) Recipe by Food Fusion,Soft Bread in Pan (Without Oven) Recipe,https://www.youtube.com/watch?v=gOQiGPH5aWY,Pakistani
Dahi Mirch Fry Recipe By Food Fusion,Dahi Mirch Fry Recipe,https://www.youtube.com/watch?v=fQOsZ-afIzo,Pakistani
Chocolate Brownie With Milk Powder Recipe by Food Fusion,Chocolate Brownie With Milk Powder Recipe,https://www.youtube.com/watch?v=8HlIQCwGk4w,Continental
Food AG Pakistan 2023 - Presenting Pakistan to the World,Food AG Pakistan 2023,https://www.youtube.com/watch?v=n3HgLD84R7A,Pakistani
How to grow Kakri (Long Melon) at home - Food Fusion Kitchen Garden,How to grow Kakri (Long Melon) at home Kitchen Garden,https://www.youtube.com/watch?v=i4Ln0prFyeQ,Pakistani
Spinach Dip Pastries Recipe by Food Fusion,Spinach Dip Pastries Recipe,https://www.youtube.com/watch?v=ijMBsgN31_Y,Pakistani
Cheesy Potato Triangles Recipe by Food Fusion,Cheesy Potato Triangles Recipe,https://www.youtube.com/watch?v=cYVoHE0778M,Pakistani
Lemon Basil Green Tea Cooler Recipe By Food Fusion,Lemon Basil Green Tea Cooler Recipe,https://www.youtube.com/watch?v=_LKYPv7trAk,Pakistani
Mango Coconut Fudge Barfi Recipe by Food Fusion,Mango Coconut Fudge Barfi Recipe,https://www.youtube.com/watch?v=T23vrlSn17U,Pakistani
Libyan M'Battan Recipe by Food Fusion,Libyan M'Battan Recipe,https://www.youtube.com/watch?v=7mv6-gbj1vw,Pakistani
Spicy Korean pasta Recipe By Food Fusion,Spicy Korean pasta Recipe,https://www.youtube.com/watch?v=X52S_Ga9ndE,Continental
Mini Savory Cakes Recipe by Food Fusion,Mini Savory Cakes Recipe,https://www.youtube.com/watch?v=KaS7UnSNycc,Pakistani
Chaska Chicken Sticks Recipe by Food Fusion,Chaska Chicken Sticks Recipe,https://www.youtube.com/watch?v=jaWk8ckl1u4,Pakistani
Crispy Veg Lollipops Recipe by Food Fusion,Crispy Veg Lollipops Recipe,https://www.youtube.com/watch?v=GGuJ8RtAxB4,Pakistani
Pound Cake French Toast Recipe by Food Fusion,Pound Cake French Toast Recipe,https://www.youtube.com/watch?v=zTdjTzT-UgM,Continental
Creamy Garlic Beef Pasta Recipe by Food Fusion,Creamy Garlic Beef Pasta Recipe,https://www.youtube.com/watch?v=48Fs2V1_GiI,Continental
Mix Veg Bhuna Dhaba Style Recipe by Food Fusion,Mix Veg Bhuna Dhaba Style Recipe,https://www.youtube.com/watch?v=CODVdfrBnzk,Pakistani
Khichra & Haleem Recipes By Food Fusion,Khichra & Haleem Recipes,https://www.youtube.com/watch?v=FN1ou7WDugY,Pakistani
Degi Aloo Gosht Recipe by Food Fusion,Degi Aloo Gosht Recipe,https://www.youtube.com/watch?v=jHR_axwA3Cw,Pakistani
Chana Chawal Collection By Food Fusion,Chana Chawal Collection,https://www.youtube.com/watch?v=vehyuUWejns,Pakistani
Warqi Chonge Recipe by Food Fusion,Warqi Chonge Recipe,https://www.youtube.com/watch?v=oqyN7OPJcMw,Pakistani
Perfect Reshewala Degi Haleem Recipe By Food Fusion,Perfect Reshewala Degi Haleem Recipe,https://www.youtube.com/watch?v=A4oJhPFYzbw,Pakistani
Pista Doodh Sharbat Recipe by Food Fusion,Pista Doodh Sharbat Recipe,https://www.youtube.com/watch?v=fynlo2IvY1s,Pakistani
Street Style Tawa Lobia Bun Kabab Recipe by Food Fusion,Street Style Tawa Lobia Bun Kabab Recipe,https://www.youtube.com/watch?v=8I_rQqlcK6Y,Pakistani
Easy Greek Mussaka Recipe by Food Fusion,Easy Greek Mussaka Recipe,https://www.youtube.com/watch?v=BrT97UjAeNI,Pakistani
Cheese Chilli Toast Recipe by Food Fusion,Cheese Chilli Toast Recipe,https://www.youtube.com/watch?v=XyLUqhs1TqQ,Pakistani
Loaded Monster shakes 2 ways Recipe By Food Fusion,Loaded Monster shakes 2 ways Recipe,https://www.youtube.com/watch?v=unyfxiE8Db8,Pakistani
Puri Paratha with BBQ Chicken Boti Recipe by Food Fusion,Puri Paratha with BBQ Chicken Boti Recipe,https://www.youtube.com/watch?v=61xieC_wWns,Pakistani
Mango Tres Leches/Three Milk Cake  Recipe by Food Fusion,Mango Tres Leches/Three Milk Cake  Recipe,https://www.youtube.com/watch?v=kT_nK_6dEpw,Continental
Mango Donuts Recipe by Food Fusion,Mango Donuts Recipe,https://www.youtube.com/watch?v=JqeG15QT-aU,Continental
Healthy Breakfast with Overnight Oats 2 Ways Recipes by Food Fusion,Healthy Breakfast with Overnight Oats 2 Ways Recipes,https://www.youtube.com/watch?v=aN6amG2gyKY,Pakistani
Chicken Cutlet Toast Recipe by Food Fusion,Chicken Cutlet Toast Recipe,https://www.youtube.com/watch?v=10NZZANMDGs,Pakistani
No Bake Mango Cheesecake Jars Recipe by Food Fusion,No Bake Mango Cheesecake Jars Recipe,https://www.youtube.com/watch?v=AwsklI6e01M,Continental
Mouth Freshener / Dry Pan Masala Recipe Food Fusion,Mouth Freshener / Dry Pan Masala Recipe,https://www.youtube.com/watch?v=C8ReaootNus,Pakistani
Masalaydar Vegetable Dum Biryani - Recipe by Food Fusion,Masalaydar Vegetable Dum Biryani,https://www.youtube.com/watch?v=jBrd7wSp5DA,Pakistani
Quick Karachi Fry Kabab with Homemade Masala Recipe by Food Fusion,Quick Karachi Fry Kabab with Homemade Masala Recipe,https://www.youtube.com/watch?v=t7sxdCfpiQM,Pakistani
Beef Smash Burger Recipe By Food Fusion,Beef Smash Burger Recipe,https://www.youtube.com/watch?v=_Y7b7j7Hdyw,Continental
Qeema ki Chutney Recipe by Food Fusion,Qeema ki Chutney Recipe,https://www.youtube.com/watch?v=TICUQENGD-I,Pakistani
Crispy Beef Chilli in Air Fryer Recipe by Food Fusion,Crispy Beef Chilli in Air Fryer Recipe,https://www.youtube.com/watch?v=TQjMbOrHlJk,Pakistani
No Bake Mango Pie Recipe by Food Fusion,No Bake Mango Pie Recipe,https://www.youtube.com/watch?v=YHLrbK8ZZEw,Pakistani
Bihari Qeema Box Paratha Recipe by Food Fusion,Bihari Qeema Box Paratha Recipe,https://www.youtube.com/watch?v=eqrkbb6NPBk,Pakistani
Mango Kulfi With Layered Chocolate Recipe by Food Fusion,Mango Kulfi With Layered Chocolate Recipe,https://www.youtube.com/watch?v=Vc03JeWv8TQ,Pakistani
Mutton Makhni Tikka Rice Recipe by Food Fusion,Mutton Makhni Tikka Rice Recipe,https://www.youtube.com/watch?v=5Y6F5vPW1-8,Pakistani
Kabab Korma Recipe by Food Fusion,Kabab Korma Recipe,https://www.youtube.com/watch?v=2p0b1t3E2UM,Pakistani
Thai Coconut Lime Chicken Recipe By Food Fusion,Thai Coconut Lime Chicken Recipe,https://www.youtube.com/watch?v=O6KoY89AwBA,Pakistani
Cheesy Chatkhara Beef Boti Bakra Eid Special Recipe by Food Fusion,Cheesy Chatkhara Beef Boti Bakra Eid Special Recipe,https://www.youtube.com/watch?v=ndy9oKzm37g,Indian
Katakat Karahi Bakra Eid Special Recipe by Food Fusion,Katakat Karahi Bakra Eid Special Recipe,https://www.youtube.com/watch?v=JAFEOgDVX8I,Pakistani
Mango Lab-e-Shireen Eid Special Dessert Recipe by Food Fusion,Mango Lab-e-Shireen Eid Special Dessert Recipe,https://www.youtube.com/watch?v=OBK6E8JkrxU,Pakistani
Fusion Chocotorta Eid Special Dessert Recipe by Food Fusion,Fusion Chocotorta Eid Special Dessert Recipe,https://www.youtube.com/watch?v=IJ5iwddp8BM,Pakistani
Eid Special Degi Mutton Biryani Recipe by Food Fusion,Eid Special Degi Mutton Biryani Recipe,https://www.youtube.com/watch?v=hXO4UWQoDkM,Pakistani
Eid Special Mango Doodh Seviyan Recipe by Food Fusion,Eid Special Mango Doodh Seviyan Recipe,https://www.youtube.com/watch?v=XyavqRkv3qs,Pakistani
Malai Seekh Kabab Gravy Bakra Eid Special Recipe by Food Fusion,Malai Seekh Kabab Gravy Bakra Eid Special Recipe,https://www.youtube.com/watch?v=LqLjwiVpjCo,Pakistani
Fudgy Almond brownie sizzler with Belgian chocolate ice-cream Eid Special Recipe by Food Fusion,Fudgy Almond brownie sizzler with Belgian chocolate ice-cream Eid Special Recipe,https://www.youtube.com/watch?v=YK1-4hVt7Ug,Continental
Dhaba Style Tawa Kaleji Eid Special Recipe by Food Fusion,Dhaba Style Tawa Kaleji Eid Special Recipe,https://www.youtube.com/watch?v=5PmDiDK5Xp4,Pakistani
Mutton Dasti Roast Salt Roasted Perfection Bakra Eid Special Recipe by Food Fusion,Mutton Dasti Roast Salt Roasted Perfection Bakra Eid Special Recipe,https://www.youtube.com/watch?v=UAt1GOhMoNk,Pakistani
Mango Sheera Eid Special Dessert Recipe by Food Fusion,Mango Sheera Eid Special Dessert Recipe,https://www.youtube.com/watch?v=rJdYfaLIm5A,Pakistani
How to Make Best Beef Nihari with Homemade Nihari Masala Bakra Eid Special Recipe by Food Fusion,How to Make Best Beef Nihari with Homemade Nihari Masala Bakra Eid Special Recipe,https://www.youtube.com/watch?v=1Kd3mhopYaE,Pakistani
Cheesy Mutton Chops Bakra Eid Special Recipe by Food Fusion,Cheesy Mutton Chops Bakra Eid Special Recipe,https://www.youtube.com/watch?v=EwuD1QrhEnY,Pakistani
Cracker Board - Eid Special Recipe by Food Fusion,Cracker Board,https://www.youtube.com/watch?v=9WapmXycPAc,Pakistani
Iced Coffee Ice cream Floats 2 ways Recipe by Food Fusion,Iced Coffee Ice cream Floats 2 ways Recipe,https://www.youtube.com/watch?v=UDXesD9YPaU,Continental
Bihari Matka Mutton Eid Special Recipe by Food Fusion,Bihari Matka Mutton Eid Special Recipe,https://www.youtube.com/watch?v=H-GEvSyttHU,Pakistani
Mango Malai Rabri Eid Special Recipe by Food Fusion,Mango Malai Rabri Eid Special Recipe,https://www.youtube.com/watch?v=OnHCbjapsW8,Pakistani
Makhani Beef Kabab Bakra Eid Recipe by Food Fusion,Makhani Beef Kabab Bakra Eid Recipe,https://www.youtube.com/watch?v=-QLbWClgUdY,Pakistani
Mango Barfi Rolls Eid Special Mithai Recipe by Food Fusion,Mango Barfi Rolls Eid Special Mithai Recipe,https://www.youtube.com/watch?v=suYBw2MWUgg,Pakistani
Highway Style Mutton Koyla Karahi Recipe By Food Fusion,Highway Style Mutton Koyla Karahi Recipe,https://www.youtube.com/watch?v=XlWKRvaidEs,Pakistani
Chia Breakfast Jars 3 ways Recipe by Food Fusion,Chia Breakfast Jars 3 ways Recipe,https://www.youtube.com/watch?v=VMp1n8bISp0,Pakistani
Ultimate Chocolate Brownie Recipe by Food Fusion,Ultimate Chocolate Brownie Recipe,https://www.youtube.com/watch?v=VD3zAPT9xJU,Continental
Keri Lehsan ka Achaar Recipe by Food Fusion,Keri Lehsan ka Achaar Recipe,https://www.youtube.com/watch?v=mYry6gsZIG8,Pakistani
Mutton Kali Mirch Gravy Recipe by Food Fusion,Mutton Kali Mirch Gravy Recipe,https://www.youtube.com/watch?v=BvxdfOiGDJE,Pakistani
BBQ Club Sandwich Recipe by Food Fusion,BBQ Club Sandwich Recipe,https://www.youtube.com/watch?v=krzD4sj_vTo,Continental
Mini Mango Cheesecake Recipe by Food Fusion,Mini Mango Cheesecake Recipe,https://www.youtube.com/watch?v=0uRKpsnc0EA,Continental
Grilled Roast Beef Sandwich Recipe by Food Fusion,Grilled Roast Beef Sandwich Recipe,https://www.youtube.com/watch?v=isHCp9AfXxc,Continental
Tikka Beef Boti Paratha Roll Recipe By Food Fusion,Tikka Beef Boti Paratha Roll Recipe,https://www.youtube.com/watch?v=UTH_gMN78n4,Pakistani
Jamun Mojito Summer Special Drink By Food Fusion,Jamun Mojito Summer Special Drink,https://www.youtube.com/watch?v=5EBy1YjDzwM,Pakistani
Roti Triangles/Samosa Recipe by Food Fusion,Roti Triangles/Samosa Recipe,https://www.youtube.com/watch?v=cB-T7GsA6uo,Pakistani
Mango Cream Recipe By Food Fusion,Mango Cream Recipe,https://www.youtube.com/watch?v=mM-6wR9EM3M,Pakistani
Egg & Cheese Toast Recipe by Food Fusion,Egg & Cheese Toast Recipe,https://www.youtube.com/watch?v=NwUVRozVXHo,Pakistani
Mango Coconut Ice cream Recipe by Food Fusion,Mango Coconut Ice cream Recipe,https://www.youtube.com/watch?v=V-mFJ0AGzlE,Pakistani
Mango Harvesting - Homegrown Mangoes - Food Fusion,Mango Harvesting,https://www.youtube.com/watch?v=rn1mtgK50co,Pakistani
Turkish Lahmacun Recipe by Food Fusion,Turkish Lahmacun Recipe,https://www.youtube.com/watch?v=AXbqa8ROTvI,Arabic/Mediterranean
San Sebastian Burnt Basque Cheesecake Recipe by Food Fusion,San Sebastian Burnt Basque Cheesecake Recipe,https://www.youtube.com/watch?v=nAbG420qx5w,Continental
Cinnamon Roll in Air fryer Recipe by Food Fusion,Cinnamon Roll in Air fryer Recipe,https://www.youtube.com/watch?v=WETCN5MTeH8,Pakistani
No Bake Lemon Swiss Roll Recipe by Food Fusion,No Bake Lemon Swiss Roll Recipe,https://www.youtube.com/watch?v=PvEI-joAS7s,Pakistani
Merchant Pocket Sandwiches Recipe by Food Fusion,Merchant Pocket Sandwiches Recipe,https://www.youtube.com/watch?v=WtNuVi-bdtg,Pakistani
Mini Pita Sandwich Platter with Homemade Pita Bread Recipe by Food Fusion,Mini Pita Sandwich Platter with Homemade Pita Bread Recipe,https://www.youtube.com/watch?v=8_gh3IX7pj4,Arabic/Mediterranean
Churros with Creamy Chocolate Dip Recipe by Food Fusion,Churros with Creamy Chocolate Dip Recipe,https://www.youtube.com/watch?v=rTxWr3N1DkQ,Pakistani
Homemade Tutti Frutti with Watermelon Rind Recipe by Food Fusion,Homemade Tutti Frutti with Watermelon Rind Recipe,https://www.youtube.com/watch?v=tyJuXRnrbAM,Pakistani
Jalapeno Grilled Chicken Cheese Sandwich Recipe By Food Fusion,Jalapeno Grilled Chicken Cheese Sandwich Recipe,https://www.youtube.com/watch?v=fYxFqX7Xjc4,Continental
Butterscotch Ice cream Summer Special Recipe by Food Fusion,Butterscotch Ice cream Summer Special Recipe,https://www.youtube.com/watch?v=j8rmosrWUmM,Pakistani
Malai Masala Tawa Chicken Recipe by Food Fusion,Malai Masala Tawa Chicken Recipe,https://www.youtube.com/watch?v=3KAD2hVVJvg,Pakistani
Low Height Tables - Farshi Setup - DIY Food Fusion,Low Height Tables,https://www.youtube.com/watch?v=BkDwxb6RZXs,Pakistani
Mawa Dry Fruit Gujiya Recipe By Food Fusion,Mawa Dry Fruit Gujiya Recipe,https://www.youtube.com/watch?v=rMc2RXXigqU,Pakistani
Ghee Cake Recipe by Food Fusion,Ghee Cake Recipe,https://www.youtube.com/watch?v=jD0SxJBuLZE,Continental
Protein Packed Creamy Chicken Salad in Mason Jar Recipe by Food Fusion,Protein Packed Creamy Chicken Salad in Mason Jar Recipe,https://www.youtube.com/watch?v=XcSGy-fHNpI,Pakistani
Chocolate Three Milk Cake in Frying Pan (No fancy tools) Recipe by Food Fusion,Chocolate Three Milk Cake in Frying Pan (No fancy tools) Recipe,https://www.youtube.com/watch?v=w1J8pYVSA24,Continental
Mason Jar Omelette 2-ways (Microwave Recipe) by Food Fusion,Mason Jar Omelette 2-ways (Microwave Recipe),https://www.youtube.com/watch?v=67YhU2puJJ4,Continental
Malai Tinday Ki Sabzi Recipe by Food Fusion,Malai Tinday Ki Sabzi Recipe,https://www.youtube.com/watch?v=Lb0OtW-7OLs,Pakistani
No Bake Chocolate Lazy Cake Recipe by Food Fusion,No Bake Chocolate Lazy Cake Recipe,https://www.youtube.com/watch?v=6YEobKPSs5M,Continental
Keri Pyaz ki Chutney - Summer Special Recipe by Food Fusion,Keri Pyaz ki Chutney,https://www.youtube.com/watch?v=L-p917zqEH4,Pakistani
No Bake Coffee Slices Recipe By Food Fusion,No Bake Coffee Slices Recipe,https://www.youtube.com/watch?v=pkqm9iplLA0,Continental
Thai Red Curry Chicken Recipe by Food Fusion,Thai Red Curry Chicken Recipe,https://www.youtube.com/watch?v=kHhjZPn2C7k,Pakistani
Kachay Aam / keri  ka Chunda Recipe by Food Fusion,Kachay Aam / keri  ka Chunda Recipe,https://www.youtube.com/watch?v=Ax35nrZR0JQ,Pakistani
Thai Green Curry Recipe by Food Fusion,Thai Green Curry Recipe,https://www.youtube.com/watch?v=-pHyO6kwsUM,Pakistani
"Daal Chawal Platter with Crispy baingan, Chana daal & Keri Tamatar Chutney Recipe by Food Fusion","Daal Chawal Platter with Crispy baingan, Chana daal & Keri Tamatar Chutney Recipe",https://www.youtube.com/watch?v=h_j_qlJ2tAo,Pakistani
Garlic Cream Sauce Pasta With Grilled Chicken Recipe by Food Fusion,Garlic Cream Sauce Pasta With Grilled Chicken Recipe,https://www.youtube.com/watch?v=5cJinMK5N8A,Continental
6 Minutes Pizza Recipe for Lunch Box ( Air Fryer & Frying Pan Methods ) by Food Fusion,6 Minutes Pizza Recipe for Lunch Box ( Air Fryer & Frying Pan Methods ),https://www.youtube.com/watch?v=zMFGJL4BxvE,Continental
Spicy BBQ Chicken Wings Recipe by Food Fusion,Spicy BBQ Chicken Wings Recipe,https://www.youtube.com/watch?v=MIG41ij6lPw,Continental
Tarbooz Kay Chilkay Ki Sabzi – (Watermelon Rind Sabzi) Recipe By Food Fusion,Tarbooz Kay Chilkay Ki Sabzi – (Watermelon Rind Sabzi) Recipe,https://www.youtube.com/watch?v=rngaFSqNF04,Pakistani
Chicken Mayo Chutney Paratha Roll Recipe by Food Fusion,Chicken Mayo Chutney Paratha Roll Recipe,https://www.youtube.com/watch?v=xQX-HQstpQ0,Pakistani
Eid Special Recipe Collection 4 Recipe by Food Fusion,Eid Special Recipe Collection 4 Recipe,https://www.youtube.com/watch?v=zkG5ctaFEzw,Pakistani
Eid Dawat Recipe Ideas Collection 5 by Food Fusion 2023,Eid Dawat Recipe Ideas Collection 5 by Food Fusion 2023,https://www.youtube.com/watch?v=IZSof02lZwo,Pakistani
Eid Special Menu Ideas  - Recipe Collection 3 by Food Fusion,Eid Special Menu Ideas,https://www.youtube.com/watch?v=A15WhV7ZY4A,Pakistani
Eid Dawat Recipes Ideas Collection by Food Fusion,Eid Dawat Recipes Ideas Collection,https://www.youtube.com/watch?v=i6e9KEXtveQ,Pakistani
Eid Special - Bhunni Seviyan Recipe by Food Fusion,Eid Special,https://www.youtube.com/watch?v=JPa2vsaRdIk,Pakistani
Eid Special Breakfast  - Qeema with Kachori Recipe by Food Fusion,Eid Special Breakfast,https://www.youtube.com/watch?v=nMDLn93OQ88,Pakistani
Budget Friendly Eid Menu Ideas Collection 2 By Food Fusion,Budget Friendly Eid Menu Ideas Collection 2,https://www.youtube.com/watch?v=8GVNDBfcUT0,Pakistani
Eid Menu Ideas Collection 1 by Food Fusion 2023,Eid Menu Ideas Collection 1 by Food Fusion 2023,https://www.youtube.com/watch?v=AFaBbyNKltk,Pakistani
Eid Special - Death By Chocolate Cake Recipe by Food Fusion,Eid Special,https://www.youtube.com/watch?v=dcIJ3x9IP-E,Continental
Eid Special Moti Biryani Recipe by Food Fusion,Eid Special Moti Biryani Recipe,https://www.youtube.com/watch?v=R_cyW7RnGJU,Pakistani
Eid Special Dessert - Hot Fudge Ice Cream Trifle Recipe by Food Fusion,Eid Special Dessert,https://www.youtube.com/watch?v=ek_esbKCf4M,Pakistani
Ferrero Rocher Mousse Cups - Eid Special Dessert Recipe by Food Fusion,Ferrero Rocher Mousse Cups,https://www.youtube.com/watch?v=BVSVV2NcXwA,Pakistani
Eid Special Dessert - Lab e Shireen Strawberry Flavour Recipe by Food Fusion,Eid Special Dessert,https://www.youtube.com/watch?v=7yhEOfIRCE0,Pakistani
Eid Special - Chapli Kabab Melt Sliders Recipe by Food Fusion,Eid Special,https://www.youtube.com/watch?v=psLBI76fWIo,Pakistani
Eid Special Dessert Recipes By Food Fusion 2023,Eid Special Dessert Recipes By Food Fusion 2023,https://www.youtube.com/watch?v=Gia1RH_c4FU,Pakistani
Eid Special Dessert - Black Forest Trifle Recipe 2023 by Food Fusion,Eid Special Dessert,https://www.youtube.com/watch?v=M4f9-JrzkNA,Pakistani
Eid Special Caramel Shahi Tukray Lasagna Recipe by Food Fusion,Eid Special Caramel Shahi Tukray Lasagna Recipe,https://www.youtube.com/watch?v=iadb_0hIaQU,Continental
Eid Special The ultimate Mutton Ghilafi Pulao - Recipe by Food Fusion,Eid Special The ultimate Mutton Ghilafi Pulao,https://www.youtube.com/watch?v=XwOO6mvvehs,Pakistani
Sultani Chicken Korma Recipe by Food Fusion,Sultani Chicken Korma Recipe,https://www.youtube.com/watch?v=_tLcTdSKS6o,Pakistani
Eid Special Ghee Roast Biryani Recipe By Food Fusion,Eid Special Ghee Roast Biryani Recipe,https://www.youtube.com/watch?v=40RrzZA6Hhg,Pakistani
Eid Special Mini Salted Caramel Cheesecake Recipe by Food Fusion,Eid Special Mini Salted Caramel Cheesecake Recipe,https://www.youtube.com/watch?v=qbl655PwlcI,Continental
Chicken Chatkhara Kabab Eid Special Recipe by Food Fusion,Chicken Chatkhara Kabab Eid Special Recipe,https://www.youtube.com/watch?v=SX2rzurj3Cc,Indian
Eid Special Nutella Crunch Ice cream Cake Recipe by Food Fusion,Eid Special Nutella Crunch Ice cream Cake Recipe,https://www.youtube.com/watch?v=Wi4LehQqJyE,Continental
Eid Special Tangri Kabab Recipe by Food Fusion,Eid Special Tangri Kabab Recipe,https://www.youtube.com/watch?v=uf17t3Gx-Ng,Pakistani
Eid Special Seviyan Trifle - Eid Dessert Ideas by Food Fusion,Eid Special Seviyan Trifle,https://www.youtube.com/watch?v=PDNogJYJjJk,Pakistani
How to Cut a Watermelon - 10 Easy & Artistic Ways  By Food Fusion,How to Cut a Watermelon,https://www.youtube.com/watch?v=RaC1plhox_s,Pakistani
Salad Filled Buns 2 ways Eid Special Recipe by Food Fusion,Salad Filled Buns 2 ways Eid Special Recipe,https://www.youtube.com/watch?v=e0T7CYZN3IM,Pakistani
Chana Daal Qeema Handi Eid Special Recipe by Food Fusion,Chana Daal Qeema Handi Eid Special Recipe,https://www.youtube.com/watch?v=8DX0hb3ftDU,Pakistani
Balochi Tikka Biryani - Eid Special Recipe by Food Fusion,Balochi Tikka Biryani,https://www.youtube.com/watch?v=5v6fEUsxGLk,Pakistani
Turkish Doner Kebab In Air Fryer -  Eid Special Recipe by Food Fusion,Turkish Doner Kebab In Air Fryer,https://www.youtube.com/watch?v=_jMooxTBros,Arabic/Mediterranean
Ma'amoul Date Cookies Ramazan Special Recipe by Food Fusion,Ma'amoul Date Cookies Ramazan Special Recipe,https://www.youtube.com/watch?v=fdTDfK1Qqtg,Pakistani
Soft and Fluffy Coconut Buns Recipe by Food Fusion,Soft and Fluffy Coconut Buns Recipe,https://www.youtube.com/watch?v=4Kz9aoTDnHc,Pakistani
Cheese Casserole - Ramadan Special Recipe by Food Fusion,Cheese Casserole,https://www.youtube.com/watch?v=nxyDDjuXvHc,Pakistani
Banoffee Ice Cream Sundae EID Special Recipe by Food Fusion,Banoffee Ice Cream Sundae EID Special Recipe,https://www.youtube.com/watch?v=rmxuSEpf_XM,Pakistani
What we did at The First Food Fusion Iftar Party,What we did at The First Food Fusion Iftar Party,https://www.youtube.com/watch?v=NJ24Wmhh1rk,Pakistani
Lobia Dum Biryani Ramzan Special Recipe by Food Fusion,Lobia Dum Biryani Ramzan Special Recipe,https://www.youtube.com/watch?v=syj7OmG4g00,Pakistani
Apple Cinnamon Tea Cake Recipe by Food Fusion,Apple Cinnamon Tea Cake Recipe,https://www.youtube.com/watch?v=wmaB2xgXUBI,Continental
Pull Apart Nutella Brioche Bread  👉 With and without oven 🍞 Recipe by Food Fusion,Pull Apart Nutella Brioche Bread  👉 With and without oven 🍞 Recipe,https://www.youtube.com/watch?v=WAjeP7kYemQ,Pakistani
Makhni Dum Chicken Pulao - Ramazan Special Recipe by Food Fusion,Makhni Dum Chicken Pulao,https://www.youtube.com/watch?v=7QStfqWpFPI,Pakistani
Easy Khattay Aloo Ramzan Special Recipe by Food Fusion,Easy Khattay Aloo Ramzan Special Recipe,https://www.youtube.com/watch?v=Nj6NrRXxGag,Pakistani
5 Uses Of Leftover Daal - Ramadan Special Recipes By Food Fusion,5 Uses Of Leftover Daal,https://www.youtube.com/watch?v=GUI56ewC5CQ,Pakistani
Dum Masala Chicken Ramzan Special Recipe by Food Fusion,Dum Masala Chicken Ramzan Special Recipe,https://www.youtube.com/watch?v=SUWuBenVHfI,Pakistani
Smokey Malai Chicken in Air fryer - Ramadan Special Recipe by Food Fusion,Smokey Malai Chicken in Air fryer,https://www.youtube.com/watch?v=ncHR1bCugs4,Pakistani
Quick & Easy Saltish Pizza - Ramazan Special Recipe by Food Fusion,Quick & Easy Saltish Pizza,https://www.youtube.com/watch?v=COc-PUUpkB4,Continental
Rolly Polly Seekh Kabab Ramzan Special Recipe by Food Fusion,Rolly Polly Seekh Kabab Ramzan Special Recipe,https://www.youtube.com/watch?v=BrHSR-rRjaE,Pakistani
Dhaba Qeema Paratha Ramzan Special Recipe by Food Fusion,Dhaba Qeema Paratha Ramzan Special Recipe,https://www.youtube.com/watch?v=b6BrvZq9BBw,Pakistani
Pakora Masala Cup Chaat Ramzan Special Recipe by Food Fusion,Pakora Masala Cup Chaat Ramzan Special Recipe,https://www.youtube.com/watch?v=9DF2B5V6nfM,Pakistani
Mutton do Pyaza Karhai - Ramzan Special Recipe by Food Fusion,Mutton do Pyaza Karhai,https://www.youtube.com/watch?v=mUPlEBy8Zgc,Pakistani
Mirchi Pulao with Matar Kabab Recipe by Food Fusion,Mirchi Pulao with Matar Kabab Recipe,https://www.youtube.com/watch?v=0RbnWGenDWc,Pakistani
Aloo Katli & Tikki Pakora -  Ramadan Special Recipe by Food Fusion,Aloo Katli & Tikki Pakora,https://www.youtube.com/watch?v=9JkmyXu_YLA,Pakistani
Chocolate Choux au Craquelin (Chocolate Cream Puffs) Recipe by Food Fusion,Chocolate Choux au Craquelin (Chocolate Cream Puffs) Recipe,https://www.youtube.com/watch?v=vZhhLTIyNp0,Pakistani
Malai Chicken Biryani Recipe by Food Fusion,Malai Chicken Biryani Recipe,https://www.youtube.com/watch?v=pwLWGpUGXtA,Pakistani
Saucy Garlic Chicken Tenders - Ramadan Special Recipe by Food Fusion,Saucy Garlic Chicken Tenders,https://www.youtube.com/watch?v=dmhh_PEc7D0,Pakistani
Makhana Chaat Ramazan Special Recipe by Food Fusion,Makhana Chaat Ramazan Special Recipe,https://www.youtube.com/watch?v=EIT2oanD1zg,Pakistani
Lehsuni Bhindi with Chutney Paratha Ramazan Special Recipe by Food Fusion,Lehsuni Bhindi with Chutney Paratha Ramazan Special Recipe,https://www.youtube.com/watch?v=FFuQe0ggQQU,Pakistani
Kofta Channa Gravy/Shorba Recipe by Food Fusion,Kofta Channa Gravy/Shorba Recipe,https://www.youtube.com/watch?v=MFJ_NyR9Fnc,Pakistani
Stuffed Spinach Crepes Ramazan Special  Recipe by Food Fusion,Stuffed Spinach Crepes Ramazan Special  Recipe,https://www.youtube.com/watch?v=u1lF4TooNDE,Pakistani
Taco Potato Samosa Recipe by Food Fusion,Taco Potato Samosa Recipe,https://www.youtube.com/watch?v=vbgPFbbE3ks,Pakistani
Anda Cheese Paratha Recipe by Food Fusion,Anda Cheese Paratha Recipe,https://www.youtube.com/watch?v=uPWD-TsJ8Ys,Pakistani
Mongphali Kala Chana Chaat Ramazan Special Recipe by Food Fusion,Mongphali Kala Chana Chaat Ramazan Special Recipe,https://www.youtube.com/watch?v=kUAfq_YUYYU,Pakistani
2 Easy Sandwiches For Lunch Box - Recipes by Food Fusion,2 Easy Sandwiches For Lunch Box,https://www.youtube.com/watch?v=FAJj7KSC_MI,Pakistani
Creamy Chicken Paratha Recipe by Food Fusion,Creamy Chicken Paratha Recipe,https://www.youtube.com/watch?v=SnSCzy_8jJA,Pakistani
6 Indulging Creamy Recipes Ramzan Special 2023 by Food Fusion,6 Indulging Creamy Recipes Ramzan Special 2023,https://www.youtube.com/watch?v=T2r67SIbcy0,Pakistani
3 Refreshing Drinks with Gur Recipe by Food Fusion,3 Refreshing Drinks with Gur Recipe,https://www.youtube.com/watch?v=XvFnHxNMdc0,Pakistani
Chocolate Eclairs Dessert Recipe by Food Fusion,Chocolate Eclairs Dessert Recipe,https://www.youtube.com/watch?v=Oip9ff196do,Pakistani
Makhni Anda Lifafa Paratha Ramazan Special  Recipe by Food Fusion,Makhni Anda Lifafa Paratha Ramazan Special  Recipe,https://www.youtube.com/watch?v=yukggiFbXIA,Pakistani
Dhaka Chicken in Air fryer Recipe by Food Fusion,Dhaka Chicken in Air fryer Recipe,https://www.youtube.com/watch?v=9F2Qz_iP4uo,Pakistani
Easy Creamy Fruit Chaat Iftar Special Recipe by Food Fusion,Easy Creamy Fruit Chaat Iftar Special Recipe,https://www.youtube.com/watch?v=T9kJwnzrU_8,Pakistani
Khasta Aloo Puri Chaat - Ramzan Special Recipe by Food Fusion,Khasta Aloo Puri Chaat,https://www.youtube.com/watch?v=2M7bLdVTyMs,Pakistani
Warqi Puri- Ramzan Special Recipe by Food Fusion,Warqi Puri- Ramzan Special Recipe,https://www.youtube.com/watch?v=xvgLvBEhJa0,Pakistani
Lahori Naan Tikki Recipe by Food Fusion,Lahori Naan Tikki Recipe,https://www.youtube.com/watch?v=K6hDXWOmaqI,Pakistani
Cheese Burger Bombs in Air fryer Recipe by Food Fusion,Cheese Burger Bombs in Air fryer Recipe,https://www.youtube.com/watch?v=rzi4IuGDXHc,Continental
Turkish Kebab Ramazan Special Recipe by Food Fusion,Turkish Kebab Ramazan Special Recipe,https://www.youtube.com/watch?v=eZgv-9gtuqo,Arabic/Mediterranean
Tandoori Momos Ramazan Special Recipe by Food Fusion,Tandoori Momos Ramazan Special Recipe,https://www.youtube.com/watch?v=ynAY99ReoXU,Pakistani
Easy Technique - Dahi Phulki Ramzan Recipe By Food Fusion,Easy Technique,https://www.youtube.com/watch?v=RFGpZo2Gjd4,Pakistani
5 Recipes from Leftover Boiled Rice Recipe by Food Fusion,5 Recipes from Leftover Boiled Rice Recipe,https://www.youtube.com/watch?v=xl5hzzNDKZA,Pakistani
Karachi Famous Tarbooz ka Sharbat - Watermelon Juice Summer Special Drink by Food Fusion,Karachi Famous Tarbooz ka Sharbat,https://www.youtube.com/watch?v=rEYPuK3mqTI,Pakistani
Crispy Beguni & Baingan Rollup Pakora Recipe by Food Fusion,Crispy Beguni & Baingan Rollup Pakora Recipe,https://www.youtube.com/watch?v=R2z3Od-u_kE,Pakistani
Matar Aloo Pulao -Ramzan Special Recipe by Food Fusion,Matar Aloo Pulao -Ramzan Special Recipe,https://www.youtube.com/watch?v=jxe-E6c-o4k,Pakistani
Qeema Manchurian - Ramzan Special Recipe by Food Fusion,Qeema Manchurian,https://www.youtube.com/watch?v=nFVxfj0veRA,Chinese
Bakery style Drumsticks - Ramzan Special Recipe by Food Fusion,Bakery style Drumsticks,https://www.youtube.com/watch?v=_H1et9N2pCw,Pakistani
Lehsani Palak with Khushbu Pulao - Ramazan Special Recipe by Food Fusion,Lehsani Palak with Khushbu Pulao,https://www.youtube.com/watch?v=b4i9Wo26Qh0,Pakistani
Cheesy Mirch Pakora Recipe by Food Fusion,Cheesy Mirch Pakora Recipe,https://www.youtube.com/watch?v=L2cgkqBkFBw,Pakistani
Sehr-o-Iftar Menu 2023 Collection 1 By Food Fusion (Ramzan Special),Sehr-o-Iftar Menu 2023 Collection 1 By Food Fusion (Ramzan Special),https://www.youtube.com/watch?v=C3ot5_8pKKs,Pakistani
Homemade Condensed Milk - Ramazan Special Recipe by Food Fusion,Homemade Condensed Milk,https://www.youtube.com/watch?v=zAySySSTPnY,Pakistani
Crispy Tawa Pakora Recipe For Ramadan by Food Fusion,Crispy Tawa Pakora Recipe For Ramadan,https://www.youtube.com/watch?v=k4mZAavmEuQ,Pakistani
Aloo Tuk Chaat Recipe For Ramazan  by Food Fusion,Aloo Tuk Chaat Recipe For Ramazan,https://www.youtube.com/watch?v=miLpmsO79mQ,Pakistani
Alishan Tikka Gravy Recipe  For Ramadan by Food Fusion,Alishan Tikka Gravy Recipe  For Ramadan,https://www.youtube.com/watch?v=CRQ3RTCWjVI,Pakistani
Badami Sagudana Sharbat - Ramazan Special  Recipe by Food Fusion,Badami Sagudana Sharbat,https://www.youtube.com/watch?v=VkNwt-Rl_dw,Pakistani
Creamy Dill Pasta Recipe by Food Fusion,Creamy Dill Pasta Recipe,https://www.youtube.com/watch?v=qf5LRy_0Q84,Continental
Top 4 Make and Freeze Kabab/Cutlets 2023 By Food Fusion,Top 4 Make and Freeze Kabab/Cutlets 2023,https://www.youtube.com/watch?v=0LIMK168pLE,Pakistani
Podina Qeema Samosa Ramazan Special Recipe By Food Fusion,Podina Qeema Samosa Ramazan Special Recipe,https://www.youtube.com/watch?v=pABJOVMjZqQ,Pakistani
Top 4  Refreshing Iftar Drinks Recipe By Food Fusion,Top 4  Refreshing Iftar Drinks Recipe,https://www.youtube.com/watch?v=Ic2ppjCSZ6Q,Pakistani
Dhamaka Samosa - Ramazan Special  Recipe by Food Fusion,Dhamaka Samosa,https://www.youtube.com/watch?v=ysLaLWijYLo,Pakistani
Chapli + Pakora Fusion Tikki - Ramzan Special Recipe By Food Fusion,Chapli + Pakora Fusion Tikki,https://www.youtube.com/watch?v=LJgI-8AphK8,Pakistani
Sizzling Dahi Boti - Ramadan Special Recipe by Food Fusion,Sizzling Dahi Boti,https://www.youtube.com/watch?v=Ld7IrVJ2Wjg,Pakistani
Tandoori Chicken Cholay Ramadan Special Recipe by Food Fusion,Tandoori Chicken Cholay Ramadan Special Recipe,https://www.youtube.com/watch?v=xrqZWN01np4,Pakistani
Bihari Boti Roll in Air Fryer Ramadan Special Recipe by Food Fusion,Bihari Boti Roll in Air Fryer Ramadan Special Recipe,https://www.youtube.com/watch?v=FvFz8S1uC3E,Pakistani
Stuffed Dates with Cream & Nuts - Ramazan Special Recipe By Food Fusion,Stuffed Dates with Cream & Nuts,https://www.youtube.com/watch?v=QYzHOyu8tmw,Pakistani
Achari Tikka Kabab - Make and freeze Ramadan Special Recipe by Food Fusion,Achari Tikka Kabab,https://www.youtube.com/watch?v=5DJBeqsE_WM,Pakistani
Discover 4 Amazing Storable Chutney Recipes - Ramazan Special by Food Fusion,Discover 4 Amazing Storable Chutney Recipes,https://www.youtube.com/watch?v=_bgijxL9i48,Pakistani
Podina Paratha Recipe by Food Fusion,Podina Paratha Recipe,https://www.youtube.com/watch?v=xQaPOC5vQrU,Pakistani
Turkish Pideli Kofte Ramadan Special Recipe by Food Fusion,Turkish Pideli Kofte Ramadan Special Recipe,https://www.youtube.com/watch?v=uNc_Iu4acrI,Arabic/Mediterranean
Tandoori Resha Chicken Samosa with New Viral Technique Recipe by Food Fusion,Tandoori Resha Chicken Samosa with New Viral Technique Recipe,https://www.youtube.com/watch?v=TCPu1FDKRMo,Pakistani
Are they shutting down Food Fusion?,Are they shutting down Food Fusion?,https://www.youtube.com/watch?v=hlIlUoIYPp0,Pakistani
Makhmali Chicken Samosa in Air fryer - Make & Freeze Ramazan Special Recipe by Food Fusion,Makhmali Chicken Samosa in Air fryer,https://www.youtube.com/watch?v=63aGfiE-QRI,Pakistani
Dum wali White Chicken Gravy Recipe by Food Fusion,Dum wali White Chicken Gravy Recipe,https://www.youtube.com/watch?v=YaMe75wydSs,Pakistani
"Fold Like a Pro: Step-by-Step Guide to Perfect Samosas, Rolls, and More by Food Fusion","Fold Like a Pro: Step-by-Step Guide to Perfect Samosas, Rolls, and More",https://www.youtube.com/watch?v=An2WTGz4c1w,Pakistani
Focaccia Bread Recipe by Food Fusion,Focaccia Bread Recipe,https://www.youtube.com/watch?v=65KRVFISpFs,Pakistani
Hidden Vegetable Pasta Recipe by Food Fusion,Hidden Vegetable Pasta Recipe,https://www.youtube.com/watch?v=97tQbMyWijE,Continental
Grilled BBQ Chicken Cheese Samosa Recipe by Food Fusion,Grilled BBQ Chicken Cheese Samosa Recipe,https://www.youtube.com/watch?v=wlwHKoSjRuQ,Pakistani
Malai Qeema Kabab Sizzler Recipe by Food Fusion,Malai Qeema Kabab Sizzler Recipe,https://www.youtube.com/watch?v=H19kEy2_j0w,Pakistani
4 Amazing Handi Recipes By Food Fusion,Handi Recipes,https://www.youtube.com/watch?v=sIqs6c0MQgk,Pakistani
Special Zarda Recipe by Food Fusion,Special Zarda Recipe,https://www.youtube.com/watch?v=gUrWTVTtPH8,Pakistani
Chocolate Dessert Box with Choco Lava Recipe by Food Fusion,Chocolate Dessert Box with Choco Lava Recipe,https://www.youtube.com/watch?v=4ZSxRthcPhc,Pakistani
Strawberry & Chocolate Dessert Cups Recipe by Food Fusion,Strawberry & Chocolate Dessert Cups Recipe,https://www.youtube.com/watch?v=6vTMIPcb2lc,Pakistani
5 Make n Freeze Paratha Recipes  - Ramadan Special by Food Fusion,5 Make n Freeze Paratha Recipes,https://www.youtube.com/watch?v=E62d_TmmXGc,Pakistani
Afghani Chicken Boti in Air fryer Recipe by Food Fusion,Afghani Chicken Boti in Air fryer Recipe,https://www.youtube.com/watch?v=oYows_Jux1E,Arabic/Mediterranean
Chicken Cheese Rolls (Make & Freeze) Ramzan Special Recipe by Food Fusion,Chicken Cheese Rolls (Make & Freeze) Ramzan Special Recipe,https://www.youtube.com/watch?v=qpbnooQNkOg,Pakistani
Creamy Chicken Potato Samosa (Make and Freeze) Ramazan Special Recipe By Food Fusion,Creamy Chicken Potato Samosa (Make and Freeze) Ramazan Special Recipe,https://www.youtube.com/watch?v=4zpj-1KRg8I,Pakistani
Coffee Flan Recipe by Food Fusion,Coffee Flan Recipe,https://www.youtube.com/watch?v=O84grdhIioA,Continental
Moong Daal Seekh Kabab Recipe by Food Fusion,Moong Daal Seekh Kabab Recipe,https://www.youtube.com/watch?v=3vZlapn88KI,Pakistani
Homemade Puff Pastry Recipe by Food Fusion,Homemade Puff Pastry Recipe,https://www.youtube.com/watch?v=RgA5mp4EOhA,Pakistani
Kulfi with Milk Powder Recipe by Food Fusion,Kulfi with Milk Powder Recipe,https://www.youtube.com/watch?v=T35XWcDLhkQ,Pakistani
Masala Cheese Puri Ramazan Special Recipe by Food Fusion,Masala Cheese Puri Ramazan Special Recipe,https://www.youtube.com/watch?v=vgX--uTX-MI,Pakistani
Creamy Beef Stuffed Wontons (Make & Freeze Ramzan Recipes) Recipe by Food fusion,Creamy Beef Stuffed Wontons (Make & Freeze Ramzan Recipes) Recipe,https://www.youtube.com/watch?v=YmOL3TSvCUo,Pakistani
Turkish Beyti Kebab Recipe by Food fusion,Turkish Beyti Kebab Recipe,https://www.youtube.com/watch?v=rG0ySGdkXc4,Arabic/Mediterranean
Chicken Patties in Air Fryer Recipe by Food Fusion,Chicken Patties in Air Fryer Recipe,https://www.youtube.com/watch?v=g3y-AvqdlZ4,Pakistani
Doodh Badam Katli Recipe by Food Fusion,Doodh Badam Katli Recipe,https://www.youtube.com/watch?v=ro6cMoH4Xho,Pakistani
Halwai Style Balushahi Recipe By Food Fusion,Halwai Style Balushahi Recipe,https://www.youtube.com/watch?v=IPVZQRQy4qw,Pakistani
Mashed Potato French Toast Recipe by Food Fusion,Mashed Potato French Toast Recipe,https://www.youtube.com/watch?v=Ff00-M26W90,Pakistani
Chocolate Cream Puffs Recipe by Food Fusion,Chocolate Cream Puffs Recipe,https://www.youtube.com/watch?v=20-yLpPDe8A,Pakistani
Korean Nuggets Recipe by Food Fusion,Korean Nuggets Recipe,https://www.youtube.com/watch?v=-xm2ykK_x6k,Pakistani
Tex-Mex Quesadillas Recipe by Food Fusion,Tex-Mex Quesadillas Recipe,https://www.youtube.com/watch?v=It3NjH30Dqg,Pakistani
Strawberry Cream Delight Recipe By Food Fusion,Strawberry Cream Delight Recipe,https://www.youtube.com/watch?v=hJ5l6N9pHg0,Pakistani
Street Style Daal Anday Wala Karachi Bun Kabab Recipe by Food Fusion,Street Style Daal Anday Wala Karachi Bun Kabab Recipe,https://www.youtube.com/watch?v=BfvnkhtbOp4,Pakistani
Strawberry Yogurt Cake in Air fryer Recipe by Food Fusion,Strawberry Yogurt Cake in Air fryer Recipe,https://www.youtube.com/watch?v=leui11LRojw,Continental
Loaded Alfredo Fries Recipe by Food Fusion,Loaded Alfredo Fries Recipe,https://www.youtube.com/watch?v=8-HlWZxEAz0,Pakistani
Moti Parda Pulao Recipe by Food Fusion,Moti Parda Pulao Recipe,https://www.youtube.com/watch?v=VENRCQ5Jk-I,Pakistani
Creamy Chicken Bread Recipe by Food Fusion,Creamy Chicken Bread Recipe,https://www.youtube.com/watch?v=yUpF9bRSWY4,Pakistani
Baisan Laddu Halwai Style Recipe by Food Fusion,Baisan Laddu Halwai Style Recipe,https://www.youtube.com/watch?v=_-KKGEIawTc,Pakistani
Pasta with Roasted Tomato Cream Sauce Recipe By Food Fusion,Pasta with Roasted Tomato Cream Sauce Recipe,https://www.youtube.com/watch?v=pnOHpCEf5nQ,Continental
Peanut Barfi Recipe by Food Fusion,Peanut Barfi Recipe,https://www.youtube.com/watch?v=CsoWoZyZFyM,Pakistani
Secrets Revealed - Malai Gulab Jamun Recipe By Food Fusion,Secrets Revealed,https://www.youtube.com/watch?v=MFT70gTTMSU,Pakistani
Za'atar Chicken With Saffron Rice Recipe by Food Fusion,Za'atar Chicken With Saffron Rice Recipe,https://www.youtube.com/watch?v=uVWqCkL3sR8,Pakistani
Creamy Chocolate Pudding Recipe by Food Fusion,Creamy Chocolate Pudding Recipe,https://www.youtube.com/watch?v=oU1IC38pTZM,Pakistani
Arabic Chicken Shorba Recipe by Food Fusion,Arabic Chicken Shorba Recipe,https://www.youtube.com/watch?v=equc07nOnGI,Arabic/Mediterranean
Giant Chapli Kabab Pro Max with Hari BBQ Chutney Recipe by Food Fusion,Giant Chapli Kabab Pro Max with Hari BBQ Chutney Recipe,https://www.youtube.com/watch?v=vcEayMXXhtA,Pakistani
Cheesy Fajita Box Patties Recipe by Food Fusion,Cheesy Fajita Box Patties Recipe,https://www.youtube.com/watch?v=md-oBKU7mJ8,Pakistani
Besan Barfi Recipe by Food Fusion,Besan Barfi Recipe,https://www.youtube.com/watch?v=GOnShhnRSpo,Pakistani
Quick and Easy Loaded Rice Recipe by Food Fusion,Quick and Easy Loaded Rice Recipe,https://www.youtube.com/watch?v=sMXthGf6eC0,Pakistani
Jalebi Paratha Recipe by Food Fusion,Jalebi Paratha Recipe,https://www.youtube.com/watch?v=0EIHyVBAD_I,Pakistani
Cheesy Beef Burritos Recipe by Food Fusion,Cheesy Beef Burritos Recipe,https://www.youtube.com/watch?v=slE-Mh1ntAY,Pakistani
Gur Chikki 3 Ways Recipe by Food Fusion,Gur Chikki 3 Ways Recipe,https://www.youtube.com/watch?v=e6KNCi-bRqI,Pakistani
Cough Drops Recipe by Food Fusion,Cough Drops Recipe,https://www.youtube.com/watch?v=Ny-YtxYljX0,Pakistani
Homemade Khoya Recipe by Food Fusion,Homemade Khoya Recipe,https://www.youtube.com/watch?v=hN693Dm2Wdo,Pakistani
Jalapeno Chicken Enchiladas Recipe by Food Fusion,Jalapeno Chicken Enchiladas Recipe,https://www.youtube.com/watch?v=5dfdLlELQEU,Pakistani
Turkish Chicken Soup Winter Special Recipe by Food Fusion,Turkish Chicken Soup Winter Special Recipe,https://www.youtube.com/watch?v=hqM_oawCXfc,Arabic/Mediterranean
Taiwanese Dan Bing Breakfast Recipe by Food Fusion,Taiwanese Dan Bing Breakfast Recipe,https://www.youtube.com/watch?v=tco2Js-pnp8,Pakistani
Cheese Quesadillas Recipe by Food Fusion,Cheese Quesadillas Recipe,https://www.youtube.com/watch?v=sihFBGvMlJU,Pakistani
Homemade Hot Chocolate Recipe by Food Fusion,Homemade Hot Chocolate Recipe,https://www.youtube.com/watch?v=HttKTTjyWtc,Pakistani
French Mille-Feuille Dessert Recipe by Food Fusion,French Mille-Feuille Dessert Recipe,https://www.youtube.com/watch?v=6rvvhvJA498,Pakistani
Nashville Chicken Twister Wraps Recipe by Food Fusion,Nashville Chicken Twister Wraps Recipe,https://www.youtube.com/watch?v=iMVzC5-Bq5A,Pakistani
Top 10 Recipes 2022 Rewind by Food Fusion,Top 10 Recipes 2022 Rewind,https://www.youtube.com/watch?v=nQZBN3r8L3Q,Pakistani
Stuffed Chocolate Chimney Cake Recipe by Food Fusion,Stuffed Chocolate Chimney Cake Recipe,https://www.youtube.com/watch?v=OkHa1-VOe1I,Continental
Street Style Masala French Fries At Home Recipe by Food Fusion,Street Style Masala French Fries At Home Recipe,https://www.youtube.com/watch?v=DLVX-mM69rk,Continental
Easy Home Remedies for Constipation Relief (Qabz Ka Ilaj) Recipe by Food Fusion,Easy Home Remedies for Constipation Relief (Qabz Ka Ilaj) Recipe,https://www.youtube.com/watch?v=H7gHi3ZsmyI,Pakistani
Italian Double Cheese Pizza Recipe by Food Fusion,Italian Double Cheese Pizza Recipe,https://www.youtube.com/watch?v=7b8sYqSfVuk,Continental
Machi Bhaat (Fish with Rice) Recipe by Food Fusion,Machi Bhaat (Fish with Rice) Recipe,https://www.youtube.com/watch?v=iGGoDTeK234,Pakistani
Lotus Chocolate Biscuit No Bake Cake Recipe by Food Fusion,Lotus Chocolate Biscuit No Bake Cake Recipe,https://www.youtube.com/watch?v=2-LF8ylxkp0,Continental
Authentic Grandma's Sil Batta Shami Kabab Recipe without chopper by Food Fusion,Authentic Grandma's Sil Batta Shami Kabab Recipe without chopper,https://www.youtube.com/watch?v=avcCbVDT_7s,Pakistani
Magical Cough & Cold Remedies (Turmeric Herb Tea & Honey Ginger Shot) Healthy Recipes by Food Fusion,Magical Cough & Cold Remedies (Turmeric Herb Tea & Honey Ginger Shot) Healthy Recipes,https://www.youtube.com/watch?v=9qB0_jpgPu8,Pakistani
Kaju Katli with only 3 Ingredients Recipe by Food Fusion,Kaju Katli with only 3 Ingredients Recipe,https://www.youtube.com/watch?v=uY-jANOg5U0,Pakistani
Food Fusion (Digital Ammi) at Youtube Brandcast 2022 - Biggest Event Ever In Pakistan,Food Fusion (Digital Ammi) at Youtube Brandcast 2022,https://www.youtube.com/watch?v=1jUu8PYSm6E,Pakistani
Creamy Tomato Soup Recipe by Food Fusion,Creamy Tomato Soup Recipe,https://www.youtube.com/watch?v=70zs0ZtENho,Pakistani
Winter Special Immunity Booster Recipe by Food Fusion,Winter Special Immunity Booster Recipe,https://www.youtube.com/watch?v=6tpSpgK_MMA,Pakistani
"3 Trending Coffee Recipes (Mentos, Kapiko and Milkano) By Food Fusion","3 Trending Coffee Recipes (Mentos, Kapiko and Milkano)",https://www.youtube.com/watch?v=oA7JuIQp0jk,Continental
Tuscan Chicken Lasagna Recipe by Food Fusion,Tuscan Chicken Lasagna Recipe,https://www.youtube.com/watch?v=p2nRIjiMBzk,Continental
Creamy Chicken Corn Soup Recipe by Food Fusion,Creamy Chicken Corn Soup Recipe,https://www.youtube.com/watch?v=dlxrjtA7pSg,Chinese
Bajre ki Roti with Thecha (Hari Mirch Mong Phali Chutney) Winter Special Recipe by Food Fusion,Bajre ki Roti with Thecha (Hari Mirch Mong Phali Chutney) Winter Special Recipe,https://www.youtube.com/watch?v=vTdi5pkIyUw,Pakistani
Gajar Ka Halwa Quick & Easy Shortcut Method and Tips - Recipe by Food Fusion,Gajar Ka Halwa Quick & Easy Shortcut Method and Tips,https://www.youtube.com/watch?v=6HFjhDqDzAg,Pakistani
Honey Cake Recipe by Food Fusion,Honey Cake Recipe,https://www.youtube.com/watch?v=xDzCJex--LI,Continental
Philly Cheesesteak Sandwich Recipe by Food Fusion,Philly Cheesesteak Sandwich Recipe,https://www.youtube.com/watch?v=ZUkRgbL25Do,Continental
French Silk Brownie Recipe by Food Fusion,French Silk Brownie Recipe,https://www.youtube.com/watch?v=WtE00LIaFT0,Continental
Moong Daal Panjiri Winter Special Recipe By Food Fusion,Moong Daal Panjiri Winter Special Recipe,https://www.youtube.com/watch?v=qIKU3xqJy78,Pakistani
Lemon Chili Achar / Pickle in water - Authentic Hala Heritage Recipe Food Fusion,Lemon Chili Achar / Pickle in water,https://www.youtube.com/watch?v=5EBuLsnK20k,Pakistani
Microwave Gur Papdi Winter Special Recipe by Food Fusion,Microwave Gur Papdi Winter Special Recipe,https://www.youtube.com/watch?v=gsqjR4hCaPI,Pakistani
Crispy Mozzarella Cheese Balls Recipe by Food Fusion,Crispy Mozzarella Cheese Balls Recipe,https://www.youtube.com/watch?v=zUUTMlNtt8Q,Pakistani
Most Wanted Soup Recipes Recipe by Food Fusion,Most Wanted Soup Recipes Recipe,https://www.youtube.com/watch?v=ZvcMoIxgP9Y,Pakistani
Malai Kheer Recipe by Food Fusion,Malai Kheer Recipe,https://www.youtube.com/watch?v=GMC6FYnBa98,Pakistani
Tawa Chicken Champ Recipe in Signature Food Fusion Style,Tawa Chicken Champ Recipe in Signature Food Fusion Style,https://www.youtube.com/watch?v=UjoPU3bZAKI,Pakistani
How To Make Granola Without Oven /Stove Top  Recipe By Food Fusion,How To Make Granola Without Oven /Stove Top  Recipe,https://www.youtube.com/watch?v=t9oFgHO2SJY,Pakistani
Healthy BBQ Chicken Salad Recipe By Food Fusion,Healthy BBQ Chicken Salad Recipe,https://www.youtube.com/watch?v=jFDIDd7NIWs,Pakistani
No Bake Potato Cheese Bread Recipe by Food Fusion,No Bake Potato Cheese Bread Recipe,https://www.youtube.com/watch?v=MUJKaPLweeM,Pakistani
Top 10 Recipe Searches in Pakistan | Google 2022 Year in Search Official Results,Top 10 Recipe Searches in Pakistan,https://www.youtube.com/watch?v=3Bc_HNLrXlE,Pakistani
Hot Chocolate 2 ways (Peanut butter & Caramel) Recipe by Food Fusion,Hot Chocolate 2 ways (Peanut butter & Caramel) Recipe,https://www.youtube.com/watch?v=Tx0XWfp4--s,Continental
Korean Corn Dog /Hot Dog - Famous Korean Street Food Recipe by Food Fusion,Korean Corn Dog /Hot Dog,https://www.youtube.com/watch?v=H_xRAwF-XhE,Pakistani
Healthy Chicken Panja Yakhni | Chicken Feet Soup Winter Special Recipe By Food Fusion,Healthy Chicken Panja Yakhni,https://www.youtube.com/watch?v=sp6mNfalgG4,Pakistani
Immunity Booster Atta Gond ke Laddu (No sugar) - Winter Special Recipe by Food Fusion,Immunity Booster Atta Gond ke Laddu (No sugar),https://www.youtube.com/watch?v=mXLOQTH3q-I,Pakistani
Thai Cashew Chicken Recipe by Food Fusion,Thai Cashew Chicken Recipe,https://www.youtube.com/watch?v=zHdNH0RcSek,Pakistani
Lachay Wala  Baisan Paratha Recipe by Food Fusion,Lachay Wala  Baisan Paratha Recipe,https://www.youtube.com/watch?v=nGaH2HahIHg,Pakistani
Best Grilled Cheese Patty Melt Sandwich Recipe by Food Fusion,Best Grilled Cheese Patty Melt Sandwich Recipe,https://www.youtube.com/watch?v=tZk_pU-m1Pg,Continental
All Time Favorite Carrot Recipes By Food Fusion,All Time Favorite Carrot Recipes,https://www.youtube.com/watch?v=mGqIDMnV5d0,Pakistani
Fish Tikka Biryani Recipe by Food Fusion,Fish Tikka Biryani Recipe,https://www.youtube.com/watch?v=Zj_JLz_12Sc,Pakistani
Potato Chatkhara Kabab/cutlets | Chatkhara Aloo Kabab Recipe by Food Fusion,Potato Chatkhara Kabab/cutlets,https://www.youtube.com/watch?v=lEK1JhYgPKc,Indian
Creamy Chicken Pita Sandwich Recipe Sarwat Gilani at Food Fusion,Creamy Chicken Pita Sandwich Recipe Sarwat Gilani at,https://www.youtube.com/watch?v=rjKXgaY5Abs,Arabic/Mediterranean
Winter Special Dalia Gond Ka Halwa Recipe by Food Fusion,Winter Special Dalia Gond Ka Halwa Recipe,https://www.youtube.com/watch?v=x4LHcnNQ350,Pakistani
Gas Load Shedding Solution - New Best Portable Electric Stove/burner Review - Food Fusion x Glam Gas,Gas Load Shedding Solution,https://www.youtube.com/watch?v=hevZTvZu4xA,Pakistani
Kali Mirch Chicken Recipe by Food Fusion,Kali Mirch Chicken Recipe,https://www.youtube.com/watch?v=Ki1AkC5oTOE,Pakistani
Easy Fish Fry - Surmai Fish Fry Tikka  Recipe By Food Fusion | Air Fried Fish,Easy Fish Fry,https://www.youtube.com/watch?v=g-g6yH8hgiU,Pakistani
Extra Loaded Chilli Fries Recipe by Food Fusion,Extra Loaded Chilli Fries Recipe,https://www.youtube.com/watch?v=UVrMerWpzSw,Pakistani
Korean Japchae Noodles Recipe by Food Fusion,Korean Japchae Noodles Recipe,https://www.youtube.com/watch?v=wdqqAvDw8x4,Pakistani
Chicken Alfredo Spaghetti Recipe by Food Fusion,Chicken Alfredo Spaghetti Recipe,https://www.youtube.com/watch?v=bR6hIYoaeHw,Continental
Restaurant Style Spicy Finger Fish Fry Recipe by Food Fusion,Restaurant Style Spicy Finger Fish Fry Recipe,https://www.youtube.com/watch?v=g7vFc9Jqbyw,Pakistani
Creamy Chicken Tikka Pizza 2 in 1 Recipe By Food Fusion,Creamy Chicken Tikka Pizza 2 in 1 Recipe,https://www.youtube.com/watch?v=arTqfXyI-IA,Continental
Degi Achar Gosht Recipe by Food Fusion,Degi Achar Gosht Recipe,https://www.youtube.com/watch?v=ThU7j6m_R5Y,Pakistani
Restaurant style Hot & Sour Soup Recipe By Food Fusion,Restaurant style Hot & Sour Soup Recipe,https://www.youtube.com/watch?v=UDy9fV2mcD4,Pakistani
Potato Cheese Sticks Recipe By Food Fusion,Potato Cheese Sticks Recipe,https://www.youtube.com/watch?v=K-jEnSjwpA0,Pakistani
Street Style Spicy Masala Fish Fry - Winter Special Recipe By Food Fusion,Street Style Spicy Masala Fish Fry,https://www.youtube.com/watch?v=Xr4_xLUO6sk,Pakistani
Soft French Toast & Vanilla Cream Sauce Recipe With Sarwat Gillani | Food Fusion,Soft French Toast & Vanilla Cream Sauce Recipe With Sarwat Gillani,https://www.youtube.com/watch?v=zKKWPBe7B2c,Pakistani
Winter special Bajray ki Khichri Recipe by Food Fusion,Winter special Bajray ki Khichri Recipe,https://www.youtube.com/watch?v=Wah6kxDud1s,Pakistani
Golgappa Chaat Recipe By Food Fusion,Golgappa Chaat Recipe,https://www.youtube.com/watch?v=pZLHhcKWG3o,Pakistani
Sizzling Grilled Chicken with Garlic Pepper Sauce Recipe by Food Fusion,Sizzling Grilled Chicken with Garlic Pepper Sauce Recipe,https://www.youtube.com/watch?v=EcubEGEoSWo,Pakistani
Swedish Almond Cake Recipe By Food Fusion,Swedish Almond Cake Recipe,https://www.youtube.com/watch?v=9VpaCgRo89c,Continental
Red Tawa Masala Fish Fry | Tawa Spicy Fish Fry  Recipe by Food Fusion,Red Tawa Masala Fish Fry,https://www.youtube.com/watch?v=bZGogptbJP8,Pakistani
6 Unique Fish Recipes By Food Fusion,6 Unique Fish Recipes,https://www.youtube.com/watch?v=uTg1ey-1-VY,Pakistani
Fluffy Cheese Omelette Recipe - Weekend Breakfast Ideas by Food Fusion,Fluffy Cheese Omelette,https://www.youtube.com/watch?v=j-aWFg4-bRk,Continental
Besan Masala Peanuts | Moongphali (Fried & Air fried)Recipe by Food Fusion,Besan Masala Peanuts,https://www.youtube.com/watch?v=p6g4PM2YkJw,Pakistani
What's happening at Food Fusion?,What's happening at Food Fusion?,https://www.youtube.com/watch?v=5CnzXkD_IvA,Pakistani
Chicken Paneer Reshmi Handi Recipe by Food Fusion,Chicken Paneer Reshmi Handi Recipe,https://www.youtube.com/watch?v=Lmz1qDpI9RM,Indian
Chicken Lollipops  a Lunchbox Special Recipe | Food Fusion Make & Freeze,Chicken Lollipops  a Lunchbox Special Recipe Make & Freeze,https://www.youtube.com/watch?v=3m0JR27SjSk,Pakistani
Make This Easy Braided Chicken Bread Without Oven Recipe By Food Fusion,Make This Easy Braided Chicken Bread Without Oven Recipe,https://www.youtube.com/watch?v=Y-MX24vmECM,Pakistani
Creamy Tikka Reshmi Naan without oven Recipe by Food Fusion,Creamy Tikka Reshmi Naan without oven Recipe,https://www.youtube.com/watch?v=TocBi1AkUAo,Pakistani
Mexican Chicken Pasta Recipe by Food Fusion,Mexican Chicken Pasta Recipe,https://www.youtube.com/watch?v=JGITWLQPTGc,Continental
Secret Gajar & Mooli ka Pani wala Achar/Kanji Recipe By Food Fusion,Secret Gajar & Mooli ka Pani wala Achar/Kanji Recipe,https://www.youtube.com/watch?v=_2HOUiQUFnI,Pakistani
Buffalo Chicken Bombs ( Baked | Air Fried | Deep Fried ) Recipe by Food Fusion,Buffalo Chicken Bombs ( Baked,https://www.youtube.com/watch?v=LSCs6opvicQ,Pakistani
Creamy Cheddar Chicken Salad with Ranch Dressing Recipe By Food Fusion,Creamy Cheddar Chicken Salad with Ranch Dressing Recipe,https://www.youtube.com/watch?v=PwqQ0GdIP7c,Pakistani
BBQ Chicken Mini Crunchwraps Recipe by Food Fusion #DigitalAmmi,BBQ Chicken Mini Crunchwraps Recipe by Food Fusion #DigitalAmmi,https://www.youtube.com/watch?v=FSPX4DLAJf8,Pakistani
Murghi ke Panjay ka Salan / Chicken Feet Curry with Cleaning Methods Recipe by Food Fusion,Murghi ke Panjay ka Salan / Chicken Feet Curry with Cleaning Methods Recipe,https://www.youtube.com/watch?v=dJFHriJuPNA,Pakistani
Paratha Rollups Lunch Box Recipe by Food Fusion,Paratha Rollups Lunch Box Recipe,https://www.youtube.com/watch?v=1G1dbHG4Y6U,Pakistani
Creamy Mustard Chicken Recipe by Food Fusion,Creamy Mustard Chicken Recipe,https://www.youtube.com/watch?v=wFjGKGDWsQ4,Pakistani
Cheesy Mexican Omelette - Breakfast Recipe by Food Fusion,Cheesy Mexican Omelette,https://www.youtube.com/watch?v=g5IpVEbyw5U,Continental
Tawa Egg Masala Dhaba Style Recipe by Food Fusion,Tawa Egg Masala Dhaba Style Recipe,https://www.youtube.com/watch?v=1gRDoAXGBLY,Pakistani
6 Festive Mithai | Homemade mithai Recipes By Food Fusion,6 Festive Mithai,https://www.youtube.com/watch?v=ZOEs48tN0Tk,Pakistani
Special Desi Desserts 2022 Food Fusion,Special Desi Desserts 2022,https://www.youtube.com/watch?v=LADtoFI5-g8,Pakistani
Boston Cream Pie Trifle Recipe By Food Fusion,Boston Cream Pie Trifle Recipe,https://www.youtube.com/watch?v=IkXnhBi_H_U,Pakistani
Aloo Cheese Paratha Ramadan Special Recipe By Food Fusion,Aloo Cheese Paratha Ramadan Special Recipe,https://www.youtube.com/watch?v=IW8KxO9sXRM,Pakistani
4 Ingredient Microwave Kalakand in Just 10 min ( No cooking No stove) Recipe by Food Fusion,4 Ingredient Microwave Kalakand in Just 10 min ( No cooking No stove) Recipe,https://www.youtube.com/watch?v=DyX35m894Nc,Pakistani
Crispy Chicken Cheese Patty Burger Recipe by Food Fusion,Crispy Chicken Cheese Patty Burger Recipe,https://www.youtube.com/watch?v=YbBQrjKBOXQ,Continental
Schezwan Chicken & Corn Fried Rice Recipe by Food Fusion,Schezwan Chicken & Corn Fried Rice Recipe,https://www.youtube.com/watch?v=Jn5VmPsgr0g,Chinese
Pear Lemonade Recipe by Food Fusion,Pear Lemonade Recipe,https://www.youtube.com/watch?v=mmj3IN4--pw,Pakistani
Milk Chocolate Caramel Trifle Cups Recipe By Food Fusion | Chocolate Trifle Dessert,Milk Chocolate Caramel Trifle Cups Recipe,https://www.youtube.com/watch?v=P0Fa2cW0XaE,Continental
Hunzai Chicken Handi Recipe by Food Fusion,Hunzai Chicken Handi Recipe,https://www.youtube.com/watch?v=dm92ecyoaEQ,Pakistani
No Bake Chocolate Biscuit Cake Recipe by Food Fusion,No Bake Chocolate Biscuit Cake Recipe,https://www.youtube.com/watch?v=aY_bTKxgE6c,Continental
Easy Chana Daal Pulao Recipe By Food Fusion,Easy Chana Daal Pulao Recipe,https://www.youtube.com/watch?v=dNsLOoEBARg,Pakistani
Aloo Kadhi Recipe by Food Fusion | Budget friendly recipe,Aloo Kadhi Recipe,https://www.youtube.com/watch?v=Fu93cC329HE,Pakistani
Electric Lemonade Recipe by Food Fusion,Electric Lemonade Recipe,https://www.youtube.com/watch?v=JWFEX64W2a4,Pakistani
Amazing Bread Sandwich Pakora Recipe (On Tawa & Stove top Sandwich Maker) by Food Fusion,Amazing Bread Sandwich Pakora Recipe (On Tawa & Stove top Sandwich Maker),https://www.youtube.com/watch?v=ZPBQV6NRroo,Continental
Crispy Atta/ Digestive Biscuits Recipe by Food Fusion,Crispy Atta/ Digestive Biscuits Recipe,https://www.youtube.com/watch?v=L0cjE699iho,Pakistani
Stop Donations to Food Fusion - Flood Relief Update 8,Stop Donations to,https://www.youtube.com/watch?v=C1iAwjjW8xE,Pakistani
Mong Daal Badam Halwa Recipe by Food Fusion,Mong Daal Badam Halwa Recipe,https://www.youtube.com/watch?v=xRKqotqe0Yc,Pakistani
Sabudana/Sagudana Kabab Recipe by Food Fusion,Sabudana/Sagudana Kabab Recipe,https://www.youtube.com/watch?v=rRjlIvt3ZFU,Pakistani
Zingy Parcels Recipe by Food Fusion,Zingy Parcels Recipe,https://www.youtube.com/watch?v=Bf3sBrt-uNw,Pakistani
Vegetable Pancakes Recipe by Food Fusion,Vegetable Pancakes Recipe,https://www.youtube.com/watch?v=VrIhfd4BmN8,Pakistani
Malai Chicken Lacha Paratha Recipe by Food Fusion,Malai Chicken Lacha Paratha Recipe,https://www.youtube.com/watch?v=n6EZwC-96eg,Pakistani
Grapes Mojito & Berry Peach Mojito Recipe by Food Fusion,Grapes Mojito & Berry Peach Mojito Recipe,https://www.youtube.com/watch?v=5s5OzoHJ4-U,Pakistani
Yakhni Pulao with Shami Kabab & Steam Chicken (Inspired by Savour Pulao) Recipe by Food Fusion,Yakhni Pulao with Shami Kabab & Steam Chicken (Inspired by Savour Pulao) Recipe,https://www.youtube.com/watch?v=p0nyhiNsNMQ,Pakistani
Stuffed Onion Rings- Air Fryer Recipe by Food Fusion,Stuffed Onion Rings- Air Fryer Recipe,https://www.youtube.com/watch?v=l5pElZOsKow,Pakistani
Chocolate Apam Balik Crepes - Famous Malaysian street Food Recipe by Food Fusion,Chocolate Apam Balik Crepes,https://www.youtube.com/watch?v=O7I0MEGN15g,Pakistani
Vegetable Nuggets -  Lunchbox / Tiffin Box  and Air Fryer Friendly Recipe by Food Fusion,Vegetable Nuggets,https://www.youtube.com/watch?v=-ftVDSWNcAo,Pakistani
Egyptian Hawawshi (Crispy Meat Filled Bread Pockets)  Food Fusion Recipe Version,Egyptian Hawawshi (Crispy Meat Filled Bread Pockets)  Food Fusion Recipe Version,https://www.youtube.com/watch?v=xDdt3UXEYZE,Pakistani
Chicken Changezi - An Amazing Everyday Chicken Recipe By Food Fusion,Chicken Changezi,https://www.youtube.com/watch?v=2t09tyNcuM4,Pakistani
How To make easy Kimchi at home - Korean Kimchi Recipe by Food Fusion,How To make easy Kimchi at home,https://www.youtube.com/watch?v=VE4vAhnVPDU,Pakistani
Microwave Meals 3-Quick Ways Recipe by Food Fusion,Microwave Meals 3-Quick Ways Recipe,https://www.youtube.com/watch?v=CPqvzai65xc,Pakistani
Easy Murgh Cholay - Chicken Cholay Recipe By Food Fusion,Easy Murgh Cholay,https://www.youtube.com/watch?v=SLyR6rfOpx0,Pakistani
No Bake Banana Split Cake Recipe by Food Fusion,No Bake Banana Split Cake Recipe,https://www.youtube.com/watch?v=o_IhAqth28k,Continental
Chicken Makhni Achari Handi Recipe by Food Fusion,Chicken Makhni Achari Handi Recipe,https://www.youtube.com/watch?v=OLQ297YjZFA,Pakistani
Hunger & Disease Persists - Khipro - 1200 Families Reached Food Fusion Flood Relief Update 7,Hunger & Disease Persists,https://www.youtube.com/watch?v=_-3Dc0_acNY,Pakistani
Restaurant Style Chicken Shashlik with Gravy Recipe by Food Fusion,Restaurant Style Chicken Shashlik with Gravy Recipe,https://www.youtube.com/watch?v=1UM1oGnLsZE,Pakistani
How To Make Storable Steam Chicken Kofta (Make and Freeze) Recipe Food Fusion,How To Make Storable Steam Chicken Kofta (Make and Freeze) Recipe,https://www.youtube.com/watch?v=U58uvLHUsPM,Pakistani
Chicken Chilli Dry with Fried Rice Recipe By Food Fusion,Chicken Chilli Dry with Fried Rice Recipe,https://www.youtube.com/watch?v=MmqgrmfdYbY,Chinese
Moroccan Batbout Sandwiches Recipe by Food Fusion,Moroccan Batbout Sandwiches Recipe,https://www.youtube.com/watch?v=qQXfmRcTuHE,Pakistani
Chicken Fajita Crunch Wraps Recipe by Food Fusion,Chicken Fajita Crunch Wraps Recipe,https://www.youtube.com/watch?v=-Jy75YgYS5M,Pakistani
Street Style Omelette Sandwich Recipe by Food Fusion,Street Style Omelette Sandwich Recipe,https://www.youtube.com/watch?v=6xHiv7t1DCw,Continental
Thai Mini Chicken Pizza Recipe by Food Fusion,Thai Mini Chicken Pizza Recipe,https://www.youtube.com/watch?v=ODiwoVpXyi0,Continental
800 Families Reached - Dadu Food Fusion Flood Relief Campaign Update 6,800 Families Reached,https://www.youtube.com/watch?v=xgglzIYHix8,Pakistani
Chicken Tikka with Garlic Cheese Sauce & Grilled Corn Recipe by Food Fusion,Chicken Tikka with Garlic Cheese Sauce & Grilled Corn Recipe,https://www.youtube.com/watch?v=PfhvmtHKroU,Pakistani
Cajun Chicken Alfredo Pasta Recipe By Food Fusion,Cajun Chicken Alfredo Pasta Recipe,https://www.youtube.com/watch?v=Vs5SaMxA3-o,Continental
Chocolate Brownie Cake Dessert Recipe by Food Fusion,Chocolate Brownie Cake Dessert Recipe,https://www.youtube.com/watch?v=y8P9ztUSV9E,Continental
Lauki ka Bharta Recipe by Food Fusion,Lauki ka Bharta Recipe,https://www.youtube.com/watch?v=klWvcqjFxNU,Pakistani
Chicken Lasagna with Creamy Sauce Recipe by Food Fusion,Chicken Lasagna with Creamy Sauce Recipe,https://www.youtube.com/watch?v=OEVCrcv66MM,Continental
Minimum 6 Months to settle back in?  Pakistan Floods - Food Fusion Flood Relief Update 5,Minimum 6 Months to settle back in?  Pakistan Floods Flood Relief Update 5,https://www.youtube.com/watch?v=XV9lmoEgpdk,Pakistani
Persian Koobideh Kabab with Easy Tahdig Rice Recipe By Food Fusion,Persian Koobideh Kabab with Easy Tahdig Rice Recipe,https://www.youtube.com/watch?v=xOHBhR0DCeE,Pakistani
Spicy Mac n Cheese Recipe by Food Fusion,Spicy Mac n Cheese Recipe,https://www.youtube.com/watch?v=CRFTkpfs1Wc,Pakistani
350 Families Reached - Dadu Food Fusion Flood Relief Campaign,350 Families Reached,https://www.youtube.com/watch?v=6_Tlu9fwhcU,Pakistani
Pizza Baked Potato Recipe by Food Fusion (Air fryer / Baked),Pizza Baked Potato Recipe by Food Fusion (Air fryer / Baked),https://www.youtube.com/watch?v=hJlfr06AE_E,Continental
Steamed Spinach Egg Recipe by Food Fusion,Steamed Spinach Egg Recipe,https://www.youtube.com/watch?v=LNpzbey08Vo,Pakistani
Ready For Hyderabad to Dadu -  Flood Relief Campaign Update 3 - Food Fusion,Ready For Hyderabad to Dadu,https://www.youtube.com/watch?v=hvQtV9Aa3IM,Pakistani
Afghani Tikka Burst Pizza Recipe by Food Fusion,Afghani Tikka Burst Pizza Recipe,https://www.youtube.com/watch?v=emEFQRsizgE,Arabic/Mediterranean
Emergency Flood Relief Campaign - Food Fusion,Emergency Flood Relief Campaign,https://www.youtube.com/watch?v=wULi9XbCahI,Pakistani
Fizzy Coffee Sparklers Recipe By Food Fusion,Fizzy Coffee Sparklers Recipe,https://www.youtube.com/watch?v=kqkyzLd-3QQ,Continental
Shredded Butter Chicken Sandwich Recipe By Food Fusion,Shredded Butter Chicken Sandwich Recipe,https://www.youtube.com/watch?v=6dwvFhaFdaQ,Continental
Chocolate Waffles Recipe by Food Fusion,Chocolate Waffles Recipe,https://www.youtube.com/watch?v=fF1x6zRJ3nk,Pakistani
Food Fusion - Flood Relief Campaign Update 1,Food Fusion,https://www.youtube.com/watch?v=j7qFwwhqwE0,Pakistani
Smokey Chatpatta Qeema Casserole Recipe By Food Fusion,Smokey Chatpatta Qeema Casserole Recipe,https://www.youtube.com/watch?v=9gZQHWPuCTs,Pakistani
Emergency Flood Relief Efforts -  Food Fusion,Emergency Flood Relief Efforts,https://www.youtube.com/watch?v=HfWrksckIIo,Pakistani
Lemon Mirch Chicken Tikka Recipe by Food Fusion,Lemon Mirch Chicken Tikka Recipe,https://www.youtube.com/watch?v=Jo4b5G2a1r8,Pakistani
Less Oil Lahori Chargha Restaurant Style Recipe By Food Fusion,Less Oil Lahori Chargha Restaurant Style Recipe,https://www.youtube.com/watch?v=9O-aMD-h9ck,Pakistani
Lotus Pudding Cake Recipe by Food Fusion,Lotus Pudding Cake Recipe,https://www.youtube.com/watch?v=ILCN_I7Kqog,Continental
Aloo Methi ki Sabzi Recipe by Food Fusion,Aloo Methi ki Sabzi Recipe,https://www.youtube.com/watch?v=zPo3LawfXac,Pakistani
Sparkling Grapefruit & Maple Mocktail Recipe By Food Fusion,Sparkling Grapefruit & Maple Mocktail Recipe,https://www.youtube.com/watch?v=uhyNDLEAGMA,Pakistani
Sultani Daal with Rangeen Rice Recipe by Food Fusion,Sultani Daal with Rangeen Rice Recipe,https://www.youtube.com/watch?v=s6MK2VkhP3I,Pakistani
Easy Malt Cake Recipe by Food Fusion,Easy Malt Cake Recipe,https://www.youtube.com/watch?v=BsQLSRj1JSI,Continental
Mix Vegetable Tehari/Pulao Recipe by Food Fusion,Mix Vegetable Tehari/Pulao Recipe,https://www.youtube.com/watch?v=xVKqauZjwXE,Pakistani
Malai Tikka with Creamy Green Chutney Recipe by Food Fusion,Malai Tikka with Creamy Green Chutney Recipe,https://www.youtube.com/watch?v=BpeP8ltY0Xo,Pakistani
Crispy Tandoori Pakoray With Amazing Tandoori Chutney  - Monsoon Special Recipe By Food Fusion,Crispy Tandoori Pakoray With Amazing Tandoori Chutney,https://www.youtube.com/watch?v=cltIQ7s_Aac,Pakistani
Green Velvet Swirl Brownies Recipe by food Fusion (Independence Day Special),Green Velvet Swirl Brownies Recipe by food Fusion (Independence Day Special),https://www.youtube.com/watch?v=6tZA-wkM8-s,Pakistani
Green Day Special Recipes by Food Fusion (Independence Day Special),Green Day Special Recipes by Food Fusion (Independence Day Special),https://www.youtube.com/watch?v=SqDm6s_ztVY,Pakistani
Banana Cream Pie Recipe by Food Fusion,Banana Cream Pie Recipe,https://www.youtube.com/watch?v=hQc8CyicwVo,Pakistani
Matar Paneer Handi (Rajhistani Style) Recipe by Food Fusion,Matar Paneer Handi (Rajhistani Style) Recipe,https://www.youtube.com/watch?v=VjAFpU9-XEI,Indian
Crispy Chilli Beef with Egg & Vegetable Fried Rice Recipe by Food Fusion,Crispy Chilli Beef with Egg & Vegetable Fried Rice Recipe,https://www.youtube.com/watch?v=znA_qj9lIk8,Chinese
6 Must Try Pulao Recipes 2022 By Food Fusion,6 Must Try Pulao Recipes 2022,https://www.youtube.com/watch?v=YgiBxoSUuc4,Pakistani
Chicken Chutney Paratha Recipe by Food Fusion,Chicken Chutney Paratha Recipe,https://www.youtube.com/watch?v=djpZoQPLAEY,Pakistani
Creamy Kofta Curry Recipe by Food Fusion,Creamy Kofta Curry Recipe,https://www.youtube.com/watch?v=5e1axls8eeg,Pakistani
Degi Chana Pulao Recipe by Food Fusion,Degi Chana Pulao Recipe,https://www.youtube.com/watch?v=HPDmPxBxXG8,Pakistani
Degi Haleem Recipe by Food Fusion,Degi Haleem Recipe,https://www.youtube.com/watch?v=msNXcz5jV0I,Pakistani
Special Kheer & Puri Paratha Recipe by Food Fusion,Special Kheer & Puri Paratha Recipe,https://www.youtube.com/watch?v=P_xppzp4w4Y,Pakistani
"Meethi Tikiyan Air Fried, Baked and Fried Recipe by Food Fusion","Meethi Tikiyan Air Fried, Baked and Fried Recipe",https://www.youtube.com/watch?v=UZEidJgBA2E,Pakistani
Chai Recipes by Food Fusion,Chai Recipes,https://www.youtube.com/watch?v=2ugD3pwK6Y4,Pakistani
Buttermilk Masala Kebab Recipe by Food Fusion,Buttermilk Masala Kebab Recipe,https://www.youtube.com/watch?v=BLxjaVQjHIk,Pakistani
Rainy Day Snacks 2022 Recipes by Food Fusion,Rainy Day Snacks 2022 Recipes,https://www.youtube.com/watch?v=OWUk9xtRGhU,Pakistani
Best Air Fryer Detailed Review By Food Fusion,Best Air Fryer Detailed Review,https://www.youtube.com/watch?v=lMtKNFRBHPU,Pakistani
Puri/Paratha Desi Breakfast Recipes by Food Fusion,Puri/Paratha Desi Breakfast Recipes,https://www.youtube.com/watch?v=K4Zo1EW_GdQ,Pakistani
Palak Handi with Mini Naan Recipe by Food Fusion,Palak Handi with Mini Naan Recipe,https://www.youtube.com/watch?v=yhe_Cp2lF7Q,Pakistani
Easy Kadhi Pakora Chawal Recipe by Food Fusion,Easy Kadhi Pakora Chawal Recipe,https://www.youtube.com/watch?v=ToWY80OGD94,Pakistani
Kadhai Bhindi Recipe By Food Fusion,Kadhai Bhindi Recipe,https://www.youtube.com/watch?v=KPnCzrhS3Yg,Pakistani
6 Must Try Biryani Recipes 2022 By Food Fusion (Bakra Eid Special),6 Must Try Biryani Recipes 2022 By Food Fusion (Bakra Eid Special),https://www.youtube.com/watch?v=Dl-OnnIXyqI,Pakistani
Cheesy Beef Pasta Casserole Recipe By Food Fusion,Cheesy Beef Pasta Casserole Recipe,https://www.youtube.com/watch?v=kEb-l2_cfMM,Continental
Alfredo Sauce Pasta Strips Recipe By Food Fusion,Alfredo Sauce Pasta Strips Recipe,https://www.youtube.com/watch?v=wmHJr72u_-I,Continental
Shahi White Mutton Korma Recipe By Food Fusion,Shahi White Mutton Korma Recipe,https://www.youtube.com/watch?v=AhxFGmlZH2w,Pakistani
Berry Flamingo Mexican Punch Recipe By Food Fusion (Summer Special),Berry Flamingo Mexican Punch Recipe By Food Fusion (Summer Special),https://www.youtube.com/watch?v=ml4qkpcsmrE,Pakistani
Beijing Beef with Lemon Garlic Fried Rice Recipe By Food Fusion (Bakra Eid Special),Beijing Beef with Lemon Garlic Fried Rice Recipe By Food Fusion (Bakra Eid Special),https://www.youtube.com/watch?v=fRNTnXjNOp0,Chinese
Summer Special Ice cream 2022 Recipes By Food Fusion,Summer Special Ice cream 2022 Recipes,https://www.youtube.com/watch?v=o3uDIVE9cV8,Pakistani
Dahi Beef Masala Recipe By Food Fusion (Bakra Eid Special),Dahi Beef Masala Recipe By Food Fusion (Bakra Eid Special),https://www.youtube.com/watch?v=xtqyBp9P8XY,Pakistani
Special Mutton Pulao Recipe By Food Fusion (Bakra Eid Special),Special Mutton Pulao Recipe By Food Fusion (Bakra Eid Special),https://www.youtube.com/watch?v=a0T-TSVuy3Y,Pakistani
6 Delicious Karahi Recipes By Food Fusion (Bakra Eid Special),Karahi Recipes By Food Fusion (Bakra Eid Special),https://www.youtube.com/watch?v=h8Y7AkGdss0,Pakistani
Tomato & Onion Filled Kabab Recipe By Food Fusion (Bakra Eid Special),Tomato & Onion Filled Kabab Recipe By Food Fusion (Bakra Eid Special),https://www.youtube.com/watch?v=oRSUHoKEY3M,Pakistani
Beef Seekh Kabab Recipe By Food Fusion (Bakra Eid Special),Beef Seekh Kabab Recipe By Food Fusion (Bakra Eid Special),https://www.youtube.com/watch?v=CF8uV9u8P9U,Pakistani
4 Special BBQ Recipes By Food Fusion (Bakra Eid Special),4 Special BBQ Recipes By Food Fusion (Bakra Eid Special),https://www.youtube.com/watch?v=mNcvpVFioMk,Pakistani
Beef Lasagna Recipe by Food Fusion,Beef Lasagna Recipe,https://www.youtube.com/watch?v=uMhq9ZiwjRk,Continental
Murgh Reshmi Tikka Boti Recipe By Food Fusion,Murgh Reshmi Tikka Boti Recipe,https://www.youtube.com/watch?v=NtQ4MtU7wQ0,Pakistani
4 Must Try Raan Roast Recipes 2022 By Food Fusion (Bakra Eid Special),4 Must Try Raan Roast Recipes 2022 By Food Fusion (Bakra Eid Special),https://www.youtube.com/watch?v=hsmEcgNh5zU,Pakistani
Haleem Style Beef Dalia By Food Fusion (Bakra Eid Special),Haleem Style Beef Dalia By Food Fusion (Bakra Eid Special),https://www.youtube.com/watch?v=Rqw3r18yZX0,Pakistani
Eid Special Menu Collection 3 By Food Fusion (Bakra Eid Special),Eid Special Menu Collection 3 By Food Fusion (Bakra Eid Special),https://www.youtube.com/watch?v=iSmMfGlTgjM,Pakistani
Eid Special Menu Collection 2 By Food Fusion (Bakra Eid Special),Eid Special Menu Collection 2 By Food Fusion (Bakra Eid Special),https://www.youtube.com/watch?v=OxaEew1MeFQ,Pakistani
Bakra Eid Special Budget Recipes Collection 4 By Food Fusion (Bakra Eid Special),Bakra Eid Special Budget Recipes Collection 4 By Food Fusion (Bakra Eid Special),https://www.youtube.com/watch?v=HLn-SBDc6Ss,Pakistani
Eid Special Menu Collection 1 By Food Fusion (Bakra Eid Special),Eid Special Menu Collection 1 By Food Fusion (Bakra Eid Special),https://www.youtube.com/watch?v=gHqxlhLvtvI,Pakistani
Lab-e-Shirin Trifle Recipe By Food Fusion (Eid Special),Lab-e-Shirin Trifle Recipe By Food Fusion (Eid Special),https://www.youtube.com/watch?v=BohiQvl_5JA,Pakistani
Punjabi Mutton Chanay Recipe By Food Fusion (Eid Special),Punjabi Mutton Chanay Recipe By Food Fusion (Eid Special),https://www.youtube.com/watch?v=39qgkQpky5Y,Pakistani
Brain Masala Fry Handi Recipe By Food Fusion (Bakra Eid Special),Brain Masala Fry Handi Recipe By Food Fusion (Bakra Eid Special),https://www.youtube.com/watch?v=hYAWtx-33Tc,Pakistani
Kaleji & Maghaz Recipes By Food Fusion (Bakra Eid Special),Kaleji & Maghaz Recipes By Food Fusion (Bakra Eid Special),https://www.youtube.com/watch?v=_IdVE5rZwwA,Pakistani
Doodh Sawaiyan Recipe By Food Fusion (Eid Special),Doodh Sawaiyan Recipe By Food Fusion (Eid Special),https://www.youtube.com/watch?v=A4WT1tIV4o4,Pakistani
Pull Me Up Ice Cream Cake Recipe By Food Fusion (Eid Special),Pull Me Up Ice Cream Cake Recipe By Food Fusion (Eid Special),https://www.youtube.com/watch?v=YtjaFwwMYbM,Continental
Makhani Dum Biryani Recipe By Food Fusion (Bakra Eid Special),Makhani Dum Biryani Recipe By Food Fusion (Bakra Eid Special),https://www.youtube.com/watch?v=vzm0TRiywi0,Pakistani
Stuffed Shahi Tukra Recipe By Food Fusion,Stuffed Shahi Tukra Recipe,https://www.youtube.com/watch?v=mmz-zn7kZHQ,Pakistani
Charcoal Grilled Namkeen Chops Recipe By Food Fusion (Bakra Eid Special),Charcoal Grilled Namkeen Chops Recipe By Food Fusion (Bakra Eid Special),https://www.youtube.com/watch?v=uIOXs3A_ufY,Pakistani
Cheese Cake Bars Recipe By Food Fusion (Eid Special),Cheese Cake Bars Recipe By Food Fusion (Eid Special),https://www.youtube.com/watch?v=dUIUYn7q4Iw,Continental
Bakra Eid Special Budget Recipes Collection 3 By Food Fusion (Bakra Eid Special),Bakra Eid Special Budget Recipes Collection 3 By Food Fusion (Bakra Eid Special),https://www.youtube.com/watch?v=QApR5wg1_Is,Pakistani
Creamy Pasta Salad Recipe By Food Fusion (Bakra Eid Special),Creamy Pasta Salad Recipe By Food Fusion (Bakra Eid Special),https://www.youtube.com/watch?v=VxTEhhrGc-s,Continental
Hara masala Tawa kaleji Recipe By Food Fusion (Bakra Eid Special),Hara masala Tawa kaleji Recipe By Food Fusion (Bakra Eid Special),https://www.youtube.com/watch?v=7QwtVNWIDpE,Pakistani
Bakra Eid Special Budget Recipes Collection 2 By Food Fusion (Bakra Eid Special),Bakra Eid Special Budget Recipes Collection 2 By Food Fusion (Bakra Eid Special),https://www.youtube.com/watch?v=6H1F14HH4_8,Pakistani
Mutton Rosh With Chana Daal Recipe By Food Fusion (Bakra Eid Special),Mutton Rosh With Chana Daal Recipe By Food Fusion (Bakra Eid Special),https://www.youtube.com/watch?v=eZ5xE5PCj0s,Pakistani
Mango Mahalabia (Milk Pudding) Recipe By Food Fusion (Bakra Eid Special),Mango Mahalabia (Milk Pudding) Recipe By Food Fusion (Bakra Eid Special),https://www.youtube.com/watch?v=96HtOFookxo,Pakistani
Bakra Eid Special Budget Recipes Collection 1 By Food Fusion (Bakra Eid Special),Bakra Eid Special Budget Recipes Collection 1 By Food Fusion (Bakra Eid Special),https://www.youtube.com/watch?v=DKm0ciD5l1g,Pakistani
Lamb Seekh Kabab Recipe By Food Fusion (Bakra Eid Special),Lamb Seekh Kabab Recipe By Food Fusion (Bakra Eid Special),https://www.youtube.com/watch?v=gN9QtCjTfWk,Pakistani
BBQ Kabab Platter Recipe By Food Fusion,BBQ Kabab Platter Recipe,https://www.youtube.com/watch?v=xxkyNAsm1T0,Pakistani
5 Special Nihari Recipes By Food Fusion (Bakra Eid Special),5 Special Nihari Recipes By Food Fusion (Bakra Eid Special),https://www.youtube.com/watch?v=rM1Od8s3ARo,Pakistani
Lamb Chops Platter Recipe By Food Fusion (Bakra Eid Special),Lamb Chops Platter Recipe By Food Fusion (Bakra Eid Special),https://www.youtube.com/watch?v=TZ7W5ZBRIpc,Pakistani
Shab Daig Nihari Recipe By Food Fusion,Shab Daig Nihari Recipe,https://www.youtube.com/watch?v=gRkoQ9XTDXg,Pakistani
4 Amazing Steak Recipes By Food Fusion (Bakra Eid Special),Steak Recipes By Food Fusion (Bakra Eid Special),https://www.youtube.com/watch?v=WWUY7AlI4bU,Continental
Makhni Raan Roast Recipe By Food Fusion (Bakra Eid Special),Makhni Raan Roast Recipe By Food Fusion (Bakra Eid Special),https://www.youtube.com/watch?v=Or8KZiTfhbI,Pakistani
Bubbly Summer Drinks (Mocktails) Recipe by Food Fusion,Bubbly Summer Drinks (Mocktails) Recipe,https://www.youtube.com/watch?v=JRp5TrOfz5M,Pakistani
Teriyaki Sesame Beef Skewers Recipe By Food Fusion (Bakra Eid Special),Teriyaki Sesame Beef Skewers Recipe By Food Fusion (Bakra Eid Special),https://www.youtube.com/watch?v=BXGiofrpsAQ,Japanese
Mango Ras Malai Recipe By Food Fusion,Mango Ras Malai Recipe,https://www.youtube.com/watch?v=SB1MrMZg8mY,Pakistani
Baked Alaska Cake Recipe By Food Fusion (Eid Special),Baked Alaska Cake Recipe By Food Fusion (Eid Special),https://www.youtube.com/watch?v=Ds1xjmHhXno,Continental
Arabic Mutton Majboos  Recipe By Food Fusion (Bakra Eid Special),Arabic Mutton Majboos  Recipe By Food Fusion (Bakra Eid Special),https://www.youtube.com/watch?v=SDP0ONI351Y,Arabic/Mediterranean
Dum wala Mutton Recipe by Food Fusion,Dum wala Mutton Recipe,https://www.youtube.com/watch?v=q2rLZttsVsw,Pakistani
Mango Rabri Cups Recipe By Food Fusion (Eid Special),Mango Rabri Cups Recipe By Food Fusion (Eid Special),https://www.youtube.com/watch?v=AU74-VXMRFY,Pakistani
Gosht Lababdar Recipe By Food Fusion (Bakra Eid Special),Gosht Lababdar Recipe By Food Fusion (Bakra Eid Special),https://www.youtube.com/watch?v=jV8NDubh7PU,Pakistani
Balochi Mutton karahi Recipe By Food Fusion (Bakra Eid Special),Balochi Mutton karahi Recipe By Food Fusion (Bakra Eid Special),https://www.youtube.com/watch?v=78osGNNmVRg,Pakistani
4 Restaurant Style Meat Recipes by Food Fusion (Bakra Eid Special),4 Restaurant Style Meat Recipes by Food Fusion (Bakra Eid Special),https://www.youtube.com/watch?v=b8sygZzRxQ0,Pakistani
Italian Pasta Salad Recipe by food Fusion,Italian Pasta Salad Recipe,https://www.youtube.com/watch?v=QtYIAimp3TU,Continental
Mango Malai Cake Recipe By Food Fusion (Eid Special),Mango Malai Cake Recipe By Food Fusion (Eid Special),https://www.youtube.com/watch?v=m7xBtERQsFc,Continental
Kashmiri Style Biryani Recipe By Food Fusion,Kashmiri Style Biryani Recipe,https://www.youtube.com/watch?v=No5vBIPjy7Y,Pakistani
8 Special Kabab Recipes By Food Fusion (Bakra Eid Special),8 Special Kabab Recipes By Food Fusion (Bakra Eid Special),https://www.youtube.com/watch?v=lz70tN-qSOw,Pakistani
Spicy Qeemay Wala Naan Recipe By Food Fusion,Spicy Qeemay Wala Naan Recipe,https://www.youtube.com/watch?v=0RXzpbi9z5c,Pakistani
Paya Nihari Recipe By Food Fusion (Bakra Eid Special),Paya Nihari Recipe By Food Fusion (Bakra Eid Special),https://www.youtube.com/watch?v=4e_DVCcJTlk,Pakistani
Sunrise Surprise Recipe by Food Fusion,Sunrise Surprise Recipe,https://www.youtube.com/watch?v=xsmLcZF7M7A,Pakistani
Tuscan Garlic Chicken Pasta Recipe By Food Fusion,Tuscan Garlic Chicken Pasta Recipe,https://www.youtube.com/watch?v=WwVFg45DB60,Continental
Mango Malai Falooda Recipe By Food Fusion,Mango Malai Falooda Recipe,https://www.youtube.com/watch?v=23VhbdT8pdU,Pakistani
Mango Butterscotch Delight Recipe by Food Fusion,Mango Butterscotch Delight Recipe,https://www.youtube.com/watch?v=bx9krTd7nXQ,Pakistani
Italian Cream Soda 2 ways Recipe By Food Fusion,Italian Cream Soda 2 ways Recipe,https://www.youtube.com/watch?v=uJ0kyXzTcCI,Pakistani
Spicy Lal Chutni Qeema Calzone Recipe By Food Fusion,Spicy Lal Chutni Qeema Calzone Recipe,https://www.youtube.com/watch?v=08axmOseXgU,Pakistani
Mango Icebox Cake Recipe By Food Fusion,Mango Icebox Cake Recipe,https://www.youtube.com/watch?v=emOvO33G3Ag,Continental
Crunch Burger Recipe By Food Fusion,Crunch Burger Recipe,https://www.youtube.com/watch?v=DjZi4BkRdSE,Continental
Fajita Skewers with Corn Feta Salad Recipe By Food Fusion,Fajita Skewers with Corn Feta Salad Recipe,https://www.youtube.com/watch?v=USywrZxSNyc,Pakistani
Nutella Tres Leches Cake Recipe By Food Fusion,Nutella Tres Leches Cake Recipe,https://www.youtube.com/watch?v=0hX0P85Rfqs,Continental
Stuffed Makhmali Chicken Tikka Recipe By Food FUsion,Stuffed Makhmali Chicken Tikka Recipe,https://www.youtube.com/watch?v=HTPY3xok4bg,Pakistani
Frozen Mango Margarita & Mango Pineapple Party Punch By Food Fusion,Frozen Mango Margarita & Mango Pineapple Party Punch,https://www.youtube.com/watch?v=OF49twlGdhM,Pakistani
Chatkhara Ginger Chicken Recipe By Food Fusion,Chatkhara Ginger Chicken Recipe,https://www.youtube.com/watch?v=abPUZQEwyZ4,Indian
Chatpatti Chana Daal Recipe By Food Fusion,Chatpatti Chana Daal Recipe,https://www.youtube.com/watch?v=us0YYgBqObA,Pakistani
Beef Qeema Karelay Recipe By Food Fusion,Beef Qeema Karelay Recipe,https://www.youtube.com/watch?v=N20Z78MyaYI,Pakistani
Chocolate Chip Cookie Bars Recipe By Food Fusion,Chocolate Chip Cookie Bars Recipe,https://www.youtube.com/watch?v=vR2XOrhC5uM,Continental
Chicken Roulade with Cheese Sauce Recipe By Food Fusion,Chicken Roulade with Cheese Sauce Recipe,https://www.youtube.com/watch?v=KjpbMesgS_k,Pakistani
Arabic Mutton Biryani - Fusion Recipe By Food Fusion,Arabic Mutton Biryani,https://www.youtube.com/watch?v=eWe1Mjzvf9w,Arabic/Mediterranean
Cookies & Cream Parfait Recipe By Food Fusion,Cookies & Cream Parfait Recipe,https://www.youtube.com/watch?v=EVRJwxL_wvQ,Pakistani
Summer Special Chutney Recipes - Falsa and Kayri (Raw Mango) Chutney Recipes By Food Fusion,Summer Special Chutney Recipes,https://www.youtube.com/watch?v=XyGsNbR9frc,Pakistani
Kayri Qeema (Raw Mango Qeema) Recipe By Food Fusion,Kayri Qeema (Raw Mango Qeema) Recipe,https://www.youtube.com/watch?v=Up00gBsopJU,Pakistani
Crispy Seekh Kabab Roll Recipe By Food Fusion,Crispy Seekh Kabab Roll Recipe,https://www.youtube.com/watch?v=sPbe6J59qTY,Pakistani
Extra Crispy Chicken Wings in Air Fryer Recipe By Food Fusion,Extra Crispy Chicken Wings in Air Fryer Recipe,https://www.youtube.com/watch?v=nD7Dg_MtGLY,Continental
Chocolate Peanut Butter Tart Recipe By Food Fusion,Chocolate Peanut Butter Tart Recipe,https://www.youtube.com/watch?v=AWKtRgSspRA,Pakistani
Murgh Kababi Tikka Platter with Turmeric Rice & Chickpea Raita Recipe by Food Fusion,Murgh Kababi Tikka Platter with Turmeric Rice & Chickpea Raita Recipe,https://www.youtube.com/watch?v=Z5sGBiMHr80,Pakistani
Iced Coffee 2 Ways (Nutella & Lotus) Recipe By Food Fusion,Iced Coffee 2 Ways (Nutella & Lotus) Recipe,https://www.youtube.com/watch?v=MNcwAN7Dy20,Continental
Cheeseburger Wraps 2 ways  Recipe By Food Fusion,Cheeseburger Wraps 2 ways  Recipe,https://www.youtube.com/watch?v=gpts5CWT3xg,Pakistani
2 Amazing 7up Punch Recipes By Food Fusion (Lemon Ginger & Watermelon Ginger),7up Punch Recipes By Food Fusion (Lemon Ginger & Watermelon Ginger),https://www.youtube.com/watch?v=hdcPLLcxQpA,Pakistani
Namkeen Chicken Masala Handi Recipe By Food Fusion,Namkeen Chicken Masala Handi Recipe,https://www.youtube.com/watch?v=9J28HRwNqQI,Pakistani
Best Chicken and Mutton Korma Recipes By Food Fusion,Best Chicken and Mutton Korma Recipes,https://www.youtube.com/watch?v=9NodDWvQpF4,Pakistani
3 Recipes for Nutella Lovers By Food Fusion,3 Recipes for Nutella Lovers,https://www.youtube.com/watch?v=gHb9b8WGFEQ,Pakistani
4 Chicken Roll Recipes By Food Fusion,4 Chicken Roll Recipes,https://www.youtube.com/watch?v=qGzrbSLuzcs,Pakistani
4 Best Pasta Recipes 2022 By Food Fusion,4 Best Pasta Recipes 2022,https://www.youtube.com/watch?v=0jq2VyEzE2g,Continental
4 Chinese Style Recipes By Food Fusion,4 Chinese Style Recipes,https://www.youtube.com/watch?v=S-XJ9PFDP4Y,Chinese
4 Pulao Recipes By Food Fusion (Eid Special),4 Pulao Recipes By Food Fusion (Eid Special),https://www.youtube.com/watch?v=VICep4BRPeA,Pakistani
Eid Special Halwa Puri & Chanay Recipe By Food Fusion,Eid Special Halwa Puri & Chanay Recipe,https://www.youtube.com/watch?v=VMCj22_SewE,Pakistani
4 Special Dawat Fusion Recipes By Food Fusion (Eid Special),4 Special Dawat Fusion Recipes By Food Fusion (Eid Special),https://www.youtube.com/watch?v=gjz8HBmPzVw,Pakistani
Eid Special Cherry Crunch Dessert Recipe By Food Fusion,Eid Special Cherry Crunch Dessert Recipe,https://www.youtube.com/watch?v=dfC87xQkBHw,Pakistani
Eid Special Fruit Cake In Air Fryer Recipe By Food Fusion,Eid Special Fruit Cake In Air Fryer Recipe,https://www.youtube.com/watch?v=wiZNa9pZq4Q,Continental
Eid Mubarak From Team Food Fusion,Eid Mubarak From Team,https://www.youtube.com/watch?v=BdBVZBKOQbQ,Pakistani
Eid Special Nawabi Seviyan Recipe By Food Fusion,Eid Special Nawabi Seviyan Recipe,https://www.youtube.com/watch?v=1PaeG2BsTl0,Pakistani
Eid Special Easy Sheer Khurma Recipe By Food Fusion,Eid Special Easy Sheer Khurma Recipe,https://www.youtube.com/watch?v=xMc7bFXDtzk,Pakistani
Eid Special Ice Cream Cake Hico Recipe By Food Fusion,Eid Special Ice Cream Cake Hico Recipe,https://www.youtube.com/watch?v=WJrekrGJKVM,Continental
Eid Menu Ideas Collection 5 2022 By Food Fusion (Ramazan Special),Eid Menu Ideas Collection 5 2022 By Food Fusion (Ramazan Special),https://www.youtube.com/watch?v=H9uOt6FgS1c,Pakistani
Eid 2022 Malai Steam Chicken Biryani Recipe By Food Fusion,Eid 2022 Malai Steam Chicken Biryani Recipe,https://www.youtube.com/watch?v=l5Wisv32LK0,Pakistani
Candi & Coffee Custard Trifle Recipe By Food Fusion (Eid Special Dessert),Candi & Coffee Custard Trifle Recipe By Food Fusion (Eid Special Dessert),https://www.youtube.com/watch?v=tfSbErpjBoY,Continental
Special Chapli Kofta Pulao Recipe By Food Fusion,Special Chapli Kofta Pulao Recipe,https://www.youtube.com/watch?v=9teZjjlLY-w,Pakistani
Ice Cream Sundaes Recipe By Food Fusion (Eid Special),Ice Cream Sundaes Recipe By Food Fusion (Eid Special),https://www.youtube.com/watch?v=qrY-t2PNuR0,Pakistani
Balochi Chicken Tikka Boti Recipe By Food Fusion (Eid Special),Balochi Chicken Tikka Boti Recipe By Food Fusion (Eid Special),https://www.youtube.com/watch?v=4vPWbp3ajxU,Pakistani
Macaroon Cake Recipe By Food Fusion (Eid Special),Macaroon Cake Recipe By Food Fusion (Eid Special),https://www.youtube.com/watch?v=LqmQ5cYYjxg,Continental
Malai Chicken Seekh kabab Biryani Recipe By Food Fusion (Eid Special),Malai Chicken Seekh kabab Biryani Recipe By Food Fusion (Eid Special),https://www.youtube.com/watch?v=UXHhw0_U368,Pakistani
Chicken Badami Handi Recipe By Food Fusion (Eid Special),Chicken Badami Handi Recipe By Food Fusion (Eid Special),https://www.youtube.com/watch?v=lio5N8uBL14,Pakistani
Candi Crunch Ice Cream Recipe By Food Fusion (Eid Special),Candi Crunch Ice Cream Recipe By Food Fusion (Eid Special),https://www.youtube.com/watch?v=cG8Q-mANNBE,Pakistani
Special Chutney Pulao Recipe By Food Fusion (Eid Special Recipe),Special Chutney Pulao Recipe By Food Fusion (Eid Special Recipe),https://www.youtube.com/watch?v=_Lax7z2jJDA,Pakistani
Tandoori Chicken Lasagna Roll Ups In Air Fryer Recipe By Food Fusion (Eid Special),Tandoori Chicken Lasagna Roll Ups In Air Fryer Recipe By Food Fusion (Eid Special),https://www.youtube.com/watch?v=dAGF1uqwgqY,Continental
Easy Gulab Jamun with Milk Powder Recipe By Food Fusion (Eid Special),Easy Gulab Jamun with Milk Powder Recipe By Food Fusion (Eid Special),https://www.youtube.com/watch?v=otK7Ot9y7jU,Pakistani
Eid Menu Ideas Collection 4 2022 By Food Fusion (Ramazan Special),Eid Menu Ideas Collection 4 2022 By Food Fusion (Ramazan Special),https://www.youtube.com/watch?v=fcYrGyhG1f4,Pakistani
Muthi Dum Kabab with Masala Stuffed Green Chilies Recipe By Food Fusion (Eid Special),Muthi Dum Kabab with Masala Stuffed Green Chilies Recipe By Food Fusion (Eid Special),https://www.youtube.com/watch?v=EITAbBGW2Oc,Pakistani
6 Refreshing Summer Sharbat Recipes By Food Fusion (Ramazan Special 2022),6 Refreshing Summer Sharbat Recipes By Food Fusion (Ramazan Special 2022),https://www.youtube.com/watch?v=IEohHFMgZWg,Pakistani
Strawberry Colada & Melon Colada Recipe By Food Fusion (Ramazan Special),Strawberry Colada & Melon Colada Recipe By Food Fusion (Ramazan Special),https://www.youtube.com/watch?v=nKzH4uRoV-Q,Pakistani
Smoky Masala Drumsticks Recipe By Food Fusion (Ramazan Special),Smoky Masala Drumsticks Recipe By Food Fusion (Ramazan Special),https://www.youtube.com/watch?v=ogEZt3mcz54,Pakistani
Street Style Daal Chawal Thali Recipe By Food Fusion (Ramazan Special),Street Style Daal Chawal Thali Recipe By Food Fusion (Ramazan Special),https://www.youtube.com/watch?v=qI-5-Ew-eiM,Pakistani
Upside Down Dates Cake Recipe By Food Fusion (Eid Special),Upside Down Dates Cake Recipe By Food Fusion (Eid Special),https://www.youtube.com/watch?v=JO-bfZwUX64,Continental
Ice Cream Cake shakes 2 ways Recipes By Food Fusion (Ramazan Special),Ice Cream Cake shakes 2 ways Recipes By Food Fusion (Ramazan Special),https://www.youtube.com/watch?v=HomKeriuazA,Continental
Kabab Tocos with Salsa Recipe By Food Fusion (Ramazan Special),Kabab Tocos with Salsa Recipe By Food Fusion (Ramazan Special),https://www.youtube.com/watch?v=kNYgTQgMzC4,Pakistani
Highway Style Afghani Chicken Karahi Recipe By Food Fusion (Ramazan Special),Highway Style Afghani Chicken Karahi Recipe By Food Fusion (Ramazan Special),https://www.youtube.com/watch?v=3d6DrdOEuY4,Arabic/Mediterranean
Dynamite Chilli Bites with CoatingTrick Recipe By Food Fusion (Ramzan Special),Dynamite Chilli Bites with CoatingTrick Recipe By Food Fusion (Ramzan Special),https://www.youtube.com/watch?v=DEVE1ga9pFM,Pakistani
Royal Fruit Falooda Recipe By Food Fusion (Ramazan Special),Royal Fruit Falooda Recipe By Food Fusion (Ramazan Special),https://www.youtube.com/watch?v=DgRRZQWzxoE,Pakistani
Tomato Rice Recipe By Food Fusion (Ramazan Special),Tomato Rice Recipe By Food Fusion (Ramazan Special),https://www.youtube.com/watch?v=19A7EAwasZc,Pakistani
Easy Hyderabadi Dum Biryani Recipe By Food Fusion (Ramazan Special),Easy Hyderabadi Dum Biryani Recipe By Food Fusion (Ramazan Special),https://www.youtube.com/watch?v=_aysGZpvmnQ,Indian
Cucumber Salad 2 ways Recipe By Food Fusion,Cucumber Salad 2 ways Recipe,https://www.youtube.com/watch?v=k9aLIr5cinM,Pakistani
4 Magical Chilled Doodh/Milk Drinks By Food Fusion (Ramazan Special),4 Magical Chilled Doodh/Milk Drinks By Food Fusion (Ramazan Special),https://www.youtube.com/watch?v=16qpGnEpEdg,Pakistani
White Lobia Masala Recipe By Food Fusion (Ramadan Special Recipe),White Lobia Masala Recipe By Food Fusion (Ramadan Special Recipe),https://www.youtube.com/watch?v=i_6NjIPZQdY,Pakistani
Turkish Breakfast Menemen Recipe By Food Fusion (Ramazan Special),Turkish Breakfast Menemen Recipe By Food Fusion (Ramazan Special),https://www.youtube.com/watch?v=G1SOvrioWYA,Arabic/Mediterranean
Sehar o Iftar Menu Collection 7  By Food Fusion (Ramazan Recipes 2022),Sehar o Iftar Menu Collection 7  By Food Fusion (Ramazan Recipes 2022),https://www.youtube.com/watch?v=dWO0yUOU2ro,Pakistani
Refreshing Imli Aloo Bukhara Soda Recipe By Food Fusion,Refreshing Imli Aloo Bukhara Soda Recipe,https://www.youtube.com/watch?v=-Y2qUSEHtJ4,Pakistani
Afghani Special Breakfast Omelette Recipe By Food Fusion (Sehri Special),Afghani Special Breakfast Omelette Recipe By Food Fusion (Sehri Special),https://www.youtube.com/watch?v=uMcMBsmJMNA,Arabic/Mediterranean
8 Homemade Bakery Items Recipes By Food Fusion,8 Homemade Bakery Items Recipes,https://www.youtube.com/watch?v=-OoTMzCGL4I,Pakistani
Doodh Badam Sharbat (Almond & milk drink) Recipe By Food Fusion,Doodh Badam Sharbat (Almond & milk drink) Recipe,https://www.youtube.com/watch?v=-puspPhjnYw,Pakistani
The  Grand Pakora Video Recipe Collection By Food Fusion,The  Grand Pakora Video Recipe Collection,https://www.youtube.com/watch?v=epbWOnCrGzY,Pakistani
Mexican Salad Recipe By Food Fusion (Ramazan Special),Mexican Salad Recipe By Food Fusion (Ramazan Special),https://www.youtube.com/watch?v=R6iG1eOTRIo,Pakistani
Orange Mint Refresher Recipe By Food Fusion (Ramazan Special),Orange Mint Refresher Recipe By Food Fusion (Ramazan Special),https://www.youtube.com/watch?v=366S5poVn4Q,Pakistani
Crispy Potato Rings Recipe By Food Fusion (Iftar Ideas 2022),Crispy Potato Rings Recipe By Food Fusion (Iftar Ideas 2022),https://www.youtube.com/watch?v=bpPLlmJk7WM,Pakistani
Mini Chicken Nugget Burger with Burger Sauce Recipe By Food Fusion (Ramazan Special),Mini Chicken Nugget Burger with Burger Sauce Recipe By Food Fusion (Ramazan Special),https://www.youtube.com/watch?v=BXaUVAx_HtY,Continental
Sehri Special Smoothies 2 Ways Recipe By Food Fusion (Ramadan Special),Sehri Special Smoothies 2 Ways Recipe By Food Fusion (Ramadan Special),https://www.youtube.com/watch?v=4Pn7AGhYq24,Pakistani
Special Chana Chaat with Potato Chops Recipe By Food Fusion (Ramazan Special Recipe),Special Chana Chaat with Potato Chops Recipe By Food Fusion (Ramazan Special Recipe),https://www.youtube.com/watch?v=kzAeKjGy1Co,Pakistani
Hyderabadi Kofta Curry Recipe By Food Fusion (Ramzan Special Recipe),Hyderabadi Kofta Curry Recipe By Food Fusion (Ramzan Special Recipe),https://www.youtube.com/watch?v=BBmhnrdU96A,Indian
Sooji & Anday ka Chilla Recipe By Food Fusion (Ramadan Special),Sooji & Anday ka Chilla Recipe By Food Fusion (Ramadan Special),https://www.youtube.com/watch?v=YohKkg-qMic,Pakistani
Banana Bread Fruit Trifle Recipe By Food Fusion (Ramazan Special Recipe),Banana Bread Fruit Trifle Recipe By Food Fusion (Ramazan Special Recipe),https://www.youtube.com/watch?v=FBzQIcQuKsA,Pakistani
Khasta kabab (Stuffed) Recipe By Food Fusion (Ramazan Special),Khasta kabab (Stuffed) Recipe By Food Fusion (Ramazan Special),https://www.youtube.com/watch?v=XF4pbp9iLZw,Pakistani
Spicy Garlic Chicken Recipe By Food Fusion (Ramazan Special),Spicy Garlic Chicken Recipe By Food Fusion (Ramazan Special),https://www.youtube.com/watch?v=XGHEXfcAglI,Pakistani
Energy Dates & Apricot Shake Recipes By Food Fusion (Ramzan Special),Energy Dates & Apricot Shake Recipes By Food Fusion (Ramzan Special),https://www.youtube.com/watch?v=bWKOk69VPsU,Pakistani
Sehar o Iftar Menu Collection 6  By Food Fusion (Ramazan Recipes 2022),Sehar o Iftar Menu Collection 6  By Food Fusion (Ramazan Recipes 2022),https://www.youtube.com/watch?v=k_FPDaJZ4z4,Pakistani
Kala Chana Aloo Chaat Recipe By Food Fusion (Ramazan Special),Kala Chana Aloo Chaat Recipe By Food Fusion (Ramazan Special),https://www.youtube.com/watch?v=650ssFWPg8E,Pakistani
2 Tasty Aloo Tikki Recipes By Food Fusion,2 Tasty Aloo Tikki Recipes,https://www.youtube.com/watch?v=52Pcxw_hGiY,Pakistani
Coconut Chicken Curry With Jali Roti Recipe By Food Fusion (Ramazan Special),Coconut Chicken Curry With Jali Roti Recipe By Food Fusion (Ramazan Special),https://www.youtube.com/watch?v=u_bvnOZzvto,Pakistani
Bread Samosa in Air Fryer - Recipe By Food Fusion ( Iftar Ideas 2022),Bread Samosa in Air Fryer,https://www.youtube.com/watch?v=qikRa4W_TE0,Pakistani
Hyderabadi Dahi Baray Recipe By Food Fusion (Ramazan Special Recipe),Hyderabadi Dahi Baray Recipe By Food Fusion (Ramazan Special Recipe),https://www.youtube.com/watch?v=Y1Ts20yzWx4,Indian
Sandwiches 8 Ways By Food Fusion (Ramazan Special),Sandwiches 8 Ways By Food Fusion (Ramazan Special),https://www.youtube.com/watch?v=NiSzrcPaj0o,Pakistani
Vegetable Wontons with Cream Cheese Recipe By Food Fusion (Ramzan Special),Vegetable Wontons with Cream Cheese Recipe By Food Fusion (Ramzan Special),https://www.youtube.com/watch?v=lVorBCE3Pkc,Pakistani
Samosa & Roll Chaat Tray Recipe By Food Fusion (Ramazan Special),Samosa & Roll Chaat Tray Recipe By Food Fusion (Ramazan Special),https://www.youtube.com/watch?v=kLYMiRGyIvs,Pakistani
Mongphali Korma with Bhagaray Chawal Recipe By Food Fusion (Ramazan Special),Mongphali Korma with Bhagaray Chawal Recipe By Food Fusion (Ramazan Special),https://www.youtube.com/watch?v=l7SgQKZN4Yw,Pakistani
Loaded Mirchi Pakora Recipe By Food Fusion (Ramzan Special),Loaded Mirchi Pakora Recipe By Food Fusion (Ramzan Special),https://www.youtube.com/watch?v=0oKKuhMahxE,Pakistani
Makhni Chanay Bhature Recipe By Food Fusion (Ramazan Special Recipe),Makhni Chanay Bhature Recipe By Food Fusion (Ramazan Special Recipe),https://www.youtube.com/watch?v=-ynEYm7FPNI,Pakistani
Atta Qeema Samosa Recipe By Food Fusion (Ramazan Special Recipe),Atta Qeema Samosa Recipe By Food Fusion (Ramazan Special Recipe),https://www.youtube.com/watch?v=CQDJ1odbd3g,Pakistani
Kathiawari  Aloo Chana Chaat Recipe By Food Fusion (Ramazan Special Recipe),Kathiawari  Aloo Chana Chaat Recipe By Food Fusion (Ramazan Special Recipe),https://www.youtube.com/watch?v=Z3AYRnQtjoY,Pakistani
5 Amazing Raita Recipes By Food Fusion (Ramazan Special Recipes),Raita Recipes By Food Fusion (Ramazan Special Recipes),https://www.youtube.com/watch?v=qEnacu07vCY,Pakistani
Creamy Fruit Chaat Recipe By Food Fusion (Ramazan Special Recipe),Creamy Fruit Chaat Recipe By Food Fusion (Ramazan Special Recipe),https://www.youtube.com/watch?v=iwQ9AYWoFNU,Pakistani
Yemeni Style Smokey Chicken Mandi Recipe By Food Fusion (Ramazan Special),Yemeni Style Smokey Chicken Mandi Recipe By Food Fusion (Ramazan Special),https://www.youtube.com/watch?v=UGo9x8phcCk,Arabic/Mediterranean
4 Iftar Desserts - Recipes By Food Fusion ( Iftar Ideas 2022),4 Iftar Desserts,https://www.youtube.com/watch?v=7546Baf-GSQ,Pakistani
Mix Vegetable & Onion Masala Paratha - Make and Freeze Recipes By Food Fusion (Ramazan Special),Mix Vegetable & Onion Masala Paratha,https://www.youtube.com/watch?v=0b6LxczuwqM,Pakistani
Dhaga Bun Kabab Recipe By Food Fusion (Ramazan Special recipe),Dhaga Bun Kabab Recipe By Food Fusion (Ramazan Special recipe),https://www.youtube.com/watch?v=17cSA1onGQc,Pakistani
Special Chilli Chips Chaat Recipe By Food Fusion (Iftar Ideas 2022),Special Chilli Chips Chaat Recipe By Food Fusion (Iftar Ideas 2022),https://www.youtube.com/watch?v=HhuvnhsRxVg,Pakistani
Chicken Tikka Chatti Pathiri Recipe By Food Fusion (Ramzan Special Recipe),Chicken Tikka Chatti Pathiri Recipe By Food Fusion (Ramzan Special Recipe),https://www.youtube.com/watch?v=Wifp8Dievc0,Pakistani
3 Refreshing Mint Summer Drinks -  Recipes By Food Fusion (Ramadan Special),3 Refreshing Mint Summer Drinks,https://www.youtube.com/watch?v=iTKGZzv5jtg,Pakistani
Sehar o Iftar Menu Collection 5  By Food Fusion (Ramazan Recipes 2022),Sehar o Iftar Menu Collection 5  By Food Fusion (Ramazan Recipes 2022),https://www.youtube.com/watch?v=Y_G6YAd6U-I,Pakistani
Aloo Soya Tarkari with Masala Paratha Recipes By Food Fusion (Sehri Special Recipe),Aloo Soya Tarkari with Masala Paratha Recipes By Food Fusion (Sehri Special Recipe),https://www.youtube.com/watch?v=-Qu4X8Bu-2k,Pakistani
Spicy Chicken Resha Kabab Make & Freeze Recipe By Food Fusion (Pre Ramadan prep),Spicy Chicken Resha Kabab Make & Freeze Recipe By Food Fusion (Pre Ramadan prep),https://www.youtube.com/watch?v=XN5Ge5eqQEU,Pakistani
Aloo Kay Dahi Baray Recipe By Food Fusion (Ramazan Special),Aloo Kay Dahi Baray Recipe By Food Fusion (Ramazan Special),https://www.youtube.com/watch?v=MKaRvpbrQaA,Pakistani
Quick Veg Dum Biryani Recipe By Food Fusion (Ramazan Special 2022),Quick Veg Dum Biryani Recipe By Food Fusion (Ramazan Special 2022),https://www.youtube.com/watch?v=4jJ-clD19jE,Pakistani
Pani wali Phulki Recipe By Food Fusion (Ramazan Special),Pani wali Phulki Recipe By Food Fusion (Ramazan Special),https://www.youtube.com/watch?v=X7pc3_y88Vo,Pakistani
4 Air fryer Friendly Make and Freeze Iftar Snacks Recipes By Food Fusion (Iftar Ideas),4 Air fryer Friendly Make and Freeze Iftar Snacks Recipes By Food Fusion (Iftar Ideas),https://www.youtube.com/watch?v=YFR6wlKHyhg,Pakistani
Street Style Tawa Samosa Chaat Recipe By Food Fusion (Iftar Ideas special),Street Style Tawa Samosa Chaat Recipe By Food Fusion (Iftar Ideas special),https://www.youtube.com/watch?v=YdjRHs8dCt8,Pakistani
Quick & Simple Vegetable Lasagna (Baked & Air Fried) Recipe By Food Fusion (Ramadan Special),Quick & Simple Vegetable Lasagna (Baked & Air Fried) Recipe By Food Fusion (Ramadan Special),https://www.youtube.com/watch?v=dlYVspb8EEE,Continental
Pakora Platter with Magic Masala Recipe By Food Fusion (Iftar ideas special ),Pakora Platter with Magic Masala Recipe By Food Fusion (Iftar ideas special ),https://www.youtube.com/watch?v=xgaVWsxzXx0,Pakistani
7 Layer Chana Chaat Recipe By Food Fusion (Ramazan Special Recipe),7 Layer Chana Chaat Recipe By Food Fusion (Ramazan Special Recipe),https://www.youtube.com/watch?v=NtLX1aXPeKw,Pakistani
4 Creamy Iftar Dessert Recipe By Food Fusion (Ramazan Special 2022),4 Creamy Iftar Dessert Recipe By Food Fusion (Ramazan Special 2022),https://www.youtube.com/watch?v=sVoJ3gTCNHo,Pakistani
Gul e Firdaus Recipe By Food Fusion (Ramadan Special Dessert),Gul e Firdaus Recipe By Food Fusion (Ramadan Special Dessert),https://www.youtube.com/watch?v=zs9Y8xmxpgw,Pakistani
Creamy Dahi Bhalla Chaat - Secrets revealed Recipe By Food Fusion ( Iftar Ideas 2022),Creamy Dahi Bhalla Chaat,https://www.youtube.com/watch?v=w26FNwKBuJk,Pakistani
Qeema Chana Daal Fry with Triangle Paratha Recipe By Food Fusion (Sehri/Breakfast Special),Qeema Chana Daal Fry with Triangle Paratha Recipe By Food Fusion (Sehri/Breakfast Special),https://www.youtube.com/watch?v=HVaVIiyMZnM,Pakistani
Air Fried Chicken Chargha / whole chicken Recipe By Food Fusion (Ramzan Special Recipe),Air Fried Chicken Chargha / whole chicken Recipe By Food Fusion (Ramzan Special Recipe),https://www.youtube.com/watch?v=3FgcAF5EkFo,Pakistani
Low Calorie Fruit Firni Recipe By Food Fusion (Ramzan Special Recipe),Low Calorie Fruit Firni Recipe By Food Fusion (Ramzan Special Recipe),https://www.youtube.com/watch?v=5ieRRafyAzA,Pakistani
Kali Mirch Roll Iftar Special Snack Recipe By Food Fusion (Ramzan Special),Kali Mirch Roll Iftar Special Snack Recipe By Food Fusion (Ramzan Special),https://www.youtube.com/watch?v=AuMn19F2Eek,Pakistani
4 Amazing Milk Cake Recipes By Food Fusion (Ramazan Special 2022),Milk Cake Recipes By Food Fusion (Ramazan Special 2022),https://www.youtube.com/watch?v=0_j6PxWJqZU,Continental
Malai Khaja Halwai Style Ramazan Special Dessert Recipe By Food Fusion,Malai Khaja Halwai Style Ramazan Special Dessert Recipe,https://www.youtube.com/watch?v=xpIpGlyWCTY,Pakistani
Butter Masala Omelette Sehri Special Recipe By Food Fusion (Ramzan Recipes),Butter Masala Omelette Sehri Special Recipe By Food Fusion (Ramzan Recipes),https://www.youtube.com/watch?v=ZjMwig_buRI,Continental
Arabic Paratha Pockets with Frozen Paratha Recipe By Food Fusion (Sehri Special),Arabic Paratha Pockets with Frozen Paratha Recipe By Food Fusion (Sehri Special),https://www.youtube.com/watch?v=DRb_fKVRMio,Arabic/Mediterranean
6 Sehri / Breakfast Ideas by Food Fusion (Ramazan Special 2022),6 Sehri / Breakfast Ideas by Food Fusion (Ramazan Special 2022),https://www.youtube.com/watch?v=2G_DOQKn-vI,Pakistani
Make & Freeze Tikka Nuggets Fried and Air Fried Recipe By Food Fusion (Ramazan Special),Make & Freeze Tikka Nuggets Fried and Air Fried Recipe By Food Fusion (Ramazan Special),https://www.youtube.com/watch?v=uv4_nZDk7lk,Pakistani
Frozen Aloo & Daal Paratha Recipes By Food Fusion (Ramazan Sehri Special),Frozen Aloo & Daal Paratha Recipes By Food Fusion (Ramazan Sehri Special),https://www.youtube.com/watch?v=f-k1Byc_EE4,Pakistani
Chicken Shawarma with Lavash bread Recipe By Food Fusion (Ramazan Special),Chicken Shawarma with Lavash bread Recipe By Food Fusion (Ramazan Special),https://www.youtube.com/watch?v=ScHz3f8oclI,Arabic/Mediterranean
Crispy Eggplant Fries - Flower/Baingan Flower Recipe By Food Fusion (Iftar Ramadan Ideas),Crispy Eggplant Fries,https://www.youtube.com/watch?v=jh11jBPaIzc,Pakistani
Chatkhara Chicken Drumsticks Fried & Air Fried Recipe By Food Fusion (Ramazan Special Recipe),Chatkhara Chicken Drumsticks Fried & Air Fried Recipe By Food Fusion (Ramazan Special Recipe),https://www.youtube.com/watch?v=NQAE33C8fiw,Indian
Potato & Sausages Croquettes Recipes by Food Fusion (Ramadan Special Recipe),Potato & Sausages Croquettes Recipes by Food Fusion (Ramadan Special Recipe),https://www.youtube.com/watch?v=Wi3GxZDPsKM,Pakistani
"Kitchen Appliances Buying Guide ( Choppers, Blenders & Hand Blenders) By Food Fusion","Kitchen Appliances Buying Guide ( Choppers, Blenders & Hand Blenders)",https://www.youtube.com/watch?v=fPc9B1qOErg,Pakistani
Special Custard Trifle Recipe By Food Fusion (Ramadan Special Recipe),Special Custard Trifle Recipe By Food Fusion (Ramadan Special Recipe),https://www.youtube.com/watch?v=RtQAcQ-QUzw,Pakistani
Air Fried Dinner Rolls Recipe By Food Fusion,Air Fried Dinner Rolls Recipe,https://www.youtube.com/watch?v=-XcPJ2lAOxs,Pakistani
Mac & Cheese Samosa (Make & Freeze) Recipe By Food Fusion (Ramzan Special),Mac & Cheese Samosa (Make & Freeze) Recipe By Food Fusion (Ramzan Special),https://www.youtube.com/watch?v=aiXIP51snRA,Pakistani
Frozen Palak Paneer Paratha Recipe By Food fusion (Ramadan Sehri Special),Frozen Palak Paneer Paratha Recipe By Food fusion (Ramadan Sehri Special),https://www.youtube.com/watch?v=6X7wG9rxnDA,Indian
Blindfolded Test -  Air Fried Vs Deep Fried - Food Fusion,Blindfolded Test,https://www.youtube.com/watch?v=8vRTAeHJfus,Pakistani
Quick & Easy Egg Mayo Sandwich & Fluffernutter Sandwich Recipes by Food Fusion,Quick & Easy Egg Mayo Sandwich & Fluffernutter Sandwich Recipes,https://www.youtube.com/watch?v=Q_NDewYm23g,Continental
Frozen Cheese Paratha Recipe By Food fusion (Ramadan Sehri Special),Frozen Cheese Paratha Recipe By Food fusion (Ramadan Sehri Special),https://www.youtube.com/watch?v=IRIjxs2qV1c,Pakistani
Korean Style Chicken Shots By Food Fusion (Ramadan Special),Korean Style Chicken Shots By Food Fusion (Ramadan Special),https://www.youtube.com/watch?v=DELRCqWtZAw,Pakistani
Food Fusion Goes For Ramadan Grocery Shopping,Food Fusion Goes For Ramadan Grocery Shopping,https://www.youtube.com/watch?v=CO_5qz6ia1M,Pakistani
White Sauce Cutlets - Make & Freeze Recipe By Food Fusion (Ramadan Special),White Sauce Cutlets,https://www.youtube.com/watch?v=fBjfeeTf5rU,Pakistani
Homemade Zafrani Kheer Mix Recipe By Food Fusion (Ramazan Special Recipe),Homemade Zafrani Kheer Mix Recipe By Food Fusion (Ramazan Special Recipe),https://www.youtube.com/watch?v=G_0EOJ_G2IA,Pakistani
Thai Spring Rolls with Thai Sweet Chilli Sauce Recipe By Food Fusion (Ramzan Special),Thai Spring Rolls with Thai Sweet Chilli Sauce Recipe By Food Fusion (Ramzan Special),https://www.youtube.com/watch?v=GIBoJIk_sF0,Pakistani
Crispy Thread Chicken Recipe By Food Fusion (Ramazan Special),Crispy Thread Chicken Recipe By Food Fusion (Ramazan Special),https://www.youtube.com/watch?v=0v_hhYnCxB8,Pakistani
Homemade Quick Lal Sharbat Recipe By Food Fusion (Ramzan Special),Homemade Quick Lal Sharbat Recipe By Food Fusion (Ramzan Special),https://www.youtube.com/watch?v=KUTHSF9b2Sc,Pakistani
Jalapeno Veggie Burger Recipe By Food Fusion (Ramzan Special Recipe),Jalapeno Veggie Burger Recipe By Food Fusion (Ramzan Special Recipe),https://www.youtube.com/watch?v=OX6L3Tz8iiY,Continental
Street Style Chicken Lacha Paratha Recipe By Food Fusion (Iftar/Sehri Special),Street Style Chicken Lacha Paratha Recipe By Food Fusion (Iftar/Sehri Special),https://www.youtube.com/watch?v=TzZpAooUfyg,Pakistani
Air Fryer Guide and Tips 2022 By Food Fusion,Air Fryer Guide and Tips 2022,https://www.youtube.com/watch?v=DblH1kBLMjQ,Pakistani
Crispy Creamy Vegetable Rolls - Make & Freeze Recipe by Food Fusion (Iftar Special),Crispy Creamy Vegetable Rolls,https://www.youtube.com/watch?v=or2gjSmjEOs,Pakistani
Hara Bhara Chutney Samosa Make and Freeze Recipe By Food Fusion (Ramzan Special),Hara Bhara Chutney Samosa Make and Freeze Recipe By Food Fusion (Ramzan Special),https://www.youtube.com/watch?v=V02gwEK5iAs,Pakistani
Matka White Sauce Pasta Recipe By Food Fusion (Ramzan Special Recipe),Matka White Sauce Pasta Recipe By Food Fusion (Ramzan Special Recipe),https://www.youtube.com/watch?v=WQIGfYuyhrE,Continental
Strawberry Kulfi Recipe By Food Fusion (Ramzan Special Recipe),Strawberry Kulfi Recipe By Food Fusion (Ramzan Special Recipe),https://www.youtube.com/watch?v=Pz1LaMuKe-M,Pakistani
Veggie Nuggets Salad Recipe By Food Fusion,Veggie Nuggets Salad Recipe,https://www.youtube.com/watch?v=BUoHtDKWADY,Pakistani
"3 Easy Chutney (Till, Tamatar, Anar dana) condiments By Food Fusion (Ramzan Special Recipes)","3 Easy Chutney (Till, Tamatar, Anar dana) condiments By Food Fusion (Ramzan Special Recipes)",https://www.youtube.com/watch?v=R0fFbm0WBb0,Pakistani
"3 Easy Mayo Sandwich (Chicken, Veg and Potato) Recipes By Food Fusion","3 Easy Mayo Sandwich (Chicken, Veg and Potato) Recipes",https://www.youtube.com/watch?v=RNs29pZL0As,Continental
Perfect Air Fried Donuts Recipe By Food Fusion,Perfect Air Fried Donuts Recipe,https://www.youtube.com/watch?v=fVOwQ0inc5M,Continental
8 Make & Freeze Iftar Ideas / Snacks Collection 2 - 2022- Ramazan Special By Food Fusion,8 Make & Freeze Iftar Ideas / Snacks Collection 2,https://www.youtube.com/watch?v=q5qXEobEfcw,Pakistani
Creamy Chicken Mayo Crepe Roll | Make and Freeze Recipe By Food Fusion (Ramzan Special),Creamy Chicken Mayo Crepe Roll,https://www.youtube.com/watch?v=hx9DIeZospw,Pakistani
6 Vegetable Recipes | Sabzi Recipes Collection 2 By Food Fusion 2022,6 Vegetable Recipes,https://www.youtube.com/watch?v=YX_Ptths5Dg,Pakistani
Lacha Chicken Box Patties | Make & Freeze Recipe by Food Fusion (Ramazan Special),Lacha Chicken Box Patties,https://www.youtube.com/watch?v=ho0FZCQxedo,Pakistani
Chatti Pathiri Breakfast Recipe By Food Fusion (Sehri/Breakfast Special),Chatti Pathiri Breakfast Recipe By Food Fusion (Sehri/Breakfast Special),https://www.youtube.com/watch?v=BasjHqnCd3s,Pakistani
3 Quick & Easy Sandwich Recipes By Food Fusion,3 Quick & Easy Sandwich Recipes,https://www.youtube.com/watch?v=qOan9eJbEao,Continental
8 Make & Freeze  Iftar Ideas / Snacks Collection 1 2022- Ramazan Special By Food Fusion,8 Make & Freeze  Iftar Ideas / Snacks Collection 1 2022- Ramazan Special,https://www.youtube.com/watch?v=pXD3N6k45HI,Pakistani
Strawberry Tres Leches Cake Recipe By Food Fusion (Women's Day Special),Strawberry Tres Leches Cake Recipe By Food Fusion (Women's Day Special),https://www.youtube.com/watch?v=E6-jHYzCuBc,Continental
Strawberry Orange Juice Recipe By Food Fusion,Strawberry Orange Juice Recipe,https://www.youtube.com/watch?v=9bgAUeErIYY,Pakistani
Whole Chicken Bihari Style Steam Roast Platter Recipe By Food Fusion,Whole Chicken Bihari Style Steam Roast Platter Recipe,https://www.youtube.com/watch?v=v6ikXVucL9E,Pakistani
Korean Crispy Chicken Burger Recipe By Food Fusion,Korean Crispy Chicken Burger Recipe,https://www.youtube.com/watch?v=85B9_kzGrdg,Continental
Creamy Fruit Salad  & Creamy Vegetable salad Recipes By Food Fusion (Ramazan Special),Creamy Fruit Salad  & Creamy Vegetable salad Recipes By Food Fusion (Ramazan Special),https://www.youtube.com/watch?v=xVlaRBIdB4A,Pakistani
Chicken Cigars / Pencil Sticks Lunchbox Friendly Recipe By Food Fusion (Ramazan Special),Chicken Cigars / Pencil Sticks Lunchbox Friendly Recipe By Food Fusion (Ramazan Special),https://www.youtube.com/watch?v=XyGtGRdfT-k,Pakistani
Aloo (Potato) Manchurian Recipe By Food Fusion,Aloo (Potato) Manchurian Recipe,https://www.youtube.com/watch?v=7XIgarNKdWg,Chinese
Perfect Crispy Chicken in Air Fryer Recipe By Food Fusion (Ramzan Special Recipe),Perfect Crispy Chicken in Air Fryer Recipe By Food Fusion (Ramzan Special Recipe),https://www.youtube.com/watch?v=T5-Ivh9jMs4,Pakistani
Refreshing Fresh Strawberry Lemonade Recipe by Food Fusion,Refreshing Fresh Strawberry Lemonade Recipe,https://www.youtube.com/watch?v=j9wUCzmmWD8,Pakistani
Shawarma Spring Rolls - Make and Freeze Recipe By Food Fusion (Ramzan Iftar Special Recipe),Shawarma Spring Rolls,https://www.youtube.com/watch?v=FV3UwChMb0U,Arabic/Mediterranean
Crispy Aloo Puri with Achari Aloo ki Tarkari Recipe By Food Fusion (Ramzan sehri special Recipe),Crispy Aloo Puri with Achari Aloo ki Tarkari Recipe By Food Fusion (Ramzan sehri special Recipe),https://www.youtube.com/watch?v=zvmDPmPyTAo,Pakistani
Chocolate Fudgy Brownie Recipe By Food Fusion,Chocolate Fudgy Brownie Recipe,https://www.youtube.com/watch?v=KLz9lx2aOoM,Continental
Strawberry Icebox Cake Dessert Recipe By Food Fusion,Strawberry Icebox Cake Dessert Recipe,https://www.youtube.com/watch?v=M2lJeY-9gL0,Continental
Peshawari Pista Ice Cream Recipe By Food Fusion,Peshawari Pista Ice Cream Recipe,https://www.youtube.com/watch?v=25MAoE5nvxY,Pakistani
Smoked Creamy Chicken Pulao Recipe By Food Fusion,Smoked Creamy Chicken Pulao Recipe,https://www.youtube.com/watch?v=opKAgz9Toig,Pakistani
Crispy Potato Sticks Quick & Easy  Recipe By Food Fusion,Crispy Potato Sticks Quick & Easy  Recipe,https://www.youtube.com/watch?v=hLIgykmAf1o,Pakistani
Chicken Angara kabab Recipe By Food Fusion,Chicken Angara kabab Recipe,https://www.youtube.com/watch?v=vaqYIYMxTQQ,Pakistani
Turkish Kofta Kebab Recipe By Food Fusion,Turkish Kofta Kebab Recipe,https://www.youtube.com/watch?v=w41hlNt2agU,Arabic/Mediterranean
Homemade Strawberry Ice Cream Recipe By Food Fusion,Homemade Strawberry Ice Cream Recipe,https://www.youtube.com/watch?v=2yBj2zh69E8,Pakistani
Triple Layer Chocolate Fudge Cake Recipe By Food Fusion (Secrets Revealed),Triple Layer Chocolate Fudge Cake Recipe By Food Fusion (Secrets Revealed),https://www.youtube.com/watch?v=eTCYsu78aPU,Continental
Restaurant Style Creamy Dijon Chicken Pasta Recipe By Food Fusion,Restaurant Style Creamy Dijon Chicken Pasta Recipe,https://www.youtube.com/watch?v=0EBvhnyEaHE,Continental
How To Make Malai Boti in Air Fryer Recipe By Food Fusion,How To Make Malai Boti in Air Fryer Recipe,https://www.youtube.com/watch?v=OlQKUUl4TRo,Pakistani
Array wah special - Meet the person who says array wahh in Food Fusion,Array wah special,https://www.youtube.com/watch?v=GJP_7cUE9cQ,Pakistani
Shish Tawook Wraps Recipe By Food Fusion,Shish Tawook Wraps Recipe,https://www.youtube.com/watch?v=bsX3lI9e6uI,Pakistani
Peshawari Chicken Karahi Recipe By Food Fusion,Peshawari Chicken Karahi Recipe,https://www.youtube.com/watch?v=X_h9QgnY2lQ,Pakistani
Strawberry Custard Tart recipe by Food Fusion,Strawberry Custard Tart recipe,https://www.youtube.com/watch?v=EdG9lDTBUd0,Pakistani
4 Daal Chawal Combo Recipes By Food Fusion,4 Daal Chawal Combo Recipes,https://www.youtube.com/watch?v=bUDNAT7ZXvA,Pakistani
Strawberry & Cream French Toast Recipe By Food Fusion,Strawberry & Cream French Toast Recipe,https://www.youtube.com/watch?v=ycqui2YVWE0,Pakistani
Chicken Pickled Onion (Khattay Pyaz) Recipe By Food Fusion,Chicken Pickled Onion (Khattay Pyaz) Recipe,https://www.youtube.com/watch?v=PoiLxybrSWo,Pakistani
Hunzai Chicken Seekh Kabab - Make and Store Recipe By Food Fusion,Hunzai Chicken Seekh Kabab,https://www.youtube.com/watch?v=HPD3pa9bI1g,Pakistani
Garlic Cheese Bombs/Buns Recipe By Food Fusion,Garlic Cheese Bombs/Buns Recipe,https://www.youtube.com/watch?v=eUPv4ffJCpM,Pakistani
Tarragon Chicken Pasta Recipe By Food Fusion,Tarragon Chicken Pasta Recipe,https://www.youtube.com/watch?v=k8JUSgwoYtI,Continental
Kitchen Studio & Office Tour - Food Fusion,Kitchen Studio & Office Tour,https://www.youtube.com/watch?v=9ZZmK47uEco,Pakistani
Malai Tikka Boti Bites Recipe By Food Fusion,Malai Tikka Boti Bites Recipe,https://www.youtube.com/watch?v=h43RaxQBmnU,Pakistani
Smoky Double Mirch Qeema with Lifafa Paratha Recipe By Food Fusion,Smoky Double Mirch Qeema with Lifafa Paratha Recipe,https://www.youtube.com/watch?v=EYW0twxisPs,Pakistani
2 Healthy Salad ( Protein Salad & Iceberg salad) Recipes Recipes By @HealthyFoodFusion,2 Healthy Salad ( Protein Salad & Iceberg salad) Recipes Recipes By @HealthyFoodFusion,https://www.youtube.com/watch?v=L9ZuTQGPTnI,Pakistani
2 Super Delicious Karahi Recipes By Food Fusion,2 Super Delicious Karahi Recipes,https://www.youtube.com/watch?v=q3p4XXwZt3k,Pakistani
Chocolate Dip Butter Cookies Without Oven Recipe By Food Fusion,Chocolate Dip Butter Cookies Without Oven Recipe,https://www.youtube.com/watch?v=zjRKyFuS-fg,Pakistani
No Bake Orange Cheesecake Recipe By Food Fusion,No Bake Orange Cheesecake Recipe,https://www.youtube.com/watch?v=MrePQs9vu0A,Continental
Chicken Jalapeno Naan Pizza without oven Recipe By Food Fusion,Chicken Jalapeno Naan Pizza without oven Recipe,https://www.youtube.com/watch?v=Kq3p_e5RxC0,Continental
Chicken Cheese Pasta Roll Recipe By Food Fusion,Chicken Cheese Pasta Roll Recipe,https://www.youtube.com/watch?v=8EKgx2b1YA8,Continental
4 Everyday Daal Recipes By Food Fusion,4 Everyday Daal Recipes,https://www.youtube.com/watch?v=UMDrqAepAxY,Pakistani
Lachha Paratha 3-ways Recipe By Food Fusion,Lachha Paratha 3-ways Recipe,https://www.youtube.com/watch?v=BchzWcIr5lo,Pakistani
Orange Mousse Recipe By Food Fusion,Orange Mousse Recipe,https://www.youtube.com/watch?v=pvO71HZXxqg,Pakistani
Chocolate Souffle - How to make Chocolate Souffle - Recipe By Food Fusion,Chocolate Souffle,https://www.youtube.com/watch?v=gtDJ-mxVIkg,Pakistani
Lauki ki Mithai Recipe By Food Fusion,Lauki ki Mithai Recipe,https://www.youtube.com/watch?v=7FdIyfsB2Pk,Pakistani
Chicken Chopsuey Recipe By Food Fusion,Chicken Chopsuey Recipe,https://www.youtube.com/watch?v=2qY4jUVVyIg,Pakistani
4 Quick Chicken Kabab Recipes under 30 Mins By Food Fusion,4 Quick Chicken Kabab Recipes under 30 Mins,https://www.youtube.com/watch?v=l9QiUuukycY,Pakistani
Sooji Besan Halwa Recipe By Food Fusion,Sooji Besan Halwa Recipe,https://www.youtube.com/watch?v=j5Q1D_u7i90,Pakistani
Chur Chur Naan Recipe By Food Fusion,Chur Chur Naan Recipe,https://www.youtube.com/watch?v=w6RO9VozeJo,Pakistani
Chocolate & Orange Dessert Recipe By Food Fusion,Chocolate & Orange Dessert Recipe,https://www.youtube.com/watch?v=Nhs2fZ6ont8,Pakistani
Doner Shawarma with DIY Homemade Doner Shawarma Grill Recipe By Food Fusion,Doner Shawarma with DIY Homemade Doner Shawarma Grill Recipe,https://www.youtube.com/watch?v=DUotXNsS3OE,Arabic/Mediterranean
Chicken Ranch Pasta Recipe By Food Fusion,Chicken Ranch Pasta Recipe,https://www.youtube.com/watch?v=G6gkkjCuj_8,Continental
Stuffed Cholay Kulchay Recipe By Food Fusion,Stuffed Cholay Kulchay Recipe,https://www.youtube.com/watch?v=dcT2GkcSZ-s,Pakistani
Gosht ki Kadhi Recipe By Food Fusion,Gosht ki Kadhi Recipe,https://www.youtube.com/watch?v=KmixvX-5Yes,Pakistani
Chicken Corn Chowder Soup Recipe By Food Fusion,Chicken Corn Chowder Soup Recipe,https://www.youtube.com/watch?v=0wCyoIY8v6E,Pakistani
Chana Daal Barfi Recipe By Food Fusion,Chana Daal Barfi Recipe,https://www.youtube.com/watch?v=T_XKBxHVDbg,Pakistani
Restaurant Style Singaporean Rice Recipe By Food Fusion,Restaurant Style Singaporean Rice Recipe,https://www.youtube.com/watch?v=J5Bamh4lWv0,Chinese
Halwai Style Lauki Ka Halwa Recipe By Food Fusion,Halwai Style Lauki Ka Halwa Recipe,https://www.youtube.com/watch?v=4_VVrvOi2BM,Pakistani
Top 5 Snack Recipes By Food Fusion,Top 5 Snack Recipes,https://www.youtube.com/watch?v=7ph67jpJuzc,Pakistani
Top 5 Dessert Recipes of 2021 by Food Fusion,Top 5 Dessert Recipes of 2021,https://www.youtube.com/watch?v=t2riK9mbie4,Pakistani
No Bake Tiramisu Crepe Cake Recipe By Food Fusion,No Bake Tiramisu Crepe Cake Recipe,https://www.youtube.com/watch?v=rx5vPHOUXMw,Continental
Rumali Roti Roll with Spicy Behari Chicken Recipe By Food Fusion,Rumali Roti Roll with Spicy Behari Chicken Recipe,https://www.youtube.com/watch?v=BYv_DMg-dDM,Pakistani
Street Style Bun paratha Recipe By Food Fusion,Street Style Bun paratha Recipe,https://www.youtube.com/watch?v=-S3JcQJV0mc,Pakistani
Top 10 Food Fusion Recipes of 2021,Top 10 Food Fusion Recipes of 2021,https://www.youtube.com/watch?v=M0b6mlVqz4k,Pakistani
Baked Custard With Stevia Recipe By Food Fusion,Baked Custard With Stevia Recipe,https://www.youtube.com/watch?v=olpeyMnfdvI,Pakistani
Loaded Potato Poppers Recipe By Food Fusion,Loaded Potato Poppers Recipe,https://www.youtube.com/watch?v=YR24NOlSSHs,Pakistani
Tortilla Cones - Viral Trend - Recipe By Food Fusion,Tortilla Cones,https://www.youtube.com/watch?v=sGp_QXTebJ0,Pakistani
Lachaydar Methi Paratha with Infused Garlic Recipe By Food Fusion,Lachaydar Methi Paratha with Infused Garlic Recipe,https://www.youtube.com/watch?v=S4xrLyfxLF0,Pakistani
No bake Oreo Chocolate Cheese Cake Recipe By Food Fusion,No bake Oreo Chocolate Cheese Cake Recipe,https://www.youtube.com/watch?v=jT5MSVdq9EA,Continental
Basbousa Cake with Almonds & Coconut Recipe Food Fusion,Basbousa Cake with Almonds & Coconut Recipe,https://www.youtube.com/watch?v=dIjXBK-h7c0,Continental
Makhandi Halwa Winter Special Recipe By Food Fusion,Makhandi Halwa Winter Special Recipe,https://www.youtube.com/watch?v=7pm7z2IqLlk,Pakistani
Chatpati Fish Fry With Spicy Imli Ki chutney Recipe By Food Fusion,Chatpati Fish Fry With Spicy Imli Ki chutney Recipe,https://www.youtube.com/watch?v=_nPXGxEGLcE,Pakistani
Lagan Seekh Recipe By Food Fusion,Lagan Seekh Recipe,https://www.youtube.com/watch?v=gZAn0MqJSj4,Pakistani
Cheese Naan without Yeast and Egg Recipe By Food fusion,Cheese Naan without Yeast and Egg Recipe,https://www.youtube.com/watch?v=AFBLTWMkmJA,Pakistani
We Twisted Our Pizza recipe - Viral Twisted Pizza Sticks by Food Fusion,We Twisted Our Pizza,https://www.youtube.com/watch?v=TmbXVTpAzpg,Continental
Halwai Style Gajar Ka Halwa Recipe By Food Fusion,Halwai Style Gajar Ka Halwa Recipe,https://www.youtube.com/watch?v=MnjQg8iz0Ec,Pakistani
15min Breakfast Recipe Omelette Noodles with Tomato Sauce and Chicken By Food Fusion,15min Breakfast Recipe Omelette Noodles with Tomato Sauce and Chicken,https://www.youtube.com/watch?v=ze8PM6Jr6go,Continental
Shahi Gajrela Recipe By Food Fusion,Shahi Gajrela Recipe,https://www.youtube.com/watch?v=xKYjccoXSO0,Pakistani
Russian Pirozkhi with Meat & Cheese Filling  Recipe By Food Fusion,Russian Pirozkhi with Meat & Cheese Filling  Recipe,https://www.youtube.com/watch?v=Elwm5cshrOg,Pakistani
Fried Rice With Chicken Mongolian Recipe By Food Fusion,Fried Rice With Chicken Mongolian Recipe,https://www.youtube.com/watch?v=1_0GYHrWEWs,Chinese
Winter Special Sabzi Biryani Recipe By Food Fusion,Winter Special Sabzi Biryani Recipe,https://www.youtube.com/watch?v=mlt6H6ZrmLE,Pakistani
Spinach Fatayer (Lebanese spinach pies) Recipe By Food Fusion,Spinach Fatayer (Lebanese spinach pies) Recipe,https://www.youtube.com/watch?v=4xbTyf6a0F4,Arabic/Mediterranean
Rava Maska Paratha Recipe By Food Fusion,Rava Maska Paratha Recipe,https://www.youtube.com/watch?v=WSK81fKt_m4,Pakistani
Homemade Hot Chocolate Mix - Winter Special Recipe By Food Fusion,Homemade Hot Chocolate Mix,https://www.youtube.com/watch?v=vFHDKopMe9s,Pakistani
Loaded Pizza Kachori Recipe By Food Fusion,Loaded Pizza Kachori Recipe,https://www.youtube.com/watch?v=B1zum8cHZ4w,Continental
Creamy Cajun Chicken Pasta Recipe By Food Fusion,Creamy Cajun Chicken Pasta Recipe,https://www.youtube.com/watch?v=IhCnswKdqyg,Continental
Breakfast Egg Box Patties Recipe By Food Fusion,Breakfast Egg Box Patties Recipe,https://www.youtube.com/watch?v=ztjRw6r_GdY,Pakistani
Corn Soup with Spicy Tikka Chicken & Pickled Green Chillies Recipe By Food Fusion,Corn Soup with Spicy Tikka Chicken & Pickled Green Chillies Recipe,https://www.youtube.com/watch?v=Y_2TPSHUcvA,Chinese
Andon ki Piyosi (Mithai) Recipe By Food Fusion,Andon ki Piyosi (Mithai) Recipe,https://www.youtube.com/watch?v=WYqjs2y3sYw,Pakistani
Minestrone Soup Recipe By Food Fusion,Minestrone Soup Recipe,https://www.youtube.com/watch?v=ZnCKackBRi0,Pakistani
Easy Anda bread Halwa - Winter Special Recipe By Food Fusion,Easy Anda bread Halwa,https://www.youtube.com/watch?v=95Z4knJA5O4,Pakistani
Quick and Easy Grilled Sandwich with Tikka Chunks Recipe By Food Fusion,Quick and Easy Grilled Sandwich with Tikka Chunks Recipe,https://www.youtube.com/watch?v=DIyge4CQ_ts,Continental
Chicken Jalapeno Ranch Calzone Recipe by Food Fusion,Chicken Jalapeno Ranch Calzone Recipe,https://www.youtube.com/watch?v=QpqrUhjqd9o,Pakistani
Cream of Chicken Soup with Crispy Garlic Croutons Recipe By Food Fusion,Cream of Chicken Soup with Crispy Garlic Croutons Recipe,https://www.youtube.com/watch?v=fan8dD274Go,Pakistani
Peshawari Style Golden Pulao Recipe By Food Fusion,Peshawari Style Golden Pulao Recipe,https://www.youtube.com/watch?v=5tOHeuugWmE,Pakistani
Breakfast Egg Burritos Recipe By Food Fusion,Breakfast Egg Burritos Recipe,https://www.youtube.com/watch?v=ekv6zBCAfgQ,Pakistani
Stuffed Chocolate Pancakes Recipe by Food Fusion,Stuffed Chocolate Pancakes Recipe,https://www.youtube.com/watch?v=WuXHARNaf5g,Pakistani
Keemay Wali Namkeen Sawaiyan Recipe By Food Fusion,Keemay Wali Namkeen Sawaiyan Recipe,https://www.youtube.com/watch?v=MLAoW_1AgK0,Pakistani
Clear Soup with Vegetables Recipe By Food Fusion,Clear Soup with Vegetables Recipe,https://www.youtube.com/watch?v=spGRlMpKzW8,Pakistani
Suji Halwa 4 Ways Recipes By Food Fusion,Suji Halwa 4 Ways Recipes,https://www.youtube.com/watch?v=CgfPi3qha1k,Pakistani
Chocolate & Salted Caramel Pie Recipe By Food Fusion,Chocolate & Salted Caramel Pie Recipe,https://www.youtube.com/watch?v=IXOUkEcthRU,Continental
Budget Friendly Lal Lobia / Rajma Sandwich Recipe By Food Fusion,Budget Friendly Lal Lobia / Rajma Sandwich Recipe,https://www.youtube.com/watch?v=51aJ5tyDkWk,Continental
Aloo Ki Kheer / potato kheer Recipe By Food Fusion,Aloo Ki Kheer / potato kheer Recipe,https://www.youtube.com/watch?v=gnyguVr7hkk,Pakistani
Pizza Burger Recipe By Food Fusion,Pizza Burger Recipe,https://www.youtube.com/watch?v=iLawiUv18XA,Continental
Bread skewers 2 ways Recipe By Food Fusion,Bread skewers 2 ways Recipe,https://www.youtube.com/watch?v=rxYALJ3X6ls,Pakistani
Cheese Meatball with Spaghetti Recipe By Food Fusion,Cheese Meatball with Spaghetti Recipe,https://www.youtube.com/watch?v=__yqxgmxInM,Continental
Homemade Cream Cheese Sauces 4-ways Recipes By Food Fusion,Homemade Cream Cheese Sauces 4-ways Recipes,https://www.youtube.com/watch?v=h9Lite0whyI,Pakistani
Bhuttay (Corn) ki Kheer (Fixed/Updated) Recipe By Food Fusion,Bhuttay (Corn) ki Kheer (Fixed/Updated) Recipe,https://www.youtube.com/watch?v=qHP_X8IKMDQ,Pakistani
Crazy Crust Pizza - Pourable Liquid Crust Pizza  -  Recipe By Food Fusion,Crazy Crust Pizza,https://www.youtube.com/watch?v=taj6txyRDs4,Continental
Yellow Cake with Chocolate Butter Cream Frosting Recipe By Food Fusion,Yellow Cake with Chocolate Butter Cream Frosting Recipe,https://www.youtube.com/watch?v=uHYXdI2NWpk,Continental
Creamy Chicken & Mushroom Soup - Winter Special  Recipe By Food Fusion,Creamy Chicken & Mushroom Soup,https://www.youtube.com/watch?v=HP0Z8IF9zM4,Pakistani
Food Fusion Team Trying Weird Food Combinations - Don't Try This at Home!,Food Fusion Team Trying Weird Food Combinations,https://www.youtube.com/watch?v=j7tQwgy_IG8,Pakistani
Fish Chilli Fry Recipe By Food Fusion,Fish Chilli Fry Recipe,https://www.youtube.com/watch?v=OqWuNYQDz0Y,Pakistani
Haray Lehsan ki Besani Roti - Winter Special Recipe By Food Fusion,Haray Lehsan ki Besani Roti,https://www.youtube.com/watch?v=T9M9StKL8CA,Pakistani
Jalapeno Crispy Chicken Sliders Recipe By Food Fusion,Jalapeno Crispy Chicken Sliders Recipe,https://www.youtube.com/watch?v=aAn0Y7uflh0,Pakistani
Fish Hari Pyaz Kabab Recipe By Food Fusion,Fish Hari Pyaz Kabab Recipe,https://www.youtube.com/watch?v=MIarUgHC8-s,Pakistani
Makhani Besan Recipe By Food Fusion,Makhani Besan Recipe,https://www.youtube.com/watch?v=kIyHI-75HzU,Pakistani
Kanwal Kakri/Lotus Root/Beh Kabab Recipe By Food Fusion,Kanwal Kakri/Lotus Root/Beh Kabab Recipe,https://www.youtube.com/watch?v=YadzAHJHOI0,Pakistani
Penne Pasta with Sausages Recipe By Food Fusion,Penne Pasta with Sausages Recipe,https://www.youtube.com/watch?v=7GPXOWO90rw,Continental
Mix Vegetables in Hot Garlic Sauce Recipe By Food Fusion,Mix Vegetables in Hot Garlic Sauce Recipe,https://www.youtube.com/watch?v=_HPsvIW8zlY,Pakistani
Tarragon Chicken with Rice Bowl Recipe By Food Fusion,Tarragon Chicken with Rice Bowl Recipe,https://www.youtube.com/watch?v=YCF04xK_S0A,Pakistani
Lotus Pancakes Recipe By Food Fusion,Lotus Pancakes Recipe,https://www.youtube.com/watch?v=wHV7eRKVzVY,Pakistani
Kasuri Fish Gravy Recipe By Food Fusion,Kasuri Fish Gravy Recipe,https://www.youtube.com/watch?v=xOawd5bfg5M,Pakistani
Korean Sweet & Spicy Chicken Recipe By Food Fusion,Korean Sweet & Spicy Chicken Recipe,https://www.youtube.com/watch?v=G8gnotMFMp0,Pakistani
Apple Cinnamon Coffee Cake Recipe By Food Fusion,Apple Cinnamon Coffee Cake Recipe,https://www.youtube.com/watch?v=ak1liYIJoso,Continental
Phool Makhanay ka Halwa - winter special Recipe By Food Fusion,Phool Makhanay ka Halwa,https://www.youtube.com/watch?v=bCG3avoKwos,Pakistani
Mozzarella Balls with Marinara Sauce Recipe By Food Fusion,Mozzarella Balls with Marinara Sauce Recipe,https://www.youtube.com/watch?v=ZBxk87BSNIY,Pakistani
Cornflakes Crusted Finger Fish with Lemon Garlic Mayo Recipe By Food Fusion,Cornflakes Crusted Finger Fish with Lemon Garlic Mayo Recipe,https://www.youtube.com/watch?v=FRFNGrohz2g,Pakistani
Cheese Omelette Recipe By Food Fusion,Cheese Omelette Recipe,https://www.youtube.com/watch?v=QrmOaPZVUR0,Continental
Flavored Butter 3-ways Recipe By Food Fusion,Flavored Butter 3-ways Recipe,https://www.youtube.com/watch?v=MRr7Dxo1zy8,Pakistani
Most Wanted Fish Recipes 2021 By Food Fusion,Most Wanted Fish Recipes 2021,https://www.youtube.com/watch?v=aB7MpeEhw0Q,Pakistani
Boston cream Pie Recipe By Food Fusion,Boston cream Pie Recipe,https://www.youtube.com/watch?v=9man7g6cvik,Pakistani
Patakha Chicken Recipe By Food Fusion,Patakha Chicken Recipe,https://www.youtube.com/watch?v=rYnb14cPCxk,Pakistani
Bhunni Fish Curry Recipe By Food Fusion,Bhunni Fish Curry Recipe,https://www.youtube.com/watch?v=TBuGrTU8jjY,Pakistani
Tamatar ka Khatta & Quick Bhindi ki Sabzi Recipe By Food Fusion,Tamatar ka Khatta & Quick Bhindi ki Sabzi Recipe,https://www.youtube.com/watch?v=hX2zyL62cCs,Pakistani
Nutella Babka Bread Recipe By Food Fusion,Nutella Babka Bread Recipe,https://www.youtube.com/watch?v=53WeL_Kj_TU,Pakistani
Most Wanted Soup Recipes 2021 By Food Fusion,Most Wanted Soup Recipes 2021,https://www.youtube.com/watch?v=GjTjjzPMKnk,Pakistani
Nashville Hot Chicken Nuggets Recipe By Food Fusion,Nashville Hot Chicken Nuggets Recipe,https://www.youtube.com/watch?v=xiE9fTVOuwA,Pakistani
Balochi Fish Fried & Grilled Recipe By Food Fusion,Balochi Fish Fried & Grilled Recipe,https://www.youtube.com/watch?v=yyT2PmzWkOE,Pakistani
Easy Mutton White Biryani Recipe By Food Fusion,Easy Mutton White Biryani Recipe,https://www.youtube.com/watch?v=lYnBtgAgByQ,Pakistani
Chicken Pesto Pasta Recipe By Food Fusion,Chicken Pesto Pasta Recipe,https://www.youtube.com/watch?v=tPUbxtO69J4,Continental
Easy Pumpkin Spice Latte (Hot & Cold) By Food Fusion,Easy Pumpkin Spice Latte (Hot & Cold),https://www.youtube.com/watch?v=NXEV6j2txnY,Pakistani
Afghani Parda Pulao Recipe By Food Fusion,Afghani Parda Pulao Recipe,https://www.youtube.com/watch?v=eZcOfyjGNiA,Arabic/Mediterranean
Smoked Tandoori Tawa Keema Recipe By Food Fusion,Smoked Tandoori Tawa Keema Recipe,https://www.youtube.com/watch?v=YHqIB7jrz1s,Pakistani
Chatpatti Aloo Tikki Recipe By Food Fusion,Chatpatti Aloo Tikki Recipe,https://www.youtube.com/watch?v=jPswMTJXbeE,Pakistani
Au Gratin Potatoes Recipe By Food Fusion,Au Gratin Potatoes Recipe,https://www.youtube.com/watch?v=6vDtkaWstAM,Pakistani
Butter Chicken Paratha Roll Recipe By Food Fusion,Butter Chicken Paratha Roll Recipe,https://www.youtube.com/watch?v=r4Bog2O2T0c,Pakistani
Grilled Chicken with Chimichurri Sauce Recipe By Food Fusion,Grilled Chicken with Chimichurri Sauce Recipe,https://www.youtube.com/watch?v=ZH8YxlHfeOk,Pakistani
Tiramisu Cheesecake Cups Recipe By Food Fusion,Tiramisu Cheesecake Cups Recipe,https://www.youtube.com/watch?v=vnVEfva0LjU,Continental
Spaghetti Aglio Olio With Grilled Chicken Recipe By Food Fusion,Spaghetti Aglio Olio With Grilled Chicken Recipe,https://www.youtube.com/watch?v=usFyF1HOGQI,Continental
Instant Mong Daal Halwa Recipe By Food Fusion,Instant Mong Daal Halwa Recipe,https://www.youtube.com/watch?v=m2K9s1u1Hns,Pakistani
Jalebi Rabri Recipe By Food Fusion,Jalebi Rabri Recipe,https://www.youtube.com/watch?v=bcH95TI78fY,Pakistani
Baguette Breakfast Egg Boats Recipe By Food Fusion,Baguette Breakfast Egg Boats Recipe,https://www.youtube.com/watch?v=iuVe3ST5edU,Pakistani
Sriracha Chicken Recipe By Food Fusion,Sriracha Chicken Recipe,https://www.youtube.com/watch?v=u2B0hKY-ets,Pakistani
Al Rehman Biryani Recipe By Food Fusion,Al Rehman Biryani Recipe,https://www.youtube.com/watch?v=7kgUQFuKAZo,Pakistani
Tawa Mix Vegetable Recipe By Food Fusion,Tawa Mix Vegetable Recipe,https://www.youtube.com/watch?v=-1UKnlT1WNo,Pakistani
Southern Style Baked Macaroni & Cheese Recipe By Food Fusion,Southern Style Baked Macaroni & Cheese Recipe,https://www.youtube.com/watch?v=jENjWNk58_c,Continental
Turkish Mezze Platter Recipe By Food Fusion,Turkish Mezze Platter Recipe,https://www.youtube.com/watch?v=al6Tkpd9MG0,Arabic/Mediterranean
Cream Cheese Alfredo Pasta Recipe By Food Fusion,Cream Cheese Alfredo Pasta Recipe,https://www.youtube.com/watch?v=f97C_QII9Uo,Continental
Beef steak with Sautéed Spinach & Mashed Potatoes Recipe By Food Fusion,Beef steak with Sautéed Spinach & Mashed Potatoes Recipe,https://www.youtube.com/watch?v=x1YcHRJlkgY,Continental
Mutton Makhni Handi Recipe By Food Fusion,Mutton Makhni Handi Recipe,https://www.youtube.com/watch?v=kk9ucwXDUIk,Pakistani
Crispy Buffalo Chicken Sandwich/Burger Recipe By Food Fusion,Crispy Buffalo Chicken Sandwich/Burger Recipe,https://www.youtube.com/watch?v=gvRqSsSMbzU,Continental
Lehsani Masala Tikka Recipe By Food Fusion,Lehsani Masala Tikka Recipe,https://www.youtube.com/watch?v=KKEgNFZyhPw,Pakistani
Pink Sauce Spaghetti Recipe By Food Fusion,Pink Sauce Spaghetti Recipe,https://www.youtube.com/watch?v=cKqmPrd81kg,Continental
Chana Daal Fry Restaurant Style Recipe By Food Fusion,Chana Daal Fry Restaurant Style Recipe,https://www.youtube.com/watch?v=xhHuGoAtoZo,Pakistani
Taco Beef Burger with Guacamole and Salsa Recipe By Food Fusion,Taco Beef Burger with Guacamole and Salsa Recipe,https://www.youtube.com/watch?v=99qVBPZs6xc,Continental
Kibris Tatlisi (Cyprus Dessert) Recipe By Food Fusion,Kibris Tatlisi (Cyprus Dessert) Recipe,https://www.youtube.com/watch?v=09hy-MAvFgo,Pakistani
Sugar Free Chocolate Cupcakes Recipe By Food Fusion,Sugar Free Chocolate Cupcakes Recipe,https://www.youtube.com/watch?v=4IFzd5u4KOo,Pakistani
Umm Ali (Egyptian Dessert) Recipe By Food Fusion,Umm Ali (Egyptian Dessert) Recipe,https://www.youtube.com/watch?v=2zpxAjpJL1o,Pakistani
Seekh Kabab Pizza Roll Recipe By Food Fusion,Seekh Kabab Pizza Roll Recipe,https://www.youtube.com/watch?v=wBpKKsJxK5E,Continental
Al Faham Chicken with Ruz Bukhari Rice Recipe By Food Fusion,Al Faham Chicken with Ruz Bukhari Rice Recipe,https://www.youtube.com/watch?v=TfTATyEQv2M,Pakistani
Restaurant Style Chicken Reshmi Handi Recipe By Food Fusion,Restaurant Style Chicken Reshmi Handi Recipe,https://www.youtube.com/watch?v=lD8feXa1ixI,Pakistani
Cheese Burst Pizza Recipe By Food Fusion,Cheese Burst Pizza Recipe,https://www.youtube.com/watch?v=Ff6OIVum2KY,Continental
Nuggets Loaded Fries Recipe By Food Fusion,Nuggets Loaded Fries Recipe,https://www.youtube.com/watch?v=-0HnUsi6qpg,Pakistani
Lotus Cream Cheese Cake - No Bake Recipe By Food Fusion,Lotus Cream Cheese Cake,https://www.youtube.com/watch?v=wVEg4NmQ2ew,Continental
Korean Street Style Cream Cheese Garlic Bread/Bun Recipe By Food Fusion,Korean Street Style Cream Cheese Garlic Bread/Bun Recipe,https://www.youtube.com/watch?v=XnyjZcQCZuQ,Pakistani
Creamy Tomato Chicken Pasta Recipe By Food Fusion,Creamy Tomato Chicken Pasta Recipe,https://www.youtube.com/watch?v=wD18mT5TV7A,Continental
Stuffed Masala Lauki Recipe by Food Fusion,Stuffed Masala Lauki Recipe,https://www.youtube.com/watch?v=HvRlMYUdQew,Pakistani
Caramel Cream Delight Recipe By Food Fusion,Caramel Cream Delight Recipe,https://www.youtube.com/watch?v=ZRVqrfXBVoU,Continental
Creamy Mushroom and Jalapeño Stuffed Chicken Recipe By Food Fusion,Creamy Mushroom and Jalapeño Stuffed Chicken Recipe,https://www.youtube.com/watch?v=oa1gwgxh6kg,Pakistani
Baguette Omelette Recipe By Food Fusion,Baguette Omelette Recipe,https://www.youtube.com/watch?v=UNr0zYWStF0,Continental
Chocolate Mousse Trifle Recipe By Food Fusion,Chocolate Mousse Trifle Recipe,https://www.youtube.com/watch?v=DGq7R0gnarU,Pakistani
Mexican Stuffed Peppers Recipe By Food Fusion,Mexican Stuffed Peppers Recipe,https://www.youtube.com/watch?v=sEL7r8upbvw,Pakistani
Creme Brulee Donuts Recipe By Food Fusion,Creme Brulee Donuts Recipe,https://www.youtube.com/watch?v=A8s_4UqkCpI,Continental
Apple Cinnamon Iced Green Tea Recipe By Food Fusion,Apple Cinnamon Iced Green Tea Recipe,https://www.youtube.com/watch?v=3I2klHZuzkY,Pakistani
Crispy Chicken Wings with 7up Recipe By Food Fusion,Crispy Chicken Wings with 7up Recipe,https://www.youtube.com/watch?v=8C3fobLExXg,Continental
Malai Tikka Pulao Recipe By Food Fusion,Malai Tikka Pulao Recipe,https://www.youtube.com/watch?v=AAjXYSOIK00,Pakistani
Pulled Chicken Club Sandwich Recipe By Food Fusion,Pulled Chicken Club Sandwich Recipe,https://www.youtube.com/watch?v=THO1kHOofIA,Continental
Steak Bites with Mushroom Sauce Recipe By Food Fusion,Steak Bites with Mushroom Sauce Recipe,https://www.youtube.com/watch?v=wsSUz3IbhwA,Continental
Butter Chicken Popcorn 2 Ways Recipe By Food Fusion,Butter Chicken Popcorn 2 Ways Recipe,https://www.youtube.com/watch?v=yxfFEmONOsY,Pakistani
Citrus Iced Green Tea Recipe By Food Fusion,Citrus Iced Green Tea Recipe,https://www.youtube.com/watch?v=7OUc-JK4wpg,Pakistani
Spicy Tikka with Cream Sauce Recipe By Food Fusion,Spicy Tikka with Cream Sauce Recipe,https://www.youtube.com/watch?v=_f4_IE4GzS4,Pakistani
Gosht ka Achar Recipe By Food Fusion,Gosht ka Achar Recipe,https://www.youtube.com/watch?v=ZrWmdHI9sr4,Pakistani
Lauki Muthiya Recipe By Food Fusion,Lauki Muthiya Recipe,https://www.youtube.com/watch?v=PNEW-OdUDSI,Pakistani
Creamy Coconut Kali Masoor Daal Recipe By Food Fusion,Creamy Coconut Kali Masoor Daal Recipe,https://www.youtube.com/watch?v=yvD1t676Q18,Pakistani
Beef Steak with Pepper Sauce Recipe By Food Fusion,Beef Steak with Pepper Sauce Recipe,https://www.youtube.com/watch?v=CKF7zK9Du6g,Continental
Achari Lauki Aloo Gosht Recipe By Food Fusion,Achari Lauki Aloo Gosht Recipe,https://www.youtube.com/watch?v=xp7gKp5s0VY,Pakistani
Special Meethi Tikiyan with Pista Badam Recipe By Food Fusion,Special Meethi Tikiyan with Pista Badam Recipe,https://www.youtube.com/watch?v=itIRf44sxfE,Pakistani
Sugar Free Sooji Ka Halwa Recipe By Food Fusion,Sugar Free Sooji Ka Halwa Recipe,https://www.youtube.com/watch?v=3XlKohU20kw,Pakistani
Hyderabadi Style Qubooli Rice Recipe By Food Fusion,Hyderabadi Style Qubooli Rice Recipe,https://www.youtube.com/watch?v=ZOlf2-6Hz2o,Indian
Ice Cream Soda Floats 3-ways Recipe By Food Fusion,Ice Cream Soda Floats 3-ways Recipe,https://www.youtube.com/watch?v=YrNG48Tic-0,Pakistani
Badami Kheer with Puri Recipe By Food Fusion,Badami Kheer with Puri Recipe,https://www.youtube.com/watch?v=NkzFZ7xP4dM,Pakistani
Mutton Khichra Recipe By Food Fusion,Mutton Khichra Recipe,https://www.youtube.com/watch?v=gUa0cOa137k,Pakistani
Antioxidant Pomegranate & Strawberry Iced Green Tea Recipe By Food Fusion,Antioxidant Pomegranate & Strawberry Iced Green Tea Recipe,https://www.youtube.com/watch?v=8zTXPhNMnHQ,Pakistani
Green Velvet Cake Recipe By Food Fusion (Independence Day Special),Green Velvet Cake Recipe By Food Fusion (Independence Day Special),https://www.youtube.com/watch?v=Uo6G3-3--eI,Continental
There is no Power on Earth That Can Undo Pakistan - Jashan-E-Azadi Mubarak,There is no Power on Earth That Can Undo Pakistan,https://www.youtube.com/watch?v=BZ6qwcOt8I4,Pakistani
Mousse Cups Recipe By Food Fusion (Independence day Special),Mousse Cups Recipe By Food Fusion (Independence day Special),https://www.youtube.com/watch?v=CeosRv-pybU,Pakistani
BBQ Chicken Mushroom with Lemon Herb Rice Platter Recipe By Food Fusion,BBQ Chicken Mushroom with Lemon Herb Rice Platter Recipe,https://www.youtube.com/watch?v=0xBx8WoNwZc,Pakistani
Degi Yakhni Pulao Recipe By Food Fusion,Degi Yakhni Pulao Recipe,https://www.youtube.com/watch?v=OK0l6py9VP4,Pakistani
Smokey Mutton Recipe by Food Fusion,Smokey Mutton Recipe,https://www.youtube.com/watch?v=8FXzQZvgZ7c,Pakistani
Ranch Pizza Recipe By Food Fusion,Ranch Pizza Recipe,https://www.youtube.com/watch?v=b5UUNnaHc2E,Continental
Cream French Toast Casserole Recipe By Food Fusion,Cream French Toast Casserole Recipe,https://www.youtube.com/watch?v=bf9xRBdbl6M,Pakistani
Iced green tea with Coconut water Recipe by Food Fusion,Iced green tea with Coconut water Recipe,https://www.youtube.com/watch?v=LB21nHeW698,Pakistani
Spicy Tawa Mutton Recipe by Food Fusion,Spicy Tawa Mutton Recipe,https://www.youtube.com/watch?v=JasU62bI4pA,Pakistani
Peshawari Ice Cream Recipe By Food Fusion,Peshawari Ice Cream Recipe,https://www.youtube.com/watch?v=-2q7EJ0Nsi4,Pakistani
Classic Smash Burger Recipe By Food Fusion,Classic Smash Burger Recipe,https://www.youtube.com/watch?v=OK2d3XPDEfQ,Continental
Stir Fry Beef Chilli Recipe By Food Fusion,Stir Fry Beef Chilli Recipe,https://www.youtube.com/watch?v=oCubpNYJ4kI,Pakistani
Mutton Rara Recipe By Food Fusion,Mutton Rara Recipe,https://www.youtube.com/watch?v=mwRLCieqefA,Pakistani
Cheese Stuffed Hash browns Recipe By Food Fusion,Cheese Stuffed Hash browns Recipe,https://www.youtube.com/watch?v=TG1sWJ1YbaA,Pakistani
Boneless Mutton Karahi Recipe by Food Fusion,Boneless Mutton Karahi Recipe,https://www.youtube.com/watch?v=DN_CKSZ6qtE,Pakistani
Restaurant Style Malai Daal Makhni Recipe By Food Fusion,Restaurant Style Malai Daal Makhni Recipe,https://www.youtube.com/watch?v=tGWnUbo2hoA,Pakistani
Quick Pressure Cooker Nihari Recipe By Food Fusion,Quick Pressure Cooker Nihari Recipe,https://www.youtube.com/watch?v=O1znjmY8pyE,Pakistani
Navratan Pulao Recipe By Food Fusion,Navratan Pulao Recipe,https://www.youtube.com/watch?v=tBg0lEQU8-U,Pakistani
Stuffed Naan Pockets Recipe By Food Fusion,Stuffed Naan Pockets Recipe,https://www.youtube.com/watch?v=gIR_Yjz0fXg,Pakistani
Mutton Butter Tikka Boti Recipe By Food Fusion,Mutton Butter Tikka Boti Recipe,https://www.youtube.com/watch?v=fQdmz5TRw68,Pakistani
Moroccan Kebab Recipe By Food Fusion,Moroccan Kebab Recipe,https://www.youtube.com/watch?v=9Upkx4mNDf8,Pakistani
Restaurant Style Vegetable Handi Recipe By Food Fusion,Restaurant Style Vegetable Handi Recipe,https://www.youtube.com/watch?v=vUtfIhyQaRs,Pakistani
Lucknowi Shami Kabab Recipe By Food Fusion,Lucknowi Shami Kabab Recipe,https://www.youtube.com/watch?v=NL6T10HGO6o,Pakistani
Mini Shami Bun Kabab Recipe - How to Make Bun kabab  by Food Fusion,Mini Shami Bun Kabab,https://www.youtube.com/watch?v=-bz-fwaku28,Pakistani
Smoky Keema Biryani Recipe By Food Fusion (Bakra Eid Special),Smoky Keema Biryani Recipe By Food Fusion (Bakra Eid Special),https://www.youtube.com/watch?v=ZANk1mpUOIY,Pakistani
6 Meaty Rice Recipes For Eid ul Azha By Food Fusion,6 Meaty Rice Recipes For Eid ul Azha,https://www.youtube.com/watch?v=gHOEEruFeh4,Pakistani
BBQ Party Recipes By Food Fusion (Bakra Eid Special),BBQ Party Recipes By Food Fusion (Bakra Eid Special),https://www.youtube.com/watch?v=rHZNdrmJgng,Pakistani
Eid Day Special Recipes By Food Fusion (Bakra Eid Special),Eid Day Special Recipes By Food Fusion (Bakra Eid Special),https://www.youtube.com/watch?v=81UBC39Fu98,Pakistani
Lemon Cake with 7up Recipe By Food Fusion (Eid Special),Lemon Cake with 7up Recipe By Food Fusion (Eid Special),https://www.youtube.com/watch?v=IRnoPOOgsI0,Continental
Mutton Malai Leg Roast Recipe By Food Fusion (Bakra Eid Special),Mutton Malai Leg Roast Recipe By Food Fusion (Bakra Eid Special),https://www.youtube.com/watch?v=5Bff0Nprlus,Pakistani
Gurday Kaleji Masala Recipe By Food Fusion (Bakra Eid Special),Gurday Kaleji Masala Recipe By Food Fusion (Bakra Eid Special),https://www.youtube.com/watch?v=ig7qYNpaR70,Pakistani
Eid Ke Special Meethay / Eid Special desserts By Food Fusion,Eid Ke Special Meethay / Eid Special desserts,https://www.youtube.com/watch?v=-CEu3L6Q9B4,Pakistani
Afghani Mutton Gravy Recipe By Food Fusion (Bakra Eid Special),Afghani Mutton Gravy Recipe By Food Fusion (Bakra Eid Special),https://www.youtube.com/watch?v=_JJVxBtYoG8,Arabic/Mediterranean
Brain / Maghaz Do Pyaza Recipe By Food Fusion (Bakra Eid Special),Brain / Maghaz Do Pyaza Recipe By Food Fusion (Bakra Eid Special),https://www.youtube.com/watch?v=7U4sYB2Z6rE,Pakistani
Peshawari Tawa Kaleji Recipe By Food Fusion (Bakra Eid Special),Peshawari Tawa Kaleji Recipe By Food Fusion (Bakra Eid Special),https://www.youtube.com/watch?v=7PqJ2EK9VSM,Pakistani
Brain Cutlets/ Maghaz kay Kabab  Recipe By Food Fusion (Bakra Eid Special),Brain Cutlets/ Maghaz kay Kabab  Recipe By Food Fusion (Bakra Eid Special),https://www.youtube.com/watch?v=OOlTnSRTOAk,Pakistani
Mango Firni Recipe By Food Fusion (Eid Special),Mango Firni Recipe By Food Fusion (Eid Special),https://www.youtube.com/watch?v=2Cd7-VzQhEg,Pakistani
Shahi Mutton Korma Recipe By Food Fusion (Bakra Eid Special),Shahi Mutton Korma Recipe By Food Fusion (Bakra Eid Special),https://www.youtube.com/watch?v=1F4H5eis76k,Pakistani
Sweet & Spicy Beef with Fried Rice Recipe by Food Fusion (Bakra Eid Special),Sweet & Spicy Beef with Fried Rice Recipe by Food Fusion (Bakra Eid Special),https://www.youtube.com/watch?v=ccEAilMC-sY,Chinese
Sugar Free Kheer Recipe By Food Fusion (Eid Special),Sugar Free Kheer Recipe By Food Fusion (Eid Special),https://www.youtube.com/watch?v=zrQDDhthnr8,Pakistani
Masala Pasanday Kabab Recipe by Food Fusion (Bakra Eid Special),Masala Pasanday Kabab Recipe by Food Fusion (Bakra Eid Special),https://www.youtube.com/watch?v=UKcTXtX8tA0,Pakistani
Peach Ginger Iced Green Tea Recipe By Food Fusion,Peach Ginger Iced Green Tea Recipe,https://www.youtube.com/watch?v=pMdwVn10Ro8,Pakistani
Classic Coffee Cake Recipe Inspired by Bombay Bakery - Food Fusion (Eid Special Recipe),Classic Coffee Cake Recipe Inspired by Bombay Bakery (Eid Special Recipe),https://www.youtube.com/watch?v=4ImuvGjDHjc,Continental
Mutton Leg Roast with Vegetables Recipe without oven By Food Fusion (Bakra Eid Special),Mutton Leg Roast with Vegetables Recipe without oven By Food Fusion (Bakra Eid Special),https://www.youtube.com/watch?v=Ssidla-6i-E,Pakistani
Chandan Kabab Recipe By Food Fusion (Bakra Eid Special),Chandan Kabab Recipe By Food Fusion (Bakra Eid Special),https://www.youtube.com/watch?v=hAiya8OvyqY,Pakistani
Beef Malai White Handi Recipe by Food Fusion (Bakra Eid Special),Beef Malai White Handi Recipe by Food Fusion (Bakra Eid Special),https://www.youtube.com/watch?v=sHGWcr7zkWY,Pakistani
Street Style Kata Kat Recipe By Food Fusion (Bakra Eid Special),Street Style Kata Kat Recipe By Food Fusion (Bakra Eid Special),https://www.youtube.com/watch?v=3h_SNhb959I,Pakistani
Beef Kaleji Tawa Masala Recipe By Food Fusion (Bakra Eid Special),Beef Kaleji Tawa Masala Recipe By Food Fusion (Bakra Eid Special),https://www.youtube.com/watch?v=IAZVx8Nwiu0,Pakistani
Mango Mojito Recipe - Cherry Mojito and Pineapple Mojito Restaurant Style By Food Fusion,Mango Mojito,https://www.youtube.com/watch?v=vXMDCNTl1zI,Pakistani
Behind the scenes - Food Fusion Recipe Shoot- Katakat,Behind the scenes Recipe Shoot- Katakat,https://www.youtube.com/watch?v=h6_tCJC-Bag,Pakistani
Mango Shahi Tukray Recipe By Food Fusion (Eid Special),Mango Shahi Tukray Recipe By Food Fusion (Eid Special),https://www.youtube.com/watch?v=Pww2wTnVs6A,Pakistani
Mango Green Tea Popsicle Recipe By Food Fusion (Summer special),Mango Green Tea Popsicle Recipe By Food Fusion (Summer special),https://www.youtube.com/watch?v=GCOuy1KwV1o,Pakistani
Special Mutton Malai Handi Recipe By Food Fusion (Bakra Eid Special),Special Mutton Malai Handi Recipe By Food Fusion (Bakra Eid Special),https://www.youtube.com/watch?v=9eq6LO-kTN8,Pakistani
Beef & Mushroom Stuffed Naan Recipe By Food Fusion (Bakra Eid Special),Beef & Mushroom Stuffed Naan Recipe By Food Fusion (Bakra Eid Special),https://www.youtube.com/watch?v=tAISgpKzx5o,Pakistani
Our Story -5 Years of Food Fusion  #SuperConfidence,Our Story -5 Years of Food Fusion  #SuperConfidence,https://www.youtube.com/watch?v=Xok5jz5QQ-w,Pakistani
Street Style Dhaga Kabab Recipe By Food Fusion (Bakra Eid Special),Street Style Dhaga Kabab Recipe By Food Fusion (Bakra Eid Special),https://www.youtube.com/watch?v=50hKf8gf0Tc,Pakistani
Lebanese Platter With Adana Kabab & Roasted Pepper Hummus Recipe By Food Fusion (Bakra Eid Special),Lebanese Platter With Adana Kabab & Roasted Pepper Hummus Recipe By Food Fusion (Bakra Eid Special),https://www.youtube.com/watch?v=4G8mb1frHHc,Arabic/Mediterranean
Mutton Paye Kunna Gosht Recipe By Food Fusion (Bakra Eid Special),Mutton Paye Kunna Gosht Recipe By Food Fusion (Bakra Eid Special),https://www.youtube.com/watch?v=euFEjK3XjLM,Pakistani
Watermelon Green Tea Detox Recipe By Food Fusion,Watermelon Green Tea Detox Recipe,https://www.youtube.com/watch?v=hDbPXpuVwKo,Pakistani
Baking Ovens  - The ultimate Guide By Food Fusion (Must watch before you buy),Baking Ovens,https://www.youtube.com/watch?v=UZJUwX-HfNw,Pakistani
Sulemani Mutton Biryani Recipe By Food Fusion (Bakra Eid Special),Sulemani Mutton Biryani Recipe By Food Fusion (Bakra Eid Special),https://www.youtube.com/watch?v=ye468EAsyBM,Pakistani
Malai Kabab with Gravy Recipe By Food Fusion,Malai Kabab with Gravy Recipe,https://www.youtube.com/watch?v=ytvOCMYJLWM,Pakistani
Restaurant Style Soda 3 ways Recipe By Food Fusion,Restaurant Style Soda 3 ways Recipe,https://www.youtube.com/watch?v=xFuGZ_ViO3k,Pakistani
Mango Cherry Green Tea Smoothie Recipe By Food Fusion,Mango Cherry Green Tea Smoothie Recipe,https://www.youtube.com/watch?v=sDnBTXOvBQ0,Pakistani
Cold Coffee Loaded with Coffee Jelly Recipe By Food Fusion,Cold Coffee Loaded with Coffee Jelly Recipe,https://www.youtube.com/watch?v=H_xYstANB0Y,Continental
Peshawari Beef kabab Recipe By Food Fusion,Peshawari Beef kabab Recipe,https://www.youtube.com/watch?v=hR4_EhbkgS0,Pakistani
Mash Daal Keema Recipe By Food Fusion,Mash Daal Keema Recipe,https://www.youtube.com/watch?v=RMDtv05rLJs,Pakistani
Turkish stuffed eggplant (Karniyarik) Recipe By Food Fusion,Turkish stuffed eggplant (Karniyarik) Recipe,https://www.youtube.com/watch?v=e95aazSHWL4,Arabic/Mediterranean
Trip to Khunjerab Pass - Final Episode Food Fusion Travel Series,Trip to Khunjerab Pass,https://www.youtube.com/watch?v=PmTeuf7F2NA,Pakistani
Mango Trifle Delight Recipe By Food Fusion,Mango Trifle Delight Recipe,https://www.youtube.com/watch?v=PBbKuFOYxzE,Pakistani
Anda Choley Dum Biryani Recipe By Food Fusion,Anda Choley Dum Biryani Recipe,https://www.youtube.com/watch?v=-pOpebZsKT4,Pakistani
Fruit popsicles with 7up Recipe By Food Fusion,Fruit popsicles with 7up Recipe,https://www.youtube.com/watch?v=HldCQAjascc,Pakistani
Shahi Mango Kulfa Ice Cream Recipe By Food Fusion,Shahi Mango Kulfa Ice Cream Recipe,https://www.youtube.com/watch?v=Ks8FdkRkfYw,Pakistani
Mango Cake Recipe By Food Fusion,Mango Cake Recipe,https://www.youtube.com/watch?v=PUwjXi-XynM,Continental
Mutton Achari Recipe By Food Fusion,Mutton Achari Recipe,https://www.youtube.com/watch?v=8iQ2PcDbMmU,Pakistani
Mango Drink Recipe - Mango Week  By Food Fusion,Mango Drink,https://www.youtube.com/watch?v=hSN7T_nsvWI,Pakistani
Mango Barfi Recipe By Food Fusion,Mango Barfi Recipe,https://www.youtube.com/watch?v=5P3IXWpCifU,Pakistani
Summer Peach Sparkler Recipe By Food Fusion,Summer Peach Sparkler Recipe,https://www.youtube.com/watch?v=fiJ0kT2qnCQ,Pakistani
Street Style Samosa Recipe By Food Fusion,Street Style Samosa Recipe,https://www.youtube.com/watch?v=gVQGYp__n4I,Pakistani
Mango Tres Leches Cake Recipe By Food Fusion,Mango Tres Leches Cake Recipe,https://www.youtube.com/watch?v=8-WgoP4cJ6c,Continental
Mango Peda Recipe by Food Fusion,Mango Peda Recipe,https://www.youtube.com/watch?v=mQgo8v0agVk,Pakistani
Mango Cutting Technique - Food Fusion,Mango Cutting Technique,https://www.youtube.com/watch?v=FmvqSFaVEzQ,Pakistani
Aam ka Murabba / Raw Mango - Kari  Murabba Recipe By Food Fusion,Aam ka Murabba / Raw Mango,https://www.youtube.com/watch?v=-KpvJykkfYI,Pakistani
Frozen Mango Treats - Mango Week - Food Fusion,Frozen Mango Treats,https://www.youtube.com/watch?v=-yoVHBDTXiA,Pakistani
Mango Sago Pudding Recipe By Food Fusion,Mango Sago Pudding Recipe,https://www.youtube.com/watch?v=2Aq3LV8J_GI,Pakistani
Mango Frappe Recipe By Food Fusion,Mango Frappe Recipe,https://www.youtube.com/watch?v=qA5mN2nwRgU,Pakistani
Make & Store Mango Recipes - Mango Week at Food Fusion,Make & Store Mango Recipes,https://www.youtube.com/watch?v=6yunGGegmfI,Pakistani
4 Amazing Mango Desserts - Mango Week at  Food Fusion,Mango Desserts,https://www.youtube.com/watch?v=hWtnP-taYLo,Pakistani
Raw Mango/Kari Cooler Recipe By Food Fusion,Raw Mango/Kari Cooler Recipe,https://www.youtube.com/watch?v=tiGo2L1JJ_U,Pakistani
Celebrating Mango Week at Food Fusion,Celebrating Mango Week at,https://www.youtube.com/watch?v=GIGaqABpicc,Pakistani
Mango Tart Recipe By Food Fusion,Mango Tart Recipe,https://www.youtube.com/watch?v=XMRTAIW05II,Pakistani
Beef Afghani Boti Recipe By Food Fusion,Beef Afghani Boti Recipe,https://www.youtube.com/watch?v=zMWgZcZNhwU,Arabic/Mediterranean
Multigrain Bread Recipe By Food Fusion,Multigrain Bread Recipe,https://www.youtube.com/watch?v=97mRCiMgXtM,Pakistani
Aloo ki karahi Recipe by Food Fusion,Aloo ki karahi Recipe,https://www.youtube.com/watch?v=uaw9NWULtLM,Pakistani
Achari Bhindi Recipe By Food Fusion,Achari Bhindi Recipe,https://www.youtube.com/watch?v=xqHtBInY174,Pakistani
Mango Doodh ki Thandi Bottle Recipe By Food Fusion,Mango Doodh ki Thandi Bottle Recipe,https://www.youtube.com/watch?v=j9hIymFJ6lU,Pakistani
Gulabi Colada & Lal sharbat Ice cream Recipe By Food Fusion,Gulabi Colada & Lal sharbat Ice cream Recipe,https://www.youtube.com/watch?v=DUgLlzJXOOw,Pakistani
Aamras Puri Recipe By Food Fusion,Aamras Puri Recipe,https://www.youtube.com/watch?v=hFllDYn_scA,Pakistani
Dahi Champ (Mutton Chops) Recipe By Food Fusion,Dahi Champ (Mutton Chops) Recipe,https://www.youtube.com/watch?v=EdATiBstS3c,Pakistani
4 Array Wah Burger Recipes By Food Fusion,4 Array Wah Burger Recipes,https://www.youtube.com/watch?v=rhgtFMH4fNE,Continental
Chocolate Donuts Recipe By Food Fusion,Chocolate Donuts Recipe,https://www.youtube.com/watch?v=enEJ7smngQM,Continental
Mocha Three Milk Cake Recipe By Food Fusion,Mocha Three Milk Cake Recipe,https://www.youtube.com/watch?v=2zFPSmHlBz0,Continental
We Got Vaccinated - Did you ? - Asad & Saima From Food Fusion,We Got Vaccinated,https://www.youtube.com/watch?v=ZVOj7GDxbTI,Pakistani
Kari Chutney 3-ways (Raw Mango Chutney) Recipes By Food Fusion,Kari Chutney 3-ways (Raw Mango Chutney) Recipes,https://www.youtube.com/watch?v=q0Sc-qhPlhA,Pakistani
Breakfast Bread Lasagna Recipe By Food Fusion,Breakfast Bread Lasagna Recipe,https://www.youtube.com/watch?v=WKExlmC_llk,Continental
Chicken Fajita Sandwich Recipe By Food Fusion,Chicken Fajita Sandwich Recipe,https://www.youtube.com/watch?v=IxQYWl7nVn4,Continental
Chicken Mac and Cheese Recipe By Food Fusion,Chicken Mac and Cheese Recipe,https://www.youtube.com/watch?v=HIF9jDczSlk,Continental
Achari Paneer Curry Recipe By Food Fusion,Achari Paneer Curry Recipe,https://www.youtube.com/watch?v=Kg8qU1mMT9Q,Indian
Shawarma Savory Crepes Recipe By Food Fusion,Shawarma Savory Crepes Recipe,https://www.youtube.com/watch?v=JdknltWVd3s,Arabic/Mediterranean
Mango Recipe Collection 2021 By Food Fusion,Mango Recipe Collection 2021,https://www.youtube.com/watch?v=N1O0MD8bQgo,Pakistani
Deep Dish Kabab Pizza Recipe By Food Fusion,Deep Dish Kabab Pizza Recipe,https://www.youtube.com/watch?v=Xf5tLO3t62I,Continental
Custard Jelly Sharbat Recipe By Food Fusion,Custard Jelly Sharbat Recipe,https://www.youtube.com/watch?v=WWbD8Vx48Ok,Pakistani
Pizza Sandwich without oven Recipe By Food Fusion,Pizza Sandwich without oven Recipe,https://www.youtube.com/watch?v=_OK_DAW6qjA,Continental
Achari Pull Apart Sliders Recipe By Food Fusion,Achari Pull Apart Sliders Recipe,https://www.youtube.com/watch?v=_EvoIyXzmcY,Pakistani
Eid Special Recipe Menu collection 3 By Food Fusion,Eid Special Recipe Menu collection 3,https://www.youtube.com/watch?v=FguIdWEzUpU,Pakistani
Eid Special Easy Custard Trifle Recipe By Food Fusion,Eid Special Easy Custard Trifle Recipe,https://www.youtube.com/watch?v=xgZ7sIURaFY,Pakistani
Eid Special Sawaiyan Kheer Recipe By Food Fusion,Eid Special Sawaiyan Kheer Recipe,https://www.youtube.com/watch?v=DcjdI-YfYfU,Pakistani
Eid Mubarak From Team Food Fusion,Eid Mubarak From Team,https://www.youtube.com/watch?v=o8SaBwSQvu4,Pakistani
Eid Special Recipe Menu Collection 2 By Food Fusion,Eid Special Recipe Menu Collection 2,https://www.youtube.com/watch?v=Q5JFlhcUDEs,Pakistani
Eid Special Sheer khurma with Date Mousse Disk Recipe by Food Fusion,Eid Special Sheer khurma with Date Mousse Disk Recipe,https://www.youtube.com/watch?v=QI1p9d6r-8A,Pakistani
Eid Special Smoky Chicken Tikka Biryani Recipe By Food Fusion,Eid Special Smoky Chicken Tikka Biryani Recipe,https://www.youtube.com/watch?v=9dCw54kAb-M,Pakistani
Kala Jamun Eid Special Recipe By Food Fusion,Kala Jamun Eid Special Recipe,https://www.youtube.com/watch?v=YoEshAylDYU,Pakistani
Eid Special Recipe Menu Collection 1 By Food Fusion,Eid Special Recipe Menu Collection 1,https://www.youtube.com/watch?v=f2FOeWFkKds,Pakistani
Eid Special Moist Chocolate Cake Recipe by Food Fusion,Eid Special Moist Chocolate Cake Recipe,https://www.youtube.com/watch?v=sxGU3KclCLY,Continental
Restaurant Style Chicken Seekh Kabab with Chutney By Food Fusion (Eid Special Recipe),Restaurant Style Chicken Seekh Kabab with Chutney By Food Fusion (Eid Special Recipe),https://www.youtube.com/watch?v=YwyMMw-x-iQ,Pakistani
Eid Special Rose Milk Cake Recipe by Food Fusion,Eid Special Rose Milk Cake Recipe,https://www.youtube.com/watch?v=_SRaLPvxaRo,Continental
Eid Special Handi Dum Kabab Recipe By Food Fusion,Eid Special Handi Dum Kabab Recipe,https://www.youtube.com/watch?v=oqJ2PotLVC0,Pakistani
Chicken Bread Sandwich Cake / Swedish Smorgastarta Recipe by Food Fusion,Chicken Bread Sandwich Cake / Swedish Smorgastarta Recipe,https://www.youtube.com/watch?v=TkB4KsJ-NWg,Continental
Pheni zarda Recipe By Food Fusion (Eid Special),Pheni zarda Recipe By Food Fusion (Eid Special),https://www.youtube.com/watch?v=gtQmOMBFAug,Pakistani
Bawarchi Style Chicken Biryani Recipe By Food Fusion (Ramzan Special),Bawarchi Style Chicken Biryani Recipe By Food Fusion (Ramzan Special),https://www.youtube.com/watch?v=tW-Blq063To,Pakistani
Vegetable & Sausage Sandwich Recipe By Food Fusion (Ramzan Special),Vegetable & Sausage Sandwich Recipe By Food Fusion (Ramzan Special),https://www.youtube.com/watch?v=z7NyFSvQQds,Continental
Restaurant Style Chicken Korma Recipe By Food Fusion (Eid Special Recipe),Restaurant Style Chicken Korma Recipe By Food Fusion (Eid Special Recipe),https://www.youtube.com/watch?v=tnKuliy4Czk,Pakistani
Eid Special Lab e Shireen Festive Recipe By Food Fusion,Eid Special Lab e Shireen Festive Recipe,https://www.youtube.com/watch?v=QRmtcGHosMo,Pakistani
Homemade Instant Sheer Khurma Mix Recipe By Food Fusion (Eid Special),Homemade Instant Sheer Khurma Mix Recipe By Food Fusion (Eid Special),https://www.youtube.com/watch?v=KAezf-8UFt4,Pakistani
Hara Masala Butter Chicken Recipe By Food Fusion (Eid Special),Hara Masala Butter Chicken Recipe By Food Fusion (Eid Special),https://www.youtube.com/watch?v=WssNwMuMctc,Pakistani
4 Aray Wah Sandwich Recipes By Food Fusion,4 Aray Wah Sandwich Recipes,https://www.youtube.com/watch?v=fBHvr1CaH4Y,Continental
Fire Chicken Karahi Recipe By Food Fusion (Eid Special Recipe),Fire Chicken Karahi Recipe By Food Fusion (Eid Special Recipe),https://www.youtube.com/watch?v=T3pQmbC1GW4,Pakistani
Hummus & Falafel Wraps Recipe By Food Fusion (Ramzan Special),Hummus & Falafel Wraps Recipe By Food Fusion (Ramzan Special),https://www.youtube.com/watch?v=PRciaYxo9JI,Arabic/Mediterranean
Homemade Chicken Tikka Spread Recipe by Food Fusion,Homemade Chicken Tikka Spread Recipe,https://www.youtube.com/watch?v=xYMqIYg8y-k,Pakistani
Mohabbat ka Sharbat Recipe By Food Fusion (Summer Special Drink),Mohabbat ka Sharbat Recipe By Food Fusion (Summer Special Drink),https://www.youtube.com/watch?v=ntUduIGKw9M,Pakistani
Peri Peri whole Chicken Recipe By Food Fusion (Eid Special Recipe),Peri Peri whole Chicken Recipe By Food Fusion (Eid Special Recipe),https://www.youtube.com/watch?v=h_VdzCnVxWA,Continental
Overnight Oats 3 ways Recipe By Food Fusion (Sehri Special Recipe),Overnight Oats 3 ways Recipe By Food Fusion (Sehri Special Recipe),https://www.youtube.com/watch?v=_Hsp9pmnfoM,Pakistani
Chana Daal Kofta Curry  Recipe By Food Fusion (Ramzan Special),Chana Daal Kofta Curry  Recipe By Food Fusion (Ramzan Special),https://www.youtube.com/watch?v=w5-5D-SlVnk,Pakistani
Watermelon Ball Punch Recipe By Food Fusion (Ramzan Special),Watermelon Ball Punch Recipe By Food Fusion (Ramzan Special),https://www.youtube.com/watch?v=98T12eZAPHY,Pakistani
Doodh Dulari Crispy Cups Recipe By Food Fusion (Eid Special),Doodh Dulari Crispy Cups Recipe By Food Fusion (Eid Special),https://www.youtube.com/watch?v=9U49n33KBBA,Pakistani
Macaroni chana chaat Recipe by Food Fusion (Ramzan Special),Macaroni chana chaat Recipe by Food Fusion (Ramzan Special),https://www.youtube.com/watch?v=5ZNeLnRUWbk,Continental
Chicken Tikka Pura Recipe by Food Fusion (Ramzan Special),Chicken Tikka Pura Recipe by Food Fusion (Ramzan Special),https://www.youtube.com/watch?v=V2qoDFJPlRU,Pakistani
Kunafa with Pheni - Without oven Recipe By Food Fusion (Ramzan Special),Kunafa with Pheni,https://www.youtube.com/watch?v=HVRdC7jme-Q,Arabic/Mediterranean
Red Velvet Ice cream Recipe by Food Fusion (Ramzan Special),Red Velvet Ice cream Recipe by Food Fusion (Ramzan Special),https://www.youtube.com/watch?v=ExoefQ6SMgM,Pakistani
Firni Tart Recipe By Food Fusion (Ramzan Special Dessert),Firni Tart Recipe By Food Fusion (Ramzan Special Dessert),https://www.youtube.com/watch?v=m1ItU8Qe6qk,Pakistani
Lemonade 3 ways with 7up - Recipes By Food Fusion (Ramzan Special),Lemonade 3 ways with 7up,https://www.youtube.com/watch?v=TxQ5qkg8QzY,Pakistani
Chicken Alfredo Lasagna Rollups - with and without oven Recipe By Food Fusion,Chicken Alfredo Lasagna Rollups,https://www.youtube.com/watch?v=B07kF2_iKEw,Continental
Degi Mutanjan Recipe by Food Fusion (Ramzan Special),Degi Mutanjan Recipe by Food Fusion (Ramzan Special),https://www.youtube.com/watch?v=7lq71hWSDzY,Pakistani
Borek with Paratha Recipe By Food Fusion (Ramzan Special),Borek with Paratha Recipe By Food Fusion (Ramzan Special),https://www.youtube.com/watch?v=HKxo65iIWRg,Pakistani
Bombay Chana Chaat Recipe By Food Fusion (Ramzan Special),Bombay Chana Chaat Recipe By Food Fusion (Ramzan Special),https://www.youtube.com/watch?v=BAlC4Qk61Cs,Pakistani
Restaurant Style Mughlai Mutton Handi By Food Fusion (Ramzan special),Restaurant Style Mughlai Mutton Handi By Food Fusion (Ramzan special),https://www.youtube.com/watch?v=ontc2jqJLr8,Pakistani
Chips Qeema Recipe By Food Fusion (Ramzan Special),Chips Qeema Recipe By Food Fusion (Ramzan Special),https://www.youtube.com/watch?v=iqcHCMMtaU4,Pakistani
General TSO Chicken Recipe By Food Fusion (Ramzan Special),General TSO Chicken Recipe By Food Fusion (Ramzan Special),https://www.youtube.com/watch?v=t5fq-hy1uT4,Pakistani
Tapioca Salad Drink | Refreshing Sabudana Salad Drink  by Food Fusion (Iftar Drink Ideas),Tapioca Salad Drink,https://www.youtube.com/watch?v=m6tYTqE_3H8,Pakistani
Refreshing Saunf Ka Sharbat - Summer Drink By Food Fusion (Ramzan Special),Refreshing Saunf Ka Sharbat,https://www.youtube.com/watch?v=1cFpPAxTV3M,Pakistani
Sehr-o-Iftar Menu Collection 4 By Food Fusion (Ramzan Special),Sehr-o-Iftar Menu Collection 4 By Food Fusion (Ramzan Special),https://www.youtube.com/watch?v=-pjFe43iFXw,Pakistani
Ultimate White Sauce Pasta Recipe By Food Fusion (Ramzan Special),Ultimate White Sauce Pasta Recipe By Food Fusion (Ramzan Special),https://www.youtube.com/watch?v=otajFcbqNas,Continental
Whole wheat Puri - (Air fried & fried) Recipe By Food Fusion (Ramzan Special),Whole wheat Puri,https://www.youtube.com/watch?v=VnzZMi4y4qI,Pakistani
Sehr-o-Iftar Menu Collection 3 By Food Fusion (Ramzan Special),Sehr-o-Iftar Menu Collection 3 By Food Fusion (Ramzan Special),https://www.youtube.com/watch?v=P6MJun-LRbE,Pakistani
2 Strawberry Drinks with 7up - Recipes by Food Fusion (Ramzan Special),2 Strawberry Drinks with 7up,https://www.youtube.com/watch?v=SpMoDldZbGk,Pakistani
Smoky Chicken Lasagna Without Oven Recipe By Food Fusion (Ramzan Special),Smoky Chicken Lasagna Without Oven Recipe By Food Fusion (Ramzan Special),https://www.youtube.com/watch?v=__x5wQHXJSU,Continental
Boondi and kheer parfait Recipe By Food Fusion (Ramzan Special),Boondi and kheer parfait Recipe By Food Fusion (Ramzan Special),https://www.youtube.com/watch?v=R8hByp22mcg,Pakistani
Fruit Cream Dessert Recipe by Food Fusion (Ramzan Special),Fruit Cream Dessert Recipe by Food Fusion (Ramzan Special),https://www.youtube.com/watch?v=hMs6BhSMGbo,Pakistani
Beef Bihari Masala Gravy Recipe By Food Fusion (Ramzan Special),Beef Bihari Masala Gravy Recipe By Food Fusion (Ramzan Special),https://www.youtube.com/watch?v=PNSZPksn8Q0,Pakistani
Shahi Tukray Fries Recipe by Food Fusion (Ramzan Special Recipe),Shahi Tukray Fries Recipe by Food Fusion (Ramzan Special Recipe),https://www.youtube.com/watch?v=MN0P0f3ciOQ,Pakistani
Reshmi Chicken Paratha Roll Recipe By Food Fusion (Ramzan Special Recipe),Reshmi Chicken Paratha Roll Recipe By Food Fusion (Ramzan Special Recipe),https://www.youtube.com/watch?v=hAGIfOGOlPs,Pakistani
Roghni Naan (Baked and Air Fried) Recipe By Food Fusion (Ramzan Special Recipe),Roghni Naan (Baked and Air Fried) Recipe By Food Fusion (Ramzan Special Recipe),https://www.youtube.com/watch?v=Vf4c7VzFtn0,Pakistani
Ragda Chaat - Iftar special Recipe by Food Fusion,Ragda Chaat,https://www.youtube.com/watch?v=6ALIRXXyHf8,Pakistani
Liquid Dough Spicy Paratha Recipe By Food Fusion (Sehri Special Recipe),Liquid Dough Spicy Paratha Recipe By Food Fusion (Sehri Special Recipe),https://www.youtube.com/watch?v=WTum1LyDXIQ,Pakistani
Extra Crispy Fried Chicken Recipe By Food Fusion (Ramzan Special),Extra Crispy Fried Chicken Recipe By Food Fusion (Ramzan Special),https://www.youtube.com/watch?v=plREmdqJpDY,Pakistani
Bakery Biscuits Without Oven Recipe by Food Fusion (Ramzan Special),Bakery Biscuits Without Oven Recipe by Food Fusion (Ramzan Special),https://www.youtube.com/watch?v=R195Yue20ow,Pakistani
Warqi Samosa Recipe By Food Fusion (Ramzan Special Recipe),Warqi Samosa Recipe By Food Fusion (Ramzan Special Recipe),https://www.youtube.com/watch?v=LD_BJWKSm7c,Pakistani
Sehr-o-Iftar Menu Collection 2 By Food Fusion (Ramzan Special),Sehr-o-Iftar Menu Collection 2 By Food Fusion (Ramzan Special),https://www.youtube.com/watch?v=gR4cRFyN2Es,Pakistani
Quick keema Recipe by Food Fusion (Ramzan Special),Quick keema Recipe by Food Fusion (Ramzan Special),https://www.youtube.com/watch?v=hQJoUH1HkKc,Pakistani
Street Style Jhal Muri Recipe By Food Fusion (Ramzan Special Recipe),Street Style Jhal Muri Recipe By Food Fusion (Ramzan Special Recipe),https://www.youtube.com/watch?v=3zhOTBDs44k,Pakistani
Chana Masala burger Recipe By Food Fusion (Ramzan Special),Chana Masala burger Recipe By Food Fusion (Ramzan Special),https://www.youtube.com/watch?v=vhmbew4k9tM,Continental
Caramel Rasmalai Recipe by Food Fusion (Ramzan Special),Caramel Rasmalai Recipe by Food Fusion (Ramzan Special),https://www.youtube.com/watch?v=f-Wq8QLM89w,Continental
Onion Samosa With Chutney Recipe by Food Fusion (Ramzan Special),Onion Samosa With Chutney Recipe by Food Fusion (Ramzan Special),https://www.youtube.com/watch?v=hE0S9B8fLnQ,Pakistani
Daal Chawal with Kurkuri Bhindi Recipe by Food Fusion (Ramzan Special),Daal Chawal with Kurkuri Bhindi Recipe by Food Fusion (Ramzan Special),https://www.youtube.com/watch?v=7YyIM8z5BcE,Pakistani
Sesame Chicken Toast Recipe By Food Fusion (Ramzan Special Recipe),Sesame Chicken Toast Recipe By Food Fusion (Ramzan Special Recipe),https://www.youtube.com/watch?v=CZhlW7FIzc8,Pakistani
Homemade Dahi/Yogurt Recipe By Food Fusion (Ramzan Special Recipe),Homemade Dahi/Yogurt Recipe By Food Fusion (Ramzan Special Recipe),https://www.youtube.com/watch?v=pjIMLMiJp9E,Pakistani
White Chicken BBQ Rice Recipe By Food Fusion (Ramzan Special ),White Chicken BBQ Rice Recipe By Food Fusion (Ramzan Special ),https://www.youtube.com/watch?v=NHfDjfveaOw,Pakistani
Smoky Yogurt Chicken Recipe By Food Fusion (Ramzan Special Recipe),Smoky Yogurt Chicken Recipe By Food Fusion (Ramzan Special Recipe),https://www.youtube.com/watch?v=L7e9LCA0Wq0,Pakistani
Crispy Lachaydaar Pakora 2-ways Recipes By Food Fusion (Iftar Special),Crispy Lachaydaar Pakora 2-ways Recipes By Food Fusion (Iftar Special),https://www.youtube.com/watch?v=eIW4v2o-fmU,Pakistani
Butter Chicken Empanadas Recipe by Food Fusion (Ramazan Iftar Special),Butter Chicken Empanadas Recipe by Food Fusion (Ramazan Iftar Special),https://www.youtube.com/watch?v=XRCsH1rtQ74,Pakistani
Ramazan Mubarak From Team Food Fusion,Ramazan Mubarak From Team,https://www.youtube.com/watch?v=p3uze44wlo0,Pakistani
Quick Masalaydar Chicken Pulao Recipe by Food Fusion (Ramzan Special Recipe),Quick Masalaydar Chicken Pulao Recipe by Food Fusion (Ramzan Special Recipe),https://www.youtube.com/watch?v=T_3m0GXM-_c,Pakistani
Chicken Aloo Toast Recipe by Food Fusion  (Ramzan Special),Chicken Aloo Toast Recipe by Food Fusion  (Ramzan Special),https://www.youtube.com/watch?v=AqaeGAHhMEw,Pakistani
Creamy Mushroom Beef Rolls - Make and Freeze Recipe By Food Fusion (Ramzan Recipes),Creamy Mushroom Beef Rolls,https://www.youtube.com/watch?v=hjl7x4XEWRg,Pakistani
Strawberry & Kheer Panna Cotta By Food Fusion (Ramzan Special Recipe),Strawberry & Kheer Panna Cotta By Food Fusion (Ramzan Special Recipe),https://www.youtube.com/watch?v=0s0qrNyaZHw,Pakistani
Crispy Pakora Fries Recipe by Food Fusion (Ramazan Special Iftar idea),Crispy Pakora Fries Recipe by Food Fusion (Ramazan Special Iftar idea),https://www.youtube.com/watch?v=XEHjdPjyky4,Pakistani
Potato Spinach Patties/Cutlets With Sour Cream Dip  by Food Fusion (Ramzan Recipes),Potato Spinach Patties/Cutlets With Sour Cream Dip  by Food Fusion (Ramzan Recipes),https://www.youtube.com/watch?v=9LfbcAWHNgM,Pakistani
Sehr-o-Iftar Menu Collection 1 By Food Fusion (Ramzan Special),Sehr-o-Iftar Menu Collection 1 By Food Fusion (Ramzan Special),https://www.youtube.com/watch?v=Rq-BwAukakI,Pakistani
Crispy Chicken Skewers Recipe by Food Fusion (Ramzan Special Recipe),Crispy Chicken Skewers Recipe by Food Fusion (Ramzan Special Recipe),https://www.youtube.com/watch?v=a6kJdbS8tsI,Pakistani
Cucumber Lemonade Cooler Recipe By Food Fusion (Summer Special iftar drink),Cucumber Lemonade Cooler Recipe By Food Fusion (Summer Special iftar drink),https://www.youtube.com/watch?v=ngjOr6hNjhw,Pakistani
Street Style Qeema Samosa | Make & Freeze Recipe By Food Fusion (Ramzan Special),Street Style Qeema Samosa,https://www.youtube.com/watch?v=QTGrvXDXAQw,Pakistani
Japani Samosa Recipe By Food Fusion (Ramzan Special Recipe),Japani Samosa Recipe By Food Fusion (Ramzan Special Recipe),https://www.youtube.com/watch?v=Y4e4VlwMC84,Pakistani
3 Energy Milkshake Recipes - Sehri Special By Food Fusion,3 Energy Milkshake Recipes,https://www.youtube.com/watch?v=1BG8fkufZ-8,Pakistani
Street Style Egg Masala Sandwich Recipe By Food Fusion (Ramzan Special Recipe),Street Style Egg Masala Sandwich Recipe By Food Fusion (Ramzan Special Recipe),https://www.youtube.com/watch?v=NdkUk66Uphg,Continental
Kitchen Appliances - Episode 1 - Hand Blender 101 -  Food Fusion,Kitchen Appliances,https://www.youtube.com/watch?v=v84dkba1ul0,Pakistani
Matka Pulao Recipe By Food Fusion (Ramzan Special Recipe),Matka Pulao Recipe By Food Fusion (Ramzan Special Recipe),https://www.youtube.com/watch?v=A-wr9R6eGTs,Pakistani
Easy Street Style Dahi Baray Recipe by Food Fusion (Iftar snacks /ideas),Easy Street Style Dahi Baray Recipe by Food Fusion (Iftar snacks /ideas),https://www.youtube.com/watch?v=z1YmDU0Z4Sc,Pakistani
Iftar Special Shahi Tukra Fusion Recipes By Food Fusion (Ramzan Special),Iftar Special Shahi Tukra Fusion Recipes By Food Fusion (Ramzan Special),https://www.youtube.com/watch?v=eMyyXR9saGo,Pakistani
Cabbage Pakora With Til & Tamatar ki Chutney  Recipe by Food Fusion (Ramzan Special Recipe),Cabbage Pakora With Til & Tamatar ki Chutney  Recipe by Food Fusion (Ramzan Special Recipe),https://www.youtube.com/watch?v=OWgTLH5BQaM,Pakistani
Crispy Potato Donuts Recipe By Food Fusion (Ramzan Special Recipe),Crispy Potato Donuts Recipe By Food Fusion (Ramzan Special Recipe),https://www.youtube.com/watch?v=PykrHAHfBvA,Continental
5 Easy Chaat Recipes - Iftar Recipe Ideas By Food Fusion,5 Easy Chaat Recipes,https://www.youtube.com/watch?v=P3OU4PptEYs,Pakistani
Make & Freeze Creamy Coconut Samosa Recipe By Food Fusion (Ramzan Special),Make & Freeze Creamy Coconut Samosa Recipe By Food Fusion (Ramzan Special),https://www.youtube.com/watch?v=WBhqCHV3VsE,Pakistani
Refreshing Sabudana Drink | Tapioca Drink Recipe by Food Fusion (Iftar Drink Ideas),Refreshing Sabudana Drink,https://www.youtube.com/watch?v=LobHk4dkYtU,Pakistani
Whole Wheat Pizza Calzone Recipe By Food Fusion (Healthy Ramzan Special),Whole Wheat Pizza Calzone Recipe By Food Fusion (Healthy Ramzan Special),https://www.youtube.com/watch?v=6_-waqdAUWs,Continental
Strawberry Milk Recipe By Food Fusion (Summer Iftar Drinks),Strawberry Milk Recipe By Food Fusion (Summer Iftar Drinks),https://www.youtube.com/watch?v=62mewVdRGQA,Pakistani
Sehri Special Paper Paratha Recipe by Food Fusion (Ramzan Special),Sehri Special Paper Paratha Recipe by Food Fusion (Ramzan Special),https://www.youtube.com/watch?v=hvDz7DwugYY,Pakistani
Lobia Sev Puri with Tangy Tomato Chutney Recipe by Food Fusion (Ramzan Special),Lobia Sev Puri with Tangy Tomato Chutney Recipe by Food Fusion (Ramzan Special),https://www.youtube.com/watch?v=VYZzSk9jc4A,Pakistani
Stuffed Bao Buns Recipe by Food Fusion (Non Fried Iftar Idea),Stuffed Bao Buns Recipe by Food Fusion (Non Fried Iftar Idea),https://www.youtube.com/watch?v=y4Q1AxJpnIQ,Pakistani
Homemade Milk Bread Recipe by Food Fusion,Homemade Milk Bread Recipe,https://www.youtube.com/watch?v=rkMZaRw4khs,Pakistani
How to make Chicken Tikka Club Sandwich Recipe by Food Fusion,How to make Chicken Tikka Club Sandwich Recipe,https://www.youtube.com/watch?v=vxGc_WqvP2g,Continental
Dahi bara Pockets Recipe By Food Fusion (Ramzan Special Recipe),Dahi bara Pockets Recipe By Food Fusion (Ramzan Special Recipe),https://www.youtube.com/watch?v=Ev4f4jzbPWs,Pakistani
Karahi Cooking Sauce (For Easy Karahi in 15 min) Recipe by Food Fusion,Karahi Cooking Sauce (For Easy Karahi in 15 min) Recipe,https://www.youtube.com/watch?v=xklD9fuc0Fc,Pakistani
Make and Freeze Chicken Mini Box Patties & Cheese Paneer Samosa By Food Fusion (Ramzan Special),Make and Freeze Chicken Mini Box Patties & Cheese Paneer Samosa By Food Fusion (Ramzan Special),https://www.youtube.com/watch?v=dmhFmpSxxfQ,Indian
Make and Freeze Chicken Curry Puffs Recipe by Food Fusion (Ramzan Special Recipe),Make and Freeze Chicken Curry Puffs Recipe by Food Fusion (Ramzan Special Recipe),https://www.youtube.com/watch?v=NPFzXiGx_c4,Pakistani
Freezing Strawberries & Making a Perfect Strawberry Shake Recipe by Food Fusion,Freezing Strawberries & Making a Perfect Strawberry Shake Recipe,https://www.youtube.com/watch?v=jfpf6sg0-pI,Pakistani
8 Make and Freeze Sehri Special Paratha Recipes By Food Fusion (Ramzan Recipes 2021),8 Make and Freeze Sehri Special Paratha Recipes By Food Fusion (Ramzan Recipes 2021),https://www.youtube.com/watch?v=T8YHHCUU5FU,Pakistani
Make & Freeze Spring Rolls 2 ways (Vegetable & Chicken Spaghetti) Ramzan Special By Food Fusion,Make & Freeze Spring Rolls 2 ways (Vegetable & Chicken Spaghetti) Ramzan Special,https://www.youtube.com/watch?v=OOienzr44zg,Continental
Chicken Cheese Dinner Rolls Recipe by Food Fusion (Ramzan Special Recipe),Chicken Cheese Dinner Rolls Recipe by Food Fusion (Ramzan Special Recipe),https://www.youtube.com/watch?v=OTzXOYz0rw4,Pakistani
Gur Mint Sharbat Recipe By Food Fusion (Ramzan/Summer Special),Gur Mint Sharbat Recipe By Food Fusion (Ramzan/Summer Special),https://www.youtube.com/watch?v=PXJXd88dUS8,Pakistani
Creamy Chicken Samosa Pockets Recipe by Food Fusion (Ramzan Special Make and Freeze),Creamy Chicken Samosa Pockets Recipe by Food Fusion (Ramzan Special Make and Freeze),https://www.youtube.com/watch?v=LuAVH_tjJgM,Pakistani
Masala Karachi Biryani Recipe By Food Fusion,Masala Karachi Biryani Recipe,https://www.youtube.com/watch?v=M_EElubx0tI,Pakistani
Fried Curry Chicken Pie Recipe by Food Fusion (Ramzan Special Recipe),Fried Curry Chicken Pie Recipe by Food Fusion (Ramzan Special Recipe),https://www.youtube.com/watch?v=pbMNgfz1wuw,Pakistani
5 Storable Chutney Recipes By Food Fusion (Ramzan Special),5 Storable Chutney Recipes By Food Fusion (Ramzan Special),https://www.youtube.com/watch?v=51a2EXycnS8,Pakistani
Potato Chicken Cheeseball Nest Recipe by Food Fusion,Potato Chicken Cheeseball Nest Recipe,https://www.youtube.com/watch?v=t-yygGxRcsA,Pakistani
Doogh - Refreshing Persian Yogurt Drink Recipe By Food Fusion,Doogh,https://www.youtube.com/watch?v=o62iv4krHM0,Pakistani
Khasta Kachori with Chakki Atta Recipe by Food Fusion (Ramzan Special),Khasta Kachori with Chakki Atta Recipe by Food Fusion (Ramzan Special),https://www.youtube.com/watch?v=j4MCSyFEPdM,Pakistani
Chana Pulao with Chargha kabab and chutney Combo Meal by Food Fusion (Ramzan Special),Chana Pulao with Chargha kabab and chutney Combo Meal by Food Fusion (Ramzan Special),https://www.youtube.com/watch?v=itUODA6tLWM,Pakistani
Mini Dry Samosa (Make and store) Recipe by Food Fusion (Ramzan Special Recipe),Mini Dry Samosa (Make and store) Recipe by Food Fusion (Ramzan Special Recipe),https://www.youtube.com/watch?v=SnoOBnoozmA,Pakistani
6 Make and Freeze Chicken Kabab/Cutlets By Food Fusion (Ramzan Special Recipes 2021),6 Make and Freeze Chicken Kabab/Cutlets By Food Fusion (Ramzan Special Recipes 2021),https://www.youtube.com/watch?v=PAEY8bwKZIM,Pakistani
Quick and Easy Achari Masala Cooking Sauce Recipe By Food Fusion,Quick and Easy Achari Masala Cooking Sauce Recipe,https://www.youtube.com/watch?v=S2fDwrWzEBc,Pakistani
Chai 3 Ways (Tea 3 Ways) Recipe By Food Fusion,Chai 3 Ways (Tea 3 Ways) Recipe,https://www.youtube.com/watch?v=lEAVIzsVw08,Pakistani
Black Forest Pastry Recipe By Food Fusion,Black Forest Pastry Recipe,https://www.youtube.com/watch?v=AD8ZkVlvEac,Pakistani
Make & Freeze Ramazan Prep Recipes 2021 By Food Fusion,Make & Freeze Ramazan Prep Recipes 2021,https://www.youtube.com/watch?v=P-ICU8e0_mY,Pakistani
Spicy Tandoori Fingers Recipe by Food Fusion ( Ramzan Special Recipe),Spicy Tandoori Fingers Recipe by Food Fusion ( Ramzan Special Recipe),https://www.youtube.com/watch?v=-8BR2ywTH6E,Pakistani
Quick and Easy Bombay Biryani Cooking Sauce Recipe By Food Fusion,Quick and Easy Bombay Biryani Cooking Sauce Recipe,https://www.youtube.com/watch?v=Ka6BJbZJCXc,Pakistani
Homemade Tikka Masala Cooking Sauce (Make & Store) Recipe by Food Fusion,Homemade Tikka Masala Cooking Sauce (Make & Store) Recipe,https://www.youtube.com/watch?v=DBYIKHOkV60,Indian
Iced Coffee 3 Ways Recipe by Food Fusion,Iced Coffee 3 Ways Recipe,https://www.youtube.com/watch?v=sQt1kRj-16k,Continental
Achari Meatball Spaghetti Recipe By Food Fusion,Achari Meatball Spaghetti Recipe,https://www.youtube.com/watch?v=6yRGOdDKeRM,Continental
Restaurant Style Garlic Chicken (with gravy) Recipe by Food Fusion,Restaurant Style Garlic Chicken (with gravy) Recipe,https://www.youtube.com/watch?v=qCqffIYu5go,Pakistani
3 Make and Freeze Paratha Recipes By Food Fusion (Ramzan Special),3 Make and Freeze Paratha Recipes By Food Fusion (Ramzan Special),https://www.youtube.com/watch?v=6gaBDC9IOG0,Pakistani
Street Style Khoya Kulfi Recipe By Food Fusion,Street Style Khoya Kulfi Recipe,https://www.youtube.com/watch?v=hWIdzUO7WFM,Pakistani
Stuffed Potato Cheburki with Sausages By Food Fusion,Stuffed Potato Cheburki with Sausages,https://www.youtube.com/watch?v=-06DWUUna80,Pakistani
White Butter Chicken Recipe by Food Fusion,White Butter Chicken Recipe,https://www.youtube.com/watch?v=NO3KPLPwkhM,Pakistani
Achari Chicken Chana Kabab (Make & Freeze) Recipe by Food Fusion,Achari Chicken Chana Kabab (Make & Freeze) Recipe,https://www.youtube.com/watch?v=FWTQOS6kAOE,Pakistani
Potato Fried Croquette Toast - Korean Street Food Recipe By Food Fusion,Potato Fried Croquette Toast,https://www.youtube.com/watch?v=pw2pRFKrTJs,Pakistani
Korean Sausage Bread Recipe By Food Fusion,Korean Sausage Bread Recipe,https://www.youtube.com/watch?v=JmbikCxNPBQ,Pakistani
Chicken Kofta Curry Recipe By Food Fusion,Chicken Kofta Curry Recipe,https://www.youtube.com/watch?v=FfHmwL3GPdM,Pakistani
Liquid Dough Paratha 2 new ways in under 10 mins (no kneading) Recipe by Food Fusion,Liquid Dough Paratha 2 new ways in under 10 mins (no kneading) Recipe,https://www.youtube.com/watch?v=AXzkOK6afjs,Pakistani
Restaurant Style Chicken Behari Kabab Recipe By Food Fusion,Restaurant Style Chicken Behari Kabab Recipe,https://www.youtube.com/watch?v=3EIfHW8XhF0,Pakistani
Quick & Easy Shortcut Shami Kabab Recipe By Food Fusion,Quick & Easy Shortcut Shami Kabab Recipe,https://www.youtube.com/watch?v=EsS5wmXAMRA,Pakistani
Honey BBQ Chicken Bao buns Recipe from scratch - Food Fusion,Honey BBQ Chicken Bao buns Recipe from scratch,https://www.youtube.com/watch?v=1EjzUSdlrRU,Pakistani
Bubble/Boba Milk Tea 3 Ways from scratch Recipe By Food Fusion,Bubble/Boba Milk Tea 3 Ways from scratch Recipe,https://www.youtube.com/watch?v=sq-dbg3byYk,Pakistani
Chicken Panini Sandwich With Homemade Panini Bread Recipe by Food Fusion,Chicken Panini Sandwich With Homemade Panini Bread Recipe,https://www.youtube.com/watch?v=OTob53eFRiQ,Continental
Most Searched Recipes in the Month of Rajab - Food Fusion,Most Searched Recipes in the Month of Rajab,https://www.youtube.com/watch?v=pXktPngmrho,Pakistani
Easy Steam Chicken Roast  Recipe by Food Fusion,Easy Steam Chicken Roast  Recipe,https://www.youtube.com/watch?v=VcOhYxLxwa0,Pakistani
Viral Hot Chocolate Bombs Recipe By Food Fusion,Viral Hot Chocolate Bombs Recipe,https://www.youtube.com/watch?v=bYtsOWRx9VM,Pakistani
Homemade Firecracker Chicken Recipe By Food Fusion,Homemade Firecracker Chicken Recipe,https://www.youtube.com/watch?v=pZ1Vrfq_d9M,Pakistani
4 Tawa Special Recipes By Food Fusion,4 Tawa Special Recipes,https://www.youtube.com/watch?v=9eJjuodMGXI,Pakistani
Malai Boti Recipe Collection By Food Fusion,Malai Boti Recipe Collection,https://www.youtube.com/watch?v=9K_0YDwENfs,Pakistani
Lucknowi Biryani Recipe By Food Fusion,Lucknowi Biryani Recipe,https://www.youtube.com/watch?v=pOPAMAIhyLw,Pakistani
Spicy Pasta Arrabiata Recipe By Food Fusion,Spicy Pasta Arrabiata Recipe,https://www.youtube.com/watch?v=X0q7rp24L4E,Continental
Dynamite Fries & Chicken Recipe By Food Fusion,Dynamite Fries & Chicken Recipe,https://www.youtube.com/watch?v=xDfONJ3jm7Y,Pakistani
Vegetable Daleem Recipe By Food Fusion,Vegetable Daleem Recipe,https://www.youtube.com/watch?v=d76sguhpLCI,Pakistani
Liquid Dough Chicken Sandwich in Sandwich Maker without bread Recipe By Food Fusion,Liquid Dough Chicken Sandwich in Sandwich Maker without bread Recipe,https://www.youtube.com/watch?v=RG4lWzAU6Ac,Continental
Top 2 Chocolate Cake Recipes By Food Fusion,Top 2 Chocolate Cake Recipes,https://www.youtube.com/watch?v=gU_Xw1yT33g,Continental
Easy Chicken Chow Mein Recipe by Food Fusion,Easy Chicken Chow Mein Recipe,https://www.youtube.com/watch?v=4wC-_4xqnlk,Chinese
Garlic Bread two Beautiful ways By Food Fusion,Garlic Bread two Beautiful ways,https://www.youtube.com/watch?v=ooF7NWLzl_A,Pakistani
Halwa Kaddu Gosht (Kashmiri Special) Recipe By Food Fusion,Halwa Kaddu Gosht (Kashmiri Special) Recipe,https://www.youtube.com/watch?v=LIn5zIS1NHQ,Pakistani
Chocolate Mousse Cups Recipe by Food Fusion,Chocolate Mousse Cups Recipe,https://www.youtube.com/watch?v=2JokE6qLOfU,Pakistani
Herb Fried Rice Recipe By Food Fusion,Herb Fried Rice Recipe,https://www.youtube.com/watch?v=WnUz2L6YmvU,Chinese
Coconut Cake Recipe By Food Fusion,Coconut Cake Recipe,https://www.youtube.com/watch?v=VYLuN3oTgUQ,Continental
Aloo Anday kay Galawati Kabab Recipe by Food Fusion,Aloo Anday kay Galawati Kabab Recipe,https://www.youtube.com/watch?v=TFCsMvN_iB4,Indian
Bawarchi Style Tikka Karahi Recipe By Food Fusion,Bawarchi Style Tikka Karahi Recipe,https://www.youtube.com/watch?v=r9ZBS9wle-0,Pakistani
Sweet & Sour Fish Recipe By Food Fusion,Sweet & Sour Fish Recipe,https://www.youtube.com/watch?v=V4L3x8YwMpg,Pakistani
Dhaba Style Daal Chawal with Shami Kabab Recipe by Food Fusion,Dhaba Style Daal Chawal with Shami Kabab Recipe,https://www.youtube.com/watch?v=vra6CfTfEks,Pakistani
Street Style Malai Boti Bun kabab Recipe by Food Fusion,Street Style Malai Boti Bun kabab Recipe,https://www.youtube.com/watch?v=rBic0onK6kQ,Pakistani
Pizza Margarita Recipe By Food Fusion,Pizza Margarita Recipe,https://www.youtube.com/watch?v=qQrZFAIc3XM,Continental
Pull Me Up Chocolate Lava Cake Recipe By Food Fusion,Pull Me Up Chocolate Lava Cake Recipe,https://www.youtube.com/watch?v=IDK-A9IfNHU,Continental
Double Patty Beef Burger with BBQ Burger Sauce Recipe by Food Fusion,Double Patty Beef Burger with BBQ Burger Sauce Recipe,https://www.youtube.com/watch?v=io6dgoOqj1U,Continental
Moonglet (Moong Dal Omelette) Street Style Breakfast Recipe by Food Fusion,Moonglet (Moong Dal Omelette) Street Style Breakfast Recipe,https://www.youtube.com/watch?v=sjrs1-Ik6dA,Continental
Finger Fish Pie Recipe By Food Fusion,Finger Fish Pie Recipe,https://www.youtube.com/watch?v=LpnCkgm75aU,Pakistani
Atta Nankhatai without Oven Recipe By Food Fusion,Atta Nankhatai without Oven Recipe,https://www.youtube.com/watch?v=wprLl00nf8Y,Pakistani
White Chocolate Cheese Cake Recipe by Food Fusion,White Chocolate Cheese Cake Recipe,https://www.youtube.com/watch?v=IeiDO7JMN88,Continental
Smoky Tandoori Chicken Recipe By Food Fusion,Smoky Tandoori Chicken Recipe,https://www.youtube.com/watch?v=--LP7lSUOJk,Pakistani
Peri Peri Pasta with Prawns Recipe by Food Fusion,Peri Peri Pasta with Prawns Recipe,https://www.youtube.com/watch?v=ZhsoIG_YgXs,Continental
Aloo Matar  Paratha Recipe by Food Fusion,Aloo Matar  Paratha Recipe,https://www.youtube.com/watch?v=ahyvfWQZ5dk,Pakistani
Carrot Custard Donuts Recipe by food fusion,Carrot Custard Donuts Recipe,https://www.youtube.com/watch?v=tWTEOprcnzw,Continental
Garlic Bread Knots Recipe by Food Fusion,Garlic Bread Knots Recipe,https://www.youtube.com/watch?v=2wNKiTjEeuk,Pakistani
Chocolate Tres Leches Cake Recipe By Food Fusion,Chocolate Tres Leches Cake Recipe,https://www.youtube.com/watch?v=2rA9fS00p8s,Continental
Hyderabadi Restaurant Style Biryani Recipe By Food Fusion,Hyderabadi Restaurant Style Biryani Recipe,https://www.youtube.com/watch?v=D5ym5TKaD5o,Indian
Fried Chicken Tikka Recipe By Food Fusion,Fried Chicken Tikka Recipe,https://www.youtube.com/watch?v=xjG6Ef9aWYo,Pakistani
3 Perfect Naan recipes By Food Fusion,3 Perfect Naan recipes,https://www.youtube.com/watch?v=nkCaia1NLXk,Pakistani
Matar Kachori & Paneer Tarkari Recipe By Food Fusion,Matar Kachori & Paneer Tarkari Recipe,https://www.youtube.com/watch?v=qjQxEAEQZbc,Indian
Spicy Fried Fish Platter with Chutney Recipe By Food Fusion,Spicy Fried Fish Platter with Chutney Recipe,https://www.youtube.com/watch?v=P__4eChqRc0,Pakistani
Gajar ki Nawabi Kheer Recipe By Food Fusion,Gajar ki Nawabi Kheer Recipe,https://www.youtube.com/watch?v=tj6Se7HVhPo,Pakistani
Lahori Bong Paye Recipe By Food Fusion,Lahori Bong Paye Recipe,https://www.youtube.com/watch?v=-2YHzp4yZLk,Pakistani
Dhaka Fried Fish Recipe By Food Fusion,Dhaka Fried Fish Recipe,https://www.youtube.com/watch?v=fXadd_s5oFs,Pakistani
4 Favourite Paratha Recipes By Food Fusion,4 Favourite Paratha Recipes,https://www.youtube.com/watch?v=Q8TnM2_Q-do,Pakistani
Marble Cake Recipe By Food Fusion,Marble Cake Recipe,https://www.youtube.com/watch?v=83oRCGaCUY8,Continental
Gajar ka Murabba Recipe By Food Fusion,Gajar ka Murabba Recipe,https://www.youtube.com/watch?v=UUvzQaL56SI,Pakistani
Salt Baked Chicken - Middle Eastern Style  Recipe By Food Fusion,Salt Baked Chicken,https://www.youtube.com/watch?v=ySCTHrX009k,Pakistani
3 Million Subscribers Celebration with New Year,3 Million Subscribers Celebration with New Year,https://www.youtube.com/watch?v=CpnIl_6pZZk,Pakistani
Creamy Spinach Shakshuka Breakfast / Sehri Recipe with Sarah Khan - Food Fusion,Creamy Spinach Shakshuka Breakfast / Sehri Recipe with Sarah Khan,https://www.youtube.com/watch?v=4d08G4VOSws,Pakistani
BBQ Spicy Grilled Fish Recipe By Food Fusion,BBQ Spicy Grilled Fish Recipe,https://www.youtube.com/watch?v=d_Rov85ZSN0,Pakistani
Top 10 Most Popular Recipe Videos of 2020 - Food Fusion,Top 10 Most Popular Recipe Videos of 2020,https://www.youtube.com/watch?v=JBxT8NVGgvg,Pakistani
Korean Mocha Bread Recipe By Food Fusion,Korean Mocha Bread Recipe,https://www.youtube.com/watch?v=Ttfo7ERpjoc,Pakistani
Japanese Croquettes Recipe By Food Fusion,Japanese Croquettes Recipe,https://www.youtube.com/watch?v=QctjpjSohEA,Pakistani
Kali Mirch Mutton Gravy Recipe By Food Fusion,Kali Mirch Mutton Gravy Recipe,https://www.youtube.com/watch?v=-M09sv81YQA,Pakistani
Gajar/carrot Gur ka Meetha Paratha Recipe By Food Fusion,Gajar/carrot Gur ka Meetha Paratha Recipe,https://www.youtube.com/watch?v=X2V7MHPcHbc,Pakistani
Creamy Chicken & Mushroom Stuffed Crepes Recipe with Sarah Khan - Food Fusion,Creamy Chicken & Mushroom Stuffed Crepes Recipe with Sarah Khan,https://www.youtube.com/watch?v=BffU-WXltTE,Pakistani
Hot & Sour Noodle Soup Recipe By Food Fusion,Hot & Sour Noodle Soup Recipe,https://www.youtube.com/watch?v=70lugjxvoAs,Chinese
Holiday Fruit Cake Recipe By Food Fusion,Holiday Fruit Cake Recipe,https://www.youtube.com/watch?v=TqyiacAET5Y,Continental
Lebanese Hashweh Rice Recipe By Food Fusion,Lebanese Hashweh Rice Recipe,https://www.youtube.com/watch?v=72ZR7nODves,Arabic/Mediterranean
4 Winter Paratha Recipes by Food Fusion,4 Winter Paratha Recipes,https://www.youtube.com/watch?v=f5tjBwpBZH0,Pakistani
Cheese Gola Kabab Recipe By Food Fusion,Cheese Gola Kabab Recipe,https://www.youtube.com/watch?v=wiqMYC8FGzY,Pakistani
Vegetable Jalfrezi Recipe by Food Fusion,Vegetable Jalfrezi Recipe,https://www.youtube.com/watch?v=O_87PLqCF5I,Pakistani
Malai Cake Recipe with Sarah Khan at Food Fusion,Malai Cake Recipe with Sarah Khan at,https://www.youtube.com/watch?v=utYbvjtQ2HM,Continental
Parmigiana Di Melanzane Recipe By Award Winning Chef Marco Saracino - Food Fusion,Parmigiana Di Melanzane Recipe By Award Winning Chef Marco Saracino,https://www.youtube.com/watch?v=A4is7pdRrX8,Pakistani
Steamed Chicken Momos Recipe By Food Fusion,Steamed Chicken Momos Recipe,https://www.youtube.com/watch?v=4VQQfm-ifjc,Pakistani
Methi Matar Pulao - Rice Recipe By Food Fusion,Methi Matar Pulao,https://www.youtube.com/watch?v=rd6ORZtFOB0,Pakistani
4 Bread Snacks By Food Fusion,4 Bread Snacks,https://www.youtube.com/watch?v=-TZUNvhubYw,Pakistani
4 Cozy Winter Drinks - Recipes by Food Fusion,4 Cozy Winter Drinks,https://www.youtube.com/watch?v=cxBUTIlP0LE,Pakistani
Restaurant Style Methi Matar Malai Recipe By Food Fusion,Restaurant Style Methi Matar Malai Recipe,https://www.youtube.com/watch?v=CdJ8XJynwzI,Pakistani
Two Whole Chicken Recipes By Food Fusion,Two Whole Chicken Recipes,https://www.youtube.com/watch?v=XqpxFi7LZNc,Pakistani
Creamy Banana Bread Pudding Recipe with Sarah Khan - Food Fusion,Creamy Banana Bread Pudding Recipe with Sarah Khan,https://www.youtube.com/watch?v=9t_KK4k9tVA,Pakistani
Restaurant Style Chicken White Biryani Recipe By Food Fusion,Restaurant Style Chicken White Biryani Recipe,https://www.youtube.com/watch?v=-H7rwGVIAlY,Pakistani
Sohan e Qom (Persian Saffron Brittle) Recipe By Food Fusion,Sohan e Qom (Persian Saffron Brittle) Recipe,https://www.youtube.com/watch?v=_-64_OH6Fzg,Pakistani
Meat Stuffed Potato Pancakes - Easy Breakfast Recipe by Food Fusion,Meat Stuffed Potato Pancakes,https://www.youtube.com/watch?v=FoH68xkQvG8,Pakistani
4 Warm and Cheesy Recipes by Food Fusion,4 Warm and Cheesy Recipes,https://www.youtube.com/watch?v=_hI6BAwNGk8,Pakistani
4 Delicious Egg Curries - Recipes By Food Fusion,Egg Curries,https://www.youtube.com/watch?v=AyqJih5BreY,Pakistani
Suji Gur Ka Halwa Recipe By Food Fusion,Suji Gur Ka Halwa Recipe,https://www.youtube.com/watch?v=NxkKh2I8TyE,Pakistani
Korean Street Toast Recipe by Food Fusion,Korean Street Toast Recipe,https://www.youtube.com/watch?v=0mbP7Hr243M,Pakistani
Creamy Potato Soup Recipe with Sarah Khan - Food Fusion,Creamy Potato Soup Recipe with Sarah Khan,https://www.youtube.com/watch?v=dd63IntpLFw,Pakistani
Crispy Roti Egg Roll - Breakfast Recipe By Food Fusion,Crispy Roti Egg Roll,https://www.youtube.com/watch?v=OfnEqYcXDao,Chinese
Mexican Hot Cocoa Recipe By Food Fusion,Mexican Hot Cocoa Recipe,https://www.youtube.com/watch?v=zDE8WN-y9f8,Pakistani
Spicy Potato Pepper Curry Recipe By Food Fusion,Spicy Potato Pepper Curry Recipe,https://www.youtube.com/watch?v=YlxdEFuwgc8,Pakistani
Hash Brown 2 Ways Recipe By Food Fusion,Hash Brown 2 Ways Recipe,https://www.youtube.com/watch?v=2vansTBRAhA,Pakistani
Chocolate Croissants with Monsalwa Frozen Paratha Recipe By Food Fusion,Chocolate Croissants with Monsalwa Frozen Paratha Recipe,https://www.youtube.com/watch?v=izOPIwSaN-I,Pakistani
Garlic Soup - Winter Special Recipe By Food Fusion,Garlic Soup,https://www.youtube.com/watch?v=0Oyak-e4_3o,Pakistani
4 Chicken Soup Recipes By Food Fusion,4 Chicken Soup Recipes,https://www.youtube.com/watch?v=UY4Oeib6icQ,Pakistani
Shsss someone is coming to Food Fusion,Shsss someone is coming to,https://www.youtube.com/watch?v=bPvULbNAgBE,Pakistani
Khajoor Kay Ladoo Recipe By Food Fusion,Khajoor Kay Ladoo Recipe,https://www.youtube.com/watch?v=xp99QMWKD-o,Pakistani
Gur Papdi - Winter Special Recipe By Food Fusion,Gur Papdi,https://www.youtube.com/watch?v=NvTcKXKNvsI,Pakistani
Chicken Shami Breakfast Sandwich Recipe By Food Fusion,Chicken Shami Breakfast Sandwich Recipe,https://www.youtube.com/watch?v=yGyt3Nnx9eE,Continental
Street Style Chicken Yakhni - Winter Special Recipe By Food Fusion,Street Style Chicken Yakhni,https://www.youtube.com/watch?v=n5j3xQRaDp8,Pakistani
Qeema Chana Pulao Recipe By Food Fusion,Qeema Chana Pulao Recipe,https://www.youtube.com/watch?v=WpVzyxrTiko,Pakistani
Energy Milk with Homemade Powder Recipe By Food Fusion,Energy Milk with Homemade Powder Recipe,https://www.youtube.com/watch?v=Grt-UYMik0A,Pakistani
Egg Malai Masala Recipe By Food Fusion,Egg Malai Masala Recipe,https://www.youtube.com/watch?v=gfq6Wovleys,Pakistani
Turkish style Meatball & Chickpea Soup - Winter Special recipe By Food Fusion,Turkish style Meatball & Chickpea Soup,https://www.youtube.com/watch?v=zkRL-IbZOnE,Arabic/Mediterranean
Dalgona Mocha Coffee Recipe By Food Fusion,Dalgona Mocha Coffee Recipe,https://www.youtube.com/watch?v=Pejvw50A-Bs,Continental
Reshmi Chicken Recipe By Food Fusion,Reshmi Chicken Recipe,https://www.youtube.com/watch?v=Yrmy3tdSIgI,Pakistani
Steamed Egg Bites Squares Recipe By Food Fusion,Steamed Egg Bites Squares Recipe,https://www.youtube.com/watch?v=NBNj16-eVkc,Pakistani
4 Creamy Winter Soup Recipes By Food Fusion,4 Creamy Winter Soup Recipes,https://www.youtube.com/watch?v=7tHaXtUJkoo,Pakistani
Malai Boti Biryani Recipe By Food Fusion,Malai Boti Biryani Recipe,https://www.youtube.com/watch?v=hhs3OBa-PA0,Pakistani
Moong Daal Tikki Recipe By Food Fusion,Moong Daal Tikki Recipe,https://www.youtube.com/watch?v=7U8jCOTrJ6o,Pakistani
Winter Carrot Special Recipes By Food Fusion,Winter Carrot Special Recipes,https://www.youtube.com/watch?v=sOWYLpNmNlU,Pakistani
Kashmiri Noon Tea/Chai - Pink Tea (No artificial color) Recipe By Food Fusion,Kashmiri Noon Tea/Chai,https://www.youtube.com/watch?v=9x3G5zIc5jc,Pakistani
"Mix Gajar, Lemon & Hari Mirch Achar /pickle Recipe By Food Fusion","Mix Gajar, Lemon & Hari Mirch Achar /pickle Recipe",https://www.youtube.com/watch?v=mUN8ObBB09U,Pakistani
4 Festive Desserts Recipes by Food Fusion,4 Festive Desserts Recipes,https://www.youtube.com/watch?v=rbAVPp1s-BE,Pakistani
Golden Milk -Turmeric Milk - Haldi Doodh  (Best for Winter) Recipe By Food Fusion,Golden Milk -Turmeric Milk,https://www.youtube.com/watch?v=SRYIAEQ7HLs,Pakistani
Restaurant Style Hot and Sour White Soup Recipe By Food Fusion,Restaurant Style Hot and Sour White Soup Recipe,https://www.youtube.com/watch?v=rsOCOXIQQE0,Pakistani
Top 2 Fish Recipes By Food Fusion,Top 2 Fish Recipes,https://www.youtube.com/watch?v=XNhgH_nhDu4,Pakistani
Seekh Kabab Makhni Karahi Recipe By Food Fusion,Seekh Kabab Makhni Karahi Recipe,https://www.youtube.com/watch?v=XvTL0dBsIYU,Pakistani
Fish Fried Rice Recipe By Food Fusion,Fish Fried Rice Recipe,https://www.youtube.com/watch?v=DsnbzNgyxWI,Chinese
Vegetable & Cheese Soup Recipe By @FoodfusionPk,Vegetable & Cheese Soup Recipe By @FoodfusionPk,https://www.youtube.com/watch?v=gZY2bzeqJcM,Pakistani
Fried Fish Talapia - Winter Special Recipe By Food Fusion,Fried Fish Talapia,https://www.youtube.com/watch?v=2hwjR9WDSEQ,Pakistani
Hot and Sour Vegetable Soup  Recipe By Food Fusion,Hot and Sour Vegetable Soup  Recipe,https://www.youtube.com/watch?v=5WoqoOJ9jpA,Pakistani
Strawberry Angel Fruit Cake Dessert By Food Fusion,Strawberry Angel Fruit Cake Dessert,https://www.youtube.com/watch?v=lojPgzJEiBs,Continental
Chicken Tikka Crepes Recipe By Food Fusion,Chicken Tikka Crepes Recipe,https://www.youtube.com/watch?v=qUhGcf18akY,Pakistani
Qalaqand Kheer with Puri Recipe By Food Fusion,Qalaqand Kheer with Puri Recipe,https://www.youtube.com/watch?v=K--FwG3glx4,Pakistani
Turkish Lahmacun Baked Recipe By Food Fusion,Turkish Lahmacun Baked Recipe,https://www.youtube.com/watch?v=rgYoOkFGU0g,Arabic/Mediterranean
Fish Haryali Biryani Recipe By Food Fusion,Fish Haryali Biryani Recipe,https://www.youtube.com/watch?v=HA-uLuHmVm4,Pakistani
Kheer er Luchi (Bengal Dessert)  Recipe By Food Fusion,Kheer er Luchi (Bengal Dessert)  Recipe,https://www.youtube.com/watch?v=h7p2_00DtMA,Pakistani
Brown Rice Biryani By Food Fusion,Brown Rice Biryani,https://www.youtube.com/watch?v=hnTMm0gNP24,Pakistani
Khandwiyon ka Salan Recipe By Food Fusion,Khandwiyon ka Salan Recipe,https://www.youtube.com/watch?v=XE0K9ht89ag,Pakistani
Signature Cheese Sauce Recipe By Food Fusion,Signature Cheese Sauce Recipe,https://www.youtube.com/watch?v=28Zf6caYqHU,Pakistani
Chicken Pot Pie Recipe By Food Fusion,Chicken Pot Pie Recipe,https://www.youtube.com/watch?v=OK6MP0FB0VQ,Pakistani
Chicken Qeema Paratha Roll Recipe By Food Fusion,Chicken Qeema Paratha Roll Recipe,https://www.youtube.com/watch?v=MwhEu9Orqwo,Pakistani
Fish Sandwiches Recipe By Food Fusion,Fish Sandwiches Recipe,https://www.youtube.com/watch?v=OQS0z8aSmY8,Pakistani
Akhrot & Badam ka Halwa Recipe By Food Fusion,Akhrot & Badam ka Halwa Recipe,https://www.youtube.com/watch?v=JId6AnRNeX0,Pakistani
Coconut Chicken Curry Recipe By Food Fusion,Coconut Chicken Curry Recipe,https://www.youtube.com/watch?v=2Ml3dZFtQgA,Pakistani
Daal Kadhi Recipe By Food Fusion,Daal Kadhi Recipe,https://www.youtube.com/watch?v=iIPWBEu7um0,Pakistani
Lal Lobia Masala Recipe By Food Fusion,Lal Lobia Masala Recipe,https://www.youtube.com/watch?v=mFfYhYCzyVg,Pakistani
One Pot Spicy Pasta Recipe By Food Fusion,One Pot Spicy Pasta Recipe,https://www.youtube.com/watch?v=a6nYTLyi6sU,Continental
Baingan koftay Ka Salan Recipe By Food Fusion,Baingan koftay Ka Salan Recipe,https://www.youtube.com/watch?v=fuXj_XY1Ne4,Pakistani
Chicken Alfredo Bread Boats Recipe By Food Fusion,Chicken Alfredo Bread Boats Recipe,https://www.youtube.com/watch?v=4rkw9r29FP4,Pakistani
Mutton Qeema Cutlets Recipe By Food Fusion,Mutton Qeema Cutlets Recipe,https://www.youtube.com/watch?v=kY4kBMZbGZ4,Pakistani
Thai Style Coconut Chicken Skewers Recipe By Food Fusion,Thai Style Coconut Chicken Skewers Recipe,https://www.youtube.com/watch?v=HljFW4R0dhs,Pakistani
Croissant Breakfast Tikka Sandwich Recipe By Food Fusion,Croissant Breakfast Tikka Sandwich Recipe,https://www.youtube.com/watch?v=UjMlsE8LglI,Continental
Daal Kachori With Aloo Ki Tarkari Recipe By Food Fusion,Daal Kachori With Aloo Ki Tarkari Recipe,https://www.youtube.com/watch?v=N7RrnQ7Yxp8,Pakistani
Fish Tacos Recipe By Food Fusion,Fish Tacos Recipe,https://www.youtube.com/watch?v=aeZ5QcWAjPU,Pakistani
Aloo Turai Bhujia and Arvi Bhujia Recipe By Food Fusion,Aloo Turai Bhujia and Arvi Bhujia Recipe,https://www.youtube.com/watch?v=TnsAfl54u0I,Pakistani
Nashville Fried Chicken Recipe By Food Fusion,Nashville Fried Chicken Recipe,https://www.youtube.com/watch?v=qMr0YLdPyM8,Pakistani
Poppy Seed Katmer By Food Fusion,Poppy Seed Katmer,https://www.youtube.com/watch?v=uX2PjToug_E,Pakistani
Bread Lasagna with Nuggets Recipe By Food Fusion,Bread Lasagna with Nuggets Recipe,https://www.youtube.com/watch?v=Ec1Lv-0GIVM,Continental
Corn Cheese Recipe By Food Fusion,Corn Cheese Recipe,https://www.youtube.com/watch?v=kICrB4i96x4,Pakistani
Chicken Resha Naan Recipe By Food Fusion,Chicken Resha Naan Recipe,https://www.youtube.com/watch?v=h_dpNP7JVpU,Pakistani
Masala Tikka Recipe By Food Fusion,Masala Tikka Recipe,https://www.youtube.com/watch?v=q6SXtI-5J34,Pakistani
Homemade Mascarpone Cheese Recipe By Food Fusion,Homemade Mascarpone Cheese Recipe,https://www.youtube.com/watch?v=GqshX6O2qzU,Pakistani
French Omelette Recipe By Food Fusion,French Omelette Recipe,https://www.youtube.com/watch?v=uluSbmtHHV0,Continental
Beef Khaosuey Recipe By Food Fusion,Beef Khaosuey Recipe,https://www.youtube.com/watch?v=3JrcziXZjcU,Pakistani
Chicken Pizza Roll-ups Recipe By Food Fusion,Chicken Pizza Roll-ups Recipe,https://www.youtube.com/watch?v=d2wmRa-dnPY,Continental
Grapes Chicken Fusion Recipe By Food Fusion,Grapes Chicken Fusion Recipe,https://www.youtube.com/watch?v=t7pey2pLyGA,Pakistani
Mocha Brownie Recipe By Food Fusion,Mocha Brownie Recipe,https://www.youtube.com/watch?v=w3dTnI8zBzc,Continental
Lemon Tart Bakery Style Recipe By Food Fusion,Lemon Tart Bakery Style Recipe,https://www.youtube.com/watch?v=oQfMIT_ay3k,Pakistani
White Pizza without oven Recipe By Food Fusion,White Pizza without oven Recipe,https://www.youtube.com/watch?v=UyL2SQqNL7Q,Continental
Nashville Hot Chicken Burger Recipe By Food Fusion,Nashville Hot Chicken Burger Recipe,https://www.youtube.com/watch?v=fbz9R-WYx5k,Continental
No bake Chocolate Cheese Cake Recipe By Food Fusion,No bake Chocolate Cheese Cake Recipe,https://www.youtube.com/watch?v=kLeU3ENQWcQ,Continental
Homemade Storable Pizza Crust(Dough) No yeast No Oven Recipe By Food Fusion,Homemade Storable Pizza Crust(Dough) No yeast No Oven Recipe,https://www.youtube.com/watch?v=kgZNadGoyGk,Continental
Turkish Gozleme Recipe By Food Fusion,Turkish Gozleme Recipe,https://www.youtube.com/watch?v=f5WGsIFELtU,Arabic/Mediterranean
Tiramisu Cake with homemade Mascarpone cheese Recipe by Food Fusion,Tiramisu Cake with homemade Mascarpone cheese Recipe,https://www.youtube.com/watch?v=y8wsRxt0xf4,Continental
Vegetable Shashlik Sizzler Recipe By Food Fusion,Vegetable Shashlik Sizzler Recipe,https://www.youtube.com/watch?v=d_jFxnfDJDg,Pakistani
Grilled Chicken Chapli Burger Recipe By Food Fusion,Grilled Chicken Chapli Burger Recipe,https://www.youtube.com/watch?v=I1wZ3pcdIeU,Continental
Alfredo Pizza Pasta Recipe By Food Fusion,Alfredo Pizza Pasta Recipe,https://www.youtube.com/watch?v=lldzefSaH6Y,Continental
Restaurant Style Chilli Chicken Recipe By Food Fusion,Restaurant Style Chilli Chicken Recipe,https://www.youtube.com/watch?v=ExgarkRkVtA,Pakistani
Vegetable Chow Mein Recipe By Food Fusion,Vegetable Chow Mein Recipe,https://www.youtube.com/watch?v=7m9CX2wh6ds,Chinese
Here is how our new Food Fusion office looks like. Sad reality,Here is how our new Food Fusion office looks like. Sad reality,https://www.youtube.com/watch?v=hAHOJ-rfVBo,Pakistani
Mushroom Cheese Omelette Recipe By Food Fusion,Mushroom Cheese Omelette Recipe,https://www.youtube.com/watch?v=Cy9fuL4401U,Continental
Cheese Burst Garlic Bread without oven Recipe By Food Fusion,Cheese Burst Garlic Bread without oven Recipe,https://www.youtube.com/watch?v=E_MSWvhCzEw,Pakistani
Beef Khichra Recipe By Food Fusion,Beef Khichra Recipe,https://www.youtube.com/watch?v=rs55Iw2Hnm8,Pakistani
Restaurant Style Beef Biryani Recipe By Food Fusion,Restaurant Style Beef Biryani Recipe,https://www.youtube.com/watch?v=PpKB1wxFl24,Pakistani
Bakery Style Chicken Egg Rolls Recipe By Food Fusion,Bakery Style Chicken Egg Rolls Recipe,https://www.youtube.com/watch?v=rmTVY-LM54E,Pakistani
Homemade Chicken Burger Patty - Make and Freeze Recipe By Food Fusion,Homemade Chicken Burger Patty,https://www.youtube.com/watch?v=rBz09o1DYZU,Continental
5 Rainy Day Snacks you must try By Food Fusion,5 Rainy Day Snacks you must try,https://www.youtube.com/watch?v=OtMCPiYYRhI,Pakistani
5 Delicious Sabzi Gosht Recipes By Food Fusion,Sabzi Gosht Recipes,https://www.youtube.com/watch?v=Jkw7duXbd_A,Pakistani
Must try Mutton / Beef Biryani Recipes By Food Fusion,Must try Mutton / Beef Biryani Recipes,https://www.youtube.com/watch?v=0fZWDGY0k2A,Pakistani
Jashan E Azadi Mubarak,Jashan E Azadi Mubarak,https://www.youtube.com/watch?v=I50xrRo5U6A,Pakistani
Beef Kabab Shawarma Recipe By Food Fusion,Beef Kabab Shawarma Recipe,https://www.youtube.com/watch?v=rZisbmPknhU,Arabic/Mediterranean
Shahi White Chicken Karahi Recipe By Food Fusion,Shahi White Chicken Karahi Recipe,https://www.youtube.com/watch?v=MvU_B6yGsz0,Pakistani
Make & Store Beef Biryani Recipe By Food Fusion,Make & Store Beef Biryani Recipe,https://www.youtube.com/watch?v=rmf44j-r2EQ,Pakistani
Broccoli Paratha Recipe By Food Fusion,Broccoli Paratha Recipe,https://www.youtube.com/watch?v=kQOn7l5eS0I,Pakistani
Bakra Eid Special Beef Recipes By Food Fusion,Bakra Eid Special Beef Recipes,https://www.youtube.com/watch?v=B5ehVaMpV1o,Pakistani
Special Mutton Dhaba Karahi Recipe By Food Fusion (Bakra Eid Special),Special Mutton Dhaba Karahi Recipe By Food Fusion (Bakra Eid Special),https://www.youtube.com/watch?v=5BaFJviHJZ4,Pakistani
Mutton Shorba Recipe By Food Fusion (Bakra Eid Special),Mutton Shorba Recipe By Food Fusion (Bakra Eid Special),https://www.youtube.com/watch?v=oKCdDXuXY_4,Pakistani
Quick and easy Special Nihari Recipe By Food Fusion (Bakra Eid Special),Quick and easy Special Nihari Recipe By Food Fusion (Bakra Eid Special),https://www.youtube.com/watch?v=5VsOYS5VwMA,Pakistani
Smoked Kabab & Rice Platter Recipe By Food Fusion (Bakra Eid Special),Smoked Kabab & Rice Platter Recipe By Food Fusion (Bakra Eid Special),https://www.youtube.com/watch?v=lPNLRgNkZKk,Pakistani
Haryali Chops Recipe By Food Fusion (Bakra Eid Special),Haryali Chops Recipe By Food Fusion (Bakra Eid Special),https://www.youtube.com/watch?v=hrlNnhhAqho,Pakistani
Mughlai Beef with Rich Gravy Recipe By Food Fusion (Bakra Eid special),Mughlai Beef with Rich Gravy Recipe By Food Fusion (Bakra Eid special),https://www.youtube.com/watch?v=1Y8McgxXDuU,Pakistani
Eid Mubarak From Team Food Fusion,Eid Mubarak From Team,https://www.youtube.com/watch?v=KtU5oqRr4E4,Pakistani
Kaleji Handi Recipe By Food Fusion (Bakra Eid Special),Kaleji Handi Recipe By Food Fusion (Bakra Eid Special),https://www.youtube.com/watch?v=IE-rH4-YiHY,Pakistani
6 Mutton Chops Recipe Collection By Food Fusion (Bakra Eid Special),6 Mutton Chops Recipe Collection By Food Fusion (Bakra Eid Special),https://www.youtube.com/watch?v=j6ca4eS1_FE,Pakistani
Kaleji Bun Kabab Recipe By Food Fusion (Bakra Eid Special),Kaleji Bun Kabab Recipe By Food Fusion (Bakra Eid Special),https://www.youtube.com/watch?v=XIRg8qT6n-Y,Pakistani
Chatpatti Raan / Mutton Leg Roast Recipe By Food Fusion (Bakra Eid Special),Chatpatti Raan / Mutton Leg Roast Recipe By Food Fusion (Bakra Eid Special),https://www.youtube.com/watch?v=Y--PyNwaVgk,Pakistani
Paye ka Salan Recipe By Food Fusion (Bakra Eid Special),Paye ka Salan Recipe By Food Fusion (Bakra Eid Special),https://www.youtube.com/watch?v=1skmOeUVLOU,Pakistani
Bakra Eid Special Recipes By Food Fusion,Bakra Eid Special Recipes,https://www.youtube.com/watch?v=KiAVOy7mLhs,Pakistani
Maghaz Bhunna Recipe By food Fusion (Bakra Eid Special),Maghaz Bhunna Recipe By food Fusion (Bakra Eid Special),https://www.youtube.com/watch?v=_dCpZ-MWsIs,Pakistani
Biye Barir Shahi Zarda Recipe By Food Fusion  (Eid Special),Biye Barir Shahi Zarda Recipe By Food Fusion  (Eid Special),https://www.youtube.com/watch?v=mPSyCFWUnkg,Pakistani
Makhni Beef Recipe By Food Fusion (Bakra Eid Special),Makhni Beef Recipe By Food Fusion (Bakra Eid Special),https://www.youtube.com/watch?v=k-qU320Xktc,Pakistani
Special Beef Burger with Signature Mustard Sauce Recipe By Food Fusion (Bakra Eid Special),Special Beef Burger with Signature Mustard Sauce Recipe By Food Fusion (Bakra Eid Special),https://www.youtube.com/watch?v=uEzBR5NL4XA,Continental
Satrangi Biryani Recipe By Food Fusion (Bakra Eid Special),Satrangi Biryani Recipe By Food Fusion (Bakra Eid Special),https://www.youtube.com/watch?v=r1um51LgxW4,Pakistani
Tawa Boti Kabab Recipe by Food Fusion (Bakra Eid Special),Tawa Boti Kabab Recipe by Food Fusion (Bakra Eid Special),https://www.youtube.com/watch?v=smuJn90-ze8,Pakistani
6 BBQ / Grill Recipes By Food Fusion (Bakra Eid Special),6 BBQ / Grill Recipes By Food Fusion (Bakra Eid Special),https://www.youtube.com/watch?v=RacKyhnSggM,Pakistani
Iskandar kebab Recipe By Food Fusion (Bakra Eid Special),Iskandar kebab Recipe By Food Fusion (Bakra Eid Special),https://www.youtube.com/watch?v=Non4ZqMgDPY,Pakistani
Quick and Easy Tikka Daleem Recipe By Food Fusion,Quick and Easy Tikka Daleem Recipe,https://www.youtube.com/watch?v=Ixz6uD4Ps1E,Pakistani
Bakra Eid Mutton Dawat Recipes By Food Fusion (Bakra Eid Special),Bakra Eid Mutton Dawat Recipes By Food Fusion (Bakra Eid Special),https://www.youtube.com/watch?v=a0yUjaZNLME,Pakistani
Mutton Zafrani Biryani Recipe By Food Fusion (Bakra Eid Special),Mutton Zafrani Biryani Recipe By Food Fusion (Bakra Eid Special),https://www.youtube.com/watch?v=TYxsxH7GYDE,Pakistani
Banofee Pie Recipe By Food Fusion (Bakra Eid Special),Banofee Pie Recipe By Food Fusion (Bakra Eid Special),https://www.youtube.com/watch?v=4SgufViwVNQ,Pakistani
Muthiya Kabab Recipe By Food Fusion (Bakra Eid Special),Muthiya Kabab Recipe By Food Fusion (Bakra Eid Special),https://www.youtube.com/watch?v=N5viBjfTXt4,Pakistani
Frosted Lemonade Recipe By Food Fusion,Frosted Lemonade Recipe,https://www.youtube.com/watch?v=7ZM7YlAlywQ,Pakistani
Caramel Frappuccino Recipe By Food Fusion,Caramel Frappuccino Recipe,https://www.youtube.com/watch?v=y_508DLXfTw,Continental
Restaurant style Masala Bhindi Recipe By Food Fusion,Restaurant style Masala Bhindi Recipe,https://www.youtube.com/watch?v=3wGStqsfgs8,Pakistani
Anda Masala Recipe By Food Fusion,Anda Masala Recipe,https://www.youtube.com/watch?v=1oKZ3b62aew,Pakistani
Tawa Chicken Pulao Recipe By Food Fusion,Tawa Chicken Pulao Recipe,https://www.youtube.com/watch?v=sgjdvLXxtfY,Pakistani
Katsu Fried Chicken Burger Recipe By Food Fusion,Katsu Fried Chicken Burger Recipe,https://www.youtube.com/watch?v=7LasLEFc2Ec,Japanese
Stuffed Karela Recipe By Food Fusion,Stuffed Karela Recipe,https://www.youtube.com/watch?v=KgCBc7WFg_Y,Pakistani
Mango Iced Tea Recipe By Food Fusion,Mango Iced Tea Recipe,https://www.youtube.com/watch?v=P8LmpoM_qUw,Pakistani
How Did Food Fusion Adapt To The Changing Circumstances,How Did Food Fusion Adapt To The Changing Circumstances,https://www.youtube.com/watch?v=c1OxdGs-m-s,Pakistani
Mint Margarita Recipe By Food Fusion,Mint Margarita Recipe,https://www.youtube.com/watch?v=mVQOwak1vUA,Pakistani
Restaurant Style Palak Gosht Recipe By Food Fusion,Restaurant Style Palak Gosht Recipe,https://www.youtube.com/watch?v=JJ42Aq4UAGw,Pakistani
Mango Mastani Recipe By Food Fusion,Mango Mastani Recipe,https://www.youtube.com/watch?v=dILLGf8XmNo,Pakistani
Achari stuffed Tinday/ Bharwan Tinday  Recipe By Food Fusion,Achari stuffed Tinday/ Bharwan Tinday  Recipe,https://www.youtube.com/watch?v=EJuhB9gVgt8,Pakistani
Pizza Dough Balls With Nuggets Recipe By Food Fusion,Pizza Dough Balls With Nuggets Recipe,https://www.youtube.com/watch?v=ZdLk-7PI3Vs,Continental
Tinday Gosht Recipe By Food Fusion,Tinday Gosht Recipe,https://www.youtube.com/watch?v=0E0XQjcT1Oo,Pakistani
Dahi Walay Aloo Recipe By Food Fusion,Dahi Walay Aloo Recipe,https://www.youtube.com/watch?v=As0myPO2m7o,Pakistani
3 Delicious Instant Noodle Recipes By Food Fusion,Instant Noodle Recipes,https://www.youtube.com/watch?v=DY4mhf-v3b4,Chinese
4 Baisan Special Recipes By Food Fusion,4 Baisan Special Recipes,https://www.youtube.com/watch?v=0p6ScoDxXuE,Pakistani
3 Special Falsa Recipes By Food Fusion,3 Special Falsa Recipes,https://www.youtube.com/watch?v=cPO6FkUyrUU,Pakistani
5 Watermelon Recipes By Food Fusion,5 Watermelon Recipes,https://www.youtube.com/watch?v=Ul5z8hiLg3Q,Pakistani
6 Delicious Pulao Recipes By Food Fusion,Pulao Recipes,https://www.youtube.com/watch?v=sGuWwLTEYa8,Pakistani
4 Falooda Recipes By Food Fusion,4 Falooda Recipes,https://www.youtube.com/watch?v=lwYrXZvdzp4,Pakistani
4 Recipes to Challenge Yourself By Food Fusion,4 Recipes to Challenge Yourself,https://www.youtube.com/watch?v=hZJGR9a2z0Y,Pakistani
4 Drink Recipes To Beat The Heat By Food Fusion,4 Drink Recipes To Beat The Heat,https://www.youtube.com/watch?v=eC66q_UQ6iU,Pakistani
4 Recipes For Potato lovers By Food Fusion,4 Recipes For Potato lovers,https://www.youtube.com/watch?v=MuLbMfbttDo,Pakistani
4 Mango Recipes you cant resist By Food Fusion,4 Mango Recipes you cant resist,https://www.youtube.com/watch?v=BNkJhDE_Qlg,Pakistani
4 Dawat Rice Recipe By Food Fusion (Eid Special),4 Dawat Rice Recipe By Food Fusion (Eid Special),https://www.youtube.com/watch?v=97mdiOlL1Vs,Pakistani
Eid Menu Ideas Collection 3 By Food Fusion,Eid Menu Ideas Collection 3,https://www.youtube.com/watch?v=is1_TKfqbec,Pakistani
Eid Menu Ideas Collection 2 By Food Fusion,Eid Menu Ideas Collection 2,https://www.youtube.com/watch?v=i6W-BA12-bQ,Pakistani
Eid Mubarak From Team Food Fusion,Eid Mubarak From Team,https://www.youtube.com/watch?v=4llXJgCuMD4,Pakistani
Eid Dessert Menu Collection By Food Fusion,Eid Dessert Menu Collection,https://www.youtube.com/watch?v=Tr3ZmbWuW_M,Pakistani
Chatpatta Chicken with Rice Platter By Food Fusion (Eid Special),Chatpatta Chicken with Rice Platter By Food Fusion (Eid Special),https://www.youtube.com/watch?v=t74IclkKdmQ,Pakistani
Eid Menu Ideas Collection 1 By Food Fusion,Eid Menu Ideas Collection 1,https://www.youtube.com/watch?v=QdDEEJVY0d8,Pakistani
Suji (Sooji) Ka Doodh Wala halwa Recipe By Food Fusion,Suji (Sooji) Ka Doodh Wala halwa Recipe,https://www.youtube.com/watch?v=ayhzvHw4NrU,Pakistani
Caramel Firni Recipe By Food Fusion ( Eid Special Recipe),Caramel Firni Recipe By Food Fusion ( Eid Special Recipe),https://www.youtube.com/watch?v=LlcL4cXK2gE,Continental
Chicken White Pulao Recipe By Food Fusion (Eid Special),Chicken White Pulao Recipe By Food Fusion (Eid Special),https://www.youtube.com/watch?v=N4KQIhoJJDw,Pakistani
Mughlai Chicken Recipe By Food Fusion (Eid Special),Mughlai Chicken Recipe By Food Fusion (Eid Special),https://www.youtube.com/watch?v=z7ViNW8pU7c,Pakistani
Shahi Tukra Lasagna Recipe By Food Fusion (Eid Special),Shahi Tukra Lasagna Recipe By Food Fusion (Eid Special),https://www.youtube.com/watch?v=VF-c4yWv_Ys,Continental
6 Sweet Snacks for Eid Recipes By Food Fusion,6 Sweet Snacks for Eid Recipes,https://www.youtube.com/watch?v=k4-xlfstBMU,Pakistani
6 Halwa Recipes By Food Fusion (Eid Special),6 Halwa Recipes By Food Fusion (Eid Special),https://www.youtube.com/watch?v=wz79ys-R4Qs,Pakistani
Salted Caramel Brownie Trifle Recipe By Food Fusion (Eid Special),Salted Caramel Brownie Trifle Recipe By Food Fusion (Eid Special),https://www.youtube.com/watch?v=XNFL7p8djr0,Continental
Potato Samosa Rolls Recipe By Food Fusion (Ramzan Special),Potato Samosa Rolls Recipe By Food Fusion (Ramzan Special),https://www.youtube.com/watch?v=FQUWJQmpjOk,Pakistani
4 Homemade Barfi Recipes By Food Fusion (Eid Special),4 Homemade Barfi Recipes By Food Fusion (Eid Special),https://www.youtube.com/watch?v=q4JLmp0auoo,Pakistani
Fruit Custard Tart Recipe By Food Fusion (Eid Special),Fruit Custard Tart Recipe By Food Fusion (Eid Special),https://www.youtube.com/watch?v=eBHpIKmm1A8,Pakistani
Crispy Aloo Tikki Recipe By Food Fusion (Ramzan Special),Crispy Aloo Tikki Recipe By Food Fusion (Ramzan Special),https://www.youtube.com/watch?v=_c6bl0U-tMY,Pakistani
Gur Walay Chawal Recipe By Food Fusion (Eid Special),Gur Walay Chawal Recipe By Food Fusion (Eid Special),https://www.youtube.com/watch?v=eqtnmONU4PQ,Pakistani
Quick Kofta Khaowsuey/khaow suey Recipe By Food Fusion (Eid Special),Quick Kofta Khaowsuey/khaow suey Recipe By Food Fusion (Eid Special),https://www.youtube.com/watch?v=hMP5E0b0iYE,Pakistani
Chocolate Barfi Recipe By Food Fusion (Eid Special),Chocolate Barfi Recipe By Food Fusion (Eid Special),https://www.youtube.com/watch?v=MycjAJiydpw,Pakistani
Cheesy Bites Recipe By Food Fusion,Cheesy Bites Recipe,https://www.youtube.com/watch?v=zIg_-Xfgc9Y,Pakistani
Mango and Falsa Squash Recipes By Food Fusion (Summer Special),Mango and Falsa Squash Recipes By Food Fusion (Summer Special),https://www.youtube.com/watch?v=7wI0J9ECGsY,Pakistani
Creamy Garlic Chicken on Toast Recipe By Food Fusion (Ramzan Special),Creamy Garlic Chicken on Toast Recipe By Food Fusion (Ramzan Special),https://www.youtube.com/watch?v=7Uz1nDJIG7I,Pakistani
Bagharay Kabab Recipe By Food Fusion (Ramzan Special),Bagharay Kabab Recipe By Food Fusion (Ramzan Special),https://www.youtube.com/watch?v=O2gvdiDZ_7o,Pakistani
Palak Anda Ghotala Recipe By Food Fusion (Sehri recipe Ideas),Palak Anda Ghotala Recipe By Food Fusion (Sehri recipe Ideas),https://www.youtube.com/watch?v=GHbX1Jivxog,Pakistani
Ice cream Lal Sharbet Recipe By Food Fusion (Ramzan Special),Ice cream Lal Sharbet Recipe By Food Fusion (Ramzan Special),https://www.youtube.com/watch?v=t98ZlsbNgz0,Pakistani
Special Crispy Broast Recipe By Food Fusion (Ramzan Special),Special Crispy Broast Recipe By Food Fusion (Ramzan Special),https://www.youtube.com/watch?v=89IgIHkMhPU,Pakistani
6 festive Dinner Recipes By Food Fusion,6 festive Dinner Recipes,https://www.youtube.com/watch?v=hK1RAzvWRIc,Pakistani
Chai Latte Recipe By Food Fusion (Ramzan Special),Chai Latte Recipe By Food Fusion (Ramzan Special),https://www.youtube.com/watch?v=QUqFxmuLSX4,Pakistani
Pheni / lachha Paratha Recipe By Food Fusion,Pheni / lachha Paratha Recipe,https://www.youtube.com/watch?v=PBDolymW-z8,Pakistani
Top 5 Instagram Worthy Recipes By Food Fusion,Top 5 Instagram Worthy Recipes,https://www.youtube.com/watch?v=w7VPfwD9ros,Pakistani
Crispy Shell Rolls 2 ways  Recipe By Food Fusion,Crispy Shell Rolls 2 ways  Recipe,https://www.youtube.com/watch?v=47u2wOLDIsM,Pakistani
Malai Boti Paratha Roll Recipe By Food Fusion (Ramzan Special),Malai Boti Paratha Roll Recipe By Food Fusion (Ramzan Special),https://www.youtube.com/watch?v=2edqTnVkGDI,Pakistani
Spring Roll  Serving Ideas by Food Fusion (Ramzan Special),Spring Roll  Serving Ideas by Food Fusion (Ramzan Special),https://www.youtube.com/watch?v=N4jwsK3Gnp8,Chinese
Chicken Bread Samosa Parcels Recipe By Food Fusion (Ramzan Special),Chicken Bread Samosa Parcels Recipe By Food Fusion (Ramzan Special),https://www.youtube.com/watch?v=Lhd2bKsQm2k,Pakistani
Mini Chicken Lachaydar Paratha Recipe By Food Fusion,Mini Chicken Lachaydar Paratha Recipe,https://www.youtube.com/watch?v=5YeRMfzk9zM,Pakistani
Chatpattay Dahi Baray Recipe By Food Fusion (Ramzan Recipe),Chatpattay Dahi Baray Recipe By Food Fusion (Ramzan Recipe),https://www.youtube.com/watch?v=D_pht07KlVM,Pakistani
4 Must try Desserts By Food Fusion (Ramzan Special Recipes),4 Must try Desserts By Food Fusion (Ramzan Special Recipes),https://www.youtube.com/watch?v=NsaEPF_I7E0,Pakistani
Custard Badam Sharbat Recipe By Food Fusion (Ramzan Special Recipe),Custard Badam Sharbat Recipe By Food Fusion (Ramzan Special Recipe),https://www.youtube.com/watch?v=XR8HmLyrMrs,Pakistani
Creamy Lemon Butter Chicken Pasta Recipe By Food Fusion (Ramzan Special),Creamy Lemon Butter Chicken Pasta Recipe By Food Fusion (Ramzan Special),https://www.youtube.com/watch?v=KwsyG1pYyNE,Continental
6 Best Samosa Recipes By Food Fusion (Ramzan Special),6 Best Samosa Recipes By Food Fusion (Ramzan Special),https://www.youtube.com/watch?v=A20eklTBcgg,Pakistani
Restaurant style Seekh Kabab Recipe By Food Fusion (Ramzan Special),Restaurant style Seekh Kabab Recipe By Food Fusion (Ramzan Special),https://www.youtube.com/watch?v=ov13Yr3MLCQ,Pakistani
4 Easy Iftar Dinner Ideas By Food Fusion,4 Easy Iftar Dinner Ideas,https://www.youtube.com/watch?v=OCtIiLZz490,Pakistani
Samosa Cheese Bhel Recipe By Food Fusion (Ramzan Special),Samosa Cheese Bhel Recipe By Food Fusion (Ramzan Special),https://www.youtube.com/watch?v=QXJZeBOPSGg,Pakistani
Chicken Yakhni Pulao Recipe By Food Fusion (Ramzan Special Recipe),Chicken Yakhni Pulao Recipe By Food Fusion (Ramzan Special Recipe),https://www.youtube.com/watch?v=QaZWOGs82Nw,Pakistani
Chocolate Gol Gappay Recipe By Food Fusion (Ramzan Special),Chocolate Gol Gappay Recipe By Food Fusion (Ramzan Special),https://www.youtube.com/watch?v=-3O7XpFK1KE,Pakistani
Next Level Salad Recipes By Food Fusion,Next Level Salad Recipes,https://www.youtube.com/watch?v=OeZ_UCZ6LxA,Pakistani
Instant kulfa Mix Recipe By Food Fusion (Ramzan Special Recipe),Instant kulfa Mix Recipe By Food Fusion (Ramzan Special Recipe),https://www.youtube.com/watch?v=nxWYWT3XLSk,Pakistani
Dalgona Coffee Cream Dessert By Food Fusion (Ramzan Special),Dalgona Coffee Cream Dessert By Food Fusion (Ramzan Special),https://www.youtube.com/watch?v=ndc5_5FzF-Q,Continental
Chicken Nuggets Paratha Roll Recipe By Food Fusion (Ramzan Special),Chicken Nuggets Paratha Roll Recipe By Food Fusion (Ramzan Special),https://www.youtube.com/watch?v=yHq12RVhupY,Pakistani
Gulabi Colada Recipe By Food Fusion (Ramzan Special),Gulabi Colada Recipe By Food Fusion (Ramzan Special),https://www.youtube.com/watch?v=gtFf9kxqNrw,Pakistani
Butt Karahi Recipe by Food Fusion (Ramzan Special),Butt Karahi Recipe by Food Fusion (Ramzan Special),https://www.youtube.com/watch?v=vTK5PKYMxvY,Pakistani
Chicken Bread Samosa Cones Recipe By Food Fusion (Ramzan Special),Chicken Bread Samosa Cones Recipe By Food Fusion (Ramzan Special),https://www.youtube.com/watch?v=xCVla7HfmD8,Pakistani
Egg Pakora Recipe By Food Fusion (Ramzan Special),Egg Pakora Recipe By Food Fusion (Ramzan Special),https://www.youtube.com/watch?v=6C9xvS0-tM8,Pakistani
Daal Kachori Recipe By Food Fusion  (Ramzan Special),Daal Kachori Recipe By Food Fusion  (Ramzan Special),https://www.youtube.com/watch?v=CGlQL7DpIdg,Pakistani
Special Bun kabab Karachi Style By Food Fusion ( Ramzan Special),Special Bun kabab Karachi Style By Food Fusion ( Ramzan Special),https://www.youtube.com/watch?v=TuEY0NZBspo,Pakistani
Green Tikka Tenders  Recipe by Food Fusion (Ramzan Special),Green Tikka Tenders  Recipe by Food Fusion (Ramzan Special),https://www.youtube.com/watch?v=yFiKnO__rJk,Pakistani
Tandoori Cheese Stuffed Nuggets Recipe By Food Fusion (Ramzan Special),Tandoori Cheese Stuffed Nuggets Recipe By Food Fusion (Ramzan Special),https://www.youtube.com/watch?v=D9mHwfIlMl8,Pakistani
Sehri Curry Recipes Collection 3 By Food Fusion (2020),Sehri Curry Recipes Collection 3 By Food Fusion (2020),https://www.youtube.com/watch?v=tsNHA0maU8A,Pakistani
Cheese Samosa Pops Recipe By Food Fusion (Ramzan Special),Cheese Samosa Pops Recipe By Food Fusion (Ramzan Special),https://www.youtube.com/watch?v=gnU_RoMKNrY,Pakistani
BBQ Shashlik with Garlic Fried Rice Recipe By Food Fusion (RamzanRecipe),BBQ Shashlik with Garlic Fried Rice Recipe By Food Fusion (RamzanRecipe),https://www.youtube.com/watch?v=hDZZuARsmfE,Chinese
19 Samosa Folding Techniques By Food Fusion (Ramzan Special),19 Samosa Folding Techniques By Food Fusion (Ramzan Special),https://www.youtube.com/watch?v=F3DJ_Pt7qrE,Pakistani
Foolproof Rasmalai Recipe By Food Fusion (Ramzan Special Recipe),Foolproof Rasmalai Recipe By Food Fusion (Ramzan Special Recipe),https://www.youtube.com/watch?v=I1QJUhXAt_c,Pakistani
Street Style Gol Gappay/Pani puri  Recipe By Food Fusion (Ramzan Special),Street Style Gol Gappay/Pani puri  Recipe By Food Fusion (Ramzan Special),https://www.youtube.com/watch?v=f8fXZ2ZRzrc,Pakistani
Sehri Recipes Collection 2 (Qeema)By Food Fusion (2020),Sehri Recipes Collection 2 (Qeema)By Food Fusion (2020),https://www.youtube.com/watch?v=YVHwVa_oaC8,Pakistani
Lacha Chicken Pakora Recipe by Food Fusion (Ramzan Special),Lacha Chicken Pakora Recipe by Food Fusion (Ramzan Special),https://www.youtube.com/watch?v=NhYLiCCIndU,Pakistani
Mishti Doi/Dahi Recipe By Food Fusion ( Ramzan special),Mishti Doi/Dahi Recipe By Food Fusion ( Ramzan special),https://www.youtube.com/watch?v=hIiBGLgSQJ8,Pakistani
Chicken Tikka Resha Kabab By Food Fusion (Ramzan Special),Chicken Tikka Resha Kabab By Food Fusion (Ramzan Special),https://www.youtube.com/watch?v=GQjlHlmiI84,Pakistani
Cheesy Chutney Cutlets by Food Fusion (Ramzan special),Cheesy Chutney Cutlets by Food Fusion (Ramzan special),https://www.youtube.com/watch?v=N1qGKiLbzHQ,Pakistani
6 Must Try Chaat Recipes By Food Fusion (Ramzan Special),6 Must Try Chaat Recipes By Food Fusion (Ramzan Special),https://www.youtube.com/watch?v=tz6ctn48OUs,Pakistani
Pinwheel Samosa Recipe By Food Fusion (Ramzan Special),Pinwheel Samosa Recipe By Food Fusion (Ramzan Special),https://www.youtube.com/watch?v=PmqoIdqgDeM,Pakistani
Gulabi Tukra Recipe By Food Fusion (Ramzan Special),Gulabi Tukra Recipe By Food Fusion (Ramzan Special),https://www.youtube.com/watch?v=YAC-2WCsc5w,Pakistani
6 Healthy & Non Fried Iftar Snacks By Food Fusion (Ramzan Special),6 Healthy & Non Fried Iftar Snacks By Food Fusion (Ramzan Special),https://www.youtube.com/watch?v=M9aFAQKKzf0,Pakistani
Chicken Potato Sandwich Recipe By Food Fusion,Chicken Potato Sandwich Recipe,https://www.youtube.com/watch?v=YU5Ugo9FUvw,Continental
Make & Store Biryani Marinade for Quick and Easy Biryani Recipe  By Food Fusion,Make & Store Biryani Marinade for Quick and Easy Biryani Recipe,https://www.youtube.com/watch?v=8P0YS_MJaPU,Pakistani
Achari Pizza Paratha - Make & Store Ramzan  Recipe By Food Fusion,Achari Pizza Paratha,https://www.youtube.com/watch?v=LGcQD03DIB4,Continental
6 Recipes To Make Kids Happy By Food Fusion,6 Recipes To Make Kids Happy,https://www.youtube.com/watch?v=ZpXLukC-NAA,Pakistani
Restaurant Style Reshmi Kabab Recipe By Food Fusion (Ramzan Special),Restaurant Style Reshmi Kabab Recipe By Food Fusion (Ramzan Special),https://www.youtube.com/watch?v=RrHKvsYrCPs,Pakistani
Sehri Recipe Collection 1 Ramzan Special By Food Fusion (2020),Sehri Recipe Collection 1 Ramzan Special By Food Fusion (2020),https://www.youtube.com/watch?v=vUpmzA4NuHE,Pakistani
3 Recipes to Enjoy with Kids By Food Fusion,3 Recipes to Enjoy with Kids,https://www.youtube.com/watch?v=R6RSD1s01xY,Pakistani
Lockdown Friendly Recipe Ideas Collection 10 By Food Fusion,Lockdown Friendly Recipe Ideas Collection 10,https://www.youtube.com/watch?v=TeoTGStU5fQ,Pakistani
Lockdown Friendly Recipes for Kids Collection 9 By Food Fusion,Lockdown Friendly Recipes for Kids Collection 9,https://www.youtube.com/watch?v=7Kydl6dQIBk,Pakistani
6 Amazing Nuggets Recipes By Food Fusion,Nuggets Recipes,https://www.youtube.com/watch?v=xIcv2efYUQA,Pakistani
Zalabia 3 Ways Recipe By Food Fusion (Ramzan Special),Zalabia 3 Ways Recipe By Food Fusion (Ramzan Special),https://www.youtube.com/watch?v=PmFfeGEql48,Pakistani
6 Impressive Vegetable Recipes By Food Fusion,6 Impressive Vegetable Recipes,https://www.youtube.com/watch?v=FuufcjVl0HQ,Pakistani
Lockdown Friendly Recipe Ideas Collection 8 By Food Fusion,Lockdown Friendly Recipe Ideas Collection 8,https://www.youtube.com/watch?v=UivZk8Y39x0,Pakistani
Loaded French Fries Sticks By Food Fusion,Loaded French Fries Sticks,https://www.youtube.com/watch?v=mVJrstieo-g,Continental
Lockdown Friendly Recipe Ideas Collection 7 By Food Fusion,Lockdown Friendly Recipe Ideas Collection 7,https://www.youtube.com/watch?v=1e48u3cX7Oc,Pakistani
4 Amazing Spaghetti Recipes By Food Fusion,Spaghetti Recipes,https://www.youtube.com/watch?v=yscvNu9rxXg,Continental
Everyone’s favorite 5 dip sauces Recipes By Food Fusion,Everyone’s favorite 5 dip sauces Recipes,https://www.youtube.com/watch?v=eD_WcdlICYc,Pakistani
Russian Kabab - Pre Ramadan Preparation Recipe By  Food Fusion,Russian Kabab,https://www.youtube.com/watch?v=Hqd4Q48NrgU,Pakistani
Lockdown Friendly Desserts Collection 6 Recipes By Food Fusion,Lockdown Friendly Desserts Collection 6 Recipes,https://www.youtube.com/watch?v=7I8LD4SxMY0,Pakistani
6 Rice Recipes from around the world - Food Fusion,6 Rice Recipes from around the world,https://www.youtube.com/watch?v=zp5Lf2Ouv7M,Pakistani
Lockdown Friendly Recipes for Sweet Tooth Collection 5 By Food Fusion,Lockdown Friendly Recipes for Sweet Tooth Collection 5,https://www.youtube.com/watch?v=zWa0Moqeiuk,Pakistani
lockdown friendly Snacks Recipe Ideas Collection 4 By Food Fusion,lockdown friendly Snacks Recipe Ideas Collection 4,https://www.youtube.com/watch?v=DhCf6SPn8-Q,Pakistani
Corn Cutlets Recipe By Food Fusion (Ramzan Special),Corn Cutlets Recipe By Food Fusion (Ramzan Special),https://www.youtube.com/watch?v=hLoi4NFPgKM,Pakistani
8 Make & Freeze Ramazan Recipes By Food Fusion (2020),8 Make & Freeze Ramazan Recipes By Food Fusion (2020),https://www.youtube.com/watch?v=IS9T8JLQGqs,Pakistani
Lockdown Friendly Recipe Ideas Collection 3 By Food Fusion,Lockdown Friendly Recipe Ideas Collection 3,https://www.youtube.com/watch?v=6OoGq9sg1BI,Pakistani
Beef Cutlets Recipe By Food Fusion (Ramzan Special),Beef Cutlets Recipe By Food Fusion (Ramzan Special),https://www.youtube.com/watch?v=IscOShmkKU0,Pakistani
Lockdown Friendly Recipe Ideas Collection 2 By Food Fusion,Lockdown Friendly Recipe Ideas Collection 2,https://www.youtube.com/watch?v=MVJFib2ZOwQ,Pakistani
Lockdown Friendly Recipe Ideas Collection 1 By Food Fusion,Lockdown Friendly Recipe Ideas Collection 1,https://www.youtube.com/watch?v=MVX3Lh4YJ-U,Pakistani
Dahi Phulki Chaat Recipe by Food Fusion (Iftar Ideas),Dahi Phulki Chaat Recipe by Food Fusion (Iftar Ideas),https://www.youtube.com/watch?v=68k3KuhWE6k,Pakistani
4 Easy Vegetable Snacks Recipes By Food Fusion,4 Easy Vegetable Snacks Recipes,https://www.youtube.com/watch?v=B8_qVTUpY4Y,Pakistani
Crispy Chicken Pasta Recipe By Food Fusion,Crispy Chicken Pasta Recipe,https://www.youtube.com/watch?v=YNl7ykg93is,Continental
3 Flavourful Samosa Cones Make and Store Recipe By Food Fusion (Ramzan Specil Recipe),3 Flavourful Samosa Cones Make and Store Recipe By Food Fusion (Ramzan Specil Recipe),https://www.youtube.com/watch?v=OpGYvtE7ifc,Pakistani
Chicken Achari Recipe By Food Fusion,Chicken Achari Recipe,https://www.youtube.com/watch?v=zvzD4GR5uQc,Pakistani
3 Flavoursome Roll Recipes By Food Fusion (Make and Store Ramzan Special),3 Flavoursome Roll Recipes By Food Fusion (Make and Store Ramzan Special),https://www.youtube.com/watch?v=MKho6oEKK0g,Pakistani
Haray bharay seekh kabab Recipe By Food Fusion,Haray bharay seekh kabab Recipe,https://www.youtube.com/watch?v=BWl7hx4NyBo,Pakistani
4 Essential Sharbat Recipes By Food Fusion (Ramzan Iftar drinks),4 Essential Sharbat Recipes By Food Fusion (Ramzan Iftar drinks),https://www.youtube.com/watch?v=qIczup7n_nE,Pakistani
Mix Vegetable Paratha Recipe By Food Fusion,Mix Vegetable Paratha Recipe,https://www.youtube.com/watch?v=t3CCzYoCTpA,Pakistani
Arhar Daal Chawal Combo with Chutney & Chips Recipe By Food Fusion,Arhar Daal Chawal Combo with Chutney & Chips Recipe,https://www.youtube.com/watch?v=mnraw7SnbfI,Pakistani
4 Make and Freeze Samosa Snack Recipes By Food Fusion,4 Make and Freeze Samosa Snack Recipes,https://www.youtube.com/watch?v=z9pr9BZlq-8,Pakistani
Quick Mini Pizza Recipe By Food Fusion,Quick Mini Pizza Recipe,https://www.youtube.com/watch?v=6cBCl9dIwmk,Continental
6 Amazing Vegetable Recipes by Food Fusion,Vegetable Recipes,https://www.youtube.com/watch?v=bfTlbPfAN-k,Pakistani
Homemade tomato Essentials Make & Store Recipes By Food Fusion,Homemade tomato Essentials Make & Store Recipes,https://www.youtube.com/watch?v=4TQvnEecvf0,Pakistani
Vegetable Tawa Pulao Recipe By Food Fusion,Vegetable Tawa Pulao Recipe,https://www.youtube.com/watch?v=wMUxgS7HwzA,Pakistani
3 Appetizing & Quick Recipes To Try At Home By Food Fusion,3 Appetizing & Quick Recipes To Try At Home,https://www.youtube.com/watch?v=HBzEr_roItM,Pakistani
4 Must Try Croquette Recipes By Food Fusion,4 Must Try Croquette Recipes,https://www.youtube.com/watch?v=2_2p5rCXo4g,Pakistani
Extreme Chicken Biryani Recipe By Food Fusion,Extreme Chicken Biryani Recipe,https://www.youtube.com/watch?v=40VJanswaAQ,Pakistani
Peri peri Grilled Chicken with sauces Recipe by Food Fusion,Peri peri Grilled Chicken with sauces Recipe,https://www.youtube.com/watch?v=8qJuoY3JuRM,Continental
How to Store Vegetables - Methods by Food Fusion,How to Store Vegetables,https://www.youtube.com/watch?v=r0spMs9xwfs,Pakistani
Fusion Fire Paratha Recipe By Food Fusion,Fusion Fire Paratha Recipe,https://www.youtube.com/watch?v=tVwklExwsTA,Pakistani
8 Recipes you can make with your kids By Food Fusion,8 Recipes you can make with your kids,https://www.youtube.com/watch?v=2JXpGU_SHjU,Pakistani
6 Amazing Pasta Recipes By Food Fusion,Pasta Recipes,https://www.youtube.com/watch?v=KTae0w79dAI,Continental
Katori Halwa (Aate Ka Halwa) Recipe By Food Fusion,Katori Halwa (Aate Ka Halwa) Recipe,https://www.youtube.com/watch?v=bgq0Gx59tR4,Pakistani
Spiral Fajita Pie Recipe - Food Fusion Community,Spiral Fajita Pie Recipe Community,https://www.youtube.com/watch?v=v_uW3gZfn6s,Pakistani
6 Restaurant style recipes you can make at home By Food Fusion,6 Restaurant style recipes you can make at home,https://www.youtube.com/watch?v=RMyEBwxcBok,Pakistani
5 Street Style Recipes To Try at Home By Food Fusion,5 Street Style Recipes To Try at Home,https://www.youtube.com/watch?v=_9L-NP3DSPA,Pakistani
Sooji ka tukri/karak halwa Recipe By Food Fusion,Sooji ka tukri/karak halwa Recipe,https://www.youtube.com/watch?v=7eJDGvF68-s,Pakistani
Murtabak/Mutabaq Recipe By Food Fusion,Murtabak/Mutabaq Recipe,https://www.youtube.com/watch?v=pp0vsLOHVR0,Pakistani
Special Fry kabab Recipe by Food Fusion,Special Fry kabab Recipe,https://www.youtube.com/watch?v=VCji3M9RdZE,Pakistani
Spicy Crispy Chicken Burger Recipe By Food Fusion,Spicy Crispy Chicken Burger Recipe,https://www.youtube.com/watch?v=Ub06gV4gzxc,Continental
Homemade easy tomato puree recipe by Food Fusion,Homemade easy tomato puree recipe,https://www.youtube.com/watch?v=aZvQaRX8_rA,Pakistani
4 Irresistible Kulfi Recipes By Food Fusion,4 Irresistible Kulfi Recipes,https://www.youtube.com/watch?v=grWcjcGfhg4,Pakistani
How to store tomatoes Method By Food Fusion,How to store tomatoes Method,https://www.youtube.com/watch?v=9DFq55EKwQg,Pakistani
Cheese Stuffed Shami Kabab Recipe By Food Fusion,Cheese Stuffed Shami Kabab Recipe,https://www.youtube.com/watch?v=dEVizAWz5-A,Pakistani
Hara Bhara Achari Qeema Recipe By Food Fusion,Hara Bhara Achari Qeema Recipe,https://www.youtube.com/watch?v=W_qRpAbOC3w,Pakistani
Degi Masala Biryani Recipe By Food Fusion,Degi Masala Biryani Recipe,https://www.youtube.com/watch?v=LtFpdTYriIo,Pakistani
Weekend Omelette Recipes to Get Men in The Kitchen Recipes by Food Fusion,Weekend Omelette Recipes to Get Men in The Kitchen Recipes,https://www.youtube.com/watch?v=vuHSZPkjBMw,Continental
Homemade Chilli Garlic Sauce Recipe By Food Fusion,Homemade Chilli Garlic Sauce Recipe,https://www.youtube.com/watch?v=32kx57aZ9as,Pakistani
Sweet and sour wedges Recipe By Food Fusion,Sweet and sour wedges Recipe,https://www.youtube.com/watch?v=ALwYv8NeZRI,Chinese
Ouzi Chicken Rice Recipe By Food Fusion,Ouzi Chicken Rice Recipe,https://www.youtube.com/watch?v=FTFJR85da8A,Pakistani
4 Tempting Lachydar Paratha Recipes By Food Fusion,4 Tempting Lachydar Paratha Recipes,https://www.youtube.com/watch?v=rN9wU8a9c-Q,Pakistani
Chapli Kabab Kachori Recipe By Food Fusion,Chapli Kabab Kachori Recipe,https://www.youtube.com/watch?v=MSeaJJV1ZVA,Pakistani
3 Best Fried Chicken Recipes By Food Fusion,3 Best Fried Chicken Recipes,https://www.youtube.com/watch?v=zNt4nIDYOLo,Pakistani
Lemon Pepper Chicken Skewers with Saffron Rice Recipe By Food Fusion,Lemon Pepper Chicken Skewers with Saffron Rice Recipe,https://www.youtube.com/watch?v=27W_PWtW7Rk,Pakistani
Kofta (Meatball) Chutney Pizza Ring Recipe By Food Fusion,Kofta (Meatball) Chutney Pizza Ring Recipe,https://www.youtube.com/watch?v=YBlrtQHno0E,Continental
Most Wanted Biryani | Top Biryani Recipes By Food Fusion,Most Wanted Biryani,https://www.youtube.com/watch?v=vAL9e07Dkoc,Pakistani
Namak Paray & Nimki Recipes By Food Fusion,Namak Paray & Nimki Recipes,https://www.youtube.com/watch?v=yoGwHPpcGbQ,Pakistani
Fruit Filled Paratha Recipe By Food Fusion,Fruit Filled Paratha Recipe,https://www.youtube.com/watch?v=DsfEvRcXRW0,Pakistani
Easy Bread Croissant Recipe By Food Fusion,Easy Bread Croissant Recipe,https://www.youtube.com/watch?v=QbpuipYbvS8,Continental
Restaurant style Beef Chilli & Hot & Spicy Beef Recipes By Food Fusion,Restaurant style Beef Chilli & Hot & Spicy Beef Recipes,https://www.youtube.com/watch?v=NXLNa1YnD0o,Pakistani
Balochi Tikka Recipe By Food Fusion,Balochi Tikka Recipe,https://www.youtube.com/watch?v=L9RgTR9oMw0,Pakistani
Stuffed Achari Turai & Achari Chana Chaat Recipes By Food Fusion,Stuffed Achari Turai & Achari Chana Chaat Recipes,https://www.youtube.com/watch?v=LzsVqxdYbGg,Pakistani
Laddu Peethi Recipe By Food Fusion,Laddu Peethi Recipe,https://www.youtube.com/watch?v=ZkaUKNgT1Dw,Pakistani
2 Easy Cutlet/kabab Recipes By Food Fusion,2 Easy Cutlet/kabab Recipes,https://www.youtube.com/watch?v=zeYW6MaBc5o,Pakistani
Korean Style Chicken Skewers Recipe By Food Fusion,Korean Style Chicken Skewers Recipe,https://www.youtube.com/watch?v=e4hFmxwE91o,Pakistani
Chicken Potato Croquettes Recipe By Food Fusion,Chicken Potato Croquettes Recipe,https://www.youtube.com/watch?v=QuAGHpbP4gU,Pakistani
Lacha Chicken Recipe By Food Fusion,Lacha Chicken Recipe,https://www.youtube.com/watch?v=6I9GQYYcgWE,Pakistani
Tikka Parcels Recipe By Food Fusion,Tikka Parcels Recipe,https://www.youtube.com/watch?v=iL_EEf6hoaE,Pakistani
Tandoori Grilled Chicken Recipe - Food Fusion Travel Series Episode 10,Tandoori Grilled Chicken Recipe Travel Series Episode 10,https://www.youtube.com/watch?v=6pOa9nESATY,Pakistani
Kachay Qeemay kay Khattay Kabab Recipe By Food Fusion,Kachay Qeemay kay Khattay Kabab Recipe,https://www.youtube.com/watch?v=RmMndN5aoQs,Pakistani
Cheese Crusted Quesadillas Recipe By Food Fusion,Cheese Crusted Quesadillas Recipe,https://www.youtube.com/watch?v=yTukyGCietU,Pakistani
6 Must Have Homemade Masala Recipes By Food Fusion,6 Must Have Homemade Masala Recipes,https://www.youtube.com/watch?v=bnEC0wXrSHw,Pakistani
Vanilla Crepe Cake Recipe By Food Fusion,Vanilla Crepe Cake Recipe,https://www.youtube.com/watch?v=NnrdS1ZA62c,Continental
Easy Chocolate Cake Recipe By Food Fusion,Easy Chocolate Cake Recipe,https://www.youtube.com/watch?v=Ae5FJUekGVU,Continental
Zeera & Pudina Raita Masalas Recipes By Food Fusion,Zeera & Pudina Raita Masalas Recipes,https://www.youtube.com/watch?v=D9rDXF3-PyQ,Pakistani
Homemade Gajar Ka Achar Recipe By Food Fusion,Homemade Gajar Ka Achar Recipe,https://www.youtube.com/watch?v=lCmwH0SMhXg,Pakistani
Two Special Tikka Recipes By Food Fusion,Two Special Tikka Recipes,https://www.youtube.com/watch?v=uyPggTy2xjo,Pakistani
Homemade strawberry Jam and Syrup Recipes By Food Fusion,Homemade strawberry Jam and Syrup Recipes,https://www.youtube.com/watch?v=g64qNFISfdA,Pakistani
Fried Rice 3 Green Ways By Food Fusion,Fried Rice 3 Green Ways,https://www.youtube.com/watch?v=X1BO_24ukI0,Chinese
Tandoori Chicken with garlic butter pasta recipe by Food Fusion,Tandoori Chicken with garlic butter pasta recipe,https://www.youtube.com/watch?v=K0KV_6pmAfs,Continental
Tandoori Aloo Cheesy Naan Recipe By Food Fusion,Tandoori Aloo Cheesy Naan Recipe,https://www.youtube.com/watch?v=paZuFfqf7vM,Pakistani
Steak on Toast with Mushroom sauce Recipe By Food Fusion,Steak on Toast with Mushroom sauce Recipe,https://www.youtube.com/watch?v=JpRabheJdqg,Continental
Simplest Biryani Recipe By Food Fusion,Simplest Biryani Recipe,https://www.youtube.com/watch?v=GZm7cmKK1bk,Pakistani
Chana Tikka Masala Recipe By Food Fusion,Chana Tikka Masala Recipe,https://www.youtube.com/watch?v=vEylhdeX1BM,Indian
Chai 5 ways (Tea Recipes) Recipes By Food Fusion,Chai 5 ways (Tea Recipes) Recipes,https://www.youtube.com/watch?v=WnQ_pl21FXw,Pakistani
Multi-Purpose Dough (Without egg)  Recipe By Food Fusion,Multi-Purpose Dough (Without egg)  Recipe,https://www.youtube.com/watch?v=aQ58np5UTnA,Pakistani
Chocolate Brownie (Low Calorie) Recipe By Food Fusion,Chocolate Brownie (Low Calorie) Recipe,https://www.youtube.com/watch?v=F5sCXu_B7WM,Continental
Cheesy Taco Spaghetti Recipe By Food Fusion,Cheesy Taco Spaghetti Recipe,https://www.youtube.com/watch?v=OaOU30vECyM,Continental
Red Chicken Curry Recipe By Food Fusion,Red Chicken Curry Recipe,https://www.youtube.com/watch?v=yZspzqtv4AQ,Pakistani
Hakka Noodles with Shrimps Recipe By Food Fusion,Hakka Noodles with Shrimps Recipe,https://www.youtube.com/watch?v=f34Io7eNQ6Y,Chinese
Apricot and Mulberry Shake Recipe By Food Fusion Travel Series Recipe Episode 9,Apricot and Mulberry Shake Recipe By Food Fusion Travel Series Recipe Episode 9,https://www.youtube.com/watch?v=b999I0bnIKk,Pakistani
Pasta Crackers Recipe By Food Fusion,Pasta Crackers Recipe,https://www.youtube.com/watch?v=IwHaSvw_lvk,Continental
Lemon & Orange Cake (Without Oven) Recipe By Food Fusion,Lemon & Orange Cake (Without Oven) Recipe,https://www.youtube.com/watch?v=nFbQLWVrSM8,Continental
Palak Chana Masala Recipe By Food Fusion,Palak Chana Masala Recipe,https://www.youtube.com/watch?v=RGabsFRgbxY,Pakistani
5 Impressive Breakfast Recipes By Food Fusion,5 Impressive Breakfast Recipes,https://www.youtube.com/watch?v=aw-DDhDmWHw,Pakistani
Dahi Bhindi Masala Recipe By Food Fusion,Dahi Bhindi Masala Recipe,https://www.youtube.com/watch?v=ILT5ZHoQ6TI,Pakistani
Spicy Peanuts 2 Ways Recipes By Food Fusion,Spicy Peanuts 2 Ways Recipes,https://www.youtube.com/watch?v=XRxcHPYr7WI,Pakistani
Gobhi Musallam Recipe by Food Fusion,Gobhi Musallam Recipe,https://www.youtube.com/watch?v=vWbAIA4J6zI,Pakistani
Matka Coffee Recipe By Food Fusion,Matka Coffee Recipe,https://www.youtube.com/watch?v=RFIGDxQf1X8,Continental
Orange Chicken With Spicy Noodles Recipe By Food Fusion,Orange Chicken With Spicy Noodles Recipe,https://www.youtube.com/watch?v=gmwMD_spJik,Pakistani
Spicy Matka Handi Recipe By Food Fusion,Spicy Matka Handi Recipe,https://www.youtube.com/watch?v=6qRvSKaUTJ8,Pakistani
Restaurant Style Chicken Fried Rice Recipe By Food Fusion,Restaurant Style Chicken Fried Rice Recipe,https://www.youtube.com/watch?v=WTUz9fOVpiI,Chinese
4 Favorite Side Dishes - Recipes By Food Fusion,4 Favorite Side Dishes,https://www.youtube.com/watch?v=jgGDqQBDEhQ,Pakistani
Stuffed Hash Browns Recipe By Food Fusion,Stuffed Hash Browns Recipe,https://www.youtube.com/watch?v=29jas5YEgaY,Pakistani
Bread Pudding (Low Calorie) Recipe By Food Fusion,Bread Pudding (Low Calorie) Recipe,https://www.youtube.com/watch?v=nPbqWLDBV1o,Pakistani
Steam Fish With Vegetable Sauce Recipe By Food Fusion,Steam Fish With Vegetable Sauce Recipe,https://www.youtube.com/watch?v=jkPjwd9L2iw,Pakistani
Mix Vegetable Tikka Karahi Recipe By Food Fusion,Mix Vegetable Tikka Karahi Recipe,https://www.youtube.com/watch?v=dDqoKUIezXM,Pakistani
Daal Halwa 2 ways - Recipes by Food Fusion,Daal Halwa 2 ways,https://www.youtube.com/watch?v=GEnaw6VaP4U,Pakistani
Chicken Tenders  with vegetable and Cheesy Rice Recipe by Food Fusion,Chicken Tenders  with vegetable and Cheesy Rice Recipe,https://www.youtube.com/watch?v=ct6BaM31bIM,Pakistani
Mix Vegetable Butter Masala Recipe By Food Fusion,Mix Vegetable Butter Masala Recipe,https://www.youtube.com/watch?v=UTL1JG1VQE8,Pakistani
19B Soup Recipe by Food Fusion,19B Soup Recipe,https://www.youtube.com/watch?v=VnNYiTYJEOU,Pakistani
Lemon & Green chilli Achar Recipe By Food Fusion,Lemon & Green chilli Achar Recipe,https://www.youtube.com/watch?v=L9v0KlAUzrg,Pakistani
Cheesy Thin Crust Pizza with Paratha (Without oven)  Recipe By Food Fusion,Cheesy Thin Crust Pizza with Paratha (Without oven)  Recipe,https://www.youtube.com/watch?v=YVnhcEbu94E,Continental
Mutton Chatpata Gosht Recipe by Food Fusion,Mutton Chatpata Gosht Recipe,https://www.youtube.com/watch?v=sAaNdrlqJM4,Pakistani
Mug Lasagna Recipe By Food Fusion,Mug Lasagna Recipe,https://www.youtube.com/watch?v=sSdOq9iPON0,Continental
4 Impressive Rice Recipes By Food Fusion,4 Impressive Rice Recipes,https://www.youtube.com/watch?v=2ddF0-mrDgk,Pakistani
Memon's Fusion Omelette Recipe By Food Fusion,Memon's Fusion Omelette Recipe,https://www.youtube.com/watch?v=cMMyLA2YML0,Continental
French Fries 3 Flavorful ways - Recipes By Food Fusion,French Fries 3 Flavorful ways,https://www.youtube.com/watch?v=1msMEDUVL1o,Continental
Top 10 Videos of 2019 By Food Fusion,Top 10 Videos of 2019,https://www.youtube.com/watch?v=xdafDOSdxVk,Pakistani
Achari Mooli Ka Paratha Recipe By Food Fusion,Achari Mooli Ka Paratha Recipe,https://www.youtube.com/watch?v=UsTtcXj2oSE,Pakistani
Kalay Channay Ka Pulao With Mirchi Ka Raita Recipe By Food Fusion,Kalay Channay Ka Pulao With Mirchi Ka Raita Recipe,https://www.youtube.com/watch?v=RptjEfappck,Pakistani
Mexican Burrito Wrap Recipe By Food Fusion,Mexican Burrito Wrap Recipe,https://www.youtube.com/watch?v=sysJFuFou1I,Pakistani
Attabad Lake Hunza - Food Fusion Travel Series Vlog Part 3,Attabad Lake Hunza Travel Series Vlog Part 3,https://www.youtube.com/watch?v=fEytbd6OAwE,Pakistani
Look back at 2019 as we welcome New Year 2020 at Food Fusion,Look back at 2019 as we welcome New Year 2020 at,https://www.youtube.com/watch?v=8Z5CXyV6eyU,Pakistani
Beef Steak Strips Rice Bowl Recipe By Food Fusion,Beef Steak Strips Rice Bowl Recipe,https://www.youtube.com/watch?v=1xY8i-J60s0,Continental
Bachka 2 Ways (matar and gobi) Recipe By Food Fusion,Bachka 2 Ways (matar and gobi) Recipe,https://www.youtube.com/watch?v=RUpTXh0sOa8,Pakistani
Peshawari Style Pulao with Chapli kabab Recipe By Food Fusion,Peshawari Style Pulao with Chapli kabab Recipe,https://www.youtube.com/watch?v=u3JbOl7snUA,Pakistani
Tom Kha Gai (Thai Soup) Recipe By Food Fusion,Tom Kha Gai (Thai Soup) Recipe,https://www.youtube.com/watch?v=M9QdA0XVHSQ,Pakistani
Two Finger Snack recipes by Food Fusion,Two Finger Snack recipes,https://www.youtube.com/watch?v=RmHo543JSpA,Pakistani
Shahi White Biryani Recipe By Food Fusion,Shahi White Biryani Recipe,https://www.youtube.com/watch?v=vEd0QbD5C3Q,Pakistani
Qeema Karelay Recipe by food fusion,Qeema Karelay Recipe,https://www.youtube.com/watch?v=C2p7idVXhE8,Pakistani
Panchmel Dal Recipe By Food Fusion,Panchmel Dal Recipe,https://www.youtube.com/watch?v=c8vg_VhfoYk,Pakistani
Momos  ( Hunza travel special ) Food Fusion Travel Series Episode 8,Momos  ( Hunza travel special ) Food Fusion Travel Series Episode 8,https://www.youtube.com/watch?v=T4l0-MfWRm4,Pakistani
@MikeyChenX In Pakistan - @strictlydumpling Visits Food Fusion,@MikeyChenX In Pakistan,https://www.youtube.com/watch?v=WNKpz0Wv7tQ,Pakistani
Chicken Korma Pasta Recipe By Food Fusion,Chicken Korma Pasta Recipe,https://www.youtube.com/watch?v=1epkIJdJCds,Continental
Chinese Sesame Chicken Recipe By Food Fusion,Chinese Sesame Chicken Recipe,https://www.youtube.com/watch?v=tc2hlrZ5nKI,Chinese
Beef Stroganoff Pasta Recipe By Food Fusion,Beef Stroganoff Pasta Recipe,https://www.youtube.com/watch?v=1rI6J8DXFUc,Continental
Restaurant Style Chicken White Manchurian Recipe By Food Fusion,Restaurant Style Chicken White Manchurian Recipe,https://www.youtube.com/watch?v=80VgCTfjlns,Chinese
Naran to Hunza Food Fusion Travel Series Vlog Episode 2,Naran to Hunza Food Fusion Travel Series Vlog Episode 2,https://www.youtube.com/watch?v=0fqBTu7lBns,Pakistani
Hot Chocolate 3 ways - | Our best | - Recipes By Food Fusion,Hot Chocolate 3 ways,https://www.youtube.com/watch?v=aYHIqJJ5n6o,Pakistani
Cheese Chapati Recipe -  Food Fusion Travel Series Episode 7,Cheese Chapati Recipe Travel Series Episode 7,https://www.youtube.com/watch?v=wzgxna_tldc,Pakistani
Low-Cal Shahi Tukray Recipe By Food Fusion,Low-Cal Shahi Tukray Recipe,https://www.youtube.com/watch?v=HjUtAx-SXls,Pakistani
Walnut Brownie,Walnut Brownie,https://www.youtube.com/watch?v=TpL-1E9HVgw,Continental
Cheesy Garlic Naan,Cheesy Garlic Naan,https://www.youtube.com/watch?v=SwAZtOR7-I8,Pakistani
"Coffee 4 Ways (Cappuccino, Mocha, Chai Espresso, Cookie & Cream)  Recipes By Food Fusion","Coffee 4 Ways (Cappuccino, Mocha, Chai Espresso, Cookie & Cream)  Recipes",https://www.youtube.com/watch?v=O2uSCdOZhAQ,Continental
100 Years Old Panjiri Recipe By Food Fusion,100 Years Old Panjiri Recipe,https://www.youtube.com/watch?v=rAVqCv9c5M8,Pakistani
Walnut Cake Recipe By Food Fusion Travel Series Episode 6,Walnut Cake Recipe By Food Fusion Travel Series Episode 6,https://www.youtube.com/watch?v=BUlTSChI5aA,Continental
Dao Dao Soup (Hunza Special) Recipe By Food Fusion travel series recipe episode 5,Dao Dao Soup (Hunza Special) Recipe By Food Fusion travel series recipe episode 5,https://www.youtube.com/watch?v=-tOfMLF1UwE,Pakistani
Low Calorie Gajar Ka Halwa Recipe By Food Fusion,Low Calorie Gajar Ka Halwa Recipe,https://www.youtube.com/watch?v=13yig0KQ9U4,Pakistani
Cheesy egg rolls Recipe By Food Fusion,Cheesy egg rolls Recipe,https://www.youtube.com/watch?v=cn88HAg9MJQ,Pakistani
Microwave Mug Pizza 3 Ways Recipe By Food Fusion,Microwave Mug Pizza 3 Ways Recipe,https://www.youtube.com/watch?v=F8scC60R0fw,Continental
Lava Fries Recipe By Food Fusion,Lava Fries Recipe,https://www.youtube.com/watch?v=HWd6lfZsJtE,Pakistani
Slider/mini Buns Recipe By Food Fusion,Slider/mini Buns Recipe,https://www.youtube.com/watch?v=MTBVJ70aCPg,Pakistani
Meatball Casserole Recipe By Food Fusion,Meatball Casserole Recipe,https://www.youtube.com/watch?v=-pM88LdbMHE,Pakistani
Chicken Nugget Sliders Recipe By Food Fusion,Chicken Nugget Sliders Recipe,https://www.youtube.com/watch?v=zImSobp7R_s,Continental
Dal Dhokli Recipe By Food Fusion,Dal Dhokli Recipe,https://www.youtube.com/watch?v=gqX5KgKjTBU,Pakistani
Gond ke Laddu (Edible Gum Laddu) Recipe By Food Fusion,Gond ke Laddu (Edible Gum Laddu) Recipe,https://www.youtube.com/watch?v=1KVIBO2bDhs,Pakistani
Hara Masala Fish Curry Recipe By Food Fusion,Hara Masala Fish Curry Recipe,https://www.youtube.com/watch?v=0DMSXMiaJg4,Pakistani
Chocolate Lasagna Recipe By Food Fusion,Chocolate Lasagna Recipe,https://www.youtube.com/watch?v=33oO3uk9Lbg,Continental
Biryani Recipes without Tomatoes By Food Fusion,Biryani Recipes without Tomatoes,https://www.youtube.com/watch?v=cP8VeEPa_cc,Pakistani
Everyday Chicken & Mutton Recipes without Tomatoes By Food Fusion,Everyday Chicken & Mutton Recipes without Tomatoes,https://www.youtube.com/watch?v=bzwlKdK5Yts,Pakistani
Shrimps 2 ways Recipes by food fusion,Shrimps 2 ways Recipes,https://www.youtube.com/watch?v=4LzlMWww6j0,Pakistani
Tomato Emergency,Tomato Emergency,https://www.youtube.com/watch?v=Wv4eXS0y3CU,Pakistani
Granola Bars 4 exciting ways Recipe By Food Fusion,Granola Bars 4 exciting ways Recipe,https://www.youtube.com/watch?v=AV0jg6-SHmU,Pakistani
Tandoori Grilled Fish Recipe by Food Fusion,Tandoori Grilled Fish Recipe,https://www.youtube.com/watch?v=Aaskpzsm6-U,Pakistani
Schezwan Soup Recipe By Food Fusion,Schezwan Soup Recipe,https://www.youtube.com/watch?v=UjHfA_DVkgE,Chinese
Spicy Fish Fillet with green chutney  Recipe By Food Fusion,Spicy Fish Fillet with green chutney  Recipe,https://www.youtube.com/watch?v=6a2Nc4aUuxI,Pakistani
Turkish Red Lentil Soup Recipe By Food Fusion,Turkish Red Lentil Soup Recipe,https://www.youtube.com/watch?v=6cd1AmeHR78,Arabic/Mediterranean
Fish Kabab and Croquettes  Recipes by Food Fusion,Fish Kabab and Croquettes  Recipes,https://www.youtube.com/watch?v=8kgHQw9YuLE,Pakistani
Gilafi Kabab Recipe By Food Fusion,Gilafi Kabab Recipe,https://www.youtube.com/watch?v=7FfmqlOs2i8,Pakistani
Papri Pizza Recipe By Food Fusion,Papri Pizza Recipe,https://www.youtube.com/watch?v=j6hvJVVp0xM,Continental
Cream of Chicken Soup Recipe By Food Fusion,Cream of Chicken Soup Recipe,https://www.youtube.com/watch?v=Eab8UrnNRa0,Pakistani
Tandoori Fish Curry Recipe By Food Fusion,Tandoori Fish Curry Recipe,https://www.youtube.com/watch?v=3y8TXSCv5rQ,Pakistani
Veggie packed Recipes By Food Fusion,Veggie packed Recipes,https://www.youtube.com/watch?v=YXev6moyyTw,Pakistani
Daal Pakwan Recipe By Food Fusion,Daal Pakwan Recipe,https://www.youtube.com/watch?v=kx6EJ3o0_bo,Pakistani
White Biryani With Chapli kabab Recipe By Food Fusion,White Biryani With Chapli kabab Recipe,https://www.youtube.com/watch?v=J76EMiGl6rg,Pakistani
Custard Barfi Recipe By Food Fusion,Custard Barfi Recipe,https://www.youtube.com/watch?v=HVvxr62KEfg,Pakistani
Lahori Daal Recipe By Food Fusion,Lahori Daal Recipe,https://www.youtube.com/watch?v=GKNNDG6WwP8,Pakistani
Lauki Ki kheer Recipe By Food Fusion,Lauki Ki kheer Recipe,https://www.youtube.com/watch?v=bifLkL5mtl4,Pakistani
Winter Special Soup Recipes By Food Fusion,Winter Special Soup Recipes,https://www.youtube.com/watch?v=Cu26sD0BzbU,Pakistani
ShakarParay | Shakarpara (Sugar Coated) Recipe By Food Fusion,ShakarParay,https://www.youtube.com/watch?v=c37IXnOyFWM,Pakistani
Honey Garlic Chicken Tenders By Food Fusion,Honey Garlic Chicken Tenders,https://www.youtube.com/watch?v=xjuoEiPiuUw,Pakistani
Chutney Gosht Recipe By Food Fusion,Chutney Gosht Recipe,https://www.youtube.com/watch?v=6xQeJa2JKqo,Pakistani
Hunza Zardig Chicken Recipe By Food Fusion,Hunza Zardig Chicken Recipe,https://www.youtube.com/watch?v=fr8cOi4q2QI,Pakistani
Bang Bang Chicken Pasta Recipe By Food Fusion,Bang Bang Chicken Pasta Recipe,https://www.youtube.com/watch?v=TfJJAVSzzyw,Continental
Homemade Winter Special Snacks Recipes By Food Fusion,Homemade Winter Special Snacks Recipes,https://www.youtube.com/watch?v=bpkCUhRL_AE,Pakistani
Food Fusion Meet & Greet in Lahore,Food Fusion Meet & Greet in Lahore,https://www.youtube.com/watch?v=8iIWvAT2XTY,Pakistani
Flavour Packed Egg Recipes By Food Fusion,Flavour Packed Egg Recipes,https://www.youtube.com/watch?v=b5YkrIxAAys,Pakistani
Chargha Biryani Recipe By Food Fusion,Chargha Biryani Recipe,https://www.youtube.com/watch?v=CM8tt7MK-LQ,Pakistani
Potato Smiley Recipe By Food Fusion,Potato Smiley Recipe,https://www.youtube.com/watch?v=DGi9x_42kCo,Pakistani
Winter Special Halwa Recipes By Food Fusion,Winter Special Halwa Recipes,https://www.youtube.com/watch?v=fnurCga_TJ0,Pakistani
Picnic Snacks - Recipes By Food Fusion,Picnic Snacks,https://www.youtube.com/watch?v=0RZQwL_ynfU,Pakistani
Meatball surprise recipe by Food Fusion,Meatball surprise recipe,https://www.youtube.com/watch?v=a5jucI4gc7E,Pakistani
Aloo Tikki Chaat in Onion Cups Recipe By Food Fusion,Aloo Tikki Chaat in Onion Cups Recipe,https://www.youtube.com/watch?v=7EVdVDrR__Y,Pakistani
Weekend Dinner Recipes By Food Fusion,Weekend Dinner Recipes,https://www.youtube.com/watch?v=VxXVr1pRr5w,Pakistani
We tried something cool at Packages Mall,We tried something cool at Packages Mall,https://www.youtube.com/watch?v=J8MlyEJNVfs,Pakistani
Bakery Favorites you can make at home by Food Fusion,Bakery Favorites you can make at home,https://www.youtube.com/watch?v=187s49qAZLI,Pakistani
Malpura Recipe By Food Fusion,Malpura Recipe,https://www.youtube.com/watch?v=7ysP9EhosrQ,Pakistani
Sizzling Fajita chicken at Newyork Coffee - Food Fusion Review,Sizzling Fajita chicken at Newyork Coffee Review,https://www.youtube.com/watch?v=zED_SZqvvQE,Continental
Desi Chicken Biryani Recipe By Food Fusion,Desi Chicken Biryani Recipe,https://www.youtube.com/watch?v=DhKd9RwL4m8,Pakistani
4 Stuffed Chicken  Recipes By Food Fusion,4 Stuffed Chicken  Recipes,https://www.youtube.com/watch?v=9MHNtQy6v8I,Pakistani
Healthy ABC Juice recipe from Juices Island at Packages Mall,Healthy ABC Juice recipe from Juices Island at Packages Mall,https://www.youtube.com/watch?v=3fSBbqwBJlQ,Pakistani
Game Changing Pizza recipes By Food Fusion,Game Changing Pizza recipes,https://www.youtube.com/watch?v=K2XCULRlZlc,Continental
Most Wanted Son of a Bun at Howdy - Food Fusion Review,Most Wanted Son of a Bun at Howdy Review,https://www.youtube.com/watch?v=Bw8DiRrfdeQ,Pakistani
Top Sizzling Recipes By Food Fusion 2019,Top Sizzling Recipes By Food Fusion 2019,https://www.youtube.com/watch?v=TqxNw1cHz4A,Pakistani
Stuffed Achari Turai Recipe By Food Fusion,Stuffed Achari Turai Recipe,https://www.youtube.com/watch?v=Vn2dNSO_vEM,Pakistani
Are you ready for Food Fusion Meetup,Are you ready for Food Fusion Meetup,https://www.youtube.com/watch?v=_tSOb2Vmc2E,Pakistani
Restaurant Style Dragon Chicken Recipe By Food Fusion,Restaurant Style Dragon Chicken Recipe,https://www.youtube.com/watch?v=_-builgaU4g,Pakistani
Chicken Hummus Wraps Recipe By Food Fusion,Chicken Hummus Wraps Recipe,https://www.youtube.com/watch?v=lNlCSCPI-RY,Arabic/Mediterranean
Tomato Chutney 2 Ways (Imli & Pyaz combo)  Recipe By Food Fusion,Tomato Chutney 2 Ways (Imli & Pyaz combo)  Recipe,https://www.youtube.com/watch?v=ICC_16wpM_A,Pakistani
Food Fusion Fan Meetup in Lahore on 16 Oct Packages Mall,Food Fusion Fan Meetup in Lahore on 16 Oct Packages Mall,https://www.youtube.com/watch?v=_1T9tHfyqGQ,Pakistani
Lebanese Chicken Fatteh Recipe By Food Fusion,Lebanese Chicken Fatteh Recipe,https://www.youtube.com/watch?v=TeThEIQvIwo,Arabic/Mediterranean
Sweet Snack recipes (Chikki & Bread popcorn)  by Food Fusion,Sweet Snack recipes (Chikki & Bread popcorn),https://www.youtube.com/watch?v=Kh6tDNOyEuo,Pakistani
Seekh Kabab Paratha Bites Recipe By Food Fusion,Seekh Kabab Paratha Bites Recipe,https://www.youtube.com/watch?v=-Juru7jRZxA,Pakistani
Karachi to Hunza Vlog Part 1 - Food Fusion Travel Series 2019,Karachi to Hunza Vlog Part 1 Travel Series 2019,https://www.youtube.com/watch?v=nvpY4K8RfAw,Pakistani
Giant Cheese Kabab Naan Sandwich Recipe By Food Fusion,Giant Cheese Kabab Naan Sandwich Recipe,https://www.youtube.com/watch?v=H7NW3NdxI7w,Continental
Beef Degi Korma Recipe By Food Fusion,Beef Degi Korma Recipe,https://www.youtube.com/watch?v=y2EES8_Nl-Y,Pakistani
Kashmiri Wazwan Chicken Recipe By Food Fusion,Kashmiri Wazwan Chicken Recipe,https://www.youtube.com/watch?v=HDh6hZlJ7mE,Pakistani
Palak Kofta Kadhi Recipe By Food Fusion,Palak Kofta Kadhi Recipe,https://www.youtube.com/watch?v=mfJPd-5NwWA,Pakistani
Japanese style Wanpaku Sandwich 2 ways Recipe By Food Fusion,Japanese style Wanpaku Sandwich 2 ways Recipe,https://www.youtube.com/watch?v=tPY4bszG0-Y,Continental
Sweet Boondi Recipe By Food Fusion,Sweet Boondi Recipe,https://www.youtube.com/watch?v=F3vpP_JXo2g,Pakistani
Crispy chicken cutlets with serving ideas - Recipe By Food Fusion,Crispy chicken cutlets with serving ideas,https://www.youtube.com/watch?v=-HUVBdztSOU,Pakistani
Restaurant Style Anda Chanay Recipe By Food Fusion - Travel Series 2019 Episode 3,Restaurant Style Anda Chanay Recipe,https://www.youtube.com/watch?v=QjX7yA1SzGA,Pakistani
Garlic Mashed potatoes & Chicken Nuggets bowl Recipe By Food Fusion,Garlic Mashed potatoes & Chicken Nuggets bowl Recipe,https://www.youtube.com/watch?v=eGVPmiTmwPg,Pakistani
Aloo Masala Paratha Recipe By Food Fusion,Aloo Masala Paratha Recipe,https://www.youtube.com/watch?v=u4M-sge4C0c,Pakistani
The Ultimate Chapli Kabab Recipe By Food Fusion,The Ultimate Chapli Kabab Recipe,https://www.youtube.com/watch?v=mDVJDNrnm7w,Pakistani
Vegetable Stuffed Chicken with Hollandaise sauce Recipe By Food Fusion,Vegetable Stuffed Chicken with Hollandaise sauce Recipe,https://www.youtube.com/watch?v=hZ25aNzXFdU,Pakistani
Masala Aloo Tikki Chaat Recipe By Food Fusion,Masala Aloo Tikki Chaat Recipe,https://www.youtube.com/watch?v=8c9Sjj5I40c,Pakistani
Methi Daal Paratha Recipe By Food Fusion,Methi Daal Paratha Recipe,https://www.youtube.com/watch?v=ylG4301Qx7k,Pakistani
Mutton Tandoori Roast Recipe By Food Fusion,Mutton Tandoori Roast Recipe,https://www.youtube.com/watch?v=1ig--of5pTs,Pakistani
Crispy Gnocchi Pasta with Cheese Sauce Recipe By Food Fusion,Crispy Gnocchi Pasta with Cheese Sauce Recipe,https://www.youtube.com/watch?v=jhF89PnRW_8,Continental
Tikka Pakora recipe - Food Fusion Travel Series Episode 2 - Kunhar River Naran,Tikka Pakora recipe Travel Series Episode 2,https://www.youtube.com/watch?v=nMF4EY4PZqU,Pakistani
Spicy Pizza Burger Recipe By Food Fusion,Spicy Pizza Burger Recipe,https://www.youtube.com/watch?v=mo_5djfL7a4,Continental
7 Cup Barfi Recipe By Food Fusion,7 Cup Barfi Recipe,https://www.youtube.com/watch?v=i94Gy8v_d0M,Pakistani
Shawarma Rice Platter Recipe By Food Fusion,Shawarma Rice Platter Recipe,https://www.youtube.com/watch?v=nmVb5krnMNM,Arabic/Mediterranean
Paratha Rolls 2 Ways Recipes By Food Fusion,Paratha Rolls 2 Ways Recipes,https://www.youtube.com/watch?v=nx-FHTh5Oyc,Pakistani
Chap Shoro By Food Fusion - Travel Series 2019 Recipe Episode 1,Chap Shoro,https://www.youtube.com/watch?v=vgKLP6hY0w0,Pakistani
Parsi Style Mutton Kabab Recipe By Food Fusion,Parsi Style Mutton Kabab Recipe,https://www.youtube.com/watch?v=DFU-C5Xa9wg,Pakistani
Bangladeshi Mutton Tahiri Recipe By Food Fusion,Bangladeshi Mutton Tahiri Recipe,https://www.youtube.com/watch?v=vXV8nmvuFwE,Pakistani
Waffle and Nugget Skewers Recipe By Food Fusion,Waffle and Nugget Skewers Recipe,https://www.youtube.com/watch?v=kp1zhLgNKqo,Continental
Food Fusion Travel Series 2019 - Trip Highlights #YeHaiHamaraPakistan,Food Fusion Travel Series 2019,https://www.youtube.com/watch?v=W2SQE1sQCVI,Pakistani
Chana Daal Biryani Recipe By Food Fusion,Chana Daal Biryani Recipe,https://www.youtube.com/watch?v=ymK-8iBeFiI,Pakistani
Chicken Finger Taquitos with Corn Tortillas Recipe By Food Fusion,Chicken Finger Taquitos with Corn Tortillas Recipe,https://www.youtube.com/watch?v=MRBE2tL3DI0,Pakistani
Apricot Jam (Hunza Special) Recipe By Food Fusion,Apricot Jam (Hunza Special) Recipe,https://www.youtube.com/watch?v=whdg5NwkTNE,Pakistani
Khatti Daal Recipe by Food Fusion,Khatti Daal Recipe,https://www.youtube.com/watch?v=RVdmUeAG86Q,Pakistani
Dynamite Chicken Wrap Recipe By Food Fusion,Dynamite Chicken Wrap Recipe,https://www.youtube.com/watch?v=bgOHSlZZzeE,Pakistani
Day-5 Exploring Hunza Food Fusion travel,Day-5 Exploring Hunza Food Fusion travel,https://www.youtube.com/watch?v=CVKtocrk-rU,Pakistani
Paneer Tikka Recipe By Foood Fusion,Paneer Tikka Recipe By Foood Fusion,https://www.youtube.com/watch?v=t1sqEKm1WJE,Indian
Mutton Cutlets Recipe By Food Fusion,Mutton Cutlets Recipe,https://www.youtube.com/watch?v=5PCkp8iSKw4,Pakistani
Painda Recipe By Food Fusion,Painda Recipe,https://www.youtube.com/watch?v=zvg2WRkSs60,Pakistani
Why Food Fusion Studios is Shutting Down,Why Food Fusion Studios is Shutting Down,https://www.youtube.com/watch?v=fkli2gPcPjU,Pakistani
Shutting Down Food Fusion Studios,Shutting Down Food Fusion Studios,https://www.youtube.com/watch?v=DCOkSnfw7WY,Pakistani
BBQ Malai Boti Recipe By Food Fusion,BBQ Malai Boti Recipe,https://www.youtube.com/watch?v=tdhb8lPrAbg,Pakistani
Loaded Baked Potato Sizzler Recipe By Food Fusion,Loaded Baked Potato Sizzler Recipe,https://www.youtube.com/watch?v=MnlzS6Ks3g4,Pakistani
Tandoori Mutton Chops Recipe By Food Fusion,Tandoori Mutton Chops Recipe,https://www.youtube.com/watch?v=_fPTtO-hAVk,Pakistani
Mutton Malai Tikka Pulao Recipe By Food Fusion,Mutton Malai Tikka Pulao Recipe,https://www.youtube.com/watch?v=6FowGDQDGl0,Pakistani
BBQ Bihari Boti Recipe By Food Fusion,BBQ Bihari Boti Recipe,https://www.youtube.com/watch?v=m5C3vK1QyEA,Pakistani
Mutton Sindhi Biryani Recipe By Food Fusion,Mutton Sindhi Biryani Recipe,https://www.youtube.com/watch?v=cbuTX_MAuNw,Pakistani
Churros with Coffee Custard Sauce Recipe By Food Fusion,Churros with Coffee Custard Sauce Recipe,https://www.youtube.com/watch?v=VZKDtzcdLts,Continental
Eggplant Lasagna Recipe By Food Fusion (Bakra Eid Special),Eggplant Lasagna Recipe By Food Fusion (Bakra Eid Special),https://www.youtube.com/watch?v=RAybY04EkPw,Continental
Food Fusion Ka Pakistan - Jashan e Azadi Mubarak,Food Fusion Ka Pakistan,https://www.youtube.com/watch?v=QKM-2Gze3rA,Pakistani
Shahi leg roast recipe by Food Fusion (Bakra Eid Special),Shahi leg roast recipe by Food Fusion (Bakra Eid Special),https://www.youtube.com/watch?v=zLh_XU7Qerk,Pakistani
Mutton Paratha Roll Recipe By Food Fusion (Bakra Eid Special Recipe),Mutton Paratha Roll Recipe By Food Fusion (Bakra Eid Special Recipe),https://www.youtube.com/watch?v=CkZXS1i4IBQ,Pakistani
Eid Mubarak From Team Food Fusion,Eid Mubarak From Team,https://www.youtube.com/watch?v=JONB2itIVTM,Pakistani
Rabri Kheer Recipe By Food Fusion (Bakra Eid Special),Rabri Kheer Recipe By Food Fusion (Bakra Eid Special),https://www.youtube.com/watch?v=We3KSPTAZnc,Pakistani
Mutton Paya Recipes By Food Fusion (Bakra Eid Special),Mutton Paya Recipes By Food Fusion (Bakra Eid Special),https://www.youtube.com/watch?v=5J5w-62pnTU,Pakistani
Mutton Nihari Recipe By Food Fusion (Bakra Eid Special Recipe),Mutton Nihari Recipe By Food Fusion (Bakra Eid Special Recipe),https://www.youtube.com/watch?v=v53qhVxcipY,Pakistani
Mutton Galawati Kabab Recipe By Food Fusion (Bakra Eid Special),Mutton Galawati Kabab Recipe By Food Fusion (Bakra Eid Special),https://www.youtube.com/watch?v=dwDXV_d8O0Q,Indian
Hara Bhara Brain Masala Recipe By Food Fusion (Bakra Eid Special Recipe),Hara Bhara Brain Masala Recipe By Food Fusion (Bakra Eid Special Recipe),https://www.youtube.com/watch?v=NMygYt6nvN0,Pakistani
BBQ Mutton Rice Platter Recipe By Food Fusion (Eid Special),BBQ Mutton Rice Platter Recipe By Food Fusion (Eid Special),https://www.youtube.com/watch?v=ufEo-MNLxWE,Pakistani
5 Homemade Salad Dressings By Food Fusion,5 Homemade Salad Dressings,https://www.youtube.com/watch?v=g8U3w0n5XOU,Pakistani
Masalaydar Mutton Chops recipe By Food Fusion (Bakra Eid Special),Masalaydar Mutton Chops recipe By Food Fusion (Bakra Eid Special),https://www.youtube.com/watch?v=kgzjqOJHpbU,Pakistani
Spicy Tikka Boti Recipe By Food Fusion (Bakra Eid Special),Spicy Tikka Boti Recipe By Food Fusion (Bakra Eid Special),https://www.youtube.com/watch?v=w4xwHTdNI-A,Pakistani
Custard Ice Cream Recipe By Food Fusion,Custard Ice Cream Recipe,https://www.youtube.com/watch?v=qxbeTGKi2UA,Pakistani
Matka Biryani Recipe By Food Fusion (Bakra Eid Special),Matka Biryani Recipe By Food Fusion (Bakra Eid Special),https://www.youtube.com/watch?v=RUDqO6GA7Io,Pakistani
Mutton Daleem Recipe By Food Fusion (Bakra Eid Special),Mutton Daleem Recipe By Food Fusion (Bakra Eid Special),https://www.youtube.com/watch?v=fADENTAr1us,Pakistani
Steak with Mushroom Red Sauce (Mexican Style) Recipe By Food Fusion (Bakra Eid Special),Steak with Mushroom Red Sauce (Mexican Style) Recipe By Food Fusion (Bakra Eid Special),https://www.youtube.com/watch?v=ICbbwDDBYDM,Continental
Camel Meat Shami Kabab Recipe By Food Fusion,Camel Meat Shami Kabab Recipe,https://www.youtube.com/watch?v=gUL5dd-V6fQ,Pakistani
Tawa Pasanday Recipe By Food Fusion (Bakra Eid Special),Tawa Pasanday Recipe By Food Fusion (Bakra Eid Special),https://www.youtube.com/watch?v=XKwduvuVGmI,Pakistani
Cheese Stuffed Seekh Kabab Recipe By Food Fusion,Cheese Stuffed Seekh Kabab Recipe,https://www.youtube.com/watch?v=bcv_zivDULE,Pakistani
Bakra Eid Special Mutton Recipes By Food Fusion,Bakra Eid Special Mutton Recipes,https://www.youtube.com/watch?v=XdaO4RdcZec,Pakistani
Mutton Makhni Karahi Recipe By Food Fusion  (Bakra Eid Special),Mutton Makhni Karahi Recipe By Food Fusion  (Bakra Eid Special),https://www.youtube.com/watch?v=g4c00CCE9LY,Pakistani
Mutton Kofta Kurry Recipe By Food Fusion,Mutton Kofta Kurry Recipe,https://www.youtube.com/watch?v=EXkaLipTICI,Pakistani
Homemade Frozen Fruit Yogurt Recipe By Food Fusion,Homemade Frozen Fruit Yogurt Recipe,https://www.youtube.com/watch?v=q_crSXF6suA,Pakistani
Mutton and Beef Pulao Recipes By Food Fusion (Bakra Eid Special),Mutton and Beef Pulao Recipes By Food Fusion (Bakra Eid Special),https://www.youtube.com/watch?v=Vx6ErkcDtIM,Pakistani
Camel Meat Karahi Recipe By Food Fusion (Bakra Eid Special),Camel Meat Karahi Recipe By Food Fusion (Bakra Eid Special),https://www.youtube.com/watch?v=uwERGv6OmIw,Pakistani
Chicken Teriyaki Noodles Recipe By Food Fusion,Chicken Teriyaki Noodles Recipe,https://www.youtube.com/watch?v=-WsH2dL_PGo,Japanese
Homemade Nihari and Daleem Masala Recipe By Food Fusion,Homemade Nihari and Daleem Masala Recipe,https://www.youtube.com/watch?v=tAsPtd5JfUQ,Pakistani
Mutton Karahi Recipes By Food Fusion (Bakra Eid Special),Mutton Karahi Recipes By Food Fusion (Bakra Eid Special),https://www.youtube.com/watch?v=go50KMHCfxI,Pakistani
Masala Kaleji Recipe By Food Fusion (Bakra Eid Special),Masala Kaleji Recipe By Food Fusion (Bakra Eid Special),https://www.youtube.com/watch?v=WiKNBXtA8EE,Pakistani
Beef Steam Roast Biryani Recipe By Food Fusion (Bakra Eid special  Recipe),Beef Steam Roast Biryani Recipe By Food Fusion (Bakra Eid special  Recipe),https://www.youtube.com/watch?v=fqzG_pjWc9I,Pakistani
Bread Pudding Recipe By Food Fusion,Bread Pudding Recipe,https://www.youtube.com/watch?v=Bw885spgEqA,Pakistani
Mutton Pepper Roast Recipe By Food Fusion Bakra Eid Special,Mutton Pepper Roast Recipe By Food Fusion Bakra Eid Special,https://www.youtube.com/watch?v=8X8Uosc_L5k,Pakistani
Bakra Eid Special Beef Recipes 2019 By Food Fusion,Bakra Eid Special Beef Recipes 2019,https://www.youtube.com/watch?v=5JYvByARPWQ,Pakistani
Homemade Tandoori Tikka Masala Recipe By Food Fusion,Homemade Tandoori Tikka Masala Recipe,https://www.youtube.com/watch?v=Jw_Au6s_3WQ,Indian
Homemade Biryani and Korma Masala Recipes By Food Fusion,Homemade Biryani and Korma Masala Recipes,https://www.youtube.com/watch?v=f7kHfp2OWF4,Pakistani
7 Special Thali Recipes By Food Fusion,7 Special Thali Recipes,https://www.youtube.com/watch?v=pO2Zjto7vLg,Pakistani
Seekh Kabab Handi Masala Recipe By Food Fusion,Seekh Kabab Handi Masala Recipe,https://www.youtube.com/watch?v=4RHqszlafNs,Pakistani
Chicken Pizza Pasta Recipe By Food Fusion,Chicken Pizza Pasta Recipe,https://www.youtube.com/watch?v=THtVZzPGfYM,Continental
Mughlai Vegetable Biryani Recipe By Food Fusion,Mughlai Vegetable Biryani Recipe,https://www.youtube.com/watch?v=TD6n-TmAIgs,Pakistani
Tandoori Chicken Karahi Recipe By Food Fusion,Tandoori Chicken Karahi Recipe,https://www.youtube.com/watch?v=ChrCqT9u-Ss,Pakistani
Cabbage Fry Recipe By Food Fusion,Cabbage Fry Recipe,https://www.youtube.com/watch?v=fDD4vvAczFc,Pakistani
Peri Peri Chicken Satay with Roasted Tomato Sauce  By Food Fusion,Peri Peri Chicken Satay with Roasted Tomato Sauce,https://www.youtube.com/watch?v=Twxvld1MK8k,Continental
Southern Fried Chicken Recipe By Food Fusion,Southern Fried Chicken Recipe,https://www.youtube.com/watch?v=GROE3xH2yuE,Pakistani
Pyaz Ka Salan Recipe By Food Fusion,Pyaz Ka Salan Recipe,https://www.youtube.com/watch?v=pcTd8GApcmk,Pakistani
Triangle Paratha Wrap Recipe By Food Fusion,Triangle Paratha Wrap Recipe,https://www.youtube.com/watch?v=ZiwKB2kkBWM,Pakistani
Baisan Ke Laddu Recipe By Food Fusion,Baisan Ke Laddu Recipe,https://www.youtube.com/watch?v=8V4Kc1I_RBc,Pakistani
Bread Pizza and Chicken Chilli Toast Recipe By Food Fusion,Bread Pizza and Chicken Chilli Toast Recipe,https://www.youtube.com/watch?v=KpGbkWDh7fo,Continental
Mint Margarita & Lemonade with homemade Lemon Squash Recipe by Food Fusion,Mint Margarita & Lemonade with homemade Lemon Squash Recipe,https://www.youtube.com/watch?v=r8ouA39rG1Q,Pakistani
White Keema Karahi Recipe By Food Fuson,White Keema Karahi Recipe By Food Fuson,https://www.youtube.com/watch?v=H0VxWWSJmh4,Pakistani
BOH Tea plantation at the cameron highlands,BOH Tea plantation at the cameron highlands,https://www.youtube.com/watch?v=0E5FP7tPI1Q,Pakistani
Cheesy & Sizzling Malai Boti on Tawa Recipe By Food Fusion,Cheesy & Sizzling Malai Boti on Tawa Recipe,https://www.youtube.com/watch?v=Y01GkJZKE3o,Pakistani
Aloo Tikka Masala Recipe By Food Fusion,Aloo Tikka Masala Recipe,https://www.youtube.com/watch?v=crwjDnXmXgU,Indian
Jaipuri Biryani Recipe By Food Fusion,Jaipuri Biryani Recipe,https://www.youtube.com/watch?v=pjg0ZPbnq1o,Pakistani
How to store mangoes - Mango Shake in December By Food Fusion,How to store mangoes,https://www.youtube.com/watch?v=czNa2KiEhB0,Pakistani
"Homemade Garlic, Ginger and Onion Powder Recipe By Food Fusion","Homemade Garlic, Ginger and Onion Powder Recipe",https://www.youtube.com/watch?v=2rrdC_PGV7g,Pakistani
Mango Upside down Cake recipe By Food Fusion,Mango Upside down Cake recipe,https://www.youtube.com/watch?v=h4ez1SyVTvo,Continental
Cheesy Noodles Recipe By Food Fusion,Cheesy Noodles Recipe,https://www.youtube.com/watch?v=gpVNSilyX3U,Pakistani
Paneer Malai Kofta Recipe By Food Fusion,Paneer Malai Kofta Recipe,https://www.youtube.com/watch?v=xTSb-8-mF1Y,Indian
Kashmiri Chicken Pulao Recipe By Food Fusion,Kashmiri Chicken Pulao Recipe,https://www.youtube.com/watch?v=jVWrKD3GlXM,Pakistani
Mango Party At Food Fusion,Mango Party At,https://www.youtube.com/watch?v=QTu_Wl6IGi4,Pakistani
Persian Kabab with Rice Recipe By Food Fusion,Persian Kabab with Rice Recipe,https://www.youtube.com/watch?v=AJpCNv3DcG0,Pakistani
4 Recipes Inspired by Bengali cuisine - Food Fusion,4 Recipes Inspired by Bengali cuisine,https://www.youtube.com/watch?v=CyEruVwz2oQ,Indian
Quick recipes for Teens and Tweens By Food Fusion,Quick recipes for Teens and Tweens,https://www.youtube.com/watch?v=tGvHm2n0x6w,Pakistani
Trio Roti Parcels Recipe By Food Fusion,Trio Roti Parcels Recipe,https://www.youtube.com/watch?v=QePXD9b9nhk,Pakistani
Deep Dish Pizza Recipe By Food Fusion,Deep Dish Pizza Recipe,https://www.youtube.com/watch?v=57xWrQUBUhg,Continental
Guramba Recipe By Food Fusion,Guramba Recipe,https://www.youtube.com/watch?v=_ymC7YNS0fQ,Pakistani
Matka Kulfi Recipe By Food Fusion,Matka Kulfi Recipe,https://www.youtube.com/watch?v=8gEyO-3jpk0,Pakistani
Parda Pulao Recipe By Food Fusion,Parda Pulao Recipe,https://www.youtube.com/watch?v=u8eTePVqkvw,Pakistani
Homemade Cherry Jam Recipe By Food Fusion,Homemade Cherry Jam Recipe,https://www.youtube.com/watch?v=Hh0BjecSKPA,Pakistani
Dhaba Style Mix Vegetable Recipe By Food Fusion,Dhaba Style Mix Vegetable Recipe,https://www.youtube.com/watch?v=L7LXJ7FiRPA,Pakistani
Chicken Cheese Nuggets Recipe By Food Fusion,Chicken Cheese Nuggets Recipe,https://www.youtube.com/watch?v=tJ7kfLBn0tw,Pakistani
3 Shawarma Recipes By Food Fusion,3 Shawarma Recipes,https://www.youtube.com/watch?v=qdgN9dui7Rs,Arabic/Mediterranean
Thadal Recipe By Food Fusion,Thadal Recipe,https://www.youtube.com/watch?v=pQ35HvkUko0,Pakistani
Cart style Chicken and Rice Recipe By Food Fusion,Cart style Chicken and Rice Recipe,https://www.youtube.com/watch?v=4_8OvENY7mY,Pakistani
Saunf Ka Sharbat - Make and Store Recipe By Food Fusion (Summer Special Recipe),Saunf Ka Sharbat,https://www.youtube.com/watch?v=6tuZMDqxI5I,Pakistani
Recipes Inspired by Afghan Cuisine on Food Fusion,Recipes Inspired by Afghan Cuisine on,https://www.youtube.com/watch?v=2vMFvEr6H0g,Pakistani
Everyday Chicken Recipes By Food Fusion,Everyday Chicken Recipes,https://www.youtube.com/watch?v=K3XS8eHIWCM,Pakistani
Summer Special Mango Recipes By Food Fusion,Summer Special Mango Recipes,https://www.youtube.com/watch?v=Rntyy2DCcLI,Pakistani
Dhaba Style Aloo Keema Recipe By Food Fusion,Dhaba Style Aloo Keema Recipe,https://www.youtube.com/watch?v=ewat8Dt52l8,Pakistani
3 Mirchilli Recipes By Food Fusion,3 Mirchilli Recipes,https://www.youtube.com/watch?v=sQJbjafDlTI,Pakistani
Chicken Malai Tikka Recipe By Food Fusion,Chicken Malai Tikka Recipe,https://www.youtube.com/watch?v=EKL54D_KxPs,Pakistani
Karela Pyaz Recipe By Food Fusion,Karela Pyaz Recipe,https://www.youtube.com/watch?v=q8wRQDbgCpE,Pakistani
Rabri Falooda Recipe By Food Fusion (Summer Special),Rabri Falooda Recipe By Food Fusion (Summer Special),https://www.youtube.com/watch?v=x5kkY2NmmJA,Pakistani
Dum Keema Biryani Recipe By Food Fusion Eid Special Recipe,Dum Keema Biryani Recipe By Food Fusion Eid Special,https://www.youtube.com/watch?v=23fRSBarfLA,Pakistani
4 Eid Seviyan Recipes by Food Fusion (Eid Special Sheer khurma),4 Eid Seviyan Recipes by Food Fusion (Eid Special Sheer khurma),https://www.youtube.com/watch?v=_LU_hH-gwbU,Pakistani
Eid Mubarak From Team Food Fusion,Eid Mubarak From Team,https://www.youtube.com/watch?v=mFjyoR_dfx0,Pakistani
Eid Breakfast Recipes By Food Fusion (Eid Special Recipes),Eid Breakfast Recipes By Food Fusion (Eid Special Recipes),https://www.youtube.com/watch?v=1Bd-32c2hB8,Pakistani
Sooji Halwa Cups Surprise Recipe  By Food Fusion (Eid Special Recipe),Sooji Halwa Cups Surprise Recipe  By Food Fusion (Eid Special Recipe),https://www.youtube.com/watch?v=K4ODu3WupP8,Pakistani
Eid Snack Ideas By Food Fusion (Eid Special Recipes),Eid Snack Ideas By Food Fusion (Eid Special Recipes),https://www.youtube.com/watch?v=030E-bh3770,Pakistani
Sindhi Kheer Kharkon Recipe By Food Fusion (Eid Special Recipe),Sindhi Kheer Kharkon Recipe By Food Fusion (Eid Special Recipe),https://www.youtube.com/watch?v=r0nFf_tD_xE,Pakistani
Eid Mithai Recipes By Food Fusion (Eid Special Recipes 2019),Eid Mithai Recipes By Food Fusion (Eid Special Recipes 2019),https://www.youtube.com/watch?v=-WFogbfZf_s,Pakistani
Pre Prepare Eid Snack Recipes By Food Fusion (Eid Special Recipes),Pre Prepare Eid Snack Recipes By Food Fusion (Eid Special Recipes),https://www.youtube.com/watch?v=9xE2Fp6dkXQ,Pakistani
Mango Custard Cream Recipe By Food Fusion (Eid Special recipe 2019),Mango Custard Cream Recipe By Food Fusion (Eid Special recipe 2019),https://www.youtube.com/watch?v=gVomPTl3DnE,Pakistani
Meethi Eid Kay Meethay By Food Fusion (Eid Special 2019),Meethi Eid Kay Meethay By Food Fusion (Eid Special 2019),https://www.youtube.com/watch?v=68p0z7gPCNM,Pakistani
Achari Keema Karelay Recipe on Food Fusion,Achari Keema Karelay Recipe on,https://www.youtube.com/watch?v=PmoGsmsVE_0,Pakistani
Hakka Style Chicken Chili Recipe By Food Fusion  (Eid Special),Hakka Style Chicken Chili Recipe By Food Fusion  (Eid Special),https://www.youtube.com/watch?v=8cINCDQm-1E,Chinese
Eid Dawat Special Recipes By Food Fusion,Eid Dawat Special Recipes,https://www.youtube.com/watch?v=JONLzzmtWtk,Pakistani
6 Recipes for Eid Table by Food Fusion,6 Recipes for Eid Table,https://www.youtube.com/watch?v=G3I-CFnw0gY,Pakistani
Restaurant Style Biryani Recipe By Food Fusion (Eid Special),Restaurant Style Biryani Recipe By Food Fusion (Eid Special),https://www.youtube.com/watch?v=uFa6urPkK4c,Pakistani
Chinese pakora recipe by Food Fusion (Ramzan Special Recipe),Chinese pakora recipe by Food Fusion (Ramzan Special Recipe),https://www.youtube.com/watch?v=9lzv_ffM8WM,Chinese
Loaded Achari Waffles Recipe on Food Fusion,Loaded Achari Waffles Recipe on,https://www.youtube.com/watch?v=E0JFg_7y-YY,Pakistani
Mughlai BBQ Biryani Recipe On Food Fusion,Mughlai BBQ Biryani Recipe On,https://www.youtube.com/watch?v=CFUy8-XocPw,Pakistani
Seekh Kabab Stuffed Pizza (without oven) Recipe By Food Fusion,Seekh Kabab Stuffed Pizza (without oven) Recipe,https://www.youtube.com/watch?v=zq4pgvlgEU4,Continental
Top 4 Chicken Karahi Recipes By Food Fusion,Top 4 Chicken Karahi Recipes,https://www.youtube.com/watch?v=mTtTFBWCMmE,Pakistani
4 Aloo/potato Recipes By Food Fusion (Ramzan Special Recipes),4 Aloo/potato Recipes By Food Fusion (Ramzan Special Recipes),https://www.youtube.com/watch?v=Icb8JH59rZg,Pakistani
Aloo Chaat 2 Ways Recipes By Food Fusion (Iftar Special Recipe),Aloo Chaat 2 Ways Recipes By Food Fusion (Iftar Special Recipe),https://www.youtube.com/watch?v=7xp646Emqpc,Pakistani
Shahi Rabri Recipe By Food Fusion (Eid Special Recipe),Shahi Rabri Recipe By Food Fusion (Eid Special Recipe),https://www.youtube.com/watch?v=QHoCStnUJj0,Pakistani
4 Stuffed Bread Recipes By Food Fusion,4 Stuffed Bread Recipes,https://www.youtube.com/watch?v=E8CkAv4SahI,Pakistani
Moong Daal Cheela With Pineapple Tomato chutney  Recipe By Food Fusion,Moong Daal Cheela With Pineapple Tomato chutney  Recipe,https://www.youtube.com/watch?v=2YSD4csibtU,Pakistani
Ice Cream Poke Cake Recipe By Food Fusion (Eid Special Dessert),Ice Cream Poke Cake Recipe By Food Fusion (Eid Special Dessert),https://www.youtube.com/watch?v=E2W3Ed9FHk8,Continental
Shahi paneer Recipe By Food Fusion (Ramzan Special),Shahi paneer Recipe By Food Fusion (Ramzan Special),https://www.youtube.com/watch?v=L7guZpMM-vE,Indian
4 Dawat Desserts By Food Fusion (Eid Special Recipes),4 Dawat Desserts By Food Fusion (Eid Special Recipes),https://www.youtube.com/watch?v=c7PqdJrl8mA,Pakistani
Chinese Cones Recipe By Food Fusion (Ramzan Special Recipe),Chinese Cones Recipe By Food Fusion (Ramzan Special Recipe),https://www.youtube.com/watch?v=ZVzanbpTyI0,Chinese
Congratulations to All winners of Fusion Challenge 2019,Congratulations to All winners of Fusion Challenge 2019,https://www.youtube.com/watch?v=NhP_kVPxIZ8,Pakistani
3 Must Try Ice Cream Recipes By Food Fusion,3 Must Try Ice Cream Recipes,https://www.youtube.com/watch?v=niGjd0RYubQ,Pakistani
Yogurt Fruit Delight Recipe By Food Fusion (Ramazan Special Recipe),Yogurt Fruit Delight Recipe By Food Fusion (Ramazan Special Recipe),https://www.youtube.com/watch?v=Z9aTiuCQXTY,Pakistani
Falsa and Watermelon Fruit Popsicles Recipe By Food Fusion (Summer Special),Falsa and Watermelon Fruit Popsicles Recipe By Food Fusion (Summer Special),https://www.youtube.com/watch?v=J4eM2LHekKc,Pakistani
Top 3 Mango Recipes By Food Fusion (Summer special Mango Desserts),Top 3 Mango Recipes By Food Fusion (Summer special Mango Desserts),https://www.youtube.com/watch?v=4UBAY5lgNDQ,Pakistani
Chicken Noodles Kabab Recipe By Food Fusion (Ramzan Special Recipe),Chicken Noodles Kabab Recipe By Food Fusion (Ramzan Special Recipe),https://www.youtube.com/watch?v=tkYRniOCtcA,Pakistani
Top 4 Chocolate Cake Recipes By Food Fusion,Top 4 Chocolate Cake Recipes,https://www.youtube.com/watch?v=SIKoU8kMTx0,Continental
Nargisi Kofta Biryani Recipe By Food Fusion,Nargisi Kofta Biryani Recipe,https://www.youtube.com/watch?v=RZpMIy3pnbE,Pakistani
Thandai Kheer Recipe By Food Fusion (Eid Special recipe),Thandai Kheer Recipe By Food Fusion (Eid Special recipe),https://www.youtube.com/watch?v=mfh49TPk5Y4,Pakistani
Koshari Recipe By Food Fusion (Ramzan Special),Koshari Recipe By Food Fusion (Ramzan Special),https://www.youtube.com/watch?v=XyHL7aJDUag,Pakistani
Custard Saviyan Recipe By Food Fusion (Ramzan Special Recipe),Custard Saviyan Recipe By Food Fusion (Ramzan Special Recipe),https://www.youtube.com/watch?v=ozI1Ho12JOU,Pakistani
4 Indo Chinese Recipes By Food Fusion (Ramzan Special Recipes),4 Indo Chinese Recipes By Food Fusion (Ramzan Special Recipes),https://www.youtube.com/watch?v=3w0l0l-gRDo,Chinese
Loaded Fries 3 ways. Recipe By Food Fusion (Ramzan Special),Loaded Fries 3 ways. Recipe By Food Fusion (Ramzan Special),https://www.youtube.com/watch?v=n_2QOH2fk4E,Pakistani
Fried chicken Tikka sandwich Recipe By Food Fusion (Ramzan Special Recipe),Fried chicken Tikka sandwich Recipe By Food Fusion (Ramzan Special Recipe),https://www.youtube.com/watch?v=GfGPAU_PEkw,Continental
4 Milk Mithai Recipes by Food Fusion (Eid Special desserts),4 Milk Mithai Recipes by Food Fusion (Eid Special desserts),https://www.youtube.com/watch?v=HJJHQXdH2sk,Pakistani
Doodh Dulari Recipe By Food Fusion (Ramzan/Eid Special Recipe),Doodh Dulari Recipe By Food Fusion (Ramzan/Eid Special Recipe),https://www.youtube.com/watch?v=IhhA30gpvO4,Pakistani
Crispy Chicken With Fried Rice Platter Recipe By Food Fusion (Dawat Special Recipe),Crispy Chicken With Fried Rice Platter Recipe By Food Fusion (Dawat Special Recipe),https://www.youtube.com/watch?v=TVN8IXCIHOQ,Chinese
Chicken Stuffed Omelette Recipe By Food Fusion (Ramzan Special),Chicken Stuffed Omelette Recipe By Food Fusion (Ramzan Special),https://www.youtube.com/watch?v=HuxMAIjdjbo,Continental
Crispy Chicken Paratha Roll Recipe By Food Fusion (Ramzan Special Recipe),Crispy Chicken Paratha Roll Recipe By Food Fusion (Ramzan Special Recipe),https://www.youtube.com/watch?v=GCRRC8hSSRc,Pakistani
Top 6 Make & Store Sharbat Recipes By Food Fusion (Iftar Drinks),Top 6 Make & Store Sharbat Recipes By Food Fusion (Iftar Drinks),https://www.youtube.com/watch?v=rlCwwwRkwao,Pakistani
Top 4 Lasagna Recipes By Food Fusion,Top 4 Lasagna Recipes,https://www.youtube.com/watch?v=xn5Ti5dUggc,Continental
Fruit Cream With Trio Ice Cream Recipe By Food Fusion,Fruit Cream With Trio Ice Cream Recipe,https://www.youtube.com/watch?v=MX5pAnEbPxU,Pakistani
5 Amazing Recipes Inspired by Turkish Cuisine By Food Fusion,Recipes Inspired by Turkish Cuisine,https://www.youtube.com/watch?v=Sc9MXV92zI8,Arabic/Mediterranean
6 Fried Chicken Recipes By Food Fusion (Ramzan Special Recipes),6 Fried Chicken Recipes By Food Fusion (Ramzan Special Recipes),https://www.youtube.com/watch?v=98Tb-qSs4Js,Pakistani
4 Egg Recipes Under 30 Min By Food Fusion  (Sehri & Breakfast Recipes),4 Egg Recipes Under 30 Min By Food Fusion  (Sehri & Breakfast Recipes),https://www.youtube.com/watch?v=U0-GaBsRX3s,Pakistani
4 Seekh Kabab Recipes By Food Fusion (Ramzan Special Recipes),4 Seekh Kabab Recipes By Food Fusion (Ramzan Special Recipes),https://www.youtube.com/watch?v=NBwNsMSo9tI,Pakistani
Layali Lubnan (Semolina Pudding) Recipe By Food Fusion,Layali Lubnan (Semolina Pudding) Recipe,https://www.youtube.com/watch?v=H9j4ZG2aw3o,Pakistani
4 Unique Chicken Snacks By Food Fusion (Ramzan Special Recipes),4 Unique Chicken Snacks By Food Fusion (Ramzan Special Recipes),https://www.youtube.com/watch?v=Rx7LVsJlXo0,Pakistani
Keri/Aam Ka achar Recipe By Food Fusion (Mango pickle),Keri/Aam Ka achar Recipe By Food Fusion (Mango pickle),https://www.youtube.com/watch?v=FFaGwbbu6cQ,Pakistani
Uses of frozen paratha by Food Fusion (Ramzan Special Recipe),Uses of frozen paratha by Food Fusion (Ramzan Special Recipe),https://www.youtube.com/watch?v=7_--KbC3l9M,Pakistani
4 Cutlets/Kabab Recipes By Food Fusion (Ramzan Special Recipe),4 Cutlets/Kabab Recipes By Food Fusion (Ramzan Special Recipe),https://www.youtube.com/watch?v=01gg2KqxkWw,Pakistani
4 Quick Pasta Recipes By Food Fusion (Ramzan Special),4 Quick Pasta Recipes By Food Fusion (Ramzan Special),https://www.youtube.com/watch?v=AnBuAcCPNXU,Continental
Dynamite loaded fries Recipe By Food Fusion (Ramzan Special Recipe),Dynamite loaded fries Recipe By Food Fusion (Ramzan Special Recipe),https://www.youtube.com/watch?v=SmOLjpxxW4s,Pakistani
4 Desi Rice Desserts By Food Fusion (Ramzan Special Recipes),4 Desi Rice Desserts By Food Fusion (Ramzan Special Recipes),https://www.youtube.com/watch?v=WTuM60cbhF0,Pakistani
5 Pakora Recipes by Food Fusion (Ramzan Special Recipes),5 Pakora Recipes by Food Fusion (Ramzan Special Recipes),https://www.youtube.com/watch?v=SGpULpsMNuE,Pakistani
4 Kachori Recipes By Food Fusion (Ramzan Special Recipes),4 Kachori Recipes By Food Fusion (Ramzan Special Recipes),https://www.youtube.com/watch?v=5XNSJW-aqd8,Pakistani
Apple  Custard Kheer Recipe By Food Fusion (Ramzan Special Recipe),Apple  Custard Kheer Recipe By Food Fusion (Ramzan Special Recipe),https://www.youtube.com/watch?v=7zKxNRQJpuM,Pakistani
Hara masala Egg Curry Recipe By Food Fusion,Hara masala Egg Curry Recipe,https://www.youtube.com/watch?v=FqpKLdTsVXE,Pakistani
Milkshake 3 Ways Recipes By Food Fusion (Ramzan Special Recipe),Milkshake 3 Ways Recipes By Food Fusion (Ramzan Special Recipe),https://www.youtube.com/watch?v=J1FMd_6Heg8,Pakistani
Top Dawat Recipes By Food Fusion (Ramzan Special Recieps),Top Dawat Recipes By Food Fusion (Ramzan Special Recieps),https://www.youtube.com/watch?v=nzF18pp7EsI,Pakistani
Ramzan Fusion Challenge On Facebook By Shan Foods and Food Fusion,Ramzan Fusion Challenge On Facebook By Shan Foods and,https://www.youtube.com/watch?v=foNL8BmTgyk,Pakistani
Moroccan Style Samosa Recipe By Food Fusion (Ramadan Special Recipe),Moroccan Style Samosa Recipe By Food Fusion (Ramadan Special Recipe),https://www.youtube.com/watch?v=rTBrNsmjfxc,Pakistani
Mexican Rolls Recipe By Food Fusion (Ramzan Special Recipe),Mexican Rolls Recipe By Food Fusion (Ramzan Special Recipe),https://www.youtube.com/watch?v=Cpja5iCGPkw,Pakistani
Wrapped Chili Bites Recipe By Food Fusion (Ramzan Special Recipe),Wrapped Chili Bites Recipe By Food Fusion (Ramzan Special Recipe),https://www.youtube.com/watch?v=qWkiwzAVn1s,Pakistani
Mutton White Karahi Recipe By Food Fusion,Mutton White Karahi Recipe,https://www.youtube.com/watch?v=84ap8nORKV4,Pakistani
Shahi Tukray Roll ups Recipe By Food Fusion (Ramzan Special Recipe),Shahi Tukray Roll ups Recipe By Food Fusion (Ramzan Special Recipe),https://www.youtube.com/watch?v=yy4OOejfZQ0,Pakistani
Healthy Sehri Recipes By Healthy Food Fusion ( Ramzan Special Recipes 2019),Healthy Sehri Recipes By Healthy Food Fusion ( Ramzan Special Recipes 2019),https://www.youtube.com/watch?v=f5lAfT-UiiY,Pakistani
Crunchy Vegetable Cutlets  Recipe By Food Fusion (Ramzan Special Recipe),Crunchy Vegetable Cutlets  Recipe By Food Fusion (Ramzan Special Recipe),https://www.youtube.com/watch?v=WXSP7mQcpos,Pakistani
Palak Chaat Recipe By Food Fusion (Ramzan Special Recipes),Palak Chaat Recipe By Food Fusion (Ramzan Special Recipes),https://www.youtube.com/watch?v=pLRfMAMpp9w,Pakistani
4 Easy Dessert Recipes By Food Fusion (Eid Special Recipes),4 Easy Dessert Recipes By Food Fusion (Eid Special Recipes),https://www.youtube.com/watch?v=zvysr_vw1uk,Pakistani
Loaded Fire Sauce Samosa Recipe By Food Fusion (Ramzan Special Recipe),Loaded Fire Sauce Samosa Recipe By Food Fusion (Ramzan Special Recipe),https://www.youtube.com/watch?v=C4YgrhYgy-Q,Pakistani
Spicy Lentil Rolls By Food Fusion (Ramzan Recipes),Spicy Lentil Rolls By Food Fusion (Ramzan Recipes),https://www.youtube.com/watch?v=BHJzszZJST0,Pakistani
Dahi Sev Puri Recipe By Food Fusion (Ramzan Special Recipe),Dahi Sev Puri Recipe By Food Fusion (Ramzan Special Recipe),https://www.youtube.com/watch?v=xTh-kVuToxI,Pakistani
Refreshing Lassi 4 Ways Recipes By Food Fusion (Ramzan Special Recipes),Refreshing Lassi 4 Ways Recipes By Food Fusion (Ramzan Special Recipes),https://www.youtube.com/watch?v=44c0Iyt5Oo4,Pakistani
Healthy Iftar Recipes By Healthy Food Fusion,Healthy Iftar Recipes By Healthy,https://www.youtube.com/watch?v=HX1c540gN6k,Pakistani
Achari Chana Chaat Recipe By Food Fusion (Ramzan Special Recipe),Achari Chana Chaat Recipe By Food Fusion (Ramzan Special Recipe),https://www.youtube.com/watch?v=dEbmYAdhepY,Pakistani
Stuffed Dates/ Khajoor 4 ways By Food Fusion (Ramzan Special Recipe),Stuffed Dates/ Khajoor 4 ways By Food Fusion (Ramzan Special Recipe),https://www.youtube.com/watch?v=uRXo495gMl0,Pakistani
Meethay Dahi Baray Recipe By Food Fusion (Ramzan Special),Meethay Dahi Baray Recipe By Food Fusion (Ramzan Special),https://www.youtube.com/watch?v=a14xMz4iFJ8,Pakistani
Ramazan Mubarak to everyone,Ramazan Mubarak to everyone,https://www.youtube.com/watch?v=3El1vhtQ190,Pakistani
King Kulfa Falooda Recipe By Food Fusion (Ramzan Special),King Kulfa Falooda Recipe By Food Fusion (Ramzan Special),https://www.youtube.com/watch?v=rwoC5RWfn30,Pakistani
8 Unique Samosa Folding Techniques By Food Fusion (Ramzan Recipes),8 Unique Samosa Folding Techniques By Food Fusion (Ramzan Recipes),https://www.youtube.com/watch?v=QuDUbjKSvXI,Pakistani
Vegetable & Pyaz Pakora Recipes By Food Fusion (Ramzan Special),Vegetable & Pyaz Pakora Recipes By Food Fusion (Ramzan Special),https://www.youtube.com/watch?v=5eEibJyDpvU,Pakistani
Qatayef (Atayef) Middle-eastern dessert recipe by Food Fusion,Qatayef (Atayef) Middle-eastern dessert recipe,https://www.youtube.com/watch?v=HkZzENGK2fM,Pakistani
Potato Chutney Bombs Recipe By Food Fusion (Ramzan special recipe),Potato Chutney Bombs Recipe By Food Fusion (Ramzan special recipe),https://www.youtube.com/watch?v=1DMo9RC9QkU,Pakistani
Chicken Patties with Frozen Paratha  Recipe By Food Fusion (Ramzan Special),Chicken Patties with Frozen Paratha  Recipe By Food Fusion (Ramzan Special),https://www.youtube.com/watch?v=yHP1MrBpF7s,Pakistani
4 Quick Sehri Paratha Recipes by Food Fusion (Ramzan Special recipes 2019),4 Quick Sehri Paratha Recipes by Food Fusion (Ramzan Special recipes 2019),https://www.youtube.com/watch?v=4-zoXmEycFE,Pakistani
"Iftar Snacks Baked, steamed and grilled By Food Fusion (Ramzan Special)","Iftar Snacks Baked, steamed and grilled By Food Fusion (Ramzan Special)",https://www.youtube.com/watch?v=XQx6PZM8xUQ,Pakistani
Butter Chicken Potli Samosa Recipe By Food Fusion (Ramzan Special),Butter Chicken Potli Samosa Recipe By Food Fusion (Ramzan Special),https://www.youtube.com/watch?v=N5Yn2L-rF3E,Pakistani
Dum Qeema Samosa Parcels Recipe by Food Fusion (Ramzan Special Recipe),Dum Qeema Samosa Parcels Recipe by Food Fusion (Ramzan Special Recipe),https://www.youtube.com/watch?v=Dm7nsvEeFHQ,Pakistani
Chikar choley Recipe By Food Fusion (Ramzan Special Recipe),Chikar choley Recipe By Food Fusion (Ramzan Special Recipe),https://www.youtube.com/watch?v=f9Kl-1M6CU4,Pakistani
4 Special Chaat Recipes - Ramadan Special By Food Fusion,4 Special Chaat Recipes,https://www.youtube.com/watch?v=Hxr9ODMWpOQ,Pakistani
Spicy Boti Samosa Skewers Recipe By Food Fusion (Ramzan special Recipe),Spicy Boti Samosa Skewers Recipe By Food Fusion (Ramzan special Recipe),https://www.youtube.com/watch?v=8sLOOsYzBT8,Pakistani
Daal Samosa Recipe By Food Fusion (Make and freeze Ramzan Special Recipe),Daal Samosa Recipe By Food Fusion (Make and freeze Ramzan Special Recipe),https://www.youtube.com/watch?v=dB6kwfvkPYM,Pakistani
Restaurant style Daal Makhni Recipe By Food Fusion,Restaurant style Daal Makhni Recipe,https://www.youtube.com/watch?v=6oiFvxW9IQk,Pakistani
Refreshing Sattu Ka Sharbat Recipe By Food Fusion (Ramzan Special Recipe),Refreshing Sattu Ka Sharbat Recipe By Food Fusion (Ramzan Special Recipe),https://www.youtube.com/watch?v=WY5mpWTvUIQ,Pakistani
Make and store Dessert Essentials By Food Fusion (Ramzan special),Make and store Dessert Essentials By Food Fusion (Ramzan special),https://www.youtube.com/watch?v=pDAqS_IrllU,Pakistani
Chocolate Eclairs Recipe By Food Fusion,Chocolate Eclairs Recipe,https://www.youtube.com/watch?v=nxtRqYfWS60,Pakistani
6 Vegetable Ramzan Snacks Recipes By Food Fusion (Ramzan Special Recipes),6 Vegetable Ramzan Snacks Recipes By Food Fusion (Ramzan Special Recipes),https://www.youtube.com/watch?v=RkYEevjFfhw,Pakistani
Make and Store Iftar Pre Prep Essentials Recipes By Food Fusion (Ramzan Special Recieps),Make and Store Iftar Pre Prep Essentials Recipes By Food Fusion (Ramzan Special Recieps),https://www.youtube.com/watch?v=SnjSN0XbYo0,Pakistani
Chatpati Samosa Chaat Recipe By Food Fusion (Ramzan Special Recipe),Chatpati Samosa Chaat Recipe By Food Fusion (Ramzan Special Recipe),https://www.youtube.com/watch?v=d8zj8ZUiGjg,Pakistani
Non Fried Iftar snacks / Recipes By Food Fusion (Ramzan Special Recipes),Non Fried Iftar snacks / Recipes By Food Fusion (Ramzan Special Recipes),https://www.youtube.com/watch?v=FDDdk_gLlhA,Pakistani
Hot & spicy jalfrezi Recipe By Food Fusion (Ramzan Special),Hot & spicy jalfrezi Recipe By Food Fusion (Ramzan Special),https://www.youtube.com/watch?v=GtEU_C6x-n0,Pakistani
Special dahi chana chaat & chana storage method By Food Fusion  (Ramzan Special Recipe),Special dahi chana chaat & chana storage method By Food Fusion  (Ramzan Special Recipe),https://www.youtube.com/watch?v=KV3Nt3iAoY0,Pakistani
How to perfectly fold a samosa With Homemade Samosa Patti By Food Fusion,How to perfectly fold a samosa With Homemade Samosa Patti,https://www.youtube.com/watch?v=Y_Dp_pQuIi8,Pakistani
Lumpia Rolls with Sweet Chili Sauce Recipe By Food Fusion (Ramzan Special Recipe),Lumpia Rolls with Sweet Chili Sauce Recipe By Food Fusion (Ramzan Special Recipe),https://www.youtube.com/watch?v=0AP8Ha4a1f0,Pakistani
Make & Store For Easy Sehri Recipes By Food Fusion  (Ramzan special recipes 2019),Make & Store For Easy Sehri Recipes By Food Fusion  (Ramzan special recipes 2019),https://www.youtube.com/watch?v=mVhA95H24lo,Pakistani
Lasagna Samosa Recipe By Food Fusion (Ramzan Special Recipe),Lasagna Samosa Recipe By Food Fusion (Ramzan Special Recipe),https://www.youtube.com/watch?v=VY6S_fHT7MA,Continental
Hyderabadi Mutton keema Recipe By Food Fusion,Hyderabadi Mutton keema Recipe,https://www.youtube.com/watch?v=GfvHH7DnIt4,Indian
Sandal ka Sharbat Recipe By Food Fusion (Ramzan Special Make and Store Recipe),Sandal ka Sharbat Recipe By Food Fusion (Ramzan Special Make and Store Recipe),https://www.youtube.com/watch?v=FtmX-0JUGbM,Pakistani
Food Fusion Gets the Gold Play Button - A Big Thank You To all,Food Fusion Gets the Gold Play Button,https://www.youtube.com/watch?v=Lf0lh5q3JA4,Pakistani
Make and Freeze Iftar Recipes by Food Fusion (iftar snacks),Make and Freeze Iftar Recipes by Food Fusion (iftar snacks),https://www.youtube.com/watch?v=nNrfE-xA9dE,Pakistani
Laal sharbat Recipe By Food Fusion (Ramzan Special Recipe),Laal sharbat Recipe By Food Fusion (Ramzan Special Recipe),https://www.youtube.com/watch?v=HxQ2IP6GDdw,Pakistani
Make and Freeze Kabab Recipes By Food Fusion (Ramzan Special Recipes),Make and Freeze Kabab Recipes By Food Fusion (Ramzan Special Recipes),https://www.youtube.com/watch?v=DfeoLMOiOP4,Pakistani
11 Samosa Folding Techniques to perfectly fold samosas by Food Fusion (Ramzan Special Recipe),11 Samosa Folding Techniques to perfectly fold samosas by Food Fusion (Ramzan Special Recipe),https://www.youtube.com/watch?v=WmKIq2FX9WM,Pakistani
Crispy Bihari Cones Recipe By Food Fusion (Ramzan Special Recipes),Crispy Bihari Cones Recipe By Food Fusion (Ramzan Special Recipes),https://www.youtube.com/watch?v=WrEPdDx2M3w,Pakistani
Elaichi Ka Sharbat Recipe By Food Fusion  (Ramzan Special Drink Recipe),Elaichi Ka Sharbat Recipe By Food Fusion  (Ramzan Special Drink Recipe),https://www.youtube.com/watch?v=DCpyk3pHiV8,Pakistani
Dahi Walay Baingan Recipe By Food Fusion,Dahi Walay Baingan Recipe,https://www.youtube.com/watch?v=GGbUwqHbPzk,Pakistani
Aloo Dum Biryani Recipe By Food Fusion,Aloo Dum Biryani Recipe,https://www.youtube.com/watch?v=E5RfC8vLZtk,Pakistani
Stuffed Roses Recipe By Food Fusion (Ramzan Special Recipe),Stuffed Roses Recipe By Food Fusion (Ramzan Special Recipe),https://www.youtube.com/watch?v=QuIiSkuCIh4,Pakistani
Homemade Dahi Bara Masala Recipe By Food Fusion (Ramzan Special Recipe),Homemade Dahi Bara Masala Recipe By Food Fusion (Ramzan Special Recipe),https://www.youtube.com/watch?v=BC7FYBp662U,Pakistani
Buffalo Chicken Samosa Cones Recipe By Food Fusion (Ramzan Special Recipe),Buffalo Chicken Samosa Cones Recipe By Food Fusion (Ramzan Special Recipe),https://www.youtube.com/watch?v=R379PXqbi-8,Pakistani
Homemade Chaat Masala Recipe By Food Fusion (Ramzan Special Recipe),Homemade Chaat Masala Recipe By Food Fusion (Ramzan Special Recipe),https://www.youtube.com/watch?v=-6Wf1dv7WzU,Pakistani
Braided Paratha Pockets with mince pizza filling Recipe By Food Fusion,Braided Paratha Pockets with mince pizza filling Recipe,https://www.youtube.com/watch?v=V1dYalplPAw,Continental
2 Quick and Easy Pulao Recipes By Food Fusion,2 Quick and Easy Pulao Recipes,https://www.youtube.com/watch?v=Igo6dVCEeuQ,Pakistani
Street Style Lachay dar qeema  Paratha Recipe By Food Fusion ( Ramzan Special Recipes),Street Style Lachay dar qeema  Paratha Recipe By Food Fusion ( Ramzan Special Recipes),https://www.youtube.com/watch?v=dEWlCYEVI9g,Pakistani
Homemade Garam Masala Powder Recipe By Food Fusion,Homemade Garam Masala Powder Recipe,https://www.youtube.com/watch?v=RJjtt0EZDrY,Pakistani
Hash Brown Cheese omelette Recipe By Food Fusion (Ramzan Special Recipe),Hash Brown Cheese omelette Recipe By Food Fusion (Ramzan Special Recipe),https://www.youtube.com/watch?v=DR68e1aUvyo,Continental
Cheese Stuffed Drumsticks Recipe  By Food Fusion,Cheese Stuffed Drumsticks Recipe,https://www.youtube.com/watch?v=QyTygJY8Srs,Pakistani
Pyaz Paratha with Besan Chutney Recipe by Food Fusion,Pyaz Paratha with Besan Chutney Recipe,https://www.youtube.com/watch?v=ZWVS8AHGO1M,Pakistani
Zeera Raita Masala Recipe By Food Fusion,Zeera Raita Masala Recipe,https://www.youtube.com/watch?v=pWIVcjoE8J4,Pakistani
Make and Store Pudina Raita Masala Recipe By Food Fusion,Make and Store Pudina Raita Masala Recipe,https://www.youtube.com/watch?v=jiHGylc8z58,Pakistani
4 Jhatpat Chicken Biryani Recipes By Food Fusion,4 Jhatpat Chicken Biryani Recipes,https://www.youtube.com/watch?v=0E7xlLwkL3Y,Pakistani
Chicken Chikar Choley Recipe By Food Fusion,Chicken Chikar Choley Recipe,https://www.youtube.com/watch?v=NG3i_BwpZWg,Pakistani
Homemade Instant Kheer Mix Recipe By Food Fusion (Ramzan Special Recipe),Homemade Instant Kheer Mix Recipe By Food Fusion (Ramzan Special Recipe),https://www.youtube.com/watch?v=5YdUcAK19BU,Pakistani
Sirloin Sandwich Recipe By Food Fusion,Sirloin Sandwich Recipe,https://www.youtube.com/watch?v=wn8Yo1OBAyg,Continental
Chicken BBQ Rice Recipe By Food Fusion,Chicken BBQ Rice Recipe,https://www.youtube.com/watch?v=OWSj9ZZLoIQ,Pakistani
Fettuccine with Creamy Chili Sauce Recipe By Food Fusion,Fettuccine with Creamy Chili Sauce Recipe,https://www.youtube.com/watch?v=yCc__xsHjX4,Pakistani
Afghani Fateer Piyazi Recipe By Food Fusion,Afghani Fateer Piyazi Recipe,https://www.youtube.com/watch?v=d0Sj8Nc_dXk,Arabic/Mediterranean
Homemade Italian Sausages Recipe By Food Fusion,Homemade Italian Sausages Recipe,https://www.youtube.com/watch?v=_ut_W93RDqE,Pakistani
Zaatar Manakish Recipe By Food Fusion,Zaatar Manakish Recipe,https://www.youtube.com/watch?v=p307Rc9q0rg,Pakistani
Mix Vegetable Koftay Recipe by Food Fusion (Ramadan Special),Mix Vegetable Koftay Recipe by Food Fusion (Ramadan Special),https://www.youtube.com/watch?v=xJk_P5hxCFk,Pakistani
Homemade Sloppy Joe Sandwich Recipe By Food Fusion,Homemade Sloppy Joe Sandwich Recipe,https://www.youtube.com/watch?v=rO_k9lNVSRM,Continental
Pista Barfi Recipe By Food Fusion,Pista Barfi Recipe,https://www.youtube.com/watch?v=EjTO1UtXFeY,Pakistani
Tandoori Testi kabab Recipe By Food Fusion Detailed,Tandoori Testi kabab Recipe By Food Fusion,https://www.youtube.com/watch?v=gqcMfEY81b4,Pakistani
Chicken Tandoori Calzone Recipe By Food Fusion,Chicken Tandoori Calzone Recipe,https://www.youtube.com/watch?v=nrbxnnHl9c0,Pakistani
Mutton Tahari Recipe By Food Fusion,Mutton Tahari Recipe,https://www.youtube.com/watch?v=Aanh6MgtIrY,Pakistani
Injeer Halwa (Fig halwa) Recipe by Food Fusion,Injeer Halwa (Fig halwa) Recipe,https://www.youtube.com/watch?v=cGCVXn2R-BY,Pakistani
Imli Toffee (Tamarind candy)   Recipe By Food Fusion,Imli Toffee (Tamarind candy)   Recipe,https://www.youtube.com/watch?v=An6kAmD8jnE,Pakistani
Tres leches cake / Milk Cake Turkish Style  Recipe By Food Fusion,Tres leches cake / Milk Cake Turkish Style  Recipe,https://www.youtube.com/watch?v=J36Na1bVWOU,Arabic/Mediterranean
Custard Filled Donuts Recipe By Food Fusion,Custard Filled Donuts Recipe,https://www.youtube.com/watch?v=Hjy3j0m-aCI,Continental
Chicken Buns Recipe By Food Fusion,Chicken Buns Recipe,https://www.youtube.com/watch?v=4l9gOaDVu3Y,Pakistani
Team Food Fusion Playing Cricket in Office,Team Food Fusion Playing Cricket in Office,https://www.youtube.com/watch?v=Rx-KRng7oNs,Pakistani
Injeer (Fig)  Kulfi Recipe By Food Fusion,Injeer (Fig)  Kulfi Recipe,https://www.youtube.com/watch?v=qsnbfdee6L4,Pakistani
Moong Daal Bhaap Badi Salan Recipe By Food Fusion,Moong Daal Bhaap Badi Salan Recipe,https://www.youtube.com/watch?v=RCMN5fq4Pgs,Pakistani
Chicken Do Pyaza Recipe By Food Fusion,Chicken Do Pyaza Recipe,https://www.youtube.com/watch?v=CppX_81kOkc,Pakistani
Special Tawa Chicken Recipe By Food Fusion,Special Tawa Chicken Recipe,https://www.youtube.com/watch?v=tDGDi5_ZPwA,Pakistani
Crispy Pizza Bombs Recipe By Food Fusion,Crispy Pizza Bombs Recipe,https://www.youtube.com/watch?v=ak29caJPcrY,Continental
3 Unique Paratha Recipes by Food Fusion,3 Unique Paratha Recipes,https://www.youtube.com/watch?v=-q1ZM9OqYkQ,Pakistani
Spaghetti with Tomato Cream Sauce Recipe By Food Fusion,Spaghetti with Tomato Cream Sauce Recipe,https://www.youtube.com/watch?v=QjJFcvZjvHg,Continental
Chicken Masala Kaleji Recipe By Food Fusion,Chicken Masala Kaleji Recipe,https://www.youtube.com/watch?v=rMYjPHajKyI,Pakistani
CheeseBurger Shell Pasta Recipe By Food Fusion,CheeseBurger Shell Pasta Recipe,https://www.youtube.com/watch?v=nE63AQ74c-I,Continental
4 Recipes to Kick Your Caffeine Cravings By Food Fusion,4 Recipes to Kick Your Caffeine Cravings,https://www.youtube.com/watch?v=f0tWGnYxJgQ,Pakistani
4 Pizza Recipes By Food Fusion,4 Pizza Recipes,https://www.youtube.com/watch?v=VaprWsaStk8,Continental
Iced Coffee Recipe By Food Fusion,Iced Coffee Recipe,https://www.youtube.com/watch?v=AtNQC6Uq2Yw,Continental
4 Recipes with Oranges by Food Fusion,4 Recipes with Oranges,https://www.youtube.com/watch?v=cdTnMecQNfk,Pakistani
Strawberry Jam (No Preservatives) Recipe By Food Fusion,Strawberry Jam (No Preservatives) Recipe,https://www.youtube.com/watch?v=ZiCggFyeyhE,Pakistani
3-Burger Recipes By Food Fusion,3-Burger Recipes,https://www.youtube.com/watch?v=sdRRieL0d0M,Continental
Recipe for Peace by Food Fusion,Recipe for Peace,https://www.youtube.com/watch?v=xyJyRZWNmMM,Pakistani
Crispy Mozzarella sticks and Crispy BBQ Chicken wings Recipes By Food Fusion,Crispy Mozzarella sticks and Crispy BBQ Chicken wings Recipes,https://www.youtube.com/watch?v=J8RRWdDZ9ao,Continental
Potato Fingers Recipe By Food Fusion,Potato Fingers Recipe,https://www.youtube.com/watch?v=dvSiroDKGg8,Pakistani
Cream Cheese Swirl Brownies Recipe By Food Fusion,Cream Cheese Swirl Brownies Recipe,https://www.youtube.com/watch?v=jyMHpDxAsos,Pakistani
Kali Mirch Chicken Karahi Recipe By Food Fusion,Kali Mirch Chicken Karahi Recipe,https://www.youtube.com/watch?v=JSc0VEBgB-4,Pakistani
Chicken Ghotala Recipe By Food Fusion,Chicken Ghotala Recipe,https://www.youtube.com/watch?v=cYr8VC-YqjY,Pakistani
Turai Chana Dal Recipe By Food Fusion,Turai Chana Dal Recipe,https://www.youtube.com/watch?v=lJ7UeGnV91M,Pakistani
Lachay dar Masala Paratha Recipe By Food Fusion,Lachay dar Masala Paratha Recipe,https://www.youtube.com/watch?v=pgXQYRMq52g,Pakistani
Lauki kofta Recipe By Food Fusion,Lauki kofta Recipe,https://www.youtube.com/watch?v=Gph1z-s8Ay4,Pakistani
Mutton Kabsa Recipe By Food Fusion,Mutton Kabsa Recipe,https://www.youtube.com/watch?v=rNzol3fzVXQ,Arabic/Mediterranean
A day at Ali Model English School - Food Fusion,A day at Ali Model English School,https://www.youtube.com/watch?v=_9N-pw79giA,Pakistani
Malai Seekh kabab Recipe By Food Fusion,Malai Seekh kabab Recipe,https://www.youtube.com/watch?v=OMYj4ZjZ1AU,Pakistani
Mirch Masala Recipe By Food Fusion,Mirch Masala Recipe,https://www.youtube.com/watch?v=T2h8-fzNixM,Pakistani
Afghani Fateer keema (Without Oven) Recipe By Food Fusion,Afghani Fateer keema (Without Oven) Recipe,https://www.youtube.com/watch?v=NuvkHGU1mIw,Arabic/Mediterranean
Bihari Gosht Handi Recipe by Food Fusion,Bihari Gosht Handi Recipe,https://www.youtube.com/watch?v=PWfQQljO18M,Pakistani
Shakshuka Breakfast / sehri Recipe By Food Fusion,Shakshuka Breakfast / sehri Recipe,https://www.youtube.com/watch?v=ztOk-CHrDdQ,Pakistani
Makhni Karahi Recipe By Food Fusion,Makhni Karahi Recipe,https://www.youtube.com/watch?v=pdg0jMnunFU,Pakistani
Spicy Aloo Nimco/chivda Recipe By Food Fusion,Spicy Aloo Nimco/chivda Recipe,https://www.youtube.com/watch?v=gKr6C0MX4O8,Pakistani
Bhaghare Channay /chole/ Chaat   Recipe by Food Fusion,Bhaghare Channay /chole/ Chaat   Recipe,https://www.youtube.com/watch?v=4OGQkLGiZfY,Indian
How to store seasonal vegetables for longer duration By Food Fusion,How to store seasonal vegetables for longer duration,https://www.youtube.com/watch?v=LX-ytDob7sc,Pakistani
Greek Chicken Gyro with Tzatziki sauce Recipe By Food Fusion,Greek Chicken Gyro with Tzatziki sauce Recipe,https://www.youtube.com/watch?v=iD9uIdxsOpM,Pakistani
Mutton Korma Biryani Recipe By Food Fusion,Mutton Korma Biryani Recipe,https://www.youtube.com/watch?v=ZhormTcvD_8,Pakistani
Loaded Cheese Macaroni Bowl Recipe By Food Fusion,Loaded Cheese Macaroni Bowl Recipe,https://www.youtube.com/watch?v=25JqGK4vP6U,Continental
Besan Dhokla recipe By Food Fusion,Besan Dhokla recipe,https://www.youtube.com/watch?v=lpXVpFQgbl4,Pakistani
Orange Trifle Recipe By Food Fusion,Orange Trifle Recipe,https://www.youtube.com/watch?v=7SVaD4ztPJo,Pakistani
Bajra Puri Recipe By Food Fusion,Bajra Puri Recipe,https://www.youtube.com/watch?v=aBjO1tnXAFQ,Pakistani
Spicy Potato Lasagna Recipe By Food Fusion,Spicy Potato Lasagna Recipe,https://www.youtube.com/watch?v=dvYleQ2y0do,Continental
Turkish Style Kofte in Garlic Yogurt Sauce Recipe By Food Fusion,Turkish Style Kofte in Garlic Yogurt Sauce Recipe,https://www.youtube.com/watch?v=Nup2pnZNfQo,Arabic/Mediterranean
Chikki with Puffed Rice/ Murmura Laddu Recipe By Food Fusion,Chikki with Puffed Rice/ Murmura Laddu Recipe,https://www.youtube.com/watch?v=pXAdndv-jnc,Pakistani
Biye Barir Kabab Recipe By Food Fusion,Biye Barir Kabab Recipe,https://www.youtube.com/watch?v=2ZwAe1nPTYw,Pakistani
Twisted Korean Donuts Recipe By Food Fusion,Twisted Korean Donuts Recipe,https://www.youtube.com/watch?v=HDb07TisC8k,Continental
Sooji Ki Barfi Recipe By Food Fusion,Sooji Ki Barfi Recipe,https://www.youtube.com/watch?v=4rpRlo9OS-g,Pakistani
Aloo gosht (With Tamatar) recipe By Food Fusion,Aloo gosht (With Tamatar) recipe,https://www.youtube.com/watch?v=FCsO0RaxqTY,Pakistani
Special BBQ Chicken Biryani Recipe By Food Fusion,Special BBQ Chicken Biryani Recipe,https://www.youtube.com/watch?v=oQds-YzOyFg,Pakistani
Grilled chicken shawarma with Lebanese style pita bread Recipe By Food Fusion,Grilled chicken shawarma with Lebanese style pita bread Recipe,https://www.youtube.com/watch?v=Axh8s5f9mbM,Arabic/Mediterranean
Tuscan Chicken casserole with Cheese Recipe By Food Fusion,Tuscan Chicken casserole with Cheese Recipe,https://www.youtube.com/watch?v=P0JQM9tigj4,Pakistani
Aloo Puri recipe by Food Fusion,Aloo Puri recipe,https://www.youtube.com/watch?v=5GMCq8xRXSw,Pakistani
Chicken Layered Paratha By Food Fusion,Chicken Layered Paratha,https://www.youtube.com/watch?v=dVzj_2uPdN4,Pakistani
Vegetable Seekh Kabab Recipe By Food Fusion,Vegetable Seekh Kabab Recipe,https://www.youtube.com/watch?v=wVSHcZU8D_w,Pakistani
Nan Khatai  without oven 4- Ways  Recipe By Food Fusion,Nan Khatai  without oven 4- Ways  Recipe,https://www.youtube.com/watch?v=PKWC-wdQ18k,Pakistani
Kacchi Biryani (Bangladeshi Style) Recipe By Food Fusion Detailed,Kacchi Biryani (Bangladeshi Style) Recipe By Food Fusion,https://www.youtube.com/watch?v=aYPq1g-loyg,Pakistani
Sulemani Anda Ghotala Breakfast/ Sehri Special  Recipe By Food Fusion Detailed,Sulemani Anda Ghotala Breakfast/ Sehri Special  Recipe By Food Fusion,https://www.youtube.com/watch?v=KR7EwUjHq7A,Pakistani
BBQ Chicken karahi Recipe By Food Fusion,BBQ Chicken karahi Recipe,https://www.youtube.com/watch?v=gkw6vYb6qXE,Pakistani
Chikki 4 ways with gur Recipe  by Food Fusion,Chikki 4 ways with gur Recipe,https://www.youtube.com/watch?v=fAwmeMunwX4,Pakistani
Kabuli Pulao ( Afghani Pulao) Simplified Recipe By Food Fusion,Kabuli Pulao ( Afghani Pulao) Simplified Recipe,https://www.youtube.com/watch?v=3SlIQtHsToc,Arabic/Mediterranean
Doughnut Rolls with Cheese and Chocolate Recipe by Food Fusion,Doughnut Rolls with Cheese and Chocolate Recipe,https://www.youtube.com/watch?v=PJgDOczuq3k,Pakistani
Chicken Boti 3 Delicious ways  Recipes by Food Fusion,Chicken Boti 3 Delicious ways  Recipes,https://www.youtube.com/watch?v=zjyw8xvdrsU,Pakistani
Happy New Year 2019 from Food Fusion,Happy New Year 2019 from,https://www.youtube.com/watch?v=4vZi1K0nzCs,Pakistani
Two Crispy ( Potato & Bhindi) Recipes by Food Fusion,Two Crispy ( Potato & Bhindi) Recipes,https://www.youtube.com/watch?v=ooUO-H34UiY,Pakistani
Orange Chiffon Cake Recipe By Food Fusion,Orange Chiffon Cake Recipe,https://www.youtube.com/watch?v=3MOMwZaCD4E,Continental
Cookie Cup shots Recipe By Food Fusion,Cookie Cup shots Recipe,https://www.youtube.com/watch?v=UL3feeVuqbA,Continental
Chicken Lazeez Recipe By Food Fusion,Chicken Lazeez Recipe,https://www.youtube.com/watch?v=tjqtrysFTdg,Pakistani
Two Winter Halwa Recipes( Loki and besan ka Halwa) by Food Fusion,Two Winter Halwa Recipes( Loki and besan ka Halwa),https://www.youtube.com/watch?v=ouZ1kl6vyyk,Pakistani
Two Egg desserts for winter by Food Fusion,Two Egg desserts for winter,https://www.youtube.com/watch?v=6IjOjOePlG0,Pakistani
Carrot Cake Recipe By Food Fusion,Carrot Cake Recipe,https://www.youtube.com/watch?v=umwgaHW8Qzk,Continental
Bombay biryani and Beef Biryani Recipes by Food Fusion,Bombay biryani and Beef Biryani Recipes,https://www.youtube.com/watch?v=Yx8kiNM81o8,Pakistani
Potato triangles Recipe By Food Fusion,Potato triangles Recipe,https://www.youtube.com/watch?v=N6CtWYi3bfY,Pakistani
Orange Squash Recipe By Food Fusion,Orange Squash Recipe,https://www.youtube.com/watch?v=3IIdWmiGudg,Pakistani
Butter Chicken Biryani Recipe By Food Fusion,Butter Chicken Biryani Recipe,https://www.youtube.com/watch?v=Tf3P_UhafVw,Pakistani
Two Must try Vegetable Kababs Recipes by Food Fusion,Two Must try Vegetable Kababs Recipes,https://www.youtube.com/watch?v=ZMPjbLuCg8c,Pakistani
Mutton Kosha Recipe By Food Fusion,Mutton Kosha Recipe,https://www.youtube.com/watch?v=nv6xs09ezi8,Pakistani
Cream Of Mushroom Soup with Bread bowl Recipe By Food Fusion,Cream Of Mushroom Soup with Bread bowl Recipe,https://www.youtube.com/watch?v=VxlpnjfSsD8,Pakistani
Shepherd's pie Recipe By Food Fusion Detailed,Shepherd's pie Recipe By Food Fusion,https://www.youtube.com/watch?v=gveENCkNRV0,Pakistani
Cold Coffee Cake Recipe by Food Fusion,Cold Coffee Cake Recipe,https://www.youtube.com/watch?v=ESVsjr_XPEQ,Continental
Orange Marmalade Recipe By Food Fusion,Orange Marmalade Recipe,https://www.youtube.com/watch?v=-ZZPOXn6_9w,Pakistani
Homemade Butter & Desi Ghee Recipes By Food Fusion Detailed,Homemade Butter & Desi Ghee Recipes By Food Fusion,https://www.youtube.com/watch?v=G43ARXmCGag,Pakistani
Bread rolls with Gola kabab Recipe By Food Fusion,Bread rolls with Gola kabab Recipe,https://www.youtube.com/watch?v=q1Gvwb1cbJ0,Pakistani
Special Degi Biryani & White Biryani Recipes By Food Fusion,Special Degi Biryani & White Biryani Recipes,https://www.youtube.com/watch?v=zwfTy8E5i4U,Pakistani
Mutton bone Soup ( Hadion ka shorba),Mutton bone Soup ( Hadion ka shorba),https://www.youtube.com/watch?v=Ddf91Qg23Yw,Pakistani
Homemade Tomato Ketchup and Tomato Paste Recipes By Food Fusion,Homemade Tomato Ketchup and Tomato Paste Recipes,https://www.youtube.com/watch?v=jQcUi7BNWPw,Pakistani
Lahori Katlama & Lahori Fish Fry Recipe By Food Fusion,Lahori Katlama & Lahori Fish Fry Recipe,https://www.youtube.com/watch?v=Ae9LKm6caao,Pakistani
BreadSticks Recipe By Food Fusion,BreadSticks Recipe,https://www.youtube.com/watch?v=WVi6Lr8Pfps,Pakistani
Hara Lehsun paratha Recipe By Food Fusion,Hara Lehsun paratha Recipe,https://www.youtube.com/watch?v=HdK7xYpvdBc,Pakistani
Omurice and Chop Suey Recipes by Food Fusion,Omurice and Chop Suey Recipes,https://www.youtube.com/watch?v=GlKP5JWy_tM,Pakistani
Hummus & Baba Ghanoush Dips Recipes By Food Fusion,Hummus & Baba Ghanoush Dips Recipes,https://www.youtube.com/watch?v=6ryHFG7lkno,Arabic/Mediterranean
2 Unique Chaat Recipes (Manchurian Chaat & Kathiawari Cholay) By Food Fusion,2 Unique Chaat Recipes (Manchurian Chaat & Kathiawari Cholay),https://www.youtube.com/watch?v=Tm8Bgh7Kx-w,Chinese
Fire Wings with Spicy Cheese Sauce Recipe By Food Fusion,Fire Wings with Spicy Cheese Sauce Recipe,https://www.youtube.com/watch?v=W1Z8M_0tZvw,Pakistani
Top 2 Dhaba Style Daal recipes by Food Fusion,Top 2 Dhaba Style Daal recipes,https://www.youtube.com/watch?v=FhBlnYsbjQA,Pakistani
Chicken Tikka Sausages Recipe By Food Fusion,Chicken Tikka Sausages Recipe,https://www.youtube.com/watch?v=OyUvVuqBF7Y,Pakistani
Top 2 Chicken  Karahi Recipes By Food Fusion,Top 2 Chicken  Karahi Recipes,https://www.youtube.com/watch?v=IzAuvEXoCo4,Pakistani
Chicken Corn Soup 2 ways winter special Recipes By Food Fusion,Chicken Corn Soup 2 ways winter special Recipes,https://www.youtube.com/watch?v=JKyHkVkYQcA,Chinese
Creamy Chicken Tikka Rice Soup Recipe By Food Fusion,Creamy Chicken Tikka Rice Soup Recipe,https://www.youtube.com/watch?v=jN9IqYw2t5c,Pakistani
Saag Gosh Recipe ( Sindhi Style)  By Food Fusion,Saag Gosh Recipe ( Sindhi Style),https://www.youtube.com/watch?v=UvNA-Rejl1A,Pakistani
Chawal ka Chila Recipe (Typical Sindhi Style) By Food Fusion,Chawal ka Chila Recipe (Typical Sindhi Style),https://www.youtube.com/watch?v=QDPNw7flqIE,Pakistani
Here's what happend at the Karachi Street Food Festival 2018,Here's what happend at the Karachi Street Food Festival 2018,https://www.youtube.com/watch?v=gp4VfaSStds,Pakistani
Pethe Ka Halwa Recipe By Food Fusion,Pethe Ka Halwa Recipe,https://www.youtube.com/watch?v=ABDuEiLJ_Y8,Pakistani
Lahori Hareesa Recipe By Food Fusion,Lahori Hareesa Recipe,https://www.youtube.com/watch?v=X7a6hvaNeGw,Pakistani
Madrasi chicken Recipe By Food Fusion,Madrasi chicken Recipe,https://www.youtube.com/watch?v=x9m2WXRJs4g,Pakistani
Winter Special Kashmiri Chai and Hand Beaten Coffee Recipes By Food Fusion,Winter Special Kashmiri Chai and Hand Beaten Coffee Recipes,https://www.youtube.com/watch?v=Uiq3dNFqlaw,Continental
Lal lobia/ Red Kidney bean  kabab Recipe By Food Fusion,Lal lobia/ Red Kidney bean  kabab Recipe,https://www.youtube.com/watch?v=viD9gL3AAJw,Pakistani
Mava kachori Recipe By Food Fusion,Mava kachori Recipe,https://www.youtube.com/watch?v=lGwlQMiaLSc,Pakistani
Homemade Bread Crumbs 2 Ways Recipe By Food Fusion,Homemade Bread Crumbs 2 Ways Recipe,https://www.youtube.com/watch?v=lBcQKqVBVp4,Pakistani
Biye Barir Chicken Roast Recipe By Food Fusion,Biye Barir Chicken Roast Recipe,https://www.youtube.com/watch?v=nAvOx55G3B0,Pakistani
Pav Bhaji Recipe By Food Fusion,Pav Bhaji Recipe,https://www.youtube.com/watch?v=TBH-S04f_G8,Pakistani
Coffee Buns Recipe By Food Fusion,Coffee Buns Recipe,https://www.youtube.com/watch?v=J8Y2kZ0jMrM,Continental
Desserts For Special Occasion by Food Fusion,Desserts For Special Occasion,https://www.youtube.com/watch?v=rqbpfubWy20,Pakistani
Stay Tuned For An exclusive event video,Stay Tuned For An exclusive event video,https://www.youtube.com/watch?v=ti40chSDlTk,Pakistani
Red Velvet Cake Recipe By Food Fusion,Red Velvet Cake Recipe,https://www.youtube.com/watch?v=7c6sj2Nx8R0,Continental
Food Fusion is Ready to welcome you,Food Fusion is Ready to welcome you,https://www.youtube.com/watch?v=amFSaJuOf4I,Pakistani
We are all geared up and ready for Karachi Street Food Festival,We are all geared up and ready for Karachi Street Food Festival,https://www.youtube.com/watch?v=h1mS35zY3R0,Pakistani
Tears in our eyes today at Food Fusion,Tears in our eyes today at,https://www.youtube.com/watch?v=u1UR1bwJeDo,Pakistani
Deep Fried Burger Recipe by Food Fusion,Deep Fried Burger Recipe,https://www.youtube.com/watch?v=SdX9__EhhdQ,Continental
Food Fusion will be at Karachi Street Food Festival,Food Fusion will be at Karachi Street Food Festival,https://www.youtube.com/watch?v=iGC7SZm_Qdc,Pakistani
"BBQ Sauce, Yogurt sauce and Thousand Island Dressing Recipe By Food Fusion","BBQ Sauce, Yogurt sauce and Thousand Island Dressing Recipe",https://www.youtube.com/watch?v=7knX1Rwf-gs,Continental
Gajar Ka Halwa and Gajar Ki Barfi Recipes By Food Fusion,Gajar Ka Halwa and Gajar Ki Barfi Recipes,https://www.youtube.com/watch?v=4bX9qC9sxD0,Pakistani
Halwa Stuffed Puri Recipe By Food Fusion,Halwa Stuffed Puri Recipe,https://www.youtube.com/watch?v=bmLCz61hhp8,Pakistani
2 Delicious Brownie Recipes By Food Fusion,Brownie Recipes,https://www.youtube.com/watch?v=wasGqz9B4hw,Continental
Special Lachay dar Anda Paratha  Recipe By Food fusion,Special Lachay dar Anda Paratha  Recipe,https://www.youtube.com/watch?v=uO8fwpzzp0g,Pakistani
Chicken Khaowsuey/khaow suey Recipe by Food Fusion,Chicken Khaowsuey/khaow suey Recipe,https://www.youtube.com/watch?v=iUAQ6AZaAAI,Pakistani
Deep Dish Cookie Recipe By Food Fusion,Deep Dish Cookie Recipe,https://www.youtube.com/watch?v=rtDCl3HsOUM,Continental
1 Million Subscribers Celebration with Fondant cake Recipe By Food Fusion,1 Million Subscribers Celebration with Fondant cake Recipe,https://www.youtube.com/watch?v=NiFJhR3Q2w8,Continental
Malai Ladoo Recipe By Food Fusion,Malai Ladoo Recipe,https://www.youtube.com/watch?v=b848LWh4Vfc,Pakistani
Chicken Enchiladas Recipe By Food Fusion,Chicken Enchiladas Recipe,https://www.youtube.com/watch?v=0_XD_Cm8r3Y,Pakistani
Chicken Pulao with Shami Kabab Recipe By Food Fusion,Chicken Pulao with Shami Kabab Recipe,https://www.youtube.com/watch?v=M_NeHa_88Ew,Pakistani
Eggless Pav bread buns Recipe By Food Fusion,Eggless Pav bread buns Recipe,https://www.youtube.com/watch?v=KaDhU1OdrUQ,Pakistani
Aubergine (Eggplant) Meatballs Recipe By Food Fusion,Aubergine (Eggplant) Meatballs Recipe,https://www.youtube.com/watch?v=FQfEYNdxZgs,Continental
Homemade Condensed Milk Recipe By Food Fusion,Homemade Condensed Milk Recipe,https://www.youtube.com/watch?v=G5zVQiIkZe4,Pakistani
Sweet Chili Sauce Recipe By Food Fusion,Sweet Chili Sauce Recipe,https://www.youtube.com/watch?v=w3cTgwtNOaU,Pakistani
Chocolate Mug Cake in Microwave recipe By Food Fusion,Chocolate Mug Cake in Microwave recipe,https://www.youtube.com/watch?v=XvqVZV0zb3M,Continental
Coffee Cupcakes Recipe By Food Fusion,Coffee Cupcakes Recipe,https://www.youtube.com/watch?v=N0wHnJ_U01A,Continental
2 Homemade Nimko Recipes By Food Fusion,2 Homemade Nimko Recipes,https://www.youtube.com/watch?v=A7xbPiIEaig,Pakistani
Cheesy Beef Macaroni (Goulash) Recipe By Food Fusion,Cheesy Beef Macaroni (Goulash) Recipe,https://www.youtube.com/watch?v=B-NIhaT5X8s,Continental
3 Recipe ideas with pulled chicken filling by Food Fusion,3 Recipe ideas with pulled chicken filling,https://www.youtube.com/watch?v=adZNulUe4Mc,Pakistani
Team Food Fusion having a pizza party,Team Food Fusion having a pizza party,https://www.youtube.com/watch?v=XSbYeXACXV4,Continental
Cheese Stuffed Chicken Recipe By Food Fusion,Cheese Stuffed Chicken Recipe,https://www.youtube.com/watch?v=n78zzEhyKjg,Pakistani
Movie Night Snack Recipes for your Weekend by Food Fusion,Movie Night Snack Recipes for your Weekend,https://www.youtube.com/watch?v=H9WTGeoOuNQ,Pakistani
Fusion Shortcut Sauce (Time saving cooking ) Recipe by Food Fusion,Fusion Shortcut Sauce (Time saving cooking ) Recipe,https://www.youtube.com/watch?v=SgSVoDtbgNQ,Pakistani
Tandoori Chicken Roll-ups Recipe By Food Fusion,Tandoori Chicken Roll-ups Recipe,https://www.youtube.com/watch?v=xwqQDPmzpMA,Pakistani
Kafta kabab Recipe By Food Fusion,Kafta kabab Recipe,https://www.youtube.com/watch?v=5R8ge6KTh8M,Pakistani
Gram flour Wraps with mince filling recipe by Food Fusion,Gram flour Wraps with mince filling recipe,https://www.youtube.com/watch?v=gw5wssleaR8,Pakistani
Seekh Kabab Curry Recipe By Food Fusion,Seekh Kabab Curry Recipe,https://www.youtube.com/watch?v=Hu0gggLpeuU,Pakistani
Irresistible Desi Milk Dessert Recipes By Food Fusion,Irresistible Desi Milk Dessert Recipes,https://www.youtube.com/watch?v=E-PjvawCcEQ,Pakistani
Batata Harra ( Lebanese Style Spicy Potatoes) Recipe By Food Fusion,Batata Harra ( Lebanese Style Spicy Potatoes) Recipe,https://www.youtube.com/watch?v=LWC2DDKfA30,Arabic/Mediterranean
Chicken Hot Rods with Sweet Chili Sauce recipe by Food Fusion,Chicken Hot Rods with Sweet Chili Sauce recipe,https://www.youtube.com/watch?v=zU9KbQOL7lc,Pakistani
Schezwan Sauce Recipe By Food Fusion,Schezwan Sauce Recipe,https://www.youtube.com/watch?v=YTtktkLjEgA,Chinese
Chicken Masala Curry Recipe By Food Fusion,Chicken Masala Curry Recipe,https://www.youtube.com/watch?v=vrVMgQ_ra_g,Pakistani
Chicken Sizzler with Garlic Rice Recipe By Food Fusion,Chicken Sizzler with Garlic Rice Recipe,https://www.youtube.com/watch?v=xZDHJAFaSvk,Pakistani
Nachos with Salsa & Cheese Sauce Recipe By Food Fusion,Nachos with Salsa & Cheese Sauce Recipe,https://www.youtube.com/watch?v=pAUaLuHvt04,Pakistani
Steam Fish with Gravy Recipe By Food Fusion,Steam Fish with Gravy Recipe,https://www.youtube.com/watch?v=LgamCRhyreo,Pakistani
Grilled Sandwiches 2 ways Recipes by food fusion,Grilled Sandwiches 2 ways Recipes,https://www.youtube.com/watch?v=Ceh21WCg0jk,Pakistani
Thai Style Satay Drumsticks recipe By Food Fusion,Thai Style Satay Drumsticks recipe,https://www.youtube.com/watch?v=UM7edC8mFsU,Pakistani
Butterfly Chicken with Schezwan Sauce Recipe By Food Fusion,Butterfly Chicken with Schezwan Sauce Recipe,https://www.youtube.com/watch?v=oPqGgYXK0gA,Chinese
2 Delicious way to use leftovers By Food Fusion,way to use leftovers,https://www.youtube.com/watch?v=P3GUJqz2sMI,Pakistani
Bajre kay Kabab Recipe By Food Fusion,Bajre kay Kabab Recipe,https://www.youtube.com/watch?v=uyNc1VSRJkU,Pakistani
Easy Breakfast Recipe Ideas by Food Fusion,Easy Breakfast Recipe Ideas,https://www.youtube.com/watch?v=0cI97Cfphpc,Pakistani
Mutton Malai Recipe By Food Fusion,Mutton Malai Recipe,https://www.youtube.com/watch?v=-coABeQb6qk,Pakistani
Chicken and qeema kachori Recipe By Food Fusion,Chicken and qeema kachori Recipe,https://www.youtube.com/watch?v=uyiIV0J361U,Pakistani
Baisan Chicken Recipe By Food Fusion,Baisan Chicken Recipe,https://www.youtube.com/watch?v=yAGk646fj1g,Pakistani
Quick and Easy Evening snacks  Recipes by Food Fusion,Quick and Easy Evening snacks  Recipes,https://www.youtube.com/watch?v=aJEM8Xxub1M,Pakistani
Crispy Vegetable Box patties Recipe By Food Fusion,Crispy Vegetable Box patties Recipe,https://www.youtube.com/watch?v=ESnF6T7T3Is,Pakistani
A complete Pizza 101 by Food Fusion Detailed,A complete Pizza 101 by Food Fusion,https://www.youtube.com/watch?v=SoCFzqkrsFA,Continental
Chana pulao Recipe By Food Fusion,Chana pulao Recipe,https://www.youtube.com/watch?v=kEyKyG0EbOA,Pakistani
Cinnamon rolls without oven recipe by Food Fusion,Cinnamon rolls without oven recipe,https://www.youtube.com/watch?v=hrw_FoFCFIE,Pakistani
Fish Kofta Recipe By Food Fusion,Fish Kofta Recipe,https://www.youtube.com/watch?v=tRHUC1_D42o,Pakistani
Pakwan Recipe By Food Fusion,Pakwan Recipe,https://www.youtube.com/watch?v=A7-K1ggtAm0,Pakistani
Chicken stuffed Potato Sandwich Recipe By Food Fusion,Chicken stuffed Potato Sandwich Recipe,https://www.youtube.com/watch?v=t0fDkCU7qZc,Continental
Maiday ka Halwa Recipe By Food Fusion,Maiday ka Halwa Recipe,https://www.youtube.com/watch?v=L3twSmL-gu4,Pakistani
Spicy Beef Tikka Recipe By Food Fusion,Spicy Beef Tikka Recipe,https://www.youtube.com/watch?v=h85fp9Hw0vM,Pakistani
Pakistani Spanish Omelette Recipe By Food Fusion Detailed,Pakistani Spanish Omelette Recipe By Food Fusion,https://www.youtube.com/watch?v=aVghCrTBEsE,Continental
Cheesy Beef Bread recipe by Food Fusion,Cheesy Beef Bread recipe,https://www.youtube.com/watch?v=e37Q-p_Vt-4,Pakistani
Sindhi Beh Chop (Lotus Root) recipe By Food Fusion,Sindhi Beh Chop (Lotus Root) recipe,https://www.youtube.com/watch?v=OvZEJ-7f0CU,Pakistani
Palla Machli Recipe By Food Fusion,Palla Machli Recipe,https://www.youtube.com/watch?v=8wN3lNc2RIc,Pakistani
Beef Chili Recipe By Food Fusion,Beef Chili Recipe,https://www.youtube.com/watch?v=RROFES8Qsgc,Pakistani
Jhinga Biryani/Prawn Biryani Recipe By Food Fusion,Jhinga Biryani/Prawn Biryani Recipe,https://www.youtube.com/watch?v=m92Zm224lEE,Pakistani
Homemade Chicken Nuggets Recipe  By Food Fusion Detailed,Homemade Chicken Nuggets Recipe  By Food Fusion,https://www.youtube.com/watch?v=W3YKp8NntVc,Pakistani
Masala Fried Bread Recipe Recipe By Food Fusion,Masala Fried Bread Recipe Recipe,https://www.youtube.com/watch?v=e5LcGXQkGq8,Pakistani
Masala Aloo Bhindi Recipe By Food Fusion,Masala Aloo Bhindi Recipe,https://www.youtube.com/watch?v=NZwQExS8u9k,Pakistani
Sweet Clove Pockets Recipe By Food Fusion,Sweet Clove Pockets Recipe,https://www.youtube.com/watch?v=BxIyMUsEjKM,Pakistani
BBQ Recipe Collection by Food Fusion,BBQ Recipe Collection,https://www.youtube.com/watch?v=h1wCX4pDeC8,Pakistani
Charsi Karahi Recipe By Food Fusion,Charsi Karahi Recipe,https://www.youtube.com/watch?v=Gt9uyqPa5eM,Pakistani
Turkish Testi Kebab Recipe By Food Fusion,Turkish Testi Kebab Recipe,https://www.youtube.com/watch?v=nAo0RRJ8KSQ,Arabic/Mediterranean
Meaty Karahi Recipes By Food Fusion,Meaty Karahi Recipes,https://www.youtube.com/watch?v=TOPsvgA2Yhs,Pakistani
Beef Reshmi Kabab Paratha Roll Recipe By Food Fusion,Beef Reshmi Kabab Paratha Roll Recipe,https://www.youtube.com/watch?v=hFvokltVxgE,Pakistani
Bari Eid Bari Dawat Recipes By Food Fusion,Bari Eid Bari Dawat Recipes,https://www.youtube.com/watch?v=dnhK3aHf21c,Pakistani
Meaty Eid special Menu Recipes By Food Fusion,Meaty Eid special Menu Recipes,https://www.youtube.com/watch?v=YHb5bUeu22M,Pakistani
Siri Paye Recipe By Food Fusion,Siri Paye Recipe,https://www.youtube.com/watch?v=2aV8Qkgf_ZY,Pakistani
Eid Mubarak from Food Fusion,Eid Mubarak from,https://www.youtube.com/watch?v=U9mrLkY0REQ,Pakistani
Kaleji 4 Ways Eid Special recipes By Food Fusion,Kaleji 4 Ways Eid Special recipes,https://www.youtube.com/watch?v=LwTEljhjVM0,Pakistani
Podina Raan ( Mutton Leg)  Recipe By Food Fusion (Eid Special),Podina Raan ( Mutton Leg)  Recipe By Food Fusion (Eid Special),https://www.youtube.com/watch?v=FdgyXDpes24,Pakistani
Lahori Mutton Karahi Recipe By Food Fusion (Eid Special Recipe),Lahori Mutton Karahi Recipe By Food Fusion (Eid Special Recipe),https://www.youtube.com/watch?v=XYfAAItezCw,Pakistani
Mutanjan Recipe By Food Fusion (Eid Special),Mutanjan Recipe By Food Fusion (Eid Special),https://www.youtube.com/watch?v=8eBC7KWl5ps,Pakistani
Meaty Rice Recipes By Food Fusion,Meaty Rice Recipes,https://www.youtube.com/watch?v=ahzFNV_Cyow,Pakistani
Motia Pulao Recipe By Food Fusion (Bakra Eid Special),Motia Pulao Recipe By Food Fusion (Bakra Eid Special),https://www.youtube.com/watch?v=c23OtjqW22I,Pakistani
Spicy Vermicelli Stir fry with beef mince Recipe By Food Fusion (Bakra Eid Special),Spicy Vermicelli Stir fry with beef mince Recipe By Food Fusion (Bakra Eid Special),https://www.youtube.com/watch?v=kHDJQqRKkRE,Pakistani
Tawa Fry Kaleji Recipe By Food Fusion,Tawa Fry Kaleji Recipe,https://www.youtube.com/watch?v=Ftfz4mNmCvA,Pakistani
Shahi Mulaim Kabab Recipe By Food Fusion,Shahi Mulaim Kabab Recipe,https://www.youtube.com/watch?v=airVtQdntP4,Pakistani
Mutton/Beef & Vegetable recipes by Food Fusion ( Bakra Eid Special),Mutton/Beef & Vegetable recipes by Food Fusion ( Bakra Eid Special),https://www.youtube.com/watch?v=fy8ZXs_PpUI,Pakistani
Meethi Khoya Barfi Recipe By Food Fusion,Meethi Khoya Barfi Recipe,https://www.youtube.com/watch?v=-eIA7oZWtIw,Pakistani
Nalli Biryani recipe By Food Fusion,Nalli Biryani recipe,https://www.youtube.com/watch?v=O7TaDVGpRnM,Pakistani
Burmese Beef Khaowsuey (KhaowSay) Recipe  By Food Fusion Bakra Eid Special,Burmese Beef Khaowsuey (KhaowSay) Recipe  By Food Fusion Bakra Eid Special,https://www.youtube.com/watch?v=Wza--gO5z2k,Pakistani
Top Beef & Mutton Kabab Recipes By Food Fusion (Bakra Eid Special),Top Beef & Mutton Kabab Recipes By Food Fusion (Bakra Eid Special),https://www.youtube.com/watch?v=Sjr8LqIzy3Y,Pakistani
Turkish Style Pizza Recipe By Food Fusion,Turkish Style Pizza Recipe,https://www.youtube.com/watch?v=L8FP5P-_Lqk,Arabic/Mediterranean
Shinwari Mutton karahi Recipe By Food Fusion (Bakra Eid Special),Shinwari Mutton karahi Recipe By Food Fusion (Bakra Eid Special),https://www.youtube.com/watch?v=KnXyjTRwt6c,Pakistani
Bandhani Pasanday kabab Recipe By Food Fusion (Bakra Eid Special),Bandhani Pasanday kabab Recipe By Food Fusion (Bakra Eid Special),https://www.youtube.com/watch?v=9M6OkBNOXwM,Pakistani
Food Fusion Celebrating Independence day,Food Fusion Celebrating Independence day,https://www.youtube.com/watch?v=gP5zij9x2tE,Pakistani
Mutton Jalfrezi Recipe By Food Fusion (Bakra Eid Special recipe),Mutton Jalfrezi Recipe By Food Fusion (Bakra Eid Special recipe),https://www.youtube.com/watch?v=m0kZMOfXzNU,Pakistani
Eid ul Azha Special Recipes By Food Fusion,Eid ul Azha Special Recipes,https://www.youtube.com/watch?v=x6NPoYjym_c,Pakistani
Bakra Eid Special Masalydaar Meat Recipes By Food Fusion (Bakra Eid Special recipes),Bakra Eid Special Masalydaar Meat Recipes By Food Fusion (Bakra Eid Special recipes),https://www.youtube.com/watch?v=Z0IsMdt9Ny4,Pakistani
Meat Curry Bakra Eid Special Recipes By Food Fusion,Meat Curry Bakra Eid Special Recipes,https://www.youtube.com/watch?v=GlgU9QKU8O4,Pakistani
Jali Kabab Recipe By Food Fusion (Bakra Eid Special Recipe),Jali Kabab Recipe By Food Fusion (Bakra Eid Special Recipe),https://www.youtube.com/watch?v=XN5VJqWSDAM,Pakistani
Arvi gosht (Taro Root)  recipe by food fusion,Arvi gosht (Taro Root)  recipe,https://www.youtube.com/watch?v=qd4ck6Scq38,Pakistani
Sofiyani (white) Biryani Recipe By Food Fusion,Sofiyani (white) Biryani Recipe,https://www.youtube.com/watch?v=ZX3y9odsAcw,Pakistani
Chicken Degi Korma Recipe by Food Fusion,Chicken Degi Korma Recipe,https://www.youtube.com/watch?v=DwzUJAV-aoU,Pakistani
Tea Time snacks by food fusion,Tea Time snacks,https://www.youtube.com/watch?v=wuWSK12hKQk,Pakistani
Sindhi Beh Chaat (Lotus Root) Recipe By Food Fusion,Sindhi Beh Chaat (Lotus Root) Recipe,https://www.youtube.com/watch?v=PIKHmkezL1I,Pakistani
Street Style Mini Bun Kabab Recipe By Food Fusion,Street Style Mini Bun Kabab Recipe,https://www.youtube.com/watch?v=_EhPLfrrH_I,Pakistani
Chicken Rezala Recipe By Food Fusion,Chicken Rezala Recipe,https://www.youtube.com/watch?v=pTMO5Vy-gyY,Pakistani
Chocolate Brownie Recipe By Food Fusion,Chocolate Brownie Recipe,https://www.youtube.com/watch?v=uNsdP-md3MA,Continental
Mash Daal with Tadka Recipe By Food Fusion,Mash Daal with Tadka Recipe,https://www.youtube.com/watch?v=iyO-3eD_fs8,Pakistani
Nargisi Aloo Kofta Recipe By Food Fusion,Nargisi Aloo Kofta Recipe,https://www.youtube.com/watch?v=1a2kzaMTSQs,Pakistani
Calzone with mince Recipe By Food Fusion,Calzone with mince Recipe,https://www.youtube.com/watch?v=5T6HFxOOSzc,Pakistani
Guar Ki phali Recipe By Food Fusion,Guar Ki phali Recipe,https://www.youtube.com/watch?v=JJxyj5tQek4,Pakistani
Chicken Fajita Thin Crust Pizza Recipe By Food Fusion,Chicken Fajita Thin Crust Pizza Recipe,https://www.youtube.com/watch?v=mHipexNOAq4,Continental
Fry Bread Recipe By Food Fusion,Fry Bread Recipe,https://www.youtube.com/watch?v=WtLSmSlMP1Q,Pakistani
Tawa Biryani Recipe by Food Fusion,Tawa Biryani Recipe,https://www.youtube.com/watch?v=8GbnelJlGMw,Pakistani
Moroccan Grilled Chicken by Food Fusion,Moroccan Grilled Chicken,https://www.youtube.com/watch?v=bfQr4Dal5jo,Pakistani
Middle eastern recipes By Food Fusion,Middle eastern recipes,https://www.youtube.com/watch?v=8E6YeloAPLo,Pakistani
Tex Mex Pizza Recipe By Food Fusion,Tex Mex Pizza Recipe,https://www.youtube.com/watch?v=fa0YvpVeZGU,Continental
Pineapple Cream Dessert Recipe By Food Fusion,Pineapple Cream Dessert Recipe,https://www.youtube.com/watch?v=vJYjY0OjYS0,Pakistani
Mexican Street Corn Recipe By Food Fusion,Mexican Street Corn Recipe,https://www.youtube.com/watch?v=ueM9Q6tlPs8,Pakistani
Shortbread Cookie Sandwich with Dulce De Leche  Recipe By Food Fusion,Shortbread Cookie Sandwich with Dulce De Leche  Recipe,https://www.youtube.com/watch?v=zH4_TzKJz78,Continental
Zalim Loaded Fries Recipe by Food Fusion,Zalim Loaded Fries Recipe,https://www.youtube.com/watch?v=68NR9XgssXE,Pakistani
Vegetable Lasagna Recipe By Food Fusion,Vegetable Lasagna Recipe,https://www.youtube.com/watch?v=G6KsVBugkgA,Continental
Chicken Tikka handi Recipe By Food Fusion,Chicken Tikka handi Recipe,https://www.youtube.com/watch?v=ydWrp3S49M8,Pakistani
Mango Stuffed Kulfi Recipe by Food Fusion,Mango Stuffed Kulfi Recipe,https://www.youtube.com/watch?v=l1RBjC3eqQE,Pakistani
Egg Korma Recipe by Food Fusion,Egg Korma Recipe,https://www.youtube.com/watch?v=lW3ACep7US0,Pakistani
Creamy BBQ Chicken Pasta Recipe by Food Fuison,Creamy BBQ Chicken Pasta Recipe by Food Fuison,https://www.youtube.com/watch?v=-ZDKZoVWvF8,Continental
Nutella Brownie Recipe by Food Fusion,Nutella Brownie Recipe,https://www.youtube.com/watch?v=xT6pFp6Ru80,Continental
Chana Daal (Dhaba Style) By Food Fusion,Chana Daal (Dhaba Style),https://www.youtube.com/watch?v=nt1f0IegTWQ,Pakistani
"Food at Sultan Restaurant Capadocia, Turkey. Food Fusion","Food at Sultan Restaurant Capadocia, Turkey.",https://www.youtube.com/watch?v=9mwo3-ivQlM,Pakistani
Homemade Chicken Spread Recipe By Food Fusion,Homemade Chicken Spread Recipe,https://www.youtube.com/watch?v=VBb5W564hVA,Pakistani
Top 4 Make and Store Refreshing Summer Drinks by Food Fusion,Top 4 Make and Store Refreshing Summer Drinks,https://www.youtube.com/watch?v=I1SV6-7ACgk,Pakistani
Kuchla Hua Gosht Recipe by Food Fusion,Kuchla Hua Gosht Recipe,https://www.youtube.com/watch?v=mdkEWmVbPVc,Pakistani
6 Mango Recipes By Food Fusion (Summer Special),6 Mango Recipes By Food Fusion (Summer Special),https://www.youtube.com/watch?v=PoJdXvyTGiU,Pakistani
Boneless Chicken Curry  Recipes By Food Fusion,Boneless Chicken Curry  Recipes,https://www.youtube.com/watch?v=vet7G_bRVBk,Pakistani
Moong daal halwa Recipe by Food Fusion,Moong daal halwa Recipe,https://www.youtube.com/watch?v=0_dlp1cyTMQ,Pakistani
Eid Mubarak From Team Food Fusion,Eid Mubarak From Team,https://www.youtube.com/watch?v=R9xExpXyg3E,Pakistani
8 Desi Dessert Recipes By Food Fusion,8 Desi Dessert Recipes,https://www.youtube.com/watch?v=stWnGwn8-9A,Pakistani
Mutton Lucknowi Pulao Recipe by Food Fusion,Mutton Lucknowi Pulao Recipe,https://www.youtube.com/watch?v=9LzXQ7OsXvI,Pakistani
Desserts in a Cup - Recipes by Food Fusion,Desserts in a Cup,https://www.youtube.com/watch?v=VL_qayV3yHw,Pakistani
Eid Dawat Recipes By Food Fusion,Eid Dawat Recipes,https://www.youtube.com/watch?v=edpjsgKiRDI,Pakistani
Shahi Zarda Recipe By Food Fusion,Shahi Zarda Recipe,https://www.youtube.com/watch?v=BmcQ6fX75AI,Pakistani
Chocolate Malt Cake Recipe by Food Fusion,Chocolate Malt Cake Recipe,https://www.youtube.com/watch?v=Ypjrd8Vt4PA,Continental
Gulab Jamun  2 Ways By Food Fusion,Gulab Jamun  2 Ways,https://www.youtube.com/watch?v=Ei712LoIHOw,Pakistani
Chicken Sliders Recipe By Food Fusion,Chicken Sliders Recipe,https://www.youtube.com/watch?v=6K1NCO9QH0o,Pakistani
Chicken Malai Handi Recipe By Food Fusion,Chicken Malai Handi Recipe,https://www.youtube.com/watch?v=jfzui5qqw0U,Pakistani
Brownie Trifle with Chocolate Custard  Recipe by Food Fusion (Eid Special Recipe),Brownie Trifle with Chocolate Custard  Recipe by Food Fusion (Eid Special Recipe),https://www.youtube.com/watch?v=votyS5Qfzhg,Continental
Eid Special Sawaiyan Recipes By Food Fusion,Eid Special Sawaiyan Recipes,https://www.youtube.com/watch?v=c1QE2eX6VkA,Pakistani
6 Korma Recipes By Food Fusion (Eid Special Recipe),6 Korma Recipes By Food Fusion (Eid Special Recipe),https://www.youtube.com/watch?v=uSAZquoYntE,Pakistani
Chicken Masala Biryani (Street Style) By Food Fusion,Chicken Masala Biryani (Street Style),https://www.youtube.com/watch?v=Yx0BK2qwUlc,Pakistani
Fruit Custard Trifle Recipe By Food Fusion (Eid Special Recipe),Fruit Custard Trifle Recipe By Food Fusion (Eid Special Recipe),https://www.youtube.com/watch?v=Gz0FjmjTIh8,Pakistani
Chicken Mandi Recipe By Food Fusion (Eid Special),Chicken Mandi Recipe By Food Fusion (Eid Special),https://www.youtube.com/watch?v=I-2CBOa19tI,Arabic/Mediterranean
Pineapple Upside-down Cake Recipe By Food Fusion (Eid Special),Pineapple Upside-down Cake Recipe By Food Fusion (Eid Special),https://www.youtube.com/watch?v=ywaFfCIWw5w,Continental
4 Tikka Recipes by Food Fusion,4 Tikka Recipes,https://www.youtube.com/watch?v=kiLnPgLPRx0,Pakistani
Korean Fried Chicken Recipe By Food Fusion,Korean Fried Chicken Recipe,https://www.youtube.com/watch?v=LQxJFgfvIlQ,Pakistani
Rasmalai 2 ways Recipes By Food Fusion ( Read description for tips),Rasmalai 2 ways Recipes By Food Fusion ( Read description for tips),https://www.youtube.com/watch?v=3C27tqoIjww,Pakistani
Nawabi Sawaiyan Recipe By Food Fusion (Eid Special Recipe),Nawabi Sawaiyan Recipe By Food Fusion (Eid Special Recipe),https://www.youtube.com/watch?v=j6bcs2cHfeE,Pakistani
Mango Rice Kheer Recipe By Food Fusion,Mango Rice Kheer Recipe,https://www.youtube.com/watch?v=UdW6yMRyExk,Pakistani
Detox Green Tea 3 Ways Recipe By Food Fusion,Detox Green Tea 3 Ways Recipe,https://www.youtube.com/watch?v=NcrpizZp9pw,Pakistani
Sizzling Chocolate Brownie Recipe By Food Fusion,Sizzling Chocolate Brownie Recipe,https://www.youtube.com/watch?v=nEN8BwK1uiw,Continental
Double Ka Meetha Recipe by food fusion,Double Ka Meetha Recipe,https://www.youtube.com/watch?v=Zoa8DNDbkvA,Pakistani
5 Folding techniques with Samosa dough By Food Fusion,5 Folding techniques with Samosa dough,https://www.youtube.com/watch?v=Jrz_LpL7ZQY,Pakistani
Kasturi Chicken Skewers Recipe By Food Fusion,Kasturi Chicken Skewers Recipe,https://www.youtube.com/watch?v=EzYgKklfGN8,Pakistani
Chicken Shakshuka Recipe By Food Fusion (Sehri Recipe by Food Fusion),Chicken Shakshuka Recipe By Food Fusion (Sehri Recipe by Food Fusion),https://www.youtube.com/watch?v=3OmKspmRtxg,Pakistani
Mango Kulfi Falooda Recipe By Food Fusion,Mango Kulfi Falooda Recipe,https://www.youtube.com/watch?v=rFTj-wTDICE,Pakistani
Besan ki Barfi Recipe by Food Fusion,Besan ki Barfi Recipe,https://www.youtube.com/watch?v=3HihV6RsufQ,Pakistani
Smoothies 2 ways Recipe By Food Fusion,Smoothies 2 ways Recipe,https://www.youtube.com/watch?v=5cIujSVN7EA,Pakistani
Lab e Shireen Recipe By Food Fusion (Ramzan Special Recipe ),Lab e Shireen Recipe By Food Fusion (Ramzan Special Recipe ),https://www.youtube.com/watch?v=04DPkJRWPRc,Pakistani
Vermicelli kunafa Recipe by Food Fusion (Eid Special),Vermicelli kunafa Recipe by Food Fusion (Eid Special),https://www.youtube.com/watch?v=-9zW89MFEgg,Arabic/Mediterranean
Mirch Pakora Recipe By Food Fusion (Ramzan Recipes),Mirch Pakora Recipe By Food Fusion (Ramzan Recipes),https://www.youtube.com/watch?v=NXQqvWFu8bc,Pakistani
Qeema Kachori Recipe By Food Fusion (Ramzan Recipe),Qeema Kachori Recipe By Food Fusion (Ramzan Recipe),https://www.youtube.com/watch?v=NJtTF6iJgbI,Pakistani
Aloo Chop Recipe by Food Fusion (Ramzan Recipe),Aloo Chop Recipe by Food Fusion (Ramzan Recipe),https://www.youtube.com/watch?v=W-kOli8M4cI,Pakistani
Chinese Rolls Recipe By Food Fusion (Ramzan recipe),Chinese Rolls Recipe By Food Fusion (Ramzan recipe),https://www.youtube.com/watch?v=I6YM6ah8Eko,Chinese
Fried and Baked Wontons by Food Fusion (Ramzan Special),Fried and Baked Wontons by Food Fusion (Ramzan Special),https://www.youtube.com/watch?v=8STvTsytNr0,Pakistani
Mango Squash Recipe By Food Fusion,Mango Squash Recipe,https://www.youtube.com/watch?v=1qDldeZuGcQ,Pakistani
Dahi Phulkiyan Recipe By Food Fusion (Ramzan Special Recipe),Dahi Phulkiyan Recipe By Food Fusion (Ramzan Special Recipe),https://www.youtube.com/watch?v=OiDm3af5FxI,Pakistani
Mango and Falsa iced Green Tea By Food Fusion,Mango and Falsa iced Green Tea,https://www.youtube.com/watch?v=QeTfeHy2vTk,Pakistani
Chicken Joojeh Kabab Recipe By Food Fusion,Chicken Joojeh Kabab Recipe,https://www.youtube.com/watch?v=4G8BHJWvoX8,Pakistani
Pizza Samosa Recipe by Food Fusion (Ramzan Special),Pizza Samosa Recipe by Food Fusion (Ramzan Special),https://www.youtube.com/watch?v=T9FUZIEUKEI,Continental
10 Dawat Recipes by Food Fusion,10 Dawat Recipes,https://www.youtube.com/watch?v=ofwvrPSSU6Y,Pakistani
Chicken Kabab Sticks Recipe By Food Fusion,Chicken Kabab Sticks Recipe,https://www.youtube.com/watch?v=-poDGz_z8kg,Pakistani
Turkish kabab Recipe By Food Fusion,Turkish kabab Recipe,https://www.youtube.com/watch?v=O_g4ex00DB8,Arabic/Mediterranean
Chicken loaded fries with white sauce Recipe By Food Fusion,Chicken loaded fries with white sauce Recipe,https://www.youtube.com/watch?v=gsBuKpkDw2w,Pakistani
Dal Pakora 3 ways recipes by Food Fusion,Dal Pakora 3 ways recipes,https://www.youtube.com/watch?v=UwjCa6b_Ng4,Pakistani
Chicken Cheese Bread Rolls Recipe By Food Fusion (Ramzan Special),Chicken Cheese Bread Rolls Recipe By Food Fusion (Ramzan Special),https://www.youtube.com/watch?v=Tkja9-RMnKg,Pakistani
Highway style chicken karahi recipe by food fusion,Highway style chicken karahi recipe,https://www.youtube.com/watch?v=DiEv4eqfAQw,Pakistani
Chocolate Malt Ice Cream By Food Fusion,Chocolate Malt Ice Cream,https://www.youtube.com/watch?v=c6zOdgkZ_mQ,Pakistani
Kabab Biryani Recipe By Food Fusion,Kabab Biryani Recipe,https://www.youtube.com/watch?v=bTryrRhwoRU,Pakistani
Aloo Kachori Recipe By Food Fusion (Ramzan Recipe),Aloo Kachori Recipe By Food Fusion (Ramzan Recipe),https://www.youtube.com/watch?v=UKngekoGvh4,Pakistani
Grilled Greek Chicken Recipe by Food Fusion,Grilled Greek Chicken Recipe,https://www.youtube.com/watch?v=_zQLl3_Sf0s,Pakistani
10 Quick Parathas for sehri (Ramzan Special Recipes 2018)  By Food Fusion,10 Quick Parathas for sehri (Ramzan Special Recipes 2018),https://www.youtube.com/watch?v=N8UZKPCorrI,Pakistani
Crispy Box Patties Recipe By Food Fusion (Ramzan special recipe),Crispy Box Patties Recipe By Food Fusion (Ramzan special recipe),https://www.youtube.com/watch?v=6rdvaYuqOsA,Pakistani
4 Amazing Dips with ketchup & Mayo - Recipes By Food Fusion,Dips with ketchup & Mayo,https://www.youtube.com/watch?v=2VUQmOhpLGE,Pakistani
Top 10 refreshing summer drinks recipes by Food Fusion ( Iftar Drinks Recipes ),Top 10 refreshing summer drinks recipes by Food Fusion ( Iftar Drinks Recipes ),https://www.youtube.com/watch?v=a8kHpVZwJAQ,Pakistani
Fried Aloo Chaat Recipe by Food Fusion,Fried Aloo Chaat Recipe,https://www.youtube.com/watch?v=lx0IRy4QLtU,Pakistani
Aloo Bhujiya with Tamatar recipe by Food Fusion (Ramzan Sehri Special Recipe),Aloo Bhujiya with Tamatar recipe by Food Fusion (Ramzan Sehri Special Recipe),https://www.youtube.com/watch?v=8GAVjxf3kgU,Pakistani
Manchurian Chaat Recipe By Food Fusion (Ramzan Special Recipe),Manchurian Chaat Recipe By Food Fusion (Ramzan Special Recipe),https://www.youtube.com/watch?v=8T8gyD-e0uI,Chinese
Aloo Bhujiya with Zeera (Cumin seeds) Recipe By Food Fusion,Aloo Bhujiya with Zeera (Cumin seeds) Recipe,https://www.youtube.com/watch?v=1Vmv_wVJHgI,Pakistani
Pakoras with Leftover 4-Ways Recipe By Food Fusion (Ramzan Special Recipe),Pakoras with Leftover 4-Ways Recipe By Food Fusion (Ramzan Special Recipe),https://www.youtube.com/watch?v=HeQyrTrEh1M,Pakistani
Pasta Cutlets Recipe By Food Fusion,Pasta Cutlets Recipe,https://www.youtube.com/watch?v=mrwC4oBuoyM,Continental
Punjabi Aloo Samosa (Layered Punjabi Samosa) Ramadan Special Recipe By Food Fusion,Punjabi Aloo Samosa (Layered Punjabi Samosa) Ramadan Special Recipe,https://www.youtube.com/watch?v=b1emQw1LyHk,Pakistani
Chicken Kabab Paratha Recipe By Food Fusion (Ramzan special Recipe),Chicken Kabab Paratha Recipe By Food Fusion (Ramzan special Recipe),https://www.youtube.com/watch?v=LQH0FT1Z8tQ,Pakistani
Ramzan Special Qeema Recipes By Food Fusion,Ramzan Special Qeema Recipes,https://www.youtube.com/watch?v=wSVgmdVSMGw,Pakistani
Mug Cake Recipe By Food Fusion,Mug Cake Recipe,https://www.youtube.com/watch?v=FNSr5HtmjKc,Continental
Congratulations to All the winners for Food Food Fusion & Shan Competition,Congratulations to All the winners for Food Food Fusion & Shan Competition,https://www.youtube.com/watch?v=IK9cp5uJEpc,Pakistani
Achari Chili Bites Recipe By Food Fusion (Ramzan Special Recipe),Achari Chili Bites Recipe By Food Fusion (Ramzan Special Recipe),https://www.youtube.com/watch?v=0hi2-0KyS7I,Pakistani
Tawa Chicken Tikka Pizza Without Yeast  Recipe by Food Fusion (Ramzan Special Recipe),Tawa Chicken Tikka Pizza Without Yeast  Recipe by Food Fusion (Ramzan Special Recipe),https://www.youtube.com/watch?v=187ifxn3-GU,Continental
Ramzan Mubarak To All,Ramzan Mubarak To All,https://www.youtube.com/watch?v=NJSgdWZwcbE,Non-Recipe/Vlog
Dahi Bara / Bhalla Chaat Recipe By Food Fusion,Dahi Bara / Bhalla Chaat Recipe,https://www.youtube.com/watch?v=qYV50QvLPMs,Pakistani
Ramzan Special Dahi Bara/Bhalla Recipes by Food Fusion (Iftar Ideas),Ramzan Special Dahi Bara/Bhalla Recipes by Food Fusion (Iftar Ideas),https://www.youtube.com/watch?v=GT4oVugkeBA,Pakistani
Potato wedges baked and fried recipe by food fusion,Potato wedges baked and fried recipe,https://www.youtube.com/watch?v=cuOgfnUzzW8,Pakistani
Ramzan Special Chaat Recipes by Food Fusion,Ramzan Special Chaat Recipes,https://www.youtube.com/watch?v=40knuuAKvas,Pakistani
Chutney 4 Ways - Recipes By Food Fusion,Chutney 4 Ways,https://www.youtube.com/watch?v=OVfBIaMlvAs,Pakistani
Roghni Tikkiyan 4-Ways Recipe By Food Fusion,Roghni Tikkiyan 4-Ways Recipe,https://www.youtube.com/watch?v=tlTs8FinzAk,Pakistani
Tempura Recipe  3 ways By Food Fusion,Tempura Recipe  3 ways,https://www.youtube.com/watch?v=ww9hSzqsRbo,Japanese
Bohra Dabba Gosht Recipe By Food Fusion,Bohra Dabba Gosht Recipe,https://www.youtube.com/watch?v=K3rbRVySQ4o,Pakistani
Qeema Samosa Recipe By Food Fusion (ramzan Special),Qeema Samosa Recipe By Food Fusion (ramzan Special),https://www.youtube.com/watch?v=dsf3CM1okZw,Pakistani
Falsa squash/Sharbat Recipe By Food Fusion (Grewia drink),Falsa squash/Sharbat Recipe By Food Fusion (Grewia drink),https://www.youtube.com/watch?v=qVAselHPD2M,Pakistani
Baked & Air Fried Chicken Tender pops By Food Fusion,Baked & Air Fried Chicken Tender pops,https://www.youtube.com/watch?v=OjQ9KG8Aks0,Pakistani
Kindo supreme chicken Recipe By Food Fusion,Kindo supreme chicken Recipe,https://www.youtube.com/watch?v=i5qPiNBPdLc,Pakistani
Happy Birthday Food Fusion (Recorded Live 9th May 2018),Happy Birthday Food Fusion (Recorded Live 9th May 2018),https://www.youtube.com/watch?v=p2X9QJzyJOY,Pakistani
Doodh soda (Milk Soda) recipe by Food Fusion,Doodh soda (Milk Soda) recipe,https://www.youtube.com/watch?v=3eoWfGKbsik,Pakistani
Hot & Spicy Beef recipe by food fusion,Hot & Spicy Beef recipe,https://www.youtube.com/watch?v=Nb7RWOvDmJ8,Pakistani
Chicken Mozzarella Sticks Recipe by Food Fusion,Chicken Mozzarella Sticks Recipe,https://www.youtube.com/watch?v=roHcWWiIt-8,Pakistani
Pakora Mix Recipe By Food Fusion,Pakora Mix Recipe,https://www.youtube.com/watch?v=OSuPfJM-utM,Pakistani
Turkish Pide   2 ways -  Recipe by Food Fusion  (Meat / cheese  Pizza Like Bread),Turkish Pide   2 ways,https://www.youtube.com/watch?v=_ZdeCtNxfJE,Arabic/Mediterranean
6 Make & Freeze Ramazan Special Recipes  By Food Fusion,6 Make & Freeze Ramazan Special Recipes,https://www.youtube.com/watch?v=Dl4Pv_bh2zA,Pakistani
Stuffed Shami Kabab(shikampur) Recipe By Food Fusion (Make and freeze recipe),Stuffed Shami Kabab(shikampur) Recipe By Food Fusion (Make and freeze recipe),https://www.youtube.com/watch?v=iestQJ3VsiY,Pakistani
Band Gobi Keema Recipe By Food Fusion,Band Gobi Keema Recipe,https://www.youtube.com/watch?v=-d8zUd-E6NA,Pakistani
Katori Chaat Recipe By Food Fusion (Ramzan Recipes),Katori Chaat Recipe By Food Fusion (Ramzan Recipes),https://www.youtube.com/watch?v=m9a4j4QMDm4,Pakistani
Doodh Ki thandi bottle Recipe By Food Fusion,Doodh Ki thandi bottle Recipe,https://www.youtube.com/watch?v=K2caJv4LrdE,Pakistani
Make & Freeze Paratha 3 Ways- Recipe by Food Fusion (Ramzan Recipes),Make & Freeze Paratha 3 Ways- Recipe by Food Fusion (Ramzan Recipes),https://www.youtube.com/watch?v=GqFYO1UpxrE,Pakistani
Imli aloo bukharay ka sharbat Recipe By Food Fusion (make and store Ramzan Recipe),Imli aloo bukharay ka sharbat Recipe By Food Fusion (make and store Ramzan Recipe),https://www.youtube.com/watch?v=Pa0xfLhtGhI,Pakistani
Badam ka Sharbat Recipe By Food Fusion ( Make & Store Ramzan Recipes),Badam ka Sharbat Recipe By Food Fusion ( Make & Store Ramzan Recipes),https://www.youtube.com/watch?v=muO2AP1Xg1U,Pakistani
Homemade Samosa Patti and Roll Patti recipes by Food Fusion (Ramzan Recipe),Homemade Samosa Patti and Roll Patti recipes by Food Fusion (Ramzan Recipe),https://www.youtube.com/watch?v=qXj7y2eJrBI,Pakistani
Shahi White Chicken Recipe By Food Fusion,Shahi White Chicken Recipe,https://www.youtube.com/watch?v=liVj6yPsSI4,Pakistani
Make & Freeze Ramzan Special Recipes By Food Fusion,Make & Freeze Ramzan Special Recipes,https://www.youtube.com/watch?v=dRNBYQvkv50,Pakistani
Food Fusion & Shan Competition 2018,Food Fusion & Shan Competition 2018,https://www.youtube.com/watch?v=H0nj6xspUuI,Pakistani
Lemonade 4 Refreshing ways - Recipes by Food Fusion,Lemonade 4 Refreshing ways,https://www.youtube.com/watch?v=c7j_C134CgQ,Pakistani
Sizzling Chicken Manchurian by Food Fusion,Sizzling Chicken Manchurian,https://www.youtube.com/watch?v=sN230boxq4Y,Chinese
Potato & Cheese Omelette Recipe By Food Fusion,Potato & Cheese Omelette Recipe,https://www.youtube.com/watch?v=YhQyuLiZknM,Continental
Fusion pinwheels with rice  Recipe by Food Fusion,Fusion pinwheels with rice  Recipe,https://www.youtube.com/watch?v=jUNnMQSPIQo,Pakistani
Gur ka sharbat (Jaggery summer drink) Recipe By Food Fusion,Gur ka sharbat (Jaggery summer drink) Recipe,https://www.youtube.com/watch?v=tXQch8IiV1w,Pakistani
Stuffed Lifafa Crepes Recipe By Food Fusion,Stuffed Lifafa Crepes Recipe,https://www.youtube.com/watch?v=zlSj353VFCg,Pakistani
Arabian rice with Popcorn Chicken(KFC Style)  Recipe By Food FUsion,Arabian rice with Popcorn Chicken(KFC Style)  Recipe,https://www.youtube.com/watch?v=lUZA1sYKfTc,Continental
Cheesy corn flatbread recipe By Food Fusion,Cheesy corn flatbread recipe,https://www.youtube.com/watch?v=UssWEDkbyAg,Pakistani
Cold Coffee Recipe By Food Fusion,Cold Coffee Recipe,https://www.youtube.com/watch?v=xA_-m4EMjvs,Continental
Chinese Fried Rice - restaurant style  Recipe By Food Fusion,Chinese Fried Rice,https://www.youtube.com/watch?v=P2tIt4bZNmI,Chinese
Rice Momos - Steamed Recipe By Food Fusion,Rice Momos,https://www.youtube.com/watch?v=yHAEe8wc91U,Pakistani
Mouthwatering Chocolate Recipes by Food Fusion,Mouthwatering Chocolate Recipes,https://www.youtube.com/watch?v=9vy5eJLBvII,Pakistani
Instant Green Chili Pickle Recipe By Food Fusion,Instant Green Chili Pickle Recipe,https://www.youtube.com/watch?v=--7F9Zv7kRg,Pakistani
Nariyal (Coconut) Chutney Recipe By Food Fusion,Nariyal (Coconut) Chutney Recipe,https://www.youtube.com/watch?v=AcbHtKzAMeY,Pakistani
Afghani Chicken Gravy Recipe By Food Fusion,Afghani Chicken Gravy Recipe,https://www.youtube.com/watch?v=lisDVvLgifA,Arabic/Mediterranean
Pyaz tamatar (Onion & Tomato) Chutney recipe by Food Fusion,Pyaz tamatar (Onion & Tomato) Chutney recipe,https://www.youtube.com/watch?v=Emj0IkrZoH8,Pakistani
Handi Dum Biryani Recipe By Food Fusion,Handi Dum Biryani Recipe,https://www.youtube.com/watch?v=N08T9zhVIKQ,Pakistani
Iced Green Tea recipe 2 ways by Food Fusion,Iced Green Tea recipe 2 ways,https://www.youtube.com/watch?v=iZVb-K4OebI,Pakistani
Chinese  Red Chili Paste Recipe By Food Fusion,Chinese  Red Chili Paste Recipe,https://www.youtube.com/watch?v=LI1OS8xhUJE,Chinese
Coconut Macaroons  Recipe By Food Fusion,Coconut Macaroons  Recipe,https://www.youtube.com/watch?v=Clq0Z6IulQs,Pakistani
Shahi Baingan Curry Recipe By Food Fusion,Shahi Baingan Curry Recipe,https://www.youtube.com/watch?v=rizpyKwIFac,Pakistani
Detox Water 4 ways (For weight loss and healthy glowing skin) Recipe By Healthy Food Fusion,Detox Water 4 ways (For weight loss and healthy glowing skin) Recipe By Healthy,https://www.youtube.com/watch?v=fgRRbAG21PE,Pakistani
Seekh Cake without oven or special tools Recipe By Food Fusion,Seekh Cake without oven or special tools Recipe,https://www.youtube.com/watch?v=WENuybJQx74,Continental
Karachi Fry Kabab Recipe By Food Fusion,Karachi Fry Kabab Recipe,https://www.youtube.com/watch?v=OcEYUWIFy5k,Pakistani
Meet Saima from Food Fusion,Meet Saima from,https://www.youtube.com/watch?v=QwMZscWWHrE,Pakistani
Chicken Masala Dosa Recipe by Food Fusion,Chicken Masala Dosa Recipe,https://www.youtube.com/watch?v=9Aq2zdlnNtg,Indian
Coffee Ganache Recipe By Food Fusion,Coffee Ganache Recipe,https://www.youtube.com/watch?v=ZVvH7yG9sJ4,Continental
Banana Bread Recipe Recipe By Food Fusion,Banana Bread Recipe Recipe,https://www.youtube.com/watch?v=2eTFhB5SNuY,Pakistani
Qeema Methi Soya Recipe By Food Fusion,Qeema Methi Soya Recipe,https://www.youtube.com/watch?v=He7yYwMKeaY,Pakistani
Assorted Cookies (Bakery style butter biscuits) Recipe by Food Fusion,Assorted Cookies (Bakery style butter biscuits) Recipe,https://www.youtube.com/watch?v=BrgNsblcaOA,Pakistani
Chicken Chapli Burger Recipe by Food Fusion,Chicken Chapli Burger Recipe,https://www.youtube.com/watch?v=01X8ix0SNBg,Continental
Beef Chow Mein Recipe by Food Fusion,Beef Chow Mein Recipe,https://www.youtube.com/watch?v=m51uv0LjGZ8,Chinese
Special White Biryani Recipe By Food Fusion,Special White Biryani Recipe,https://www.youtube.com/watch?v=pOiNWaQHpkc,Pakistani
Sweet N Sour Chicken Recipe By Food Fusion,Sweet N Sour Chicken Recipe,https://www.youtube.com/watch?v=Zbf7zZ6etXA,Pakistani
Homemade Mayonnaise with pasteurized eggs Recipe By Food Fusion,Homemade Mayonnaise with pasteurized eggs Recipe,https://www.youtube.com/watch?v=l96s8INWq2U,Continental
8 Starters and Appetizer recipes By Food Fusion,8 Starters and Appetizer recipes,https://www.youtube.com/watch?v=j0XsqKDCOEw,Pakistani
Fried Chicken (Al-Baik Style) with special garlic sauce Recipe By Food Fusion,Fried Chicken (Al-Baik Style) with special garlic sauce Recipe,https://www.youtube.com/watch?v=24xbhUbS5gg,Pakistani
Coconut Chicken with Garlic Herb Rice Recipe By Food Fusion,Coconut Chicken with Garlic Herb Rice Recipe,https://www.youtube.com/watch?v=2o-oWUVXUmc,Pakistani
Falooda sev without machine Recipe By Food Fusion,Falooda sev without machine Recipe,https://www.youtube.com/watch?v=Fo4eqBMZ--k,Pakistani
Darbari Gosht Recipe By Food Fusion,Darbari Gosht Recipe,https://www.youtube.com/watch?v=faIZbrUHaIw,Pakistani
khageena with Instant Green Chili Pickle(Achar) Recipe By Food Fusion,khageena with Instant Green Chili Pickle(Achar) Recipe,https://www.youtube.com/watch?v=LYnKghHPP_Y,Pakistani
Whole Wheat Buns Recipe By Healthy Food Fusion,Whole Wheat Buns Recipe By Healthy,https://www.youtube.com/watch?v=ncTbSt2V5MY,Pakistani
6 Homemade Recipes by Food Fusion,6 Homemade Recipes,https://www.youtube.com/watch?v=eqTFQDQf84w,Pakistani
Whole Wheat Pita with Mince Filling Recipe By Healthy Food Fusion,Whole Wheat Pita with Mince Filling Recipe By Healthy,https://www.youtube.com/watch?v=9WSLxS-57cA,Arabic/Mediterranean
Chicken Stroganoff Recipe By Food Fusion,Chicken Stroganoff Recipe,https://www.youtube.com/watch?v=0ChMafcmZno,Pakistani
Crispy Fried Potato Recipe By Food Fusion,Crispy Fried Potato Recipe,https://www.youtube.com/watch?v=ICX6QA9PMMo,Pakistani
Omurice Recipe By Food Fusion,Omurice Recipe,https://www.youtube.com/watch?v=1zvY_UPhLfI,Pakistani
Vegetable Recipes 3 great ways  by Food Fusion,Vegetable Recipes 3 great ways,https://www.youtube.com/watch?v=xIIy3igrStI,Pakistani
Egg Mesub (Anday ka Mesub) Recipe By Food Fusion,Egg Mesub (Anday ka Mesub) Recipe,https://www.youtube.com/watch?v=EWxcmUEySD8,Pakistani
Lettuce Wraps Recipe By Healthy Food Fusion,Lettuce Wraps Recipe By Healthy,https://www.youtube.com/watch?v=OsRy9NnuV0U,Pakistani
Paratha with leftovers Recipe By Food Fusion,Paratha with leftovers Recipe,https://www.youtube.com/watch?v=krNCxJiJuyQ,Pakistani
Homemade Khoya 2 Ways Recipe By Food Fusion,Homemade Khoya 2 Ways Recipe,https://www.youtube.com/watch?v=XwQb8DDFQMI,Pakistani
Chopsuey with Crispy Fried Noodles Recipe By Food Fusion,Chopsuey with Crispy Fried Noodles Recipe,https://www.youtube.com/watch?v=y532LX1pyRM,Pakistani
Chicken Cheesy Pasta with Cauliflower Recipe By Food Fusion,Chicken Cheesy Pasta with Cauliflower Recipe,https://www.youtube.com/watch?v=dDOqYijO9Ik,Continental
Chocolate Truffles Recipe By Food Fusion,Chocolate Truffles Recipe,https://www.youtube.com/watch?v=ckmDgIYsb8Q,Pakistani
Balushahi Recipe By Food Fusion,Balushahi Recipe,https://www.youtube.com/watch?v=PV8SD0wTblw,Pakistani
Kalay Chanay ka Kabab Recipe By Healthy Food Fusion,Kalay Chanay ka Kabab Recipe By Healthy,https://www.youtube.com/watch?v=xwnGo8kUkAw,Pakistani
Chickpea Salad 2 Ways By Healthy Food Fusion,Chickpea Salad 2 Ways By Healthy,https://www.youtube.com/watch?v=3VrRE6pUD60,Pakistani
Most Wanted Paratha Roll Recipes By Food Fusion,Most Wanted Paratha Roll Recipes,https://www.youtube.com/watch?v=KpjniHEzimk,Pakistani
Masala Oats Recipe By Healthy Food Fusion,Masala Oats Recipe By Healthy,https://www.youtube.com/watch?v=PnswDuUM6Bc,Pakistani
Shish Taouk Recipe By Food Fusion,Shish Taouk Recipe,https://www.youtube.com/watch?v=TPjsOs07Gqk,Pakistani
Instant Butter Chicken Recipe by Food Fusion,Instant Butter Chicken Recipe,https://www.youtube.com/watch?v=18oC4mmHHX0,Pakistani
Quick Egg Salad Sandwich Recipe By Healthy Food Fusion,Quick Egg Salad Sandwich Recipe By Healthy,https://www.youtube.com/watch?v=l9VrLA0jlC0,Continental
Quick & Easy Rice Recipes by Food Fusion,Quick & Easy Rice Recipes,https://www.youtube.com/watch?v=sW8BHwMnbHw,Pakistani
Gur Ke chawal Recipe by Food Fusion,Gur Ke chawal Recipe,https://www.youtube.com/watch?v=IzxQSVvpe_A,Pakistani
Mutton Do Pyaza Recipe By Food Fusion,Mutton Do Pyaza Recipe,https://www.youtube.com/watch?v=gqCsbGz5XHQ,Pakistani
Kurkuri Bhindi Recipe By Food Fusion,Kurkuri Bhindi Recipe,https://www.youtube.com/watch?v=o6EJL-pvdSU,Pakistani
Easy Cake recipe Ideas for Special Day By Food Fusion,Easy Cake recipe Ideas for Special Day,https://www.youtube.com/watch?v=Y2mEWsmGmLs,Continental
Healthy Spinach Omelette Recipe By Healthy Fusion,Healthy Spinach Omelette Recipe By Healthy Fusion,https://www.youtube.com/watch?v=TR-sWI3dnJQ,Continental
Lahori Chargha Recipe By Food Fusion,Lahori Chargha Recipe,https://www.youtube.com/watch?v=ks1REEAm8q8,Pakistani
Khubani ka Meetha Recipe by Food Fusion,Khubani ka Meetha Recipe,https://www.youtube.com/watch?v=f6_m7BzCJ9c,Pakistani
Shinwari Chicken Karahi Recipe By Food Fusion,Shinwari Chicken Karahi Recipe,https://www.youtube.com/watch?v=Co281bYiFP8,Pakistani
Traditional Dawat Recipes by Food Fusion,Traditional Dawat Recipes,https://www.youtube.com/watch?v=LS_9SnyyHDQ,Pakistani
Chicken Shashlik with Gravy Recipe by Food Fusion,Chicken Shashlik with Gravy Recipe,https://www.youtube.com/watch?v=yf_ZjAEh8Ls,Pakistani
Mexican Brown Rice Recipe By Healthy Food Fusion,Mexican Brown Rice Recipe By Healthy,https://www.youtube.com/watch?v=U7-NvgcRchQ,Pakistani
Beetroot Tacos With Grilled Chicken Recipe By Healthy Food Fusion,Beetroot Tacos With Grilled Chicken Recipe By Healthy,https://www.youtube.com/watch?v=P3ANod2qcgg,Pakistani
6 Karahi recipes you must try by Food Fusion,6 Karahi recipes you must try,https://www.youtube.com/watch?v=v0xQ1tYkXHA,Pakistani
6 Qeema (Mince) Recipe to try by Food Fusion,6 Qeema (Mince) Recipe to try,https://www.youtube.com/watch?v=5BlkRaOk_LE,Pakistani
Lasagna Roll Ups Recipe By Food Fusion,Lasagna Roll Ups Recipe,https://www.youtube.com/watch?v=bQpCUcdINi4,Continental
6 Bake a Meal Recipes By Food Fusion,6 Bake a Meal Recipes,https://www.youtube.com/watch?v=QAv1VLZ8Uuc,Pakistani
Meat Balls in White Sauce Recipe By Food Fusion,Meat Balls in White Sauce Recipe,https://www.youtube.com/watch?v=7aovH_-6FdY,Pakistani
Chicken Lollipops with spicy orange sauce Recipe By Food Fusion,Chicken Lollipops with spicy orange sauce Recipe,https://www.youtube.com/watch?v=RzT_okQbysw,Pakistani
Pizza Fries Recipe By Food Fusion,Pizza Fries Recipe,https://www.youtube.com/watch?v=0Xe3Ahwc62A,Continental
Must try sandwich recipes by Food Fusion,Must try sandwich recipes,https://www.youtube.com/watch?v=vla8Ibjh91I,Continental
Top Soup Recipes By Food Fusion,Top Soup Recipes,https://www.youtube.com/watch?v=J8YEVijUupI,Pakistani
Top 6 Fish Recipes By Food Fusion 🐟,Top 6 Fish Recipes By Food Fusion 🐟,https://www.youtube.com/watch?v=a1bEVOvMB8Y,Pakistani
Beef Masala Curry Recipe By Food Fusion,Beef Masala Curry Recipe,https://www.youtube.com/watch?v=9TgACwTYxgM,Pakistani
Tray Kabab Recipe by Food Fusion,Tray Kabab Recipe,https://www.youtube.com/watch?v=agkN87qzRFU,Pakistani
Chicken Chutney Paratha Roll Recipe By Food Fusion,Chicken Chutney Paratha Roll Recipe,https://www.youtube.com/watch?v=fceWV1X-ANo,Pakistani
Cheese & Spinach Omelette Recipe By Food Fusion,Cheese & Spinach Omelette Recipe,https://www.youtube.com/watch?v=Iek2V2mkcwg,Continental
Chicken Tikka Bun kabab Recipe By Food Fusion,Chicken Tikka Bun kabab Recipe,https://www.youtube.com/watch?v=Rp8iGlFMsBE,Pakistani
Chocolate Cupcakes Recipe By Food Fusion,Chocolate Cupcakes Recipe,https://www.youtube.com/watch?v=t58dBkeXy-E,Pakistani
Special Degi Biryani Recipe By Food Fusion,Special Degi Biryani Recipe,https://www.youtube.com/watch?v=KHokeeD7RIc,Pakistani
Dynamite Chicken Recipe By Food Fusion,Dynamite Chicken Recipe,https://www.youtube.com/watch?v=VrYZsD9Oqp8,Pakistani
Til ki chikki (sesame seed brittle) Recipe By Food Fusion,Til ki chikki (sesame seed brittle) Recipe,https://www.youtube.com/watch?v=AUF37uecaeE,Pakistani
Homemade Tomato Paste Recipe By Food Fusion,Homemade Tomato Paste Recipe,https://www.youtube.com/watch?v=vT0E8clCqcg,Pakistani
Street Style Egg Sandwich Recipe By Food Fusion,Street Style Egg Sandwich Recipe,https://www.youtube.com/watch?v=bwlIQ08cFuE,Continental
Pasta in White Sauce Recipe by Food Fusion,Pasta in White Sauce Recipe,https://www.youtube.com/watch?v=fDMs0Zk6KWo,Continental
Caramel Popcorn Recipe By Food Fusion,Caramel Popcorn Recipe,https://www.youtube.com/watch?v=WbZJy_QzAqs,Continental
Hash Brown Recipe By Food Fusion,Hash Brown Recipe,https://www.youtube.com/watch?v=K8N1ukhT90k,Pakistani
Fusion Shakshuka Sehri / Breakfast  Special Recipe By Food Fusion,Fusion Shakshuka Sehri / Breakfast  Special Recipe,https://www.youtube.com/watch?v=yhgmyyT1-Xs,Pakistani
Dhaga Kabab Recipe By Food Fusion,Dhaga Kabab Recipe,https://www.youtube.com/watch?v=OCqUpbaOyY4,Pakistani
Black Forest Cake Recipe by Food Fusion,Black Forest Cake Recipe,https://www.youtube.com/watch?v=gQXYVCda62U,Continental
Spicy Fish Croquettes Recipe By Food Fusion,Spicy Fish Croquettes Recipe,https://www.youtube.com/watch?v=3uLSYcj2Q68,Pakistani
Murgh Musalam Recipe By Food Fusion,Murgh Musalam Recipe,https://www.youtube.com/watch?v=eiCscWiLec0,Pakistani
Chocolate Swiss Roll Recipe By Food Fusion,Chocolate Swiss Roll Recipe,https://www.youtube.com/watch?v=g10CZLRDtsI,Pakistani
Schezwan Chicken Recipe By Food Fusion,Schezwan Chicken Recipe,https://www.youtube.com/watch?v=3qzKL54xN_Y,Chinese
Food Fusion Internship Program 2018,Food Fusion Internship Program 2018,https://www.youtube.com/watch?v=CL9Nb3afHns,Pakistani
Chicken Tikka Masala Recipe By Food Fusion,Chicken Tikka Masala Recipe,https://www.youtube.com/watch?v=Zk_auxm1j9k,Indian
Pulled Chicken Burger with Coleslaw  Recipe By Food Fusion,Pulled Chicken Burger with Coleslaw  Recipe,https://www.youtube.com/watch?v=Mo5xSb7u6XU,Continental
Walnut Halwa by Food Fusion,Walnut Halwa,https://www.youtube.com/watch?v=d-RyhXey_vg,Pakistani
Chicken Tandoori Tikka Recipe By Food Fusion,Chicken Tandoori Tikka Recipe,https://www.youtube.com/watch?v=5EAgEwjHaSk,Pakistani
Chicken Nihari Recipe By Food Fusion,Chicken Nihari Recipe,https://www.youtube.com/watch?v=IChGmqJEwZo,Pakistani
Gajar Ki Barfi Recipe By Food Fusion,Gajar Ki Barfi Recipe,https://www.youtube.com/watch?v=Gy383J6cWIE,Pakistani
Khoya Seviyan recipe By Food Fusion,Khoya Seviyan recipe,https://www.youtube.com/watch?v=ndqee0Mzo18,Pakistani
Special Pulao Biryani Recipe By Food Fusion,Special Pulao Biryani Recipe,https://www.youtube.com/watch?v=JkKiWUsYNII,Pakistani
Mutton Mandi Recipe By Food Fusion,Mutton Mandi Recipe,https://www.youtube.com/watch?v=9DTIO_173ME,Arabic/Mediterranean
6 Must Try Breakfast recipes By Food Fusion,6 Must Try Breakfast recipes,https://www.youtube.com/watch?v=iE8IBig1hBI,Pakistani
Crispy Fish Burger Recipe By Food Fusion,Crispy Fish Burger Recipe,https://www.youtube.com/watch?v=XpSsxfZqzw0,Continental
Fish Kebab with Green Chutney Recipe By Food Fusion,Fish Kebab with Green Chutney Recipe,https://www.youtube.com/watch?v=dyfOejpRWvM,Pakistani
Makki Ki roti with Sarson Ka Saag Recipe By Food Fusion,Makki Ki roti with Sarson Ka Saag Recipe,https://www.youtube.com/watch?v=7aMYiEtQ3k8,Pakistani
Lentil Soup Recipe by Healthy Fusion,Lentil Soup Recipe by Healthy Fusion,https://www.youtube.com/watch?v=Fx-P-1rZb5g,Pakistani
Oats Cutlets with Lehsan Chutney - Recipe By Healthy Food Fusion,Oats Cutlets with Lehsan Chutney,https://www.youtube.com/watch?v=cTJPy4SN25A,Pakistani
Crispy Fried Drumsticks with Spicy Potato Sauce Recipe By Food Fusion,Crispy Fried Drumsticks with Spicy Potato Sauce Recipe,https://www.youtube.com/watch?v=DaCPchN2yV8,Pakistani
Gajar Ka Halwa Recipe By Food Fusion,Gajar Ka Halwa Recipe,https://www.youtube.com/watch?v=JTUB_HxUsCM,Pakistani
6 No Bake Dessert Recipe By Food Fusion,6 No Bake Dessert Recipe,https://www.youtube.com/watch?v=FRI03Sdd81k,Pakistani
Homemade Chicken Chunks Recipe By Food Fusion,Homemade Chicken Chunks Recipe,https://www.youtube.com/watch?v=L56PUyl7jcc,Pakistani
Roadside Chicken Corn Soup Recipe By Food Fusion,Roadside Chicken Corn Soup Recipe,https://www.youtube.com/watch?v=UGGsQgJs0i0,Chinese
Chicken Tenders with Sauce recipe By Food Fusion,Chicken Tenders with Sauce recipe,https://www.youtube.com/watch?v=w38cXXUPqeM,Pakistani
Egg Biryani Recipe By Food Fusion,Egg Biryani Recipe,https://www.youtube.com/watch?v=aKXsWHxc4_0,Pakistani
Almond Chicken Recipe By Food Fusion,Almond Chicken Recipe,https://www.youtube.com/watch?v=38E6Nv4I0dk,Pakistani
Fish Tikka Recipe by Food Fusion,Fish Tikka Recipe,https://www.youtube.com/watch?v=CtKUyA4aS9Y,Pakistani
Chicken Corn soup with Homemade Chicken Stock Recipe By Food Fusion,Chicken Corn soup with Homemade Chicken Stock Recipe,https://www.youtube.com/watch?v=28FMuKoiYEQ,Chinese
Healthy Cottage Cheese Omelette 2 ways - Recipe by Food Fusion,Healthy Cottage Cheese Omelette 2 ways,https://www.youtube.com/watch?v=LlbK_wS7EPo,Continental
Best Lahori Fish Fry Recipe By Food Fusion,Best Lahori Fish Fry Recipe,https://www.youtube.com/watch?v=VnXQrwn2lRQ,Pakistani
Paneer Pizzaratha Recipe By Food Fusion,Paneer Pizzaratha Recipe,https://www.youtube.com/watch?v=sxOXTQgkp0U,Indian
Chicken Vermicelli Biryani Recipe By Food Fusion,Chicken Vermicelli Biryani Recipe,https://www.youtube.com/watch?v=dF91y2f1KnM,Pakistani
Chicken Zeera Bites Recipe By Food Fusion,Chicken Zeera Bites Recipe,https://www.youtube.com/watch?v=rhf9L6HZ0hc,Pakistani
Lasagne with Homemade Ricotta Cheese Recipe By Food Fusion,Lasagne with Homemade Ricotta Cheese Recipe,https://www.youtube.com/watch?v=YZV_pJNaloI,Pakistani
Cake Rusk Recipe By Food Fusion,Cake Rusk Recipe,https://www.youtube.com/watch?v=uTAz4ZaV5Lk,Continental
Ricotta Cheese Recipe By Food Fusion,Ricotta Cheese Recipe,https://www.youtube.com/watch?v=LlTNWOmU2eY,Pakistani
Paneer - Cottage Cheese Recipe 3 ways By Food Fusion,Paneer,https://www.youtube.com/watch?v=HtkX1bLtX-s,Indian
6 Must try Chicken Biryani Recipes By Food Fusion,6 Must try Chicken Biryani Recipes,https://www.youtube.com/watch?v=FnTx7axnSx4,Pakistani
Green Tikka Masala Recipe By Food Fusion,Green Tikka Masala Recipe,https://www.youtube.com/watch?v=qQTyDbkx7vg,Indian
Breakfast Burger recipe by Food Fusion,Breakfast Burger recipe,https://www.youtube.com/watch?v=AYtW8tAuLlM,Continental
6 must try Potato snacks recipes by Food Fusion (Ramzan special Iftar Recipes),6 must try Potato snacks recipes by Food Fusion (Ramzan special Iftar Recipes),https://www.youtube.com/watch?v=mD5Hh57ZWqw,Pakistani
Spicy Hasselback Chicken with Cheese Recipe By Food Fusion,Spicy Hasselback Chicken with Cheese Recipe,https://www.youtube.com/watch?v=RK8j4tFtyjI,Pakistani
Bakery Style Burger Recipe By Food Fusion,Bakery Style Burger Recipe,https://www.youtube.com/watch?v=kAcma85CmIg,Continental
6 Potato (Aloo) Recipes By Food Fusion,6 Potato (Aloo) Recipes,https://www.youtube.com/watch?v=zu9r9DsQF-U,Pakistani
Shawarma Salad Recipe By Food Fusion,Shawarma Salad Recipe,https://www.youtube.com/watch?v=fyUzZzoZpk8,Arabic/Mediterranean
6 Desi Breakfast Recipes By Food Fusion (Ramzan Sehri Recipes 2017),6 Desi Breakfast Recipes By Food Fusion (Ramzan Sehri Recipes 2017),https://www.youtube.com/watch?v=n-e7TMt-Brw,Pakistani
Doodh Ka Halwa(Mawa) Recipe By Food Fusion,Doodh Ka Halwa(Mawa) Recipe,https://www.youtube.com/watch?v=XeBJgx502VU,Pakistani
Louki kay kabab Recipe By Food Fusion,Louki kay kabab Recipe,https://www.youtube.com/watch?v=Jk7_Nm3Qovk,Pakistani
Malka Daal recipe By Food Fusion,Malka Daal recipe,https://www.youtube.com/watch?v=Eqzyo4pI328,Pakistani
Aloo ka Bharta Recipe By Food Fusion,Aloo ka Bharta Recipe,https://www.youtube.com/watch?v=6YCglsIN--A,Pakistani
Baba Ganoush 3 Ways Recipe By Food Fusion,Baba Ganoush 3 Ways Recipe,https://www.youtube.com/watch?v=wr59ZkHX33k,Pakistani
Pizzaratha Recipe By Food Fusion (Pizza + Paratha = Pizzaratha),Pizzaratha Recipe By Food Fusion (Pizza + Paratha = Pizzaratha),https://www.youtube.com/watch?v=jCoK_3cmffY,Continental
Tahini Paste  Recipe By Food Fusion,Tahini Paste  Recipe,https://www.youtube.com/watch?v=tEat0VRPKCs,Pakistani
Qeema Naan Recipe By Food Fusion,Qeema Naan Recipe,https://www.youtube.com/watch?v=-0Y86v5my30,Pakistani
Peri Peri Chicken Skewers Recipe By Food Fusion,Peri Peri Chicken Skewers Recipe,https://www.youtube.com/watch?v=IEi1Nqr0fh8,Continental
Fusion Fried Rice 3 Ways - Recipe By Food Fusion,Fusion Fried Rice 3 Ways,https://www.youtube.com/watch?v=tNTs3-UoD8c,Chinese
Egg and Bean Fusion Fried Rice Recipe By Food Fusion,Egg and Bean Fusion Fried Rice Recipe,https://www.youtube.com/watch?v=4NcdfC_QuHg,Chinese
Pista Naan Khatai without oven  Recipe By Food Fusion,Pista Naan Khatai without oven  Recipe,https://www.youtube.com/watch?v=jLpvxlcWRyQ,Pakistani
Besan ka Halwa Recipe By Food Fusion,Besan ka Halwa Recipe,https://www.youtube.com/watch?v=HJ7FxCs72Gc,Pakistani
Mix Vegetable Recipes by Food Fusion,Mix Vegetable Recipes,https://www.youtube.com/watch?v=sEX8QJK7Du4,Pakistani
Coconut Barfi Recipe By Food Fusion,Coconut Barfi Recipe,https://www.youtube.com/watch?v=XbusOzvVyeg,Pakistani
Neza Kabab Recipe By Food Fusion,Neza Kabab Recipe,https://www.youtube.com/watch?v=5wqQJudjllc,Pakistani
6 Must Try Pasta Recipes By Food Fusion,6 Must Try Pasta Recipes,https://www.youtube.com/watch?v=1RApjmvDOjQ,Continental
Blueberry Cheese Cake Recipe by Food Fusion,Blueberry Cheese Cake Recipe,https://www.youtube.com/watch?v=VQudFeH9oTI,Continental
Quick Bread Snack Recipes By Food Fusion,Quick Bread Snack Recipes,https://www.youtube.com/watch?v=zKYQ_ke_DhY,Pakistani
Roghni Naan Bread Sandwich Recipe by Food Fusion,Roghni Naan Bread Sandwich Recipe,https://www.youtube.com/watch?v=g7NuRCQ5PQs,Continental
Sharbat 3-ways Recipe By Food Fusion,Sharbat 3-ways Recipe,https://www.youtube.com/watch?v=Gdg6BwvTVwE,Pakistani
Kadhi Chaat Recipe By Food Fusion,Kadhi Chaat Recipe,https://www.youtube.com/watch?v=ly4FjNwqA4I,Pakistani
4 Fusion Chicken Recipes By Food Fusion,4 Fusion Chicken Recipes,https://www.youtube.com/watch?v=Vs5QBoQwBuE,Pakistani
Daleeem 2 ways - Recipes by Food Fusion,Daleeem 2 ways,https://www.youtube.com/watch?v=BNysFDyMFJI,Pakistani
Moong Daal Chaat With Papri Recipe By Food Fusion,Moong Daal Chaat With Papri Recipe,https://www.youtube.com/watch?v=fwAQGe7yjGI,Pakistani
Kids Lunch Box Recipe By Food Fusion,Kids Lunch Box Recipe,https://www.youtube.com/watch?v=TpNWXHwIRow,Pakistani
Chicken Egg Paratha Roll Recipe By Food Fusion,Chicken Egg Paratha Roll Recipe,https://www.youtube.com/watch?v=EqrFxEtlpuI,Pakistani
Malida (Choori) Recipe By Food Fusion,Malida (Choori) Recipe,https://www.youtube.com/watch?v=9a4kKGnX3eI,Pakistani
Mutton Ginger Recipe By Food Fusion,Mutton Ginger Recipe,https://www.youtube.com/watch?v=6YEror5nunU,Pakistani
4 Tasty Snack Recipes By Food Fusion,4 Tasty Snack Recipes,https://www.youtube.com/watch?v=VYtU1VdxKsk,Pakistani
Coffee Nan Khatai Recipe By Food Fusion,Coffee Nan Khatai Recipe,https://www.youtube.com/watch?v=HYruapyDYC4,Continental
Mash Daal Gosht Recipe By Food Fusion,Mash Daal Gosht Recipe,https://www.youtube.com/watch?v=TO80o1TRYiY,Pakistani
Beef Steak with Mushroom Sauce recipe by Food Fusion,Beef Steak with Mushroom Sauce recipe,https://www.youtube.com/watch?v=xOG_1C9PqUQ,Continental
Chocolate Cake without oven Recipe By Food Fusion,Chocolate Cake without oven Recipe,https://www.youtube.com/watch?v=2V9EozgE8qY,Continental
Nan khatai recipe without oven (Almond) By Food Fusion,Nan khatai recipe without oven (Almond),https://www.youtube.com/watch?v=KihqMFTMhDw,Pakistani
Spicy Chicken Wings Recipe By Food Fusion,Spicy Chicken Wings Recipe,https://www.youtube.com/watch?v=aTH-xIVQjZ4,Continental
Ginger Garlic Paste Recipe (Homemade) By Food Fusion,Ginger Garlic Paste Recipe (Homemade),https://www.youtube.com/watch?v=mP_jP4njw3Q,Pakistani
Lauki ka Halwa -  Bottle Gourd Halwa Recipe By Food Fusion,Lauki ka Halwa,https://www.youtube.com/watch?v=3gXzCOD8lX8,Pakistani
Masoor Daal Soya Recipe By Food Fusion,Masoor Daal Soya Recipe,https://www.youtube.com/watch?v=nN-Rk_y4Ui0,Pakistani
Kabab Karahi recipe by Food Fusion,Kabab Karahi recipe,https://www.youtube.com/watch?v=0EgsTXn4rq4,Pakistani
Mutton Yahkni Pulao Recipe By Food Fusion,Mutton Yahkni Pulao Recipe,https://www.youtube.com/watch?v=BHx4zz7KPY4,Pakistani
Smokey Keema Recipe By Food Fusion,Smokey Keema Recipe,https://www.youtube.com/watch?v=e2_fQE80zqY,Pakistani
Mutton Ribs Recipe By Food Fusion,Mutton Ribs Recipe,https://www.youtube.com/watch?v=dyvMOpofwp8,Pakistani
Eid Mubarak From Team Food Fusion,Eid Mubarak From Team,https://www.youtube.com/watch?v=6UdmubnAG_I,Pakistani
BBQ Kaleji Recipe By Food Fusion,BBQ Kaleji Recipe,https://www.youtube.com/watch?v=Cbl7jIMRMxo,Pakistani
4 must try dessert recipes  by Food Fusion,4 must try dessert recipes,https://www.youtube.com/watch?v=7dfNpz9Vg3g,Pakistani
3 Time Saving Cooking hacks by Food Fusion,3 Time Saving Cooking hacks,https://www.youtube.com/watch?v=_7JnyVx46eI,Pakistani
Spicy Keema Paratha Recipe By Food Fusion,Spicy Keema Paratha Recipe,https://www.youtube.com/watch?v=9AKekRQnl4g,Pakistani
Kaleji Karahi recipe by Food Fusion,Kaleji Karahi recipe,https://www.youtube.com/watch?v=D8JvIPISvXI,Pakistani
Beef Biryani Recipe By Food Fusion,Beef Biryani Recipe,https://www.youtube.com/watch?v=jF_UjqsCOf0,Pakistani
Maghaz Nihari Recipe By Food Fusion,Maghaz Nihari Recipe,https://www.youtube.com/watch?v=hW3TpvQBgPc,Pakistani
Gola Kabab Masala Recipe By Food Fusion,Gola Kabab Masala Recipe,https://www.youtube.com/watch?v=lEWvyenPWck,Pakistani
Beef Kabab 4 ways Recipes By Food Fusion,Beef Kabab 4 ways Recipes,https://www.youtube.com/watch?v=fc8pnsKDY60,Pakistani
Beef Reshmi Kabab Recipe by Food Fusion,Beef Reshmi Kabab Recipe,https://www.youtube.com/watch?v=7SUuykpuw4A,Pakistani
Dhaba Anda(Egg) Recipe By Food Fusion,Dhaba Anda(Egg) Recipe,https://www.youtube.com/watch?v=sCJmfjSQWqI,Pakistani
Peshawari Mutton Karahi Recipe By Food Fusion,Peshawari Mutton Karahi Recipe,https://www.youtube.com/watch?v=sDgNEUKQHW8,Pakistani
Railway Mutton Curry Recipe By Food Fusion,Railway Mutton Curry Recipe,https://www.youtube.com/watch?v=w421ghb1iFg,Pakistani
Chicken Macaroni Salad Recipe By Food Fusion,Chicken Macaroni Salad Recipe,https://www.youtube.com/watch?v=ZSTsdyaM0ZA,Continental
Fried Beef Recipe By Food Fusion,Fried Beef Recipe,https://www.youtube.com/watch?v=Y28v_6xe3Qk,Pakistani
Dhaba Karahi (Mutton) Recipe By Food Fusion,Dhaba Karahi (Mutton) Recipe,https://www.youtube.com/watch?v=iGTSwoqz1Po,Pakistani
Qeema 4 ways | Best Qeema Recipes by Food Fusion,Qeema 4 ways,https://www.youtube.com/watch?v=MkxYE7Sgyko,Pakistani
Masala Dum Gosht Recipe By Food Fusion,Masala Dum Gosht Recipe,https://www.youtube.com/watch?v=3ZTar74SXhw,Pakistani
Beef Yakhni Pulao Recipe By Food Fusion,Beef Yakhni Pulao Recipe,https://www.youtube.com/watch?v=Al9_SavS7AI,Pakistani
Mutton Chops 4 Ways Recipes,Mutton Chops 4 Ways Recipes,https://www.youtube.com/watch?v=Wb4k83m25gU,Pakistani
Beef Galawati Kabab Recipe By Food Fusion,Beef Galawati Kabab Recipe,https://www.youtube.com/watch?v=uvSad4oJD0I,Indian
Katlama Recipe By Food Fusion,Katlama Recipe,https://www.youtube.com/watch?v=hFlHicfy3Wg,Pakistani
Namkeen Karahi Gosht Recipe By Food Fusion,Namkeen Karahi Gosht Recipe,https://www.youtube.com/watch?v=jc92E2kVS8I,Pakistani
Tandoori Chicken Pasta Recipe By Food Fusion,Tandoori Chicken Pasta Recipe,https://www.youtube.com/watch?v=esapRRrai3o,Continental
Green Stuffed Paratha Recipe By Food Fusion,Green Stuffed Paratha Recipe,https://www.youtube.com/watch?v=aGeIl6wHTbY,Pakistani
Chicken Korma Recipe by Food Fusion,Chicken Korma Recipe,https://www.youtube.com/watch?v=9jOH3TEB-NI,Pakistani
Bhindi Ghosht Recipe By Food Fusion,Bhindi Ghosht Recipe,https://www.youtube.com/watch?v=2wmkuPvHlGs,Pakistani
Creamy Mushroom Pasta with chicken Recipe  By Food Fusion,Creamy Mushroom Pasta with chicken Recipe,https://www.youtube.com/watch?v=vvu9J9yY5cY,Continental
Banana Pudding dessert Recipe By Food Fusion,Banana Pudding dessert Recipe,https://www.youtube.com/watch?v=9YDgpHQrTZg,Pakistani
Pakora Kadhi Recipe By Food Fusion,Pakora Kadhi Recipe,https://www.youtube.com/watch?v=Ar8dFj4N13A,Pakistani
Chicken (Lobia chicken) & Bean Curry with Beet Root Pickle Recipe by Food Fusion,Chicken (Lobia chicken) & Bean Curry with Beet Root Pickle Recipe,https://www.youtube.com/watch?v=Bk0_v2w3BKs,Pakistani
Hyderabadi Mirchon ka Salan Recipe By Food Fusion,Hyderabadi Mirchon ka Salan Recipe,https://www.youtube.com/watch?v=5a9c6YKCOuk,Indian
Daleem Recipe By Food Fusion,Daleem Recipe,https://www.youtube.com/watch?v=WyyZsHXXgoA,Pakistani
Mango Jam Recipe By Food Fusion,Mango Jam Recipe,https://www.youtube.com/watch?v=hR91UmtYjWI,Pakistani
DoNugs ( donut + nugget) Recipe by Food Fusion,DoNugs ( donut + nugget) Recipe,https://www.youtube.com/watch?v=TNgvh1lZMnY,Continental
Arabian Rice Recipe (KFC Style) By Food Fusion,Arabian Rice Recipe (KFC Style),https://www.youtube.com/watch?v=wCBZk7GIdXg,Continental
Grilled Fish Recipe By Food Fusion,Grilled Fish Recipe,https://www.youtube.com/watch?v=boR_pERwg-k,Pakistani
Sindhi Biryani Recipe By Food Fusion,Sindhi Biryani Recipe,https://www.youtube.com/watch?v=C7Je_4rdUlE,Pakistani
Pizza Pasta Recipe by Food Fusion,Pizza Pasta Recipe,https://www.youtube.com/watch?v=5mrdTFZMHyU,Continental
Chicken Reshmi Kabab By Food Fusion,Chicken Reshmi Kabab,https://www.youtube.com/watch?v=RBNe1ZlKfxA,Pakistani
Qeema Patties recipe by Food Fusion,Qeema Patties recipe,https://www.youtube.com/watch?v=lXdiVE44DIs,Pakistani
Chicken Boneless Handi Recipe By Food Fusion,Chicken Boneless Handi Recipe,https://www.youtube.com/watch?v=_dQ8ELx62_s,Pakistani
Kachay Qeema ka Kebab with Naan & Tomato chutney recipe By Food Fusion,Kachay Qeema ka Kebab with Naan & Tomato chutney recipe,https://www.youtube.com/watch?v=N3HN2IPCDlQ,Pakistani
Shola Recipe By Food Fusion,Shola Recipe,https://www.youtube.com/watch?v=_DgxscuoV3U,Pakistani
Malai Koftay Recipe by Food Fusion,Malai Koftay Recipe,https://www.youtube.com/watch?v=V40pEmURvtg,Pakistani
Cold Sandwich Recipe by Food Fusion,Cold Sandwich Recipe,https://www.youtube.com/watch?v=cBSUTq6T4Eg,Continental
Chicken Dry Roast Recipe By Food Fusion,Chicken Dry Roast Recipe,https://www.youtube.com/watch?v=EKXpy5opH5M,Pakistani
Makloubeh Recipe By Food Fusion,Makloubeh Recipe,https://www.youtube.com/watch?v=jx6EgofxbHo,Pakistani
Chicken Shahjahani Korma Recipe By Food Fusion,Chicken Shahjahani Korma Recipe,https://www.youtube.com/watch?v=4hw9qkxAYsY,Pakistani
Mango Ice cream & Chocolate Ice cream recipe by Food Fusion,Mango Ice cream & Chocolate Ice cream recipe,https://www.youtube.com/watch?v=nApD25HkbXk,Pakistani
Galawati Kabab Recipe by Food Fusion,Galawati Kabab Recipe,https://www.youtube.com/watch?v=Dqi2jQVmzfY,Indian
Homemade Naan Recipe By Food Fusion,Homemade Naan Recipe,https://www.youtube.com/watch?v=qoZ_mqQLIOw,Pakistani
Daal with Zeera Chawal and Talli hui Mirchein recipe by Food Fusion,Daal with Zeera Chawal and Talli hui Mirchein recipe,https://www.youtube.com/watch?v=rxggi5gBJng,Pakistani
Dhuwan Gosht Recipe By Food Fusion,Dhuwan Gosht Recipe,https://www.youtube.com/watch?v=UQ1fTS53NuQ,Pakistani
Alfredo Fettuccine with Spinach Recipe By Food Fusion,Alfredo Fettuccine with Spinach Recipe,https://www.youtube.com/watch?v=AlOTauD9098,Pakistani
Kulfi Falooda Recipe by Food Fusion,Kulfi Falooda Recipe,https://www.youtube.com/watch?v=B2WGiBci0pI,Pakistani
Crispy Honey Chili Chicken Recipe By Food Fusion,Crispy Honey Chili Chicken Recipe,https://www.youtube.com/watch?v=AVU2xlCFy-c,Pakistani
Grilled Chicken with Tarragon Sauce Recipe by Food Fusion,Grilled Chicken with Tarragon Sauce Recipe,https://www.youtube.com/watch?v=kjKdZJ0ZjHk,Pakistani
Aloo kofta Curry recipe By Food Fusion,Aloo kofta Curry recipe,https://www.youtube.com/watch?v=hHRRaNDax7s,Pakistani
Mantu Recipe By Food Fusion,Mantu Recipe,https://www.youtube.com/watch?v=7RVhb5TJFmg,Pakistani
4 must try desserts on Eid. Recipes By Food Fusion,4 must try desserts on Eid. Recipes,https://www.youtube.com/watch?v=f3POsIEqU4I,Pakistani
Eid Mubarak From Food Fusion,Eid Mubarak From,https://www.youtube.com/watch?v=JFVe-M6EYx8,Pakistani
Gulab Jamun with Milk Powder Recipe By Food Fusion,Gulab Jamun with Milk Powder Recipe,https://www.youtube.com/watch?v=wIZnOwqbyAU,Pakistani
Channa Bhatura Recipe By Food Fusion,Channa Bhatura Recipe,https://www.youtube.com/watch?v=oml5pX-9GhM,Pakistani
Sheer Khurma Recipe By Food Fusion,Sheer Khurma Recipe,https://www.youtube.com/watch?v=7aTB0xqw9b8,Pakistani
Caramel Shahi Tukray Recipe By Food Fusion,Caramel Shahi Tukray Recipe,https://www.youtube.com/watch?v=7J8zoonbGm8,Continental
Smokey Chicken Biryani Recipe by Food Fusion,Smokey Chicken Biryani Recipe,https://www.youtube.com/watch?v=_NmDq_ZbrC0,Pakistani
Rasmalai recipe with milk powder By Food Fusion,Rasmalai recipe with milk powder,https://www.youtube.com/watch?v=Def7oXvQhw0,Pakistani
Bhagaray Baigan Recipe By Food Fusion,Bhagaray Baigan Recipe,https://www.youtube.com/watch?v=erZIvrJ3Zr4,Pakistani
Sawaiyon ka Zarda Recipe By Food Fusion,Sawaiyon ka Zarda Recipe,https://www.youtube.com/watch?v=yWzTwfhA2Vc,Pakistani
Stuffed Bell Peppers Recipe By Food Fusion,Stuffed Bell Peppers Recipe,https://www.youtube.com/watch?v=9UKhcc1h8wU,Pakistani
Mix Vegetable Kabab Recipe By Food Fusion,Mix Vegetable Kabab Recipe,https://www.youtube.com/watch?v=Mo_KBO8sfmo,Pakistani
Mozzarella Sticks with Sour Cream Dip Recipe By Food Fusion,Mozzarella Sticks with Sour Cream Dip Recipe,https://www.youtube.com/watch?v=7gf4HgCwotA,Pakistani
Mahallabia (Milk Pudding) recipe by food fusion,Mahallabia (Milk Pudding) recipe,https://www.youtube.com/watch?v=JOxEesXQRBk,Pakistani
Chicken Cheese Cubes Recipe By Food Fusion,Chicken Cheese Cubes Recipe,https://www.youtube.com/watch?v=hklz_OCbP-M,Pakistani
Chicken Wonton Recipe By Food Fusion,Chicken Wonton Recipe,https://www.youtube.com/watch?v=p2aNZrynJ8o,Chinese
Chicken & Cheese half moon recipe by Food Fusion,Chicken & Cheese half moon recipe,https://www.youtube.com/watch?v=3G9GF1uhA0Y,Pakistani
"Chili Bites Recipe, Nandos calls them Peri Bites - Food Fusion","Chili Bites Recipe, Nandos calls them Peri Bites",https://www.youtube.com/watch?v=l74nruKOKmo,Continental
Potato Salad Recipe By Food Fusion,Potato Salad Recipe,https://www.youtube.com/watch?v=ymMTm03MBQ4,Pakistani
Namak Boti Recipe By Food Fusion,Namak Boti Recipe,https://www.youtube.com/watch?v=wIH5v-2UuL4,Pakistani
Creamy Cheese Samosa Recipe By Food Fusion,Creamy Cheese Samosa Recipe,https://www.youtube.com/watch?v=RVV_6JVcI1w,Pakistani
Popcorn Chicken Recipe By Food Fusion,Popcorn Chicken Recipe,https://www.youtube.com/watch?v=Tps-AMZVQi0,Continental
Kalay Chanay ki Chaat Recipe By Food Fusion,Kalay Chanay ki Chaat Recipe,https://www.youtube.com/watch?v=UFk8jZMzgQc,Pakistani
Chicken and Qeema Pakora Recipes by Food Fusion,Chicken and Qeema Pakora Recipes,https://www.youtube.com/watch?v=MhCJzKy0wVk,Pakistani
Anda Ghotala Recipe By Food Fusion,Anda Ghotala Recipe,https://www.youtube.com/watch?v=9kupBe0qi5k,Pakistani
Shimla Mirch Qeema Recipe By Food Fusion,Shimla Mirch Qeema Recipe,https://www.youtube.com/watch?v=PlkKVHtDgw8,Pakistani
Black pepper Chicken Recipe By Food Fusion,Black pepper Chicken Recipe,https://www.youtube.com/watch?v=4YJlxdA6ewY,Pakistani
Lassi 4 ways Recipes by Food Fusion,Lassi 4 ways Recipes,https://www.youtube.com/watch?v=JvT2tjQEw7Q,Pakistani
Aloo Chaat Recipe By Food Fusion,Aloo Chaat Recipe,https://www.youtube.com/watch?v=C4Vr-5hFKl8,Pakistani
Fresh Juices 4 Cool Ways. Recipes by Food Fusion,Fresh Juices 4 Cool Ways. Recipes,https://www.youtube.com/watch?v=aNfj90p5wRs,Pakistani
Chicken Cheese Seekh Kabab Recipe By Food Fusion,Chicken Cheese Seekh Kabab Recipe,https://www.youtube.com/watch?v=6s2T3LlpsUc,Pakistani
Club Sandwich recipe by Food Fusion,Club Sandwich recipe,https://www.youtube.com/watch?v=0DCg40GpAOM,Continental
Creamy Bread Kachori Recipe By Food Fusion,Creamy Bread Kachori Recipe,https://www.youtube.com/watch?v=ehJCr9nB5Hc,Pakistani
Qeema Pakora Recipe By Food Fusion,Qeema Pakora Recipe,https://www.youtube.com/watch?v=V0ZsNquA8Lc,Pakistani
Chicken Pakora Recipe By Food Fusion,Chicken Pakora Recipe,https://www.youtube.com/watch?v=spw7_ZAD3bI,Pakistani
Whole Green Chicken Recipe By Food Fusion,Whole Green Chicken Recipe,https://www.youtube.com/watch?v=CpTjBlc0Sj8,Pakistani
Mehboobi Recipe by Food Fusion,Mehboobi Recipe,https://www.youtube.com/watch?v=1poCampvmH4,Pakistani
"Raita  5 ways, Recipe by Food Fusion","Raita  5 ways, Recipe",https://www.youtube.com/watch?v=4gcC5Bo98lg,Pakistani
Chili Stuffed Pakora Recipe By Food Fusion,Chili Stuffed Pakora Recipe,https://www.youtube.com/watch?v=ti8MD3-kkMQ,Pakistani
Potato Puffs Recipe By Food Fusion,Potato Puffs Recipe,https://www.youtube.com/watch?v=zttvI0MX22c,Pakistani
Basbousa Recipe By Food Fusion,Basbousa Recipe,https://www.youtube.com/watch?v=LP_zxjv1xb0,Pakistani
Yogurt Fruit Delight Recipe By Food Fusion,Yogurt Fruit Delight Recipe,https://www.youtube.com/watch?v=X5oeUeJ57R4,Pakistani
Tadka Dahi Baray/Vada  Recipe By Food Fusion (Ramzan Special Recipe),Tadka Dahi Baray/Vada  Recipe By Food Fusion (Ramzan Special Recipe),https://www.youtube.com/watch?v=Vls793hlpi0,Pakistani
Kathiawari Choley Recipe By Food Fusion,Kathiawari Choley Recipe,https://www.youtube.com/watch?v=cUI353bGHl8,Pakistani
Lab e Shireen Recipe By Food Fusion,Lab e Shireen Recipe,https://www.youtube.com/watch?v=8joMg3S7-W0,Pakistani
Shahi Kachori Recipe By Food Fusion,Shahi Kachori Recipe,https://www.youtube.com/watch?v=rB2-5VFCjGA,Pakistani
Whole Chicken Roast without Oven Recipe By Food Fusion,Whole Chicken Roast without Oven Recipe,https://www.youtube.com/watch?v=4f2_ISi08HE,Pakistani
Chicken Chow Mein Recipe By Food Fusion,Chicken Chow Mein Recipe,https://www.youtube.com/watch?v=mCys5ND7r7s,Chinese
Paratha 4 Ways recipe by Food Fusion,Paratha 4 Ways recipe,https://www.youtube.com/watch?v=2x3B2RzMFOs,Pakistani
Chicken Cheese Fingers -  Make and Freeze  Recipe By Food Fusion (Iftar Ideas),Chicken Cheese Fingers,https://www.youtube.com/watch?v=MxwnoCvJIDQ,Pakistani
Chicken Kachori Recipe By Food Fusion,Chicken Kachori Recipe,https://www.youtube.com/watch?v=4ILOpNHaH1A,Pakistani
Meethe Box Bites & Box Patties Recipe By Food Fusion,Meethe Box Bites & Box Patties Recipe,https://www.youtube.com/watch?v=TJTmckrBt98,Pakistani
Ramzan Mubarak to all!!,Ramzan Mubarak to all!!,https://www.youtube.com/watch?v=pZzwLcERqEI,Non-Recipe/Vlog
Potato Mutton Chops recipe by Food Fusion,Potato Mutton Chops recipe,https://www.youtube.com/watch?v=HaEwJdZoBuY,Pakistani
Chicken Spring Rolls  - Make and Freeze Recipe by Food Fusion (Ramzan Special Recipe),Chicken Spring Rolls,https://www.youtube.com/watch?v=M328g44dEtE,Pakistani
Lacha Paratha wtih Creamy Dips Recipe By Food Fusion,Lacha Paratha wtih Creamy Dips Recipe,https://www.youtube.com/watch?v=gh__oEEXXnk,Pakistani
Kofta Biryani Recipe By Food Fusion,Kofta Biryani Recipe,https://www.youtube.com/watch?v=92T7LShgVJE,Pakistani
Tomato Ketchup Recipe By Food Fusion,Tomato Ketchup Recipe,https://www.youtube.com/watch?v=yTdPv2JeD20,Pakistani
KababNum (Inspired by Magnum Cafe) Recipe by Food Fusion,KababNum (Inspired by Magnum Cafe) Recipe,https://www.youtube.com/watch?v=es02KrtwI1g,Pakistani
Chicken Shami Kabab Recipe By Food Fusion,Chicken Shami Kabab Recipe,https://www.youtube.com/watch?v=PWN-RvjQnUE,Pakistani
Creamy Cholay (Chickpeas)  Recipe By Food Fusion,Creamy Cholay (Chickpeas)  Recipe,https://www.youtube.com/watch?v=3AEby4k-8xk,Pakistani
Meethi Dahi Phulki Recipe By Food Fusion,Meethi Dahi Phulki Recipe,https://www.youtube.com/watch?v=wJ8Cc46-H-0,Pakistani
Chicken Samosas Recipe By Food Fusion,Chicken Samosas Recipe,https://www.youtube.com/watch?v=0ENrbpyYp0E,Pakistani
Beef Resha Kabab Recipe by Food Fusion,Beef Resha Kabab Recipe,https://www.youtube.com/watch?v=wolByRcAKIM,Pakistani
Mayo Garlic Seekh Paratha Roll Recipe By Food Fusion,Mayo Garlic Seekh Paratha Roll Recipe,https://www.youtube.com/watch?v=upvFly-nCm4,Pakistani
Qeema Pockets Recipe By Food Fusion,Qeema Pockets Recipe,https://www.youtube.com/watch?v=LBS5ACcHOqo,Pakistani
Chicken Vegi Cheese Samosas recipe by Food Fusion,Chicken Vegi Cheese Samosas recipe,https://www.youtube.com/watch?v=P3ADQ5goZLo,Pakistani
Shahi Malai Korma Recipe By Food Fusion,Shahi Malai Korma Recipe,https://www.youtube.com/watch?v=NYzqnTahLmw,Pakistani
4 Quick Chutney Recipes By Food Fusion,4 Quick Chutney Recipes,https://www.youtube.com/watch?v=yKYgaI1uBTQ,Pakistani
Monster Shakes Recipe By Food Fusion,Monster Shakes Recipe,https://www.youtube.com/watch?v=op5sCQW-mXY,Pakistani
Chicken sticks Recipe By Food Fusion,Chicken sticks Recipe,https://www.youtube.com/watch?v=g7WNvJYoNU8,Pakistani
"3 Quick Chutney (Keri, Khatti Meethi & Teekhi Tamatar Chutney) Recipes By Food Fusion","3 Quick Chutney (Keri, Khatti Meethi & Teekhi Tamatar Chutney) Recipes",https://www.youtube.com/watch?v=xqetrCyoiF0,Pakistani
Food Fusion First Anniversary Live transmission (Recorded Live),Food Fusion First Anniversary Live transmission (Recorded Live),https://www.youtube.com/watch?v=htpLbWxuujo,Pakistani
Aloo Samosa Recipe By Food Fusion (Ramzan Special Recipe),Aloo Samosa Recipe By Food Fusion (Ramzan Special Recipe),https://www.youtube.com/watch?v=RWWkES72DRQ,Pakistani
Chicken Reshmi Handi Recipe By Food Fusion,Chicken Reshmi Handi Recipe,https://www.youtube.com/watch?v=43IGojUAkKg,Pakistani
Khatay Meethay Aloo Recipe By Food Fusion,Khatay Meethay Aloo Recipe,https://www.youtube.com/watch?v=lCDIabNqlmU,Pakistani
Catch Us live on 9th May 6:30PM,Catch Us live on 9th May 6:30PM,https://www.youtube.com/watch?v=m2PjtuLoxuA,Pakistani
Hyderabadi Dum Chicken Recipe By Food Fusion,Hyderabadi Dum Chicken Recipe,https://www.youtube.com/watch?v=NaP2S-A_230,Indian
Masala Mutton Chops Recipe by Food Fusion,Masala Mutton Chops Recipe,https://www.youtube.com/watch?v=ht1Obn_1Ejs,Pakistani
Chatkhara Malai Boti Recipe By Food Fusion,Chatkhara Malai Boti Recipe,https://www.youtube.com/watch?v=yJ_eR0j9BXI,Indian
Homemade ice cream cones,Homemade ice cream cones,https://www.youtube.com/watch?v=7tRog8I-sVE,Pakistani
Chicken Tikka Recipe By Food Fusion,Chicken Tikka Recipe,https://www.youtube.com/watch?v=8HT9Gc8vtQE,Pakistani
Chelo Kabab Recipe By Food Fusion,Chelo Kabab Recipe,https://www.youtube.com/watch?v=pM-xLbzng78,Pakistani
Chicken Chapli Kabab Recipe By Food Fusion,Chicken Chapli Kabab Recipe,https://www.youtube.com/watch?v=Z7mcYrqXtWQ,Pakistani
Khoye Walay Chawal | Gulati Recipe By Food Fusion,Khoye Walay Chawal,https://www.youtube.com/watch?v=URs3ihW-Jvc,Pakistani
Grilled Pizza Sandwich Recipe  By Food Fusion,Grilled Pizza Sandwich Recipe,https://www.youtube.com/watch?v=mAZjgqk87gk,Continental
Taash Kabab | Taash Kebab Recipe By Food Fusion,Taash Kabab,https://www.youtube.com/watch?v=W8UIYpCbYJs,Pakistani
Ice cream Falooda Recipe by Food Fusion,Ice cream Falooda Recipe,https://www.youtube.com/watch?v=rGUD9buuK3M,Pakistani
Malai Boti Handi Recipe By Food Fusion,Malai Boti Handi Recipe,https://www.youtube.com/watch?v=3qsolYYlUMw,Pakistani
Dum Aloo Recipe By Food Fusion,Dum Aloo Recipe,https://www.youtube.com/watch?v=b23TFKL6WfQ,Pakistani
"Keri (Raw Mango) Recipes. Chutney, Panna & keri ka Shurbat Recipe By Food Fusion","Keri (Raw Mango) Recipes. Chutney, Panna & keri ka Shurbat Recipe",https://www.youtube.com/watch?v=GseWk5mRLf0,Pakistani
Rice Kheer Recipe by Food Fusion,Rice Kheer Recipe,https://www.youtube.com/watch?v=k6i2t2OPO-8,Pakistani
Chicken Quesadillas Recipe By Food Fusion,Chicken Quesadillas Recipe,https://www.youtube.com/watch?v=dvthZJyLQ3M,Pakistani
Chicken White Biryani Recipe By Food Fusion,Chicken White Biryani Recipe,https://www.youtube.com/watch?v=tcyHEsFBot0,Pakistani
Baklava With Puff Pastry recipe By Food Fusion,Baklava With Puff Pastry recipe,https://www.youtube.com/watch?v=ElbcAJaP8xA,Arabic/Mediterranean
Chicken Cheese Paratha Roll Recipe By Food Fusion,Chicken Cheese Paratha Roll Recipe,https://www.youtube.com/watch?v=ATGJQlciWBA,Pakistani
Banjara Gosht Recipe By Food Fusion,Banjara Gosht Recipe,https://www.youtube.com/watch?v=aaGV6-ENwPk,Pakistani
Achari Kofta Handi Recipe By Food Fusion,Achari Kofta Handi Recipe,https://www.youtube.com/watch?v=UqgYzGMOS84,Pakistani
Dhaka Fried Chicken,Dhaka Fried Chicken,https://www.youtube.com/watch?v=nkj1yJOv20c,Pakistani
Chicken Cheese Open Sandwich Recipe By Food fusion,Chicken Cheese Open Sandwich Recipe,https://www.youtube.com/watch?v=UL0p5mTD49k,Continental
ShakarParay | Shakarpara Recipe By Food Fusion,ShakarParay,https://www.youtube.com/watch?v=3ICBDT1hcL4,Pakistani
Falafel Pita Recipe By Food Fusion,Falafel Pita Recipe,https://www.youtube.com/watch?v=lHWy7N4J3PQ,Arabic/Mediterranean
Egg & Cheese (Patties) Puff Triangles Recipe By Food Fusion,Egg & Cheese (Patties) Puff Triangles Recipe,https://www.youtube.com/watch?v=jNHfp5VMDnw,Pakistani
Puff Pastry with ghee Recipe By Food Fusion,Puff Pastry with ghee Recipe,https://www.youtube.com/watch?v=dnfz5DF0iyA,Pakistani
Daal Gosht Handi Recipe By Food Fusion,Daal Gosht Handi Recipe,https://www.youtube.com/watch?v=z6hbsj_BFeI,Pakistani
Mini Fruit Pizza Recipe By Food Fusion,Mini Fruit Pizza Recipe,https://www.youtube.com/watch?v=fjqQmNTID48,Continental
Vanilla Ice Cream Recipe By Food Fusion,Vanilla Ice Cream Recipe,https://www.youtube.com/watch?v=O30sDoTgqeQ,Pakistani
Mix Vegetable Korma Recipe By Food Fusion,Mix Vegetable Korma Recipe,https://www.youtube.com/watch?v=yJEsS0kt45c,Pakistani
Chicken Patties and Puff Pastry with Ghee Recipe By Food Fusion,Chicken Patties and Puff Pastry with Ghee Recipe,https://www.youtube.com/watch?v=vSDjJ7sY9pQ,Pakistani
Besan ke Altay Paltay Recipe By Food Fusion,Besan ke Altay Paltay Recipe,https://www.youtube.com/watch?v=p9cZJx8khdQ,Pakistani
Russian Salad Recipe By Food Fusion (Ramadan special),Russian Salad Recipe By Food Fusion (Ramadan special),https://www.youtube.com/watch?v=4Ro-cEm5EZE,Pakistani
Folded Chicken Cheese Paratha Recipe By Food Fusion,Folded Chicken Cheese Paratha Recipe,https://www.youtube.com/watch?v=eXqqplbZJHs,Pakistani
Lemon Cupcakes with Lemon Buttercream Icing Recipe BY Food Fusion,Lemon Cupcakes with Lemon Buttercream Icing Recipe,https://www.youtube.com/watch?v=MMBHFxwp360,Pakistani
Top 4 Biryani Recipes By Food Fusion,Top 4 Biryani Recipes,https://www.youtube.com/watch?v=VTsvX6oUpq8,Pakistani
Hara Masala Mutton Karhai Recipe By Food Fusion,Hara Masala Mutton Karhai Recipe,https://www.youtube.com/watch?v=gl2_VQby7Tc,Pakistani
Chana Biryani Recipe by Food Fusion,Chana Biryani Recipe,https://www.youtube.com/watch?v=yMh8evr-5j8,Pakistani
Meethi Tikiyan Recipe By Food Fusion,Meethi Tikiyan Recipe,https://www.youtube.com/watch?v=wYVQPc9G3lg,Pakistani
Grilled Sandwich with chicken & Cheese Recipe By Food Fusion,Grilled Sandwich with chicken & Cheese Recipe,https://www.youtube.com/watch?v=I04iZQ3jBjI,Continental
Mix Vegetable Recipe By Food Fusion,Mix Vegetable Recipe,https://www.youtube.com/watch?v=mh1G7oOm-p4,Pakistani
Tandoori Chicken Boti- No Oven Recipe By Food Fusion,Tandoori Chicken Boti- No Oven Recipe,https://www.youtube.com/watch?v=LuVwNNMhb4k,Pakistani
Dal Paratha  Recipe by Food Fusion,Dal Paratha  Recipe,https://www.youtube.com/watch?v=EFcQBKPWF_M,Pakistani
Fattoush Salad Recipe by Food Fusion,Fattoush Salad Recipe,https://www.youtube.com/watch?v=EIHxNtAhjgk,Arabic/Mediterranean
Gola Kabab Recipe By Food Fusion,Gola Kabab Recipe,https://www.youtube.com/watch?v=MIJxW1Jj3Pg,Pakistani
Honey Cinnamon Pancakes Recipe By Food Fusion,Honey Cinnamon Pancakes Recipe,https://www.youtube.com/watch?v=w68ODiwJFK8,Pakistani
Homemade Chocolate Donuts Recipe | doughnut recipe  By Food Fusion,Homemade Chocolate Donuts,https://www.youtube.com/watch?v=QkFZ4TvWVI0,Continental
Pista Badaam Kulfi Recipe By Food Fusion,Pista Badaam Kulfi Recipe,https://www.youtube.com/watch?v=WLqwbM2Zfjo,Pakistani
Chicken Palak Boti Recipe By Food Fusion,Chicken Palak Boti Recipe,https://www.youtube.com/watch?v=w-47Q636iN4,Pakistani
Matar Qeema Recipe By Food Fusion,Matar Qeema Recipe,https://www.youtube.com/watch?v=HxiTOxtHWZw,Pakistani
Chicken Potato kabab Recipe By Food Fusion,Chicken Potato kabab Recipe,https://www.youtube.com/watch?v=RG9-GVlH6qw,Pakistani
Masala Bhindi (Okra) Recipe By Food Fusion,Masala Bhindi (Okra) Recipe,https://www.youtube.com/watch?v=97s6_k0tWuo,Pakistani
Chicken Fajita Pasta Recipe By Food Fusion,Chicken Fajita Pasta Recipe,https://www.youtube.com/watch?v=E-rqG-2F9ks,Continental
Mutton Rogan Josh Recipe By Food Fusion,Mutton Rogan Josh Recipe,https://www.youtube.com/watch?v=b-W4cg0q_58,Pakistani
"Make Kababs 4 ways. Shami , Seekh , Somoky yogurt kabab all recipes in one video  By Food Fusion","Make Kababs 4 ways. Shami , Seekh , Somoky yogurt kabab all recipes in one video",https://www.youtube.com/watch?v=S1T6C5Q0LEI,Pakistani
Lifafa(Envelop) Egg Paratha Recipe By Food Fusion,Lifafa(Envelop) Egg Paratha Recipe,https://www.youtube.com/watch?v=2RS1wMixze8,Pakistani
Chicken Kabab Nuggets Recipe By Food Fusion,Chicken Kabab Nuggets Recipe,https://www.youtube.com/watch?v=awd77C7fb_8,Pakistani
Chocolate Cake Recipe By Food Fusion,Chocolate Cake Recipe,https://www.youtube.com/watch?v=QKdJyaecCBo,Continental
Firecracker Prawns Recipe By Food Fusion,Firecracker Prawns Recipe,https://www.youtube.com/watch?v=OTF60Zrg2T0,Pakistani
Spicy & Saucy Drumsticks Recipe By Food Fusion,Spicy & Saucy Drumsticks Recipe,https://www.youtube.com/watch?v=MKJ_tcvGGUI,Pakistani
Hara Bhara Kabab | Hare Bhare Chicken Kebab Recipe By Food Fusion,Hara Bhara Kabab,https://www.youtube.com/watch?v=nyxI5hvkysI,Pakistani
Chicken Balti Recipe By Food Fusion,Chicken Balti Recipe,https://www.youtube.com/watch?v=A6GPq9vbdE4,Pakistani
"4 Must Have Parathas (Aloo Ka Paratha, Chicken Cheese Paratha, Muli Ka Paratha and Pizza Parata)","4 Must Have Parathas (Aloo Ka Paratha, Chicken Cheese Paratha, Muli Ka Paratha and Pizza Parata)",https://www.youtube.com/watch?v=rRmP_JApGuo,Continental
Nargisi Kofta Recipe By Food Fusion,Nargisi Kofta Recipe,https://www.youtube.com/watch?v=LhSbj9koahg,Pakistani
Lemon Rice with Loki (Bottle Gourd) ka Raita Recipe By Food Fusion,Lemon Rice with Loki (Bottle Gourd) ka Raita Recipe,https://www.youtube.com/watch?v=uPBbfCriSEM,Pakistani
"Top Indo chinese recipes (Chicken Manchurian, chicken jalfrezi, dragon chicken & Kung Pao Chicken)","Top Indo chinese recipes (Chicken Manchurian, chicken jalfrezi, dragon chicken & Kung Pao Chicken)",https://www.youtube.com/watch?v=GG2L841gG1s,Chinese
Masala Fried Rice Recipe By Food Fusion,Masala Fried Rice Recipe,https://www.youtube.com/watch?v=scKS31hoV_I,Chinese
Fusion Fire Chicken Recipe By Food Fusion,Fusion Fire Chicken Recipe,https://www.youtube.com/watch?v=Sibnm1zZjR8,Pakistani
Spicy Fried Khichdi Recipe By Food Fusion,Spicy Fried Khichdi Recipe,https://www.youtube.com/watch?v=H71MWbyhO0E,Pakistani
Chocolate Mousse Cake Recipe By Food Fusion,Chocolate Mousse Cake Recipe,https://www.youtube.com/watch?v=_wBqJEySfaA,Continental
Fusion Khaowsuey (KhaowSay) Recipe By Food Fusion,Fusion Khaowsuey (KhaowSay) Recipe,https://www.youtube.com/watch?v=xolNFO7FQYA,Pakistani
Hari Mirch keema Recipe By Food Fusion,Hari Mirch keema Recipe,https://www.youtube.com/watch?v=x01BeWiX3vA,Pakistani
"Top 4 Halwa Recipes. Gajar Ka Halwa, Andey Ka Halwa, Suji Ka Halwa & Chanay Ki Daal  By Food Fusion","Top 4 Halwa Recipes. Gajar Ka Halwa, Andey Ka Halwa, Suji Ka Halwa & Chanay Ki Daal",https://www.youtube.com/watch?v=II37NGuglwE,Pakistani
Peshawari Murgh (Chicken) Recipe By Food Fusion,Peshawari Murgh (Chicken) Recipe,https://www.youtube.com/watch?v=xIkIemLK0_c,Pakistani
Chukandar Gosht Recipe By Food Fusion,Chukandar Gosht Recipe,https://www.youtube.com/watch?v=xbRWI0JyOyw,Pakistani
Shakarqandi Ki  Kheer Recipe By Food Fusion,Shakarqandi Ki  Kheer Recipe,https://www.youtube.com/watch?v=dBDuMLHIzpI,Pakistani
Pizza Sauce Recipe By Food Fusion,Pizza Sauce Recipe,https://www.youtube.com/watch?v=su3LV6UIewM,Continental
Chicken Quiche Recipe By Food Fusion,Chicken Quiche Recipe,https://www.youtube.com/watch?v=kgSB2GB5d4s,Pakistani
Matar Chawal Recipe By Food Fusion,Matar Chawal Recipe,https://www.youtube.com/watch?v=64Th71HNjgk,Pakistani
Orange Blossom Dessert Recipe By Food Fusion,Orange Blossom Dessert Recipe,https://www.youtube.com/watch?v=kr2XE-08nEs,Pakistani
Panjiri Recipe By Food Fusion,Panjiri Recipe,https://www.youtube.com/watch?v=52t1M-vrHHk,Pakistani
Hara Masala Biryani Recipe By Food Fusion,Hara Masala Biryani Recipe,https://www.youtube.com/watch?v=axj2bWtw4SU,Pakistani
Mutton Sulemani Karahi Recipe By Food Fusion,Mutton Sulemani Karahi Recipe,https://www.youtube.com/watch?v=SioFzyMUpXY,Pakistani
Mix Vegatable Achar (Pickle) Recipe By Food Fusion,Mix Vegatable Achar (Pickle) Recipe,https://www.youtube.com/watch?v=zIuQFDqPI7I,Pakistani
Naan Pockets Recipe By Food Fusion,Naan Pockets Recipe,https://www.youtube.com/watch?v=JzftcNHu-lI,Pakistani
Daal Anda Bun Kabab Karachi Street Food Recipe By Food Fusion,Daal Anda Bun Kabab Karachi Street Food Recipe,https://www.youtube.com/watch?v=zxkOvmzpcZw,Pakistani
Pizza Without Oven Recipe By Food Fusion,Pizza Without Oven Recipe,https://www.youtube.com/watch?v=yohIMERveHI,Continental
Chicken Haleem Recipe By Food Fusion,Chicken Haleem Recipe,https://www.youtube.com/watch?v=8NnEogb5IuI,Pakistani
Aloo Ghosht (Delhi Style)  Recipe By Food Fusion,Aloo Ghosht (Delhi Style)  Recipe,https://www.youtube.com/watch?v=cbzmggwKZbw,Pakistani
Dragon Chicken Recipe By Food Fusion,Dragon Chicken Recipe,https://www.youtube.com/watch?v=dgrEgO0nyQE,Pakistani
Balti Aloo (Potatoes)Recipe By Food Fusion,Balti Aloo (Potatoes)Recipe,https://www.youtube.com/watch?v=DbrlVP8idoI,Pakistani
Shab Daig Recipe By Food Fusion,Shab Daig Recipe,https://www.youtube.com/watch?v=l8E-H2DiNBE,Pakistani
Shakarkandi Chana Chaat Recipe By Food Fusion,Shakarkandi Chana Chaat Recipe,https://www.youtube.com/watch?v=uOu7cPhI8SY,Pakistani
Double Melt Chicken Cheese Burger Recipe By Food Fusion,Double Melt Chicken Cheese Burger Recipe,https://www.youtube.com/watch?v=ZoQHCvqNRuc,Continental
Gajrela Recipe By Food Fusion,Gajrela Recipe,https://www.youtube.com/watch?v=no2OABEwsKo,Pakistani
"Rus Malai, Gulab Jamun, Gajar Ka halwa & Jalibi all desserts  in recipe video By Food Fusion","Rus Malai, Gulab Jamun, Gajar Ka halwa & Jalibi all desserts  in recipe video",https://www.youtube.com/watch?v=uJ6_qQN8yiI,Pakistani
Sweet & Sour Vegetables Recipe By Food Fusion,Sweet & Sour Vegetables Recipe,https://www.youtube.com/watch?v=LLZGv_QCpNc,Pakistani
Chicken Shawarma | Home made Chicken shawarma Recipe By Food Fusion,Chicken Shawarma,https://www.youtube.com/watch?v=lq5weOcbyac,Arabic/Mediterranean
Bombay Briyani Recipe with Homemade Masala By Food Fusion,Bombay Briyani Recipe with Homemade Masala,https://www.youtube.com/watch?v=-mBqGJa2r5Y,Pakistani
Chicken Jalfrezi Recipe By Food Fusion,Chicken Jalfrezi Recipe,https://www.youtube.com/watch?v=6zYCE6MbTZo,Pakistani
Mexican Spicy Fish Recipe By Food Fusion,Mexican Spicy Fish Recipe,https://www.youtube.com/watch?v=PB5iIZUYbQ0,Pakistani
Chicken Lasagne By Food Fusion,Chicken Lasagne,https://www.youtube.com/watch?v=BDFaPIZso68,Pakistani
Ande Aalo Cholay Recipe By Food Fusion,Ande Aalo Cholay Recipe,https://www.youtube.com/watch?v=BacHvXK7gu8,Pakistani
Crispy Fried Fish with Tartar Sauce Recipe By Food Fusion,Crispy Fried Fish with Tartar Sauce Recipe,https://www.youtube.com/watch?v=q6HBsWN9Jus,Continental
Shaljam Ka Achar Recipe By Food Fusion,Shaljam Ka Achar Recipe,https://www.youtube.com/watch?v=1z6mx4xDY-0,Pakistani
Steam Chicken Recipe By Food Fusion,Steam Chicken Recipe,https://www.youtube.com/watch?v=XnXPJG3fnSs,Pakistani
Apple Murabba (Saib Ka Murabba) Recipe By Food Fusion,Apple Murabba (Saib Ka Murabba) Recipe,https://www.youtube.com/watch?v=O3N-RjY702Q,Pakistani
Smokey Yogurt Kabab | Dahi Walay Kebab Recipe By Food Fusion,Smokey Yogurt Kabab,https://www.youtube.com/watch?v=fMYxIKeHvt8,Pakistani
Pani Puri Recipe | Gol Gappa Recipe - By Food Fusion,Pani Puri,https://www.youtube.com/watch?v=Y1dbWOQkL-A,Pakistani
Happy New Year 2017 from the Food Fusion Family,Happy New Year 2017 from the Food Fusion Family,https://www.youtube.com/watch?v=a-QVKPh3d3o,Pakistani
Chanay Ki Daal Ka Halwa Recipe By Food Fusion,Chanay Ki Daal Ka Halwa Recipe,https://www.youtube.com/watch?v=K0eX5GhlyfE,Pakistani
Spicy Coconut Chicken Recipe By Food Fusion,Spicy Coconut Chicken Recipe,https://www.youtube.com/watch?v=HCACRXWRDbQ,Pakistani
Makkai ki Roti Recipe By Food Fusion,Makkai ki Roti Recipe,https://www.youtube.com/watch?v=3j0L-dQSbtA,Pakistani
Sarson Ka Saag Recipe By Food Fusion,Sarson Ka Saag Recipe,https://www.youtube.com/watch?v=XH2_pWrguvI,Pakistani
Fish Biryani Recipe By Food Fusion,Fish Biryani Recipe,https://www.youtube.com/watch?v=igD00IUAluQ,Pakistani
Chicken Casserole Recipe By Food Fusion,Chicken Casserole Recipe,https://www.youtube.com/watch?v=VVPXL1EjguM,Pakistani
Shami Kabab Recipe By Food Fusion,Shami Kabab Recipe,https://www.youtube.com/watch?v=vhXMVKd1OGI,Pakistani
Mediterranean Omelette Recipe By Food Fusion,Mediterranean Omelette Recipe,https://www.youtube.com/watch?v=_PPgPuW9Mts,Arabic/Mediterranean
Instant Jalebi Recipe by Food Fusion,Instant Jalebi Recipe,https://www.youtube.com/watch?v=cpx2v7vae8E,Pakistani
Chicken Ala Kiev Recipe By Food Fusion,Chicken Ala Kiev Recipe,https://www.youtube.com/watch?v=eMzyqFoIZL8,Pakistani
Mooli ka paratha with Kashmiri Lal mirch ki chutni recipe by Food Fusion,Mooli ka paratha with Kashmiri Lal mirch ki chutni recipe,https://www.youtube.com/watch?v=faFaMUQNf5I,Pakistani
Kashmiri lal Mirch Ki Chutney Recipe By Food Fusion,Kashmiri lal Mirch Ki Chutney Recipe,https://www.youtube.com/watch?v=FRl0DP8Fp7E,Pakistani
Bread Pakora Recipe with cheese By Food Fusion,Bread Pakora Recipe with cheese,https://www.youtube.com/watch?v=Q7PWGGqHtLE,Pakistani
Halwa & Puri Recipe (Sooji ka Halwa & Puri) By Food Fusion,Halwa & Puri Recipe (Sooji ka Halwa & Puri),https://www.youtube.com/watch?v=LzSnn94ihi8,Pakistani
Suji Ka Halwa Recipe By Food Fusion,Suji Ka Halwa Recipe,https://www.youtube.com/watch?v=ObWsV8fkAeY,Pakistani
Vegetable Handi Briyani Recipe By Food Fusion,Vegetable Handi Briyani Recipe,https://www.youtube.com/watch?v=Oo2qpD9DZpI,Pakistani
Mutton Kunna Recipe with Kunnah masala spice mix By Food Fusion,Mutton Kunna Recipe with Kunnah masala spice mix,https://www.youtube.com/watch?v=XQFXb5O9RHM,Pakistani
Coffaholic Dessert Recipe By Food Fusion,Coffaholic Dessert Recipe,https://www.youtube.com/watch?v=aW_A86lYaq8,Pakistani
Aloo ka paratha with Instant Gajar ka achar Recipe By Food Fusion,Aloo ka paratha with Instant Gajar ka achar Recipe,https://www.youtube.com/watch?v=5xLl6urVixg,Pakistani
Instant  Gajar Ka Achar (Carrot pickle) Recipe By Food Fusion,Instant  Gajar Ka Achar (Carrot pickle) Recipe,https://www.youtube.com/watch?v=8lQWjajiXZA,Pakistani
Kachri Qeema Recipe by Food Fusion,Kachri Qeema Recipe,https://www.youtube.com/watch?v=jvOGHXEVhwc,Pakistani
Chicken cheese paratha Recipe By Food Fusion,Chicken cheese paratha Recipe,https://www.youtube.com/watch?v=rXbWqm6-TXE,Pakistani
Kasturi chicken Recipe by Food Fusion,Kasturi chicken Recipe,https://www.youtube.com/watch?v=wRTbFijcBRg,Pakistani
Zarda Recipe (Sweet Rice)  By Food Fusion,Zarda Recipe (Sweet Rice),https://www.youtube.com/watch?v=9NQZzOiOO8Q,Pakistani
Mutton Paya recipe by Food Fusion,Mutton Paya recipe,https://www.youtube.com/watch?v=Q3KxDYQV8n8,Pakistani
Machli ka Salan (Fish Curry) Recipe by Food Fusion,Machli ka Salan (Fish Curry) Recipe,https://www.youtube.com/watch?v=8ocFDQqLWyE,Pakistani
Ande Ka halwa (Egg dessert) recipe by Food Fusion,Ande Ka halwa (Egg dessert) recipe,https://www.youtube.com/watch?v=iPG5EDN0Efw,Pakistani
Kachi Kadhi Recipe By Food Fusion,Kachi Kadhi Recipe,https://www.youtube.com/watch?v=0jhIPMkkbMQ,Pakistani
Mughlai Pulao Recipe by Food Fusion,Mughlai Pulao Recipe,https://www.youtube.com/watch?v=wLucIuFv1Do,Pakistani
Coleslaw recipe by Food Fusion,Coleslaw recipe,https://www.youtube.com/watch?v=J1VKYHG4-BI,Continental
Rainbow Sandwich recipe by Food Fusion,Rainbow Sandwich recipe,https://www.youtube.com/watch?v=yPJwgXNDrJs,Continental
BBQ Baingan (brinjal) Ka Bharta  Recipe By Food Fuision,BBQ Baingan (brinjal) Ka Bharta  Recipe By Food Fuision,https://www.youtube.com/watch?v=qOYz2elD730,Pakistani
Chicken Noodle Soup Recipe By Food Fusion,Chicken Noodle Soup Recipe,https://www.youtube.com/watch?v=EQO14M9-qYo,Chinese
Besan ki roti and Lahsun ki chutney recipes by Food Fusion,Besan ki roti and Lahsun ki chutney recipes,https://www.youtube.com/watch?v=L348WkNm-pQ,Pakistani
Lahsun ki Chutney (Garlic Chutney) Recipe By Food Fusion,Lahsun ki Chutney (Garlic Chutney) Recipe,https://www.youtube.com/watch?v=Saskr9qeyPs,Pakistani
Instant green chili and garlic pickle recipe by Food Fusion,Instant green chili and garlic pickle recipe,https://www.youtube.com/watch?v=N_FdbyF8c6w,Pakistani
Tahari Recipe By Food Fusion,Tahari Recipe,https://www.youtube.com/watch?v=dfRn4xGWAE4,Pakistani
Dal Makhani Recipe By Food Fusion,Dal Makhani Recipe,https://www.youtube.com/watch?v=bWr7P6WTWFE,Indian
Chicken Cordon Bleu  with Sauce Recipe By Food Fusion,Chicken Cordon Bleu  with Sauce Recipe,https://www.youtube.com/watch?v=7khnt_rwdAE,Pakistani
Mongolian Beef Recipe  by Food Fusion,Mongolian Beef Recipe,https://www.youtube.com/watch?v=jSUu50YsUbk,Pakistani
Kashmiri Chai (Pink Tea) Recipe By Food Fusion,Kashmiri Chai (Pink Tea) Recipe,https://www.youtube.com/watch?v=bbtDwHk-yPg,Pakistani
Shahi Tukray Recipe by Food Fusion,Shahi Tukray Recipe,https://www.youtube.com/watch?v=S0N5GoRTs1U,Pakistani
Potato Cutlets wtih chicken filling (Alu tikki)Recipe By Food Fusion,Potato Cutlets wtih chicken filling (Alu tikki)Recipe,https://www.youtube.com/watch?v=URcRUEqoR9A,Pakistani
Pizza Dough & Pizza Monkey Bread Recipe by Food Fusion,Pizza Dough & Pizza Monkey Bread Recipe,https://www.youtube.com/watch?v=2faq_TcslHc,Continental
BBQ Chicken Biryani Recipe by Food Fusion,BBQ Chicken Biryani Recipe,https://www.youtube.com/watch?v=RRDlbRM-bws,Pakistani
Hot Chocolate quick and simple Recipe by Food Fusion,Hot Chocolate quick and simple Recipe,https://www.youtube.com/watch?v=T4dPdXHIIlo,Pakistani
Salt Roasted Corn (Makai) & Chickpeas (Chanay)  Recipe By Food Fusion,Salt Roasted Corn (Makai) & Chickpeas (Chanay)  Recipe,https://www.youtube.com/watch?v=BR4MgnZySAA,Pakistani
Cheesy Lasagna soup recipe by Food Fusion,Cheesy Lasagna soup recipe,https://www.youtube.com/watch?v=UbttSKyqzUk,Continental
Kharay Masalay ki Murgi (Whole spice chicken) By Food Fusion,Kharay Masalay ki Murgi (Whole spice chicken),https://www.youtube.com/watch?v=hD6lbhVSZWA,Pakistani
Lahori Dahi bhalla Recipe By Food Fusion,Lahori Dahi bhalla Recipe,https://www.youtube.com/watch?v=IcLlZSScYSQ,Pakistani
Hand Beaten Foamy Coffee Recipe | No fancy tools by Food Fusion,Hand Beaten Foamy Coffee,https://www.youtube.com/watch?v=7RMjjYLq-Bg,Continental
Hot & Sour Soup (Chicken) Recipe By Food Fusion,Hot & Sour Soup (Chicken) Recipe,https://www.youtube.com/watch?v=eZKbddlY4aQ,Pakistani
Chicken Nuggets Recipe learn how to make at home - By Food Fusion,Chicken Nuggets Recipe learn how to make at home,https://www.youtube.com/watch?v=xCS7LAUsa1E,Pakistani
Pizza dough quick and easy recipe By Food Fusion,Pizza dough quick and easy recipe,https://www.youtube.com/watch?v=pFzSIzuKKxY,Continental
Kabuli Pulao (Afghani Pulao) Recipe By Food Fusion,Kabuli Pulao (Afghani Pulao) Recipe,https://www.youtube.com/watch?v=regRtevOymE,Arabic/Mediterranean
Instant Badam Firni (Rice pudding) Recipe | Phirni desssert by Food Fusion,Instant Badam Firni (Rice pudding),https://www.youtube.com/watch?v=E7gEjLC_5tY,Pakistani
Chicken 65 Recipe By Food Fusion,Chicken 65 Recipe,https://www.youtube.com/watch?v=SX5vHLirW6o,Pakistani
Chicken Stock Recipe | How to make Chicken Stock by Food Fusion,Chicken Stock,https://www.youtube.com/watch?v=IE98ueZWaNY,Pakistani
Aloo ki tarkari (Halwa puri aloo) recipe by food fusion,Aloo ki tarkari (Halwa puri aloo) recipe,https://www.youtube.com/watch?v=ZqalkkGG8hc,Pakistani
Choley ka Salan - (Channay ki tarkari ) For Halwa puri By Food Fusion,Choley ka Salan,https://www.youtube.com/watch?v=wxgDmoiZP-I,Pakistani
Pakistan's Best Food Video Destination,Pakistan's Best Food Video Destination,https://www.youtube.com/watch?v=ESvT2YptGlU,Pakistani
Baked Macaroni with Cheese Recipe by Food Fusion,Baked Macaroni with Cheese Recipe,https://www.youtube.com/watch?v=vumiSuHdL4g,Continental
Suji Ka Halwa Recipe by Food Fusion,Suji Ka Halwa Recipe,https://www.youtube.com/watch?v=Z2I54pAGLMg,Pakistani
Kachori Recipe quick and simple by Food Fusion,Kachori Recipe quick and simple,https://www.youtube.com/watch?v=lvI0so7aESw,Pakistani
Kung Pao Chicken Recipe By Food Fusion,Kung Pao Chicken Recipe,https://www.youtube.com/watch?v=GncJZsV2Qsk,Chinese
Chicken bread recipe by Food Fusion,Chicken bread recipe,https://www.youtube.com/watch?v=blzvse35hJA,Pakistani
Mutton Stew Recipe By Food Fusion,Mutton Stew Recipe,https://www.youtube.com/watch?v=CvswJRFGCAs,Pakistani
Chicken Broast Recipe Not KFC but very tasty By Food Fusion,Chicken Broast Recipe Not KFC but very tasty,https://www.youtube.com/watch?v=DqT2f4RtQX4,Continental
Hyderabadi Saadi Biryani Recipe ( Quick and Easy) By Food Fusion,Hyderabadi Saadi Biryani Recipe ( Quick and Easy),https://www.youtube.com/watch?v=psm4d3F5aQM,Indian
Food Fusion - Pakistan's Best Online Food Destination,Food Fusion,https://www.youtube.com/watch?v=8z_Fiycx6v4,Pakistani
Kadhi  Pakora Recipe by Food Fusion (Pakora Kadhi),Kadhi  Pakora Recipe by Food Fusion (Pakora Kadhi),https://www.youtube.com/watch?v=mcYJ9aTA61E,Pakistani
Ginger Chicken Recipe By Food Fusion,Ginger Chicken Recipe,https://www.youtube.com/watch?v=GtIss59aCc4,Pakistani
Molten Chocolate Lava Cake Recipe By Food Fusion,Molten Chocolate Lava Cake Recipe,https://www.youtube.com/watch?v=jWaf5lgDEOM,Continental
Fish fry with masala (Fried Fish) recipe by Food Fusion,Fish fry with masala (Fried Fish) recipe,https://www.youtube.com/watch?v=H_cXmLuccIs,Pakistani
Murgh Cholay Recipe By Food Fusion,Murgh Cholay Recipe,https://www.youtube.com/watch?v=hBr35dLo3pw,Pakistani
Tawa Chicken Recipe By Food Fusion,Tawa Chicken Recipe,https://www.youtube.com/watch?v=u0ri0M4f1PI,Pakistani
Chocolate Milkshake & Ganache Recipe By Food Fusion,Chocolate Milkshake & Ganache Recipe,https://www.youtube.com/watch?v=4mX-tz5kbrk,Pakistani
"Tempura with prawns, onions rings and more  recipe By Food Fusion","Tempura with prawns, onions rings and more  recipe",https://www.youtube.com/watch?v=587lN7WTKYQ,Japanese
Qeema Masoor Biryani Recipe By Food Fusion,Qeema Masoor Biryani Recipe,https://www.youtube.com/watch?v=CsCUbIqBU50,Pakistani
Omelette Roll with chicken and cheese Breakfast Recipe By Food Fusion,Omelette Roll with chicken and cheese Breakfast Recipe,https://www.youtube.com/watch?v=DYnM9_1XWPY,Continental
Kofta (Meat balls/ Koftay) recipe by Food Fusion,Kofta (Meat balls/ Koftay) recipe,https://www.youtube.com/watch?v=hKfydkOonNk,Pakistani
Pizza Paratha Recipe by Food Fusion,Pizza Paratha Recipe,https://www.youtube.com/watch?v=I3Ne6XQ-drQ,Continental
Easy Grilled Chicken Salad Recipe By Food Fusion,Easy Grilled Chicken Salad Recipe,https://www.youtube.com/watch?v=5cuHXD48nK8,Pakistani
Chicken Malai Boti Recipe by Food Fusion,Chicken Malai Boti Recipe,https://www.youtube.com/watch?v=DL0w2dmBgTc,Pakistani
Behari Pasanday Recipe By Food Fusion,Behari Pasanday Recipe,https://www.youtube.com/watch?v=GCNmV4E3Fg0,Pakistani
Spaghetti and Meatballs Recipe by Food Fusion,Spaghetti and Meatballs Recipe,https://www.youtube.com/watch?v=sHVFVQ1zOqI,Continental
Qeema Bhare Karele Recipe by Food Fusion,Qeema Bhare Karele Recipe,https://www.youtube.com/watch?v=ZwaujirKPzY,Pakistani
Dum Ka Keema Recipe By Food Fusion,Dum Ka Keema Recipe,https://www.youtube.com/watch?v=TZLXY1BZazk,Pakistani
Palak Gosht (Spinach) Recipe by Food Fusion,Palak Gosht (Spinach) Recipe,https://www.youtube.com/watch?v=lpOYm_S_i7o,Pakistani
Beef Bihari Kabab Recipe By Food Fusion (Eid Recipe),Beef Bihari Kabab Recipe By Food Fusion (Eid Recipe),https://www.youtube.com/watch?v=BWhGoGGLW94,Pakistani
Beef Seekh Kabab Recipe By Food Fusion (Eid Recipe),Beef Seekh Kabab Recipe By Food Fusion (Eid Recipe),https://www.youtube.com/watch?v=vSFU7RP6QUI,Pakistani
Frozen Cheese cake Recipe By Food Fusion,Frozen Cheese cake Recipe,https://www.youtube.com/watch?v=g2cSlzn25Gg,Continental
Eid Mubarak to all our Fans. Bakra Eid Recipes,Eid Mubarak to all our Fans. Bakra Eid Recipes,https://www.youtube.com/watch?v=zwbzGYrl0Rg,Pakistani
Achar gosht Recipe by Food Fusion (Eid Recipe),Achar gosht Recipe by Food Fusion (Eid Recipe),https://www.youtube.com/watch?v=8MxtSEJ_Koc,Pakistani
Mutton Yakhni Pulao Recipe By Food Fusion (Eid Recipe),Mutton Yakhni Pulao Recipe By Food Fusion (Eid Recipe),https://www.youtube.com/watch?v=7QcU6DdYT8w,Pakistani
Masala Mutton Leg Roast Recipe By Food Fusion (Eid Recipe),Masala Mutton Leg Roast Recipe By Food Fusion (Eid Recipe),https://www.youtube.com/watch?v=cow61cvs3BA,Pakistani
A perfect Hunter Beef Recipe By Food Fusion (Eid Recipe),A perfect Hunter Beef Recipe By Food Fusion (Eid Recipe),https://www.youtube.com/watch?v=jZlJL1z4MJ8,Pakistani
Frozen Cake Dessert by Food Fusion,Frozen Cake Dessert,https://www.youtube.com/watch?v=g7vedrT7ymQ,Continental
Fry Masala Boti Recipe By Food Fusion (Eid Recipe),Fry Masala Boti Recipe By Food Fusion (Eid Recipe),https://www.youtube.com/watch?v=MjayzWhPaEw,Pakistani
White Badami Korma Recipe By Food Fusion (Eid Recipe),White Badami Korma Recipe By Food Fusion (Eid Recipe),https://www.youtube.com/watch?v=KoHk6YnFEAw,Pakistani
Chapli Kabab Recipe By Food Fusion Bakra Eid Recipe,Chapli Kabab Recipe By Food Fusion Bakra Eid,https://www.youtube.com/watch?v=pZfT0-BKNTU,Pakistani
Mirchon / Mirchi Ka Salan -  Chili Curry Recipe by Food Fusion,Mirchon / Mirchi Ka Salan,https://www.youtube.com/watch?v=MO7UZZLyx1U,Pakistani
Fry Kaleji Masala Recipe By Food Fusion (Eid Recipe),Fry Kaleji Masala Recipe By Food Fusion (Eid Recipe),https://www.youtube.com/watch?v=xCYx0FpUfdE,Pakistani
Beef Burger with Fusion Sauce Recipe  by Food Fusion (Eid Recipe),Beef Burger with Fusion Sauce Recipe  by Food Fusion (Eid Recipe),https://www.youtube.com/watch?v=PQFxh-UDm9A,Continental
Brain Masala(Maghaz Fry) Recipe for bakra Eid by Food Fusion (Eid Recipe),Brain Masala(Maghaz Fry) Recipe for bakra Eid by Food Fusion (Eid Recipe),https://www.youtube.com/watch?v=O1kl23ylFNs,Pakistani
Mutton Chops two ways- baked & grilled  Recipe by Food Fusion (Eid Recipe),Mutton Chops two ways- baked & grilled  Recipe by Food Fusion (Eid Recipe),https://www.youtube.com/watch?v=Ps32iR7Zw1M,Pakistani
Beef Keema Biryani Recipe  By Food Fusion,Beef Keema Biryani Recipe,https://www.youtube.com/watch?v=dyn15W4Wi_M,Pakistani
Know Your Spices - Most common spices used in Pakistani & Indian food. English & Urdu By Food Fusion,Know Your Spices,https://www.youtube.com/watch?v=H01OfnqxtaY,Pakistani
Perfect Beef Nihari Recipe by Food Fusion,Perfect Beef Nihari Recipe,https://www.youtube.com/watch?v=mZOXDAvMCM4,Pakistani
Namkeen Gosht / Bhuna Namkeen Gosht (Namkeen rosh)  Recipe by Food Fusion (Eid Recipe),Namkeen Gosht / Bhuna Namkeen Gosht (Namkeen rosh)  Recipe by Food Fusion (Eid Recipe),https://www.youtube.com/watch?v=sHioucZUUOM,Pakistani
Chicken Alfredo Fettuccine Recipe by Food Fusion,Chicken Alfredo Fettuccine Recipe,https://www.youtube.com/watch?v=dJEjnk-mW0s,Pakistani
Rasmalai Recipe By Food Fusion,Rasmalai Recipe,https://www.youtube.com/watch?v=CyTN8fp8aTQ,Pakistani
Honey BBQ Chicken Wings Recipe By Food Fusion,Honey BBQ Chicken Wings Recipe,https://www.youtube.com/watch?v=GK6P3sZLAWM,Continental
Beef Chili Dry Recipe by Food Fusion (Eid Recipe),Beef Chili Dry Recipe by Food Fusion (Eid Recipe),https://www.youtube.com/watch?v=EfRh182V8X0,Pakistani
BBQ Chicken Bihari Boti Recipe by Food Fusion,BBQ Chicken Bihari Boti Recipe,https://www.youtube.com/watch?v=WWo5SCy0jRU,Pakistani
Swiss Meringue Buttercream recipe by food fusion,Swiss Meringue Buttercream recipe,https://www.youtube.com/watch?v=wrc1K9uF95A,Pakistani
Pound Cake Recipe by Food Fusion,Pound Cake Recipe,https://www.youtube.com/watch?v=paBX3byTpuw,Continental
Chicken Hariyali (Green Chicken) quick and easy Recipe by Food Fusion,Chicken Hariyali (Green Chicken) quick and easy Recipe,https://www.youtube.com/watch?v=4RQI_yD-5Uc,Pakistani
Beef Pasanday Recipe by Food Fusion | Eid recipe | Beef recipes,Beef Pasanday Recipe,https://www.youtube.com/watch?v=xXFtSUlhe3k,Pakistani
Quick and easy  Hummus Recipe in Urdu and English By Food Fusion,Quick and easy  Hummus Recipe in Urdu and English,https://www.youtube.com/watch?v=5yK4kNoeWbo,Arabic/Mediterranean
Easy Potato Pancakes Recipe 3 ways by Food Fusion,Easy Potato Pancakes Recipe 3 ways,https://www.youtube.com/watch?v=dAtTV4Zs0m0,Pakistani
Fried Mutton/Lamb Chops Recipe By Food Fusion (Eid Recipe),Fried Mutton/Lamb Chops Recipe By Food Fusion (Eid Recipe),https://www.youtube.com/watch?v=gBqfx-zxfjo,Pakistani
Palak Paneer Recipe learn how to make this fusion of cottage cheese and spinach gravy by Food Fusion,Palak Paneer Recipe learn how to make this fusion of cottage cheese and spinach gravy,https://www.youtube.com/watch?v=BTI6RggETEQ,Indian
Finger Fish with tzatziki sauce Recipe – make it at home like restaurants - By Food Fusion,Finger Fish with tzatziki sauce Recipe – make it at home like restaurants,https://www.youtube.com/watch?v=21wQLz9zytg,Pakistani
Quick and Easy Singaporean Rice Recipe (Urdu and English) Learn how to make it by Food Fusion,Quick and Easy Singaporean Rice Recipe (Urdu and English) Learn how to make it,https://www.youtube.com/watch?v=MyM2KB93L3A,Chinese
Easy Tadke wali Moong Dal Recipe by Food Fusion (How to Make authentic Moong Daal recipe with tarka),Easy Tadke wali Moong Dal Recipe by Food Fusion (How to Make authentic Moong Daal recipe with tarka),https://www.youtube.com/watch?v=DYRdHTVVEuU,Pakistani
"Grilled Chicken with Mushroom Sauce, resturant quality recipe  By Food Fusion","Grilled Chicken with Mushroom Sauce, resturant quality recipe",https://www.youtube.com/watch?v=FfuoTUHEDzw,Pakistani
Healthy Mango Fusion Salad Recipe By Food Fusion,Healthy Mango Fusion Salad Recipe,https://www.youtube.com/watch?v=pbBdl7I78us,Pakistani
Crispy Chicken Burger Recipe Its better than a Zinger  - Food Fusion,Crispy Chicken Burger Recipe Its better than a Zinger,https://www.youtube.com/watch?v=hoM7Rs5Hrac,Continental
Fresh & Refreshing Peach Lemonade Recipe - Food Fusion,Fresh & Refreshing Peach Lemonade,https://www.youtube.com/watch?v=VnfY78MifMs,Pakistani
Hari Moong dal Khichdi (Green Mong Dal Lentil Khichdi) Recipe By Food Fusion,Hari Moong dal Khichdi (Green Mong Dal Lentil Khichdi) Recipe,https://www.youtube.com/watch?v=pkSgODBKzdI,Pakistani
Butter Chicken (Chicken Makhni) Recipe by Food Fusion,Butter Chicken (Chicken Makhni) Recipe,https://www.youtube.com/watch?v=7EHmt8DLNj4,Pakistani
Baingan with Dahi (Eggplant with Yogurt) Recipe By Food Fusion,Baingan with Dahi (Eggplant with Yogurt) Recipe,https://www.youtube.com/watch?v=CMp6QkpfQt8,Pakistani
French Toast Rolls & Nutella Stuffed French Toast Breakfast Recipe By Food Fusion,French Toast Rolls & Nutella Stuffed French Toast Breakfast Recipe,https://www.youtube.com/watch?v=-BO4_TrbVck,Pakistani
Chicken Cheese Mushroom Sandwich Recipe Resturant Style By Food Fusion,Chicken Cheese Mushroom Sandwich Recipe Resturant Style,https://www.youtube.com/watch?v=rniltU89fCI,Continental
"Garlic Bread Recipe, Plain and Cheesy By Food Fusion","Garlic Bread Recipe, Plain and Cheesy",https://www.youtube.com/watch?v=GoO4aRgH84w,Pakistani
Chicken White Karahi Recipe By Food Fusion,Chicken White Karahi Recipe,https://www.youtube.com/watch?v=CUSySy6XiwQ,Pakistani
"Kachori, Suji Ka Halwa, Channay ki Tarkari & Aalo Ki Tarkari Recipe by Food Fusion","Kachori, Suji Ka Halwa, Channay ki Tarkari & Aalo Ki Tarkari Recipe",https://www.youtube.com/watch?v=BFn0CvoUjgo,Pakistani
"Gulab Jamun quick, easy & authentic Recipe learn how to make at home By Food Fusion","Gulab Jamun quick, easy & authentic Recipe learn how to make at home",https://www.youtube.com/watch?v=5MUQ840KTHY,Pakistani
Umm Ali dessert with Bakarkhani Recipe by Food Fusion,Umm Ali dessert with Bakarkhani Recipe,https://www.youtube.com/watch?v=Yq7yn-jmWd8,Pakistani
Chocolate Pudding Pie Recipe - By Food Fusion,Chocolate Pudding Pie,https://www.youtube.com/watch?v=sw4VX3XcfNA,Pakistani
Sheer Khurma (Vermicelli) Fried + Milk recipe by Food Fusion,Sheer Khurma (Vermicelli) Fried + Milk recipe,https://www.youtube.com/watch?v=nF3ArDXK_gs,Pakistani
Fudgy Brownie Recipe very simple very easy  - Food Fusion,Fudgy Brownie Recipe very simple very easy,https://www.youtube.com/watch?v=_CX4pQ5-ick,Continental
Fried Rice Recipe  By Food Fusion,Fried Rice Recipe,https://www.youtube.com/watch?v=HUcmodfD7A8,Chinese
Fried Potato (cheese) Stuffed Bread Balls Recipe By Food Fusion,Fried Potato (cheese) Stuffed Bread Balls Recipe,https://www.youtube.com/watch?v=mTaJQ2-G9qc,Pakistani
How to make Simple and easy Lasagna ‪Recipe By Food Fusion,How to make Simple and easy Lasagna ‪Recipe,https://www.youtube.com/watch?v=khwWnVHuPEU,Continental
Sevaiyan bites Recipe - By Food Fusion,Sevaiyan bites,https://www.youtube.com/watch?v=4itbggG9rIU,Pakistani
Chicken Manchurian Simplified Recipe By - Food Fusion,Chicken Manchurian Simplified Recipe By,https://www.youtube.com/watch?v=WM-i9wGT4zk,Chinese
Stuffed Crust Pizza & Pizza Dough Recipe By Food Fusion,Stuffed Crust Pizza & Pizza Dough Recipe,https://www.youtube.com/watch?v=DRjptS4-VD8,Continental
Chicken Shashlik Recipe - By Food Fusion,Chicken Shashlik,https://www.youtube.com/watch?v=Km79KMpjLYw,Pakistani
Mutton Korma the traditional & authentic way by Food Fusion,Mutton Korma the traditional & authentic way,https://www.youtube.com/watch?v=xvwniF6tn3M,Pakistani
Chicken Hakka Noodles Recipe Desi Chinese Version By Food Fusion,Chicken Hakka Noodles Recipe Desi Chinese Version,https://www.youtube.com/watch?v=KrejvDCM3mo,Chinese
Croquette Balls Recipe by Food Fusion,Croquette Balls Recipe,https://www.youtube.com/watch?v=MXuVkUZaagE,Pakistani
Very Easy Spring Rolls Recipe  - By Food Fusion,Very Easy Spring Rolls,https://www.youtube.com/watch?v=34LxJ9XwKts,Pakistani
Nargisi Kababs recipe made easy by Food Fusion #Ramzan,Nargisi Kababs recipe made easy by Food Fusion #Ramzan,https://www.youtube.com/watch?v=vO71e73HWl4,Pakistani
Best  Recipe for Kachay Gosht ki chicken Biryani - Food Fusion,Best  Recipe for Kachay Gosht ki chicken Biryani,https://www.youtube.com/watch?v=M37g1RRFTD4,Pakistani
Bajiya - A Fusion of lentils (Daal) by Food Fusion #Ramzan Recipe,Bajiya,https://www.youtube.com/watch?v=96FVpWhwbOo,Pakistani
Pakistan Produces World's Best Mangoes - Food Fusion,Pakistan Produces World's Best Mangoes,https://www.youtube.com/watch?v=tM3lwOx7cTc,Pakistani
Masala  Omelette French Toast Recipe by Food Fusion,Masala  Omelette French Toast Recipe,https://www.youtube.com/watch?v=0qOIKn5lFGU,Continental
Very Easy Masala Aloo Recipe - Food Fusion,Very Easy Masala Aloo,https://www.youtube.com/watch?v=cwps_0u-vPQ,Pakistani
Murgh Kababi - The Best chicken you have ever had - Food Fusion,Murgh Kababi,https://www.youtube.com/watch?v=G-qv0YZblMI,Pakistani
Easy and Quick  Cream Fruit Chaat Recipe - Food Fusion,Easy and Quick  Cream Fruit Chaat,https://www.youtube.com/watch?v=ZZosuUU4uCM,Pakistani
How to make a Pakora Platter 7 in 1 recipe - Food Fusion,How to make a Pakora Platter 7 in 1,https://www.youtube.com/watch?v=1OnuYpiAMwU,Pakistani
Khajoor Balls (dates) coated with coconut and sesame seeds- Food Fusion,Khajoor Balls (dates) coated with coconut and sesame seeds,https://www.youtube.com/watch?v=95qowJ0L4R0,Pakistani
Katsu Chicken Recipe - Food Fusion,Katsu Chicken,https://www.youtube.com/watch?v=-PSD3rvwnyQ,Japanese
Buffalo Chicken Shots Recipe- Food Fusion,Buffalo Chicken Shots,https://www.youtube.com/watch?v=KmW00NxYojA,Pakistani
The perfect Dahi Chana Chaat Recipe - Food Fusion,The perfect Dahi Chana Chaat,https://www.youtube.com/watch?v=ZOc9fJJNcII,Pakistani
Ramzan Mubarak From Food Fusion,Ramzan Mubarak From,https://www.youtube.com/watch?v=7mUjZ86GuQE,Non-Recipe/Vlog
"White Pasta with Spicy Koila Chicken and white sauce recipe, learn how to make it from Food Fusion","White Pasta with Spicy Koila Chicken and white sauce recipe, learn how to make it from",https://www.youtube.com/watch?v=DHdYYuIUQHA,Chinese
"Easy Chicken Seekh Kabab recipe, Learn how to make these kebabs from  Food Fusion","Easy Chicken Seekh Kabab recipe, Learn how to make these kebabs from",https://www.youtube.com/watch?v=05SRDnPpj5c,Pakistani
The perfect recipe for Daal Dahi Baray - Learn how to make from Food Fusion,The perfect recipe for Daal Dahi Baray,https://www.youtube.com/watch?v=FncOw73_ywc,Pakistani
"How to make Sweet  Nutella, Sugar and Gurr Paratha (Busri) - Food Fusion","How to make Sweet  Nutella, Sugar and Gurr Paratha (Busri)",https://www.youtube.com/watch?v=Pd1C_dThyLA,Pakistani
How to make Baked Egg - Food Fusion,How to make Baked Egg,https://www.youtube.com/watch?v=9tBTUuNdOig,Pakistani
How to make a WaterMelon Basket - Food Fusion,How to make a WaterMelon Basket,https://www.youtube.com/watch?v=jQqH5xeTiCs,Pakistani
The Best Chocolate Chip Cookies recipe  A 6 year old tells you how to make it - Food Fusion,The Best Chocolate Chip Cookies recipe  A 6 year old tells you how to make it,https://www.youtube.com/watch?v=jjTvhhvOucQ,Pakistani
Fresh and Refreshing Watermelon Drink Recipe - Food Fusion A type of lemonade or juice,Fresh and Refreshing Watermelon Drink Recipe A type of lemonade or juice,https://www.youtube.com/watch?v=8YxNwXQlzS4,Pakistani
Bread Cheese Cigars Recipe (made into rolls) by Food Fusion,Bread Cheese Cigars Recipe (made into rolls),https://www.youtube.com/watch?v=2UN_sK2vj2A,Pakistani
"Potato Omelette With Cheese, Pakistani Fusion style recipe - Food Fusion","Potato Omelette With Cheese, Pakistani Fusion style",https://www.youtube.com/watch?v=WmEkEzNJunI,Continental
Sukal Gosht - Food Fusion a traditional Sindhi (Beef) Recipe,Sukal Gosht a traditional Sindhi (Beef),https://www.youtube.com/watch?v=DDK-8_4Aomc,Pakistani
Fried Egg Salsa With recipe- Food Fusion,Fried Egg Salsa With,https://www.youtube.com/watch?v=_EYpunjvs0k,Pakistani
Refreshing and healthy Falsa Juice Recipe - Food Fusion,Refreshing and healthy Falsa Juice,https://www.youtube.com/watch?v=J26-PGXSWHo,Pakistani
Stuffed Potato with cheese - Food Fusion,Stuffed Potato with cheese,https://www.youtube.com/watch?v=Y2c3fL713mE,Pakistani
Meet the founders - #GeoPakistan,Meet the founders,https://www.youtube.com/watch?v=srbGkRKkDwI,Non-Recipe/Vlog
Fusion Salad Recipe and dressing recipe by Food Fusion,Fusion Salad Recipe and dressing recipe,https://www.youtube.com/watch?v=hKZCM2VHBh8,Pakistani
Meet the founders -   Food Fusion,Meet the founders,https://www.youtube.com/watch?v=BdnstuWnW9Q,Non-Recipe/Vlog
Chicken Koila Karahi Recipe by Food Fusion,Chicken Koila Karahi Recipe,https://www.youtube.com/watch?v=hSiNpvk98-M,Pakistani
Bread Pizza Recipe by Food Fusion,Bread Pizza Recipe,https://www.youtube.com/watch?v=popXblRHafY,Continental
"Chili Bites Recipe, Nandos calls them Peri Bites - Food Fusion","Chili Bites Recipe, Nandos calls them Peri Bites",https://www.youtube.com/watch?v=NAahAX62MZ0,Continental
Introducing Food Fusion,Introducing,https://www.youtube.com/watch?v=U8NgecqV0qo,Pakistani
Chicken Qeema Paratha recipe with cheese by Food Fusion,Chicken Qeema Paratha recipe with cheese,https://www.youtube.com/watch?v=6_ZFUSItybA,Pakistani
