Video Title,Dish Name,YouTube Link,Cuisine Type
Shinwari Bhunna Qeema,Shinwari Bhunna Qeema,https://www.youtube.com/watch?v=RpuF3hFsYOc,Pakistani
Achar Gosht Recipe - Truely Pakistani Achar Gosht,Achar Gosht,https://www.youtube.com/watch?v=LAUHlsGbVCA,Pakistani
Chicken Cheese Burger - Restaurant Quality Burger with Sauce,Chicken Cheese Burger,https://www.youtube.com/watch?v=xlvrODRVFuk,Continental
Makhadi Halwa Recipe - Best Suji Halwa Secret Recipe (Best of Best),Makhadi Halwa,https://www.youtube.com/watch?v=gpvIZ8fL4A8,Pakistani
Professional White Chicken Karahi Recipe,Professional White Chicken Karahi,https://www.youtube.com/watch?v=s2cAWu5_v64,Pakistani
Desi Chicken Macaroni Shadiyon Wali,Desi Chicken Macaroni Shadiyon Wali,https://www.youtube.com/watch?v=BWWyZ5I0hOU,Continental
1kg Perfect Biryani - Degi Style Authentic Biryani with Measurements,Perfect Biryani,https://www.youtube.com/watch?v=JI82HIYDp0o,Pakistani
Shadi Wala Fry Chicken - Simple Crispy Fry Chicken Recipe,Shadi Wala Fry Chicken,https://www.youtube.com/watch?v=TpepZdLbfMg,Pakistani
Real Chicken Koftay - Special Soft and Puffy Kofta Curry (make and store),Real Chicken Koftay,https://www.youtube.com/watch?v=OJ_dBfmaYJQ,Pakistani
Very Simple & Tasty CHICKEN FRY - Garlic Chicken Roast at Home,Very Simple & Tasty CHICKEN FRY,https://www.youtube.com/watch?v=mPwjmcA3Q7U,Pakistani
Beef Stew Recipe - Kun Foods,Beef Stew,https://www.youtube.com/watch?v=8kfjf_DSdyI,Continental
Mutton Steam Roast without Oil - Recipe for Life (No Oil),Mutton Steam Roast without Oil,https://www.youtube.com/watch?v=0aTavwjMoq8,Pakistani
"2 Best Chutney - Perfect for Eid BBQ, Seekh Kabab, Tikka Boti, Rice",2 Best Chutney,https://www.youtube.com/watch?v=tpFACRd5qNM,Pakistani
Sheshu Pulao Recipe - Degi Moist Rice Cooked in Meat Broth,Sheshu Pulao,https://www.youtube.com/watch?v=vLR_NO8Zyrw,Pakistani
Namkeen Roast Recipe - Eid Special Peshawri Rosh,Namkeen Roast,https://www.youtube.com/watch?v=R6rPgHhwO1g,Pakistani
Namkeen Karahi Gosht - Perfect 1kg Namkeen Karahi Recipe,Namkeen Karahi Gosht,https://www.youtube.com/watch?v=-e9YfqXkztQ,Pakistani
Bhindi ki Sabzi - Restaurant Style Bhindi Recipe,Bhindi ki Sabzi,https://www.youtube.com/watch?v=c1yLT9DLD9s,Pakistani
Kashmiri Dal Recipe - Best daal for naan and chawal,Kashmiri Dal,https://www.youtube.com/watch?v=9rGSzQs_yzg,Pakistani
Real Kachay Gosht ki Biryani - No Fail Biryani Recipe for Lifetime,Real Kachay Gosht ki Biryani,https://www.youtube.com/watch?v=h7tZtu7JOXM,Pakistani
Dahi Baingan Masala - Gem of a Sabzi Recipe from Old Cookbooks (eggplants with yoghurt),Dahi Baingan Masala,https://www.youtube.com/watch?v=GhdkGghEkf4,Pakistani
Daal Mash Recipe of Pakistani Home - Urad Dal with Exact Measurements,Daal Mash Recipe of Pakistani Home,https://www.youtube.com/watch?v=Q4C74-2j-e4,Pakistani
Ramzan Special Qeemay Walay Samosay - Recipe for Life,Ramzan Special Qeemay Walay Samosay,https://www.youtube.com/watch?v=Wcy-1A8FlDs,Pakistani
Singaporean Spring Rolls Restaurant Style,Singaporean Spring Rolls Restaurant Style,https://www.youtube.com/watch?v=EREqHitRuZA,Chinese
Chicken Samosa 2 Types for Iftar Party - Malai Boti and Chinese Chicken Samosa,Chicken Samosa 2 Types for Iftar Party,https://www.youtube.com/watch?v=lxz75vo0XwQ,Chinese
Chicken Snacks for Iftar Time,Chicken Snacks for Iftar Time,https://www.youtube.com/watch?v=Y5Ovif-SjKk,Pakistani
Chicken Egg Sandwich - Bakery Style Chicken Sandwiches for Iftar,Chicken Egg Sandwich,https://www.youtube.com/watch?v=VkmyLWSb0Gk,Continental
Qalandri White Pulao - Degi Chicken Pulao Recipe,Qalandri White Pulao,https://www.youtube.com/watch?v=qwOoUTrLryg,Pakistani
Tandoori Garlic Chicken - Chatkhara Garlic Chicken Recipe,Tandoori Garlic Chicken,https://www.youtube.com/watch?v=4nwrxgtVPs8,Pakistani
Qissa Khawani Halwa from Peshawar,Qissa Khawani Halwa from Peshawar,https://www.youtube.com/watch?v=J9_LYol6ATk,Pakistani
Lahori Nashtay walay Chotay Paye,Lahori Nashtay walay Chotay Paye,https://www.youtube.com/watch?v=enBIfJR_yQc,Pakistani
Lahori Butter Chicken Karahi,Lahori Butter Chicken Karahi,https://www.youtube.com/watch?v=p7WkLmeHUQA,Pakistani
Masala Aloo Matar Pulao - Aloo Matar Pulao New Style,Masala Aloo Matar Pulao,https://www.youtube.com/watch?v=BoYkYn2zFec,Pakistani
Grill Fish Restaurant Complete Recipe,Grill Fish Restaurant Complete,https://www.youtube.com/watch?v=hppwiU3qqCA,Pakistani
Lahori Qeema Street Style - Authentic Street Food,Lahori Qeema Street Style,https://www.youtube.com/watch?v=GW9MNnMucd8,Pakistani
Chicken Broast Piece without Frying,Chicken Broast Piece without Frying,https://www.youtube.com/watch?v=y8iU0yDcVJI,Pakistani
Best Aloo Bukhara Chutney,Best Aloo Bukhara Chutney,https://www.youtube.com/watch?v=f09Vbvvv2RA,Pakistani
Dabu Chicken - Simple Chicken Fry of Gujranwala,Dabu Chicken,https://www.youtube.com/watch?v=4mGO0eNSgDI,Pakistani
Machli Ka Salan - Rohu Fish Curry,Machli Ka Salan,https://www.youtube.com/watch?v=zsqTRb19gjg,Pakistani
1kg Perfect Sweet Rice - Jaggery Rice Village Style,Perfect Sweet Rice,https://www.youtube.com/watch?v=mDTxJ41v8w8,Pakistani
Ranjha Gosht Homemade Recipe - Viral Mutton Cooked in Newspaper,Ranjha Gosht Homemade,https://www.youtube.com/watch?v=9Xxr-ZjgxJ0,Pakistani
Badami Chicken - Chatkhara Chicken Roast Recipe,Badami Chicken,https://www.youtube.com/watch?v=UxaLAQeKxsE,Pakistani
Lahori Murgh Chanay - Authentic Lahori Chef's Recipe,Lahori Murgh Chanay,https://www.youtube.com/watch?v=C8Y2pnfTYzA,Pakistani
Shimla Chicken Recipe - Chili Chicken Gravy,Shimla Chicken,https://www.youtube.com/watch?v=vti2MORlvUQ,Pakistani
Best Chicken Nuggets - 50 Nuggets in 1kg Chicken,Best Chicken Nuggets,https://www.youtube.com/watch?v=MQF-gQW16Js,Pakistani
Marry Me Chicken Curry - Finger Licking Chicken Gravy Recipe,Marry Me Chicken Curry,https://www.youtube.com/watch?v=C6P6ByxD1Dk,Pakistani
Restaurant Style Chicken Kabab Recipe - Juicy Seekh Kabab without Grill,Restaurant Style Chicken Kabab,https://www.youtube.com/watch?v=W9qNTzzIJR0,Pakistani
Chicken Steam Piece in Pressure Cooker,Chicken Steam Piece in Pressure Cooker,https://www.youtube.com/watch?v=Rr0usMz3o3g,Pakistani
Hyderabadi Dum Ke Bagarey Baingan - Pakistani Chef Recipe,Hyderabadi Dum Ke Bagarey Baingan,https://www.youtube.com/watch?v=jb_yzJ4Z1KA,Indian
Macaroni Shadiyon wali - Pakistani Macaroni Recipe,Macaroni Shadiyon wali,https://www.youtube.com/watch?v=LZo0vpTC-V8,Continental
Secret Commercial Chicken Recipe  (For Food Business),Secret Commercial Chicken Recipe  (For Food Business),https://www.youtube.com/watch?v=itxVbAzDd5Y,Pakistani
Mango Ice Cream Homemade - Market Style Mango Ice Cream,Mango Ice Cream,https://www.youtube.com/watch?v=iuTrQJ86bqg,Pakistani
Dawat Combo Recipes - 3 Eid Special Mutton and Biryani Recipes,Dawat Combo Recipes,https://www.youtube.com/watch?v=_kP41gWQNvs,Pakistani
Nihari in Pressure Cooker - Professional Recipe Guide,Nihari in Pressure Cooker,https://www.youtube.com/watch?v=5uJLAnHL3dU,Pakistani
Namkeen Pyaz Gosht Gravy Recipe - Eid Special Recipe,Namkeen Pyaz Gosht Gravy,https://www.youtube.com/watch?v=XkYpw-mzDCk,Pakistani
Degi Mutton Pulao for Eid - Perfect Quantities in Cups for Beginners,Degi Mutton Pulao for Eid,https://www.youtube.com/watch?v=55DXhFl5TU8,Pakistani
Karele ki Sabzi | Crispy Karela Fry Sabzi recipe | Bittergourd Onion Sabzi,Karele ki Sabzi,https://www.youtube.com/watch?v=nzBjZABvyCc,Pakistani
Best Beef Pulao - Juicy Meat and Rice Delicacy of Bannu KPK,Best Beef Pulao,https://www.youtube.com/watch?v=ybnA-G4JD3A,Pakistani
Degi Aloo Chicken Recipe - Recipe for Life,Degi Aloo Chicken,https://www.youtube.com/watch?v=2jjnQ2KEayk,Pakistani
Chicken Stew Recipe - Kun Foods,Chicken Stew,https://www.youtube.com/watch?v=eXgJudix8mM,Continental
Authentic Mandi Recipe - Iftar kay liye Full Goat Mandi Bana Di,Authentic Mandi,https://www.youtube.com/watch?v=-J-8l2lzpSc,Arabic/Mediterranean
Mini Samosa with Aloo ki Chutney,Mini Samosa with Aloo ki Chutney,https://www.youtube.com/watch?v=QBfA_yPJWNY,Pakistani
Karachi k Dahi Baray - Complete Recipe with Secret Masala,Karachi k Dahi Baray,https://www.youtube.com/watch?v=4vUsWGqDqN8,Pakistani
Pakoray - All In One Secret Dhaba Recipe,Pakoray,https://www.youtube.com/watch?v=id0G1BRK36E,Pakistani
Chicken Empanadas Recipe - Ramzan Special,Chicken Empanadas,https://www.youtube.com/watch?v=0dpvcg72pa0,Pakistani
Dahi Walay Chicken Kabab - Diet Friendly Chicken Kabab Recipe (Freeze for 3 months),Dahi Walay Chicken Kabab,https://www.youtube.com/watch?v=MYkA2KudlME,Pakistani
Crispy Basmati Chips and Fry Naan - Potato Snacks Recipe,Crispy Basmati Chips and Fry Naan,https://www.youtube.com/watch?v=FtemibAOLOQ,Pakistani
Afghani Namkeen Pyaz Gosht - Perfect 2kg Easy Rosh Recipe,Afghani Namkeen Pyaz Gosht,https://www.youtube.com/watch?v=kiRgrfJwTwE,Pakistani
Breakfast Dal Kachori  - Best Recipe for Sunday Brunch,Breakfast Dal Kachori,https://www.youtube.com/watch?v=SlUtoZAg6Ig,Pakistani
Natural Medicine for Back Pain and Knee Pain Without Ghee or Oil,Natural Medicine for Back Pain and Knee Pain Without Ghee or Oil,https://www.youtube.com/watch?v=FeoR2pHFsjE,Pakistani
Malai Boti BBQ Restaurant Style - Perfect Measurements,Malai Boti BBQ Restaurant Style,https://www.youtube.com/watch?v=XxC6Cz0IFVU,Pakistani
Chinese Fried Rice Shadiyon Walay - Pakistani Marriage Food -1,Chinese Fried Rice Shadiyon Walay,https://www.youtube.com/watch?v=JI6E4IdpMnE,Chinese
Authentic Fish Fry Besan Wali - Original Lahori Style Fish Fry,Authentic Fish Fry Besan Wali,https://www.youtube.com/watch?v=r_TvYhLkBNw,Pakistani
1kg Authentic Chicken Korma Recipe - Original Karachi Style Recipe,Authentic Chicken Korma,https://www.youtube.com/watch?v=qRW-dZK4CGI,Pakistani
Khushbudar Matar Pulao - Low cost veg white pulao recipe,Khushbudar Matar Pulao,https://www.youtube.com/watch?v=6o5w7-21dmU,Pakistani
Beef Paya Recipe - Baray Paye Lahori Style,Beef Paya,https://www.youtube.com/watch?v=GENqA9m1-tE,Pakistani
19B Soup Commercial Style with Real Sauces,19B Soup Commercial Style with Real Sauces,https://www.youtube.com/watch?v=AJZZZ88nQMI,Pakistani
Lahori Nashtay Walay Chanay,Lahori Nashtay Walay Chanay,https://www.youtube.com/watch?v=fN2ygK7yPnA,Pakistani
Afghani Kabuli Pulao Recipe - National Dish of Afghanistan,Afghani Kabuli Pulao,https://www.youtube.com/watch?v=UuQXKkHBw5M,Pakistani
Donuts Better than Bakery - Step by Step Guide,Donuts Better than Bakery,https://www.youtube.com/watch?v=4aacbRlOEBA,Pakistani
Chicken Reshmi Kabab - Soft and Juicy Kabab Recipe,Chicken Reshmi Kabab,https://www.youtube.com/watch?v=jRWvGCDbDK0,Pakistani
Restaurant Style Mutton Steam Roast in Pressure Cooker - Soft and Tender Mutton Pieces,Restaurant Style Mutton Steam Roast in Pressure Cooker,https://www.youtube.com/watch?v=ySBurP-gaHE,Pakistani
Chicken Cheese Handi Restaurant Style - Dinner Idea,Chicken Cheese Handi Restaurant Style,https://www.youtube.com/watch?v=j5qriSWV99A,Pakistani
"Muradabadi Chicken Biryani - Easy, Tasty and ONE POT CHICKEN BIRYANI",Muradabadi Chicken Biryani,https://www.youtube.com/watch?v=gu2XjwHI2Ww,Pakistani
Laddu Peethi Complete Recipe with Chutneys - Step By Step for Beginners,Laddu Peethi Complete Recipe with Chutneys,https://www.youtube.com/watch?v=jZP64_e7DC8,Pakistani
Catering walay Chinese Rice - Chicken and Vegetable Fried Rice Recipe,Catering walay Chinese Rice,https://www.youtube.com/watch?v=9pZDgCjG92U,Chinese
Simple and Delicious Khandwiyon ka Salan - Tension- Free Dhokli Recipe,Simple and Delicious Khandwiyon ka Salan,https://www.youtube.com/watch?v=ZxfeJb_Ny2Y,Pakistani
Koozi Haleem or Daleem - Delicacy of Multani Degi Haleem,Koozi Haleem or Daleem,https://www.youtube.com/watch?v=EDG2dJfD8L8,Pakistani
Chicken Fry Recipe | Restaurant Naan Broast with Secret Spices,Chicken Fry,https://www.youtube.com/watch?v=AI1gdG_GY9o,Pakistani
Special Lachha Poori Paratha - Learn to make commercial multilayer puri paratha,Special Lachha Poori Paratha,https://www.youtube.com/watch?v=TMgSyUoyRGE,Pakistani
Barsati Pura - آٹے اور شکر سے بنے  میٹھے پوڑے - Sweet Atta Recipe,Barsati Pura,https://www.youtube.com/watch?v=YvCXNpv32c0,Pakistani
Pizza Puffs Recipe- Pizza Parcel Snacks for Rainy Day,Pizza Puffs Recipe- Pizza Parcel Snacks for Rainy Day,https://www.youtube.com/watch?v=iUR4juCQAcw,Continental
Chicken Malai Handi Recipe | Murgh Malai Curry Restaurant Style,Chicken Malai Handi,https://www.youtube.com/watch?v=3sQqsg9jeMY,Pakistani
Pani with Beef Kebab - Very Soft Beef Kabab Recipe,Pani with Beef Kebab,https://www.youtube.com/watch?v=R7ge7jEV948,Pakistani
Lahori Chikar Cholay - Oil/Ghee is not used in this Lahori chanay recipe,Lahori Chikar Cholay,https://www.youtube.com/watch?v=fEccCgf7tks,Pakistani
Easy Green Beans Sabzi Recipe for Lunch - Daily Routine Sabzi Recipe,Easy Green Beans Sabzi Recipe for Lunch,https://www.youtube.com/watch?v=fXJkjIk6Z1E,Pakistani
"Kali Mirch Mutton Karahi, Black Pepper Mutton Gravy by Kun Foods","Kali Mirch Mutton Karahi, Black Pepper Mutton Gravy",https://www.youtube.com/watch?v=6N_wKdkPZOo,Pakistani
Crispy Chicken Burger Patty -  Frozen Food for Lunch Box (Commercial Recipe),Crispy Chicken Burger Patty,https://www.youtube.com/watch?v=-12dhMquPY0,Continental
Goat Cutting Skills | How to store meat properly (full Guide),Goat Cutting Skills,https://www.youtube.com/watch?v=dRHGNU6-rzs,Pakistani
Best Family Dinner Recipe | Chicken Pasta Casserole Recipe,Best Family Dinner,https://www.youtube.com/watch?v=yRjohOuIMGU,Continental
Masala Boti Kabab Recipe | Fry Boti Kabab Bakra Eid Special Recipe,Masala Boti Kabab,https://www.youtube.com/watch?v=qbc1X3fGMDE,Pakistani
Real Mutton Koftay - Special Original Koftay (make and store),Real Mutton Koftay,https://www.youtube.com/watch?v=6lER9AITv-g,Pakistani
Charsi karahi without oil,Charsi karahi without oil,https://www.youtube.com/watch?v=kVd5syaohok,Pakistani
Mutton Karahi - Professional Recipe Guide for Beginners,Mutton Karahi,https://www.youtube.com/watch?v=4Fld8HquzQ4,Pakistani
Chapli Kabab - Recipe for Life | Step By Step Guide,Chapli Kabab,https://www.youtube.com/watch?v=ZevdQI7u3Wo,Pakistani
Pasanday - Mughlai Steaks Gravy from History,Pasanday,https://www.youtube.com/watch?v=MOoz_BPz3XQ,Pakistani
Hyderabadi Degi Chana Pulao,Hyderabadi Degi Chana Pulao,https://www.youtube.com/watch?v=6c0NUYs2ThU,Indian
Afghani Roti homemade on tawa,Afghani Roti homemade on tawa,https://www.youtube.com/watch?v=FP4ejCrub2Y,Pakistani
Keema Karelay - Bitter Gourd with Mince,Keema Karelay,https://www.youtube.com/watch?v=QgghVu5wLro,Pakistani
Black Pepper Chicken Pyaz Gravy - Simple yet delicious,Black Pepper Chicken Pyaz Gravy,https://www.youtube.com/watch?v=bc0fe_oBRPA,Pakistani
Special Masoor Recipe - Perfect Water Ratio Recipe - Creamy Masoor,Special Masoor,https://www.youtube.com/watch?v=h-1H4PkU9fE,Pakistani
Masala Tori Sabzi - Restaurant Style Tori Recipe,Masala Tori Sabzi,https://www.youtube.com/watch?v=pP6jiyg6Vc0,Pakistani
Mutton Kunna 1kg Perfect Recipe - Authentic Chinioti Delicacy,Mutton Kunna 1kg Perfect,https://www.youtube.com/watch?v=YaGzC1TnGMk,Pakistani
Best Hyderabadi Chicken Degi Pulao,Best Hyderabadi Chicken Degi Pulao,https://www.youtube.com/watch?v=x1avGYUJgnU,Indian
Lemon Pepper Chicken - Chicken in Black Pepper Gravy,Lemon Pepper Chicken,https://www.youtube.com/watch?v=FjSPvFAWNTo,Pakistani
Sukhi Aloo ki Sabzi aur Tarka Dahi - Best for Breakfast,Sukhi Aloo ki Sabzi aur Tarka Dahi,https://www.youtube.com/watch?v=kWm5AQdgOWg,Pakistani
Best Hyderabadi Yakhni Pulao for Eid,Best Hyderabadi Yakhni Pulao for Eid,https://www.youtube.com/watch?v=BfLR48NxxLg,Indian
Kemami Seviyan for Eid Dessert,Kemami Seviyan for Eid Dessert,https://www.youtube.com/watch?v=GmkcFXcV19U,Pakistani
Best Sheer Khurma for Eid,Best Sheer Khurma for Eid,https://www.youtube.com/watch?v=Tx69OPHuKXk,Pakistani
Malai Chicken Bread Pockets - Creamy Bread Pockets Ramzan Special,Malai Chicken Bread Pockets,https://www.youtube.com/watch?v=J1w8slXr8tk,Pakistani
Simple Vegetable Pulao with Black Pepper - Ramzan Special,Simple Vegetable Pulao with Black Pepper,https://www.youtube.com/watch?v=vs381q6MBDs,Pakistani
Real Crispy Aloo Tikki - Special Street Style Aloo Tikki,Real Crispy Aloo Tikki,https://www.youtube.com/watch?v=5l9ywrDymc4,Pakistani
Ramzan Special Snacks Recipe - Chicken Pizza Cones Iftar Special,Ramzan Special Snacks,https://www.youtube.com/watch?v=lyIn8htmAgQ,Continental
Besan wali Chips at Home - Crispy Aloo Fries Make and Freeze - Frozem Potato Fries,Besan wali Chips at Home,https://www.youtube.com/watch?v=rOg7zPXAytM,Pakistani
"Bazar Wali Chicken Kachori - No Kneading, No Rolling Effortless Kachori for Iftar",Bazar Wali Chicken Kachori,https://www.youtube.com/watch?v=ZW6j3gSi6Io,Pakistani
Chana Chat Platter - Spicy and Khatti Meethi Chana Chaat Ramzan Special,Chana Chat Platter,https://www.youtube.com/watch?v=ch1NWHjMHeE,Pakistani
Pakoriyan - Crispy Crunchy Dahi wali Phulkiyan - Step by step recipe for beginners,Pakoriyan,https://www.youtube.com/watch?v=BFBrkiIGG4U,Pakistani
"Aloo Bukharay ki Chutney Recipe - Ramzan Special Chutney for dahi bhallay, chaat",Aloo Bukharay ki Chutney,https://www.youtube.com/watch?v=lUdIYwQUteU,Pakistani
Best Bhalla Recipe | Soft Puffy and Round Dahi Bhallay | Recipe for Lifetime,Best Bhalla,https://www.youtube.com/watch?v=VNpXW6ZiOE8,Pakistani
Chaat Wali Papri Recipe | Bazar Jesi Papri Ghar Py Bnaen aur Store Karen,Chaat Wali Papri,https://www.youtube.com/watch?v=_ZNczv1HdEY,Pakistani
Aloo Samosay Recipe | Easy Step by Step Crispy Potato Samosa (Better),Aloo Samosay,https://www.youtube.com/watch?v=f3rUoH0F_vA,Pakistani
Khatti Meethi Imli ki Chutney - Ramzan Special Chutney for Chaat,Khatti Meethi Imli ki Chutney,https://www.youtube.com/watch?v=7G0aitOarvY,Pakistani
Namkeen Gosht Recipe | Rosh Style Traditional Oil Free Meat,Namkeen Gosht,https://www.youtube.com/watch?v=8BBu8pZY_5c,Pakistani
Kathiawari Cholay Authentic Karachi Style Recipe Ramzan Special,Kathiawari Cholay Authentic Karachi Style Recipe Ramzan Special,https://www.youtube.com/watch?v=no5f0Lx-_yc,Pakistani
Creamy White Chicken Recipe - Easy Chicken Recipe,Creamy White Chicken,https://www.youtube.com/watch?v=NB5AlM45u3I,Pakistani
Chicken Dry Masala with Tandoori Lacha Paratha,Chicken Dry Masala with Tandoori Lacha Paratha,https://www.youtube.com/watch?v=vFQCGIgZtaU,Pakistani
Keema Burger Recipe - Street Style Beef Burger with Sauces,Keema Burger,https://www.youtube.com/watch?v=VRje3fclqsQ,Continental
Best Dal Chawal Street Style - Sunday Special Daal Chawal,Best Dal Chawal Street Style,https://www.youtube.com/watch?v=9fNOl13iHB8,Pakistani
Aloo Matar Pulao - Winter Special Matar Pulao,Aloo Matar Pulao,https://www.youtube.com/watch?v=DaDnqsLUptg,Pakistani
Muradabadi Yakhni Pulao | The Ultimate Taste of Muradabad India,Muradabadi Yakhni Pulao,https://www.youtube.com/watch?v=V33meUkmME0,Pakistani
Malai Halwa Recipe - New Style Halwa Better than Halwai (No Suji),Malai Halwa,https://www.youtube.com/watch?v=t3d4z59kSag,Pakistani
Unique Breakfast Recipe | Healthy Breakfast - Also Good for Diabetics,Unique Breakfast,https://www.youtube.com/watch?v=yFZ0QhF-uUM,Pakistani
Pressure Cooker Pulao - Chatkhara Masalaydar Pulao in Pressure Cooker,Pressure Cooker Pulao,https://www.youtube.com/watch?v=FhVkq82yzwg,Pakistani
10kg Mutton Korma Gravy Shadiyon Wali,Mutton Korma Gravy Shadiyon Wali,https://www.youtube.com/watch?v=VST4ET8T-_k,Pakistani
Thellay Wala Chicken Soup Recipe - Lahori Winter Street Soup Recipe,Thellay Wala Chicken Soup,https://www.youtube.com/watch?v=XevgvgLJZlI,Pakistani
Multani Sohan Halwa Secret Recipe - Halwai Style Juicy Sohan Halwa with Secret Ingredients,Multani Sohan Halwa Secret,https://www.youtube.com/watch?v=JFBqoikf_do,Pakistani
Black Pepper Chicken Karahi - Best with Tandori Roti,Black Pepper Chicken Karahi,https://www.youtube.com/watch?v=dk3CZ4QzCOo,Pakistani
Street Style Fish Fry Pakora Recipe with Secret Fry Masala,Street Style Fish Fry Pakora Recipe with Secret Fry Masala,https://www.youtube.com/watch?v=5j5VREgTi7k,Pakistani
"Green Chili Matar Pulao - No Onion No Tomato , Easy and Magical Recipe",Green Chili Matar Pulao,https://www.youtube.com/watch?v=FBS_i5c1K4Y,Pakistani
Green Chili Aloo Katliyan - Quick and Magical For Breakfast,Green Chili Aloo Katliyan,https://www.youtube.com/watch?v=HlklhpM4M8U,Pakistani
Traditional Remedy for Cough and Flu - Desi Style Chicken Soup for Winters,Traditional Remedy for Cough and Flu,https://www.youtube.com/watch?v=5HByFOVnqkY,Pakistani
Shawarma Sandwich/ Creamy Pizza Sandwich by Kun Foods,Shawarma Sandwich/ Creamy Pizza Sandwich,https://www.youtube.com/watch?v=Wblo-Ykcw9w,Arabic/Mediterranean
Dawat Special Chicken Steam Roast - Tandoori Choocha Steam,Dawat Special Chicken Steam Roast,https://www.youtube.com/watch?v=9vZBVlWt0Pc,Pakistani
Mirchi Chicken Karahi -Green Chili Dinner Idea Recipe,Mirchi Chicken Karahi -Green Chili Dinner Idea,https://www.youtube.com/watch?v=UMbCbYTkzzA,Pakistani
1kg Perfect Aloo Keema Recipe - Dhaba Style Gravy wala keema,Perfect Aloo Keema,https://www.youtube.com/watch?v=J10IGN5lSSc,Pakistani
Creamy Pasta with Chicken Steak - Restaurant Style Recipe for Lifetime,Creamy Pasta with Chicken Steak,https://www.youtube.com/watch?v=wPgFuZEs5ks,Continental
Malai Kabab Handi - Homemade Restaurant Style Seekh and Kabab Handi,Malai Kabab Handi,https://www.youtube.com/watch?v=KwoujOZNOus,Pakistani
Tortilla Wraps Recipe - Homemade Bread for Chicken and Beef Wraps,Tortilla Wraps,https://www.youtube.com/watch?v=5dq_S7B49gM,Pakistani
Namkeen Chicken Fry - Rosh Style Chicken Namkeen Gravy,Namkeen Chicken Fry,https://www.youtube.com/watch?v=q7nMrO2j_QM,Pakistani
Fry Mirchi Recipe - Dahi Wali Mirchi ka Salan,Fry Mirchi,https://www.youtube.com/watch?v=VZytrDIrBQA,Pakistani
Desi Chicken Fry - Shadiyon wala Chicken Fry in 10mins,Desi Chicken Fry,https://www.youtube.com/watch?v=VGi5TOlx9z0,Pakistani
1kg Degi Chicken Curry - Punjabi Desi Chicken Curry,Degi Chicken Curry,https://www.youtube.com/watch?v=SIrp8SYmdio,Pakistani
Karachi Biryani But Better - The Art of Biryani Making (Updated),Karachi Biryani But Better,https://www.youtube.com/watch?v=OtrM4MClJYI,Pakistani
Best Daal Gosht Recipe,Best Daal Gosht,https://www.youtube.com/watch?v=Xa2hgn-1ghA,Pakistani
Perfect 1kg Karachi Style White Pulao - Authentic White Pulao,Perfect 1kg Karachi Style White Pulao,https://www.youtube.com/watch?v=UWfmlNIJYE8,Pakistani
Kachay Pyaz Ka Keema - Dhaba Style Chatkhara Keema,Kachay Pyaz Ka Keema,https://www.youtube.com/watch?v=BTlibbiCH_4,Pakistani
Breakfast Recipe - Soft and Fluffy Breakfast Pancakes,Breakfast,https://www.youtube.com/watch?v=7PXJ11Ihc5A,Pakistani
1kg Perfect Mutanjan Rice - Soft and Fluffy Sweet Rice Recipe,Perfect Mutanjan Rice,https://www.youtube.com/watch?v=4Nsso8_OiaM,Pakistani
Tikka Boti Easy Way at Home,Tikka Boti Easy Way at Home,https://www.youtube.com/watch?v=bRuH_xd8xtI,Pakistani
1kg Perfect Danedar Korma - Karachi Style Korma Recipe,Perfect Danedar Korma,https://www.youtube.com/watch?v=mzWFL-8K9Kk,Pakistani
1.5 Liter Milk Perfect Kheer Recipe - Peshawari Style Special Rabri Kheer,1.5 Liter Milk Perfect Kheer,https://www.youtube.com/watch?v=-m-HEFI9AoA,Pakistani
Namkeen Pyaz Karahi - Black Pepper Chicken Recipe,Namkeen Pyaz Karahi,https://www.youtube.com/watch?v=475CLgSXfAA,Pakistani
Macaroni Platter - Spicy and White Sauce Macaroni,Macaroni Platter,https://www.youtube.com/watch?v=mdiTnH7C0v4,Continental
Crispy Lacha Aloo Tikki - Aloo Tikki Chaat with 2 Chutneys,Crispy Lacha Aloo Tikki,https://www.youtube.com/watch?v=yNk73KAG0QI,Pakistani
Urgent Chicken Pulao - Best Chicken Pulao 2.0,Urgent Chicken Pulao,https://www.youtube.com/watch?v=7G5yWl912-w,Pakistani
Breakfast Chicken Kachori - Best Recipe for Lifetime,Breakfast Chicken Kachori,https://www.youtube.com/watch?v=_Ilm_nMxTf4,Pakistani
Tandoori Chicken Roast - Without Oven Roast Recipe,Tandoori Chicken Roast,https://www.youtube.com/watch?v=WP9vHhziufM,Pakistani
Breakfast Potato Omelette - Masalaydar Aloo Anda Recipe,Breakfast Potato Omelette,https://www.youtube.com/watch?v=-qPZ_fwtnUs,Continental
Mango Chutney Restaurant Style,Mango Chutney Restaurant Style,https://www.youtube.com/watch?v=QMUjR1aZK54,Pakistani
Mutton Chatkhara Kabab with Special Chutney,Mutton Chatkhara Kabab with Special Chutney,https://www.youtube.com/watch?v=hvP35b5A6y0,Pakistani
Beef Gola Kabab Restaurant Style at Home,Beef Gola Kabab Restaurant Style at Home,https://www.youtube.com/watch?v=mhR2pz3nHXs,Pakistani
Mutton Marag - Hyderabadi Wedding Delicacy,Mutton Marag,https://www.youtube.com/watch?v=i-6MP9zooB4,Indian
Best Beef Yakhni Pulao,Best Beef Yakhni Pulao,https://www.youtube.com/watch?v=1M-a3hfXPa8,Pakistani
Best Mutton Biryani - with homemade masala,Best Mutton Biryani,https://www.youtube.com/watch?v=WlfgG9kBSQ0,Pakistani
Beef Fry Boti - Chatkhara Fry Boti Eid Special,Beef Fry Boti,https://www.youtube.com/watch?v=GGonBmKiCK0,Pakistani
Real Shami Kabab - Special Original Shami Kabab,Real Shami Kabab,https://www.youtube.com/watch?v=z0kJfblzQ9c,Pakistani
Restaurant Style Seekh Kabab Recipe - Soft and Juicy Beef Qeema Kabab,Restaurant Style Seekh Kabab,https://www.youtube.com/watch?v=wVfxm4ASjpw,Pakistani
Famous Karachi Beef Biryani Authentic (1kg Recipe),Famous Karachi Beef Biryani Authentic (1kg Recipe),https://www.youtube.com/watch?v=_TrB-_tF_E8,Pakistani
Khatti Meethi Imli Chutney - Eid Special Chutney for BBQ and Many More,Khatti Meethi Imli Chutney,https://www.youtube.com/watch?v=LmnmACacHcg,Pakistani
Mutton steam Roast in Pressure Cooker - Shadiyoon Wala Mutton Steam Eid Special,Mutton steam Roast in Pressure Cooker,https://www.youtube.com/watch?v=3tsMEfUia1M,Pakistani
Turkish Namkeen Gosht Recipe - Fall of Bone Tender Meat,Turkish Namkeen Gosht,https://www.youtube.com/watch?v=f5DPXLywBCs,Arabic/Mediterranean
Dahi Keema kabab - Kachay Keemay k Dahi walay Kabab Eid Special,Dahi Keema kabab,https://www.youtube.com/watch?v=X-92-u0tzCc,Pakistani
Beef Karahi - Professional Recipe,Beef Karahi,https://www.youtube.com/watch?v=1SZdo7iXrUA,Pakistani
White Sauce Pasta And Chicken Bake | Creamy Bechamel Sauce,White Sauce Pasta And Chicken Bake,https://www.youtube.com/watch?v=bQUJ8UJrOyw,Continental
Degi Yakhni Pulao Recipe - Zaiqa Yakhni Pulao without oil/Ghee,Degi Yakhni Pulao,https://www.youtube.com/watch?v=G_O_6_hG7nQ,Pakistani
Shadiyo Wala Russian Salad Platter - Authentic Chana Chaat and Russian Salad,Shadiyo Wala Russian Salad Platter,https://www.youtube.com/watch?v=iyUYclsTjdI,Pakistani
Lasooray ka Achaar - New Method Instant Pickle,Lasooray ka Achaar,https://www.youtube.com/watch?v=bWh0rDqB8ec,Pakistani
Aloo Ki Katliyan | Hotel Style Chatpati Spicy Aloo Ki Katli,Aloo Ki Katliyan,https://www.youtube.com/watch?v=CnZWJDVNbEA,Pakistani
Qeema Tikki Kabab Street Style - Thellay walay Keema Kabab,Qeema Tikki Kabab Street Style,https://www.youtube.com/watch?v=h5C2UQVqUio,Pakistani
Degi Suji Halwa Shadiyo Wala - Unique Suji Halwa Recipe,Degi Suji Halwa Shadiyo Wala,https://www.youtube.com/watch?v=xnhgO7A1Abg,Pakistani
Afghani Chicken Recipe - Chicken Tikka Gravy,Afghani Chicken,https://www.youtube.com/watch?v=cf_VDvaeIIs,Pakistani
Lahori Seekh Kabab with Paratha - Best BBQ kabab without grill,Lahori Seekh Kabab with Paratha,https://www.youtube.com/watch?v=tq3irV4MWE0,Pakistani
White Aloo Pulao with Special Chutney - Summer Special Comfort Food,White Aloo Pulao with Special Chutney,https://www.youtube.com/watch?v=NWqRkj2Za4E,Pakistani
Achari Stuffed Tinday/ Bharwan Tinday Sabzi Recipe by Kun Foods,Achari Stuffed Tinday/ Bharwan Tinday Sabzi Recipe,https://www.youtube.com/watch?v=sp9KCJaoAyk,Pakistani
Zinger Shawarma with homemade pita bread - Restaurant Style Shawarma,Zinger Shawarma with homemade pita bread,https://www.youtube.com/watch?v=JQVjHksQnOU,Arabic/Mediterranean
Crispy Mutton Fry Roast - 3kg Mutton Fry Recipe,Crispy Mutton Fry Roast,https://www.youtube.com/watch?v=7nCEngxsACk,Pakistani
Master the art of making Pota Kaleji | 2 Kg Pota Kaleji Recipe | Chicken Gizzard Liver Recipe,Master the art of making Pota Kaleji,https://www.youtube.com/watch?v=8JkSt0-mibY,Pakistani
Karela Pyaz  - Restaurant Style Karela Recipe,Karela Pyaz,https://www.youtube.com/watch?v=EKzh1adTrBo,Pakistani
Kadhi Pakora Restaurant Style - Recipe with Easy Tips and Tricks,Kadhi Pakora Restaurant Style,https://www.youtube.com/watch?v=1wA48MoMJV8,Pakistani
Breakfast Special Maal Pura - Bazari Style Maalpua Recipe,Breakfast Special Maal Pura,https://www.youtube.com/watch?v=Aal2AVZGHaA,Pakistani
Cholistani Chicken Qorma 1.5kg Recipe,Cholistani Chicken Qorma 1.5kg,https://www.youtube.com/watch?v=mkLhyWsbQOU,Pakistani
Only milk and bread easy dessert - Dish full of Shahi Tukry with 1kg milk and Small Bread,Only milk and bread easy dessert,https://www.youtube.com/watch?v=OaQbFZ4TnHk,Pakistani
Besan Fry Chicken - Chicken Chatkhara Pakora,Besan Fry Chicken,https://www.youtube.com/watch?v=MiNqajvUGSA,Pakistani
Lab e Shireen Shadiyon Wala - Eid Special Creamy Fruit Custard,Lab e Shireen Shadiyon Wala,https://www.youtube.com/watch?v=rfvedwsJlxs,Pakistani
Pizza Bites without oven on Tawa - Step by Step Recipe - Freeze for Months,Pizza Bites without oven on Tawa,https://www.youtube.com/watch?v=opOvwePTS6I,Continental
Restaurant Style Masala Fried Rice at Home ❗ Perfect For Dinner,Restaurant Style Masala Fried Rice at Home ❗ Perfect For Dinner,https://www.youtube.com/watch?v=bGjh-LtXHWs,Chinese
Mutton Karahi Eid Special - Soft and juicy meat cooked with tomatoes,Mutton Karahi Eid Special,https://www.youtube.com/watch?v=yVot7CzfkNY,Pakistani
Restaurant Club Sandwich Recipe - Grilled Chicken Jalapeño Sandwich,Restaurant Club Sandwich,https://www.youtube.com/watch?v=bXkjaSWd2JQ,Continental
Cold Coffee Recipe - Authentic Café Style Caramel Frappuccino,Cold Coffee,https://www.youtube.com/watch?v=VxidkRTDGLA,Continental
"Aloo Pulao Recipe - Simple, Easy, Cheap Ramzan Special",Aloo Pulao,https://www.youtube.com/watch?v=1DAGC-0PtfQ,Pakistani
Pani Puri Recipe - Perfect Round Puffy Golgappay,Pani Puri,https://www.youtube.com/watch?v=wem_zC-eFzc,Pakistani
Puff Pastry Recipe - Step by Step Puffy Keema Patties,Puff Pastry,https://www.youtube.com/watch?v=bfZsTABkzeg,Pakistani
Chicken Wrap Using Roll Patti - Ramzan Special Quick and Easy Recipe,Chicken Wrap Using Roll Patti,https://www.youtube.com/watch?v=haPNQxWGIFI,Pakistani
Balochi Tikka Karahi - Balochi Chicken Karahi Recipe,Balochi Tikka Karahi,https://www.youtube.com/watch?v=BHNvqwIuPyo,Pakistani
Bakery Style Keema Samosa with Special Chutney,Bakery Style Keema Samosa with Special Chutney,https://www.youtube.com/watch?v=2INubrPMxjk,Pakistani
Remove Smell from Blender - Garlic/Ginger Odor Remove from Blender - Kitchen Hack,Remove Smell from Blender,https://www.youtube.com/watch?v=WeB5fuGA3_Y,Pakistani
Tarkay Walay Dahi Bhallay - Unique Tasting Dahi Vada Recipe,Tarkay Walay Dahi Bhallay,https://www.youtube.com/watch?v=T1Jr0Qhr7NI,Pakistani
Lahori Qeema Kachori Recipe - Bazari Multilayer Puffy Keema Kachori,Lahori Qeema Kachori,https://www.youtube.com/watch?v=-tVeAIcXjqM,Pakistani
Ye kabab kha kr baki sab bhool jao gy - Easy Turkish Style BBQ Kabab without Grill or Coal,Ye kabab kha kr baki sab bhool jao gy,https://www.youtube.com/watch?v=Dkv0_oleAIs,Arabic/Mediterranean
Restaurant Style Pasta at Home without Oven,Restaurant Style Pasta at Home without Oven,https://www.youtube.com/watch?v=jukBD5WaeuU,Continental
1 Pot Rasmalai Recipe - Ultimate Guide for Fail Proof Rasmalai,1 Pot Rasmalai,https://www.youtube.com/watch?v=Zk3CBPW5P6g,Pakistani
Pocket Shawarma Homemade - No Oven Pita Bread Shawarma Pockets,Pocket Shawarma,https://www.youtube.com/watch?v=rubAV766bu4,Arabic/Mediterranean
Oil Free Crispy Spring Rolls - Fry without Oil This Ramazan,Oil Free Crispy Spring Rolls,https://www.youtube.com/watch?v=JOc4SJI3_kE,Pakistani
Crunchy Potato Snacks - Ramzan Special Potato Snacks Only 2 Ingredients,Crunchy Potato Snacks,https://www.youtube.com/watch?v=OAdMzwBerjo,Pakistani
Weight Loss Fruit Salad - Ramzan Special Weight Loss Salad Recipe,Weight Loss Fruit Salad,https://www.youtube.com/watch?v=KH6W2CWDz4o,Pakistani
How to Clean Dirty Black Cooking Oil - Trick to clean and reuse frying oil,How to Clean Dirty Black Cooking Oil,https://www.youtube.com/watch?v=hVH_lmUJZG0,Pakistani
Chinese Egg Rolls - Ramzan Special Vegetable Egg Rolls Recipe,Chinese Egg Rolls,https://www.youtube.com/watch?v=jXfnjvXaRAk,Chinese
Khatty Meethy Dahi Bhallay - Ramzan Special Soft Football like Bhallay,Khatty Meethy Dahi Bhallay,https://www.youtube.com/watch?v=fRfJWGECY-8,Pakistani
Quetta Hotel Style Lacha Paratha - Ramzan Sehri Frozen Paratha,Quetta Hotel Style Lacha Paratha,https://www.youtube.com/watch?v=0eH653yaxW8,Pakistani
Best Digestive Chutney - Ramzan Special Digestive Chutney,Best Digestive Chutney,https://www.youtube.com/watch?v=_YmCKvvtXGo,Pakistani
Kachay Gosht ka Pulao - Better than yakhni pulao,Kachay Gosht ka Pulao,https://www.youtube.com/watch?v=2RTPkhAebTs,Pakistani
Imli ki Chutney Recipe - Ramzan Special Chutney for chaat,Imli ki Chutney,https://www.youtube.com/watch?v=laIqAUuXGuQ,Pakistani
Masala Fish Fry - KASURI TAWA FISH FRY RECIPE,Masala Fish Fry,https://www.youtube.com/watch?v=wHFE4muH5ho,Pakistani
"Party/Dawat Menu - Special Platter Aloo kay Gutke, Chicken Green Chili, Boneless Handi",Party/Dawat Menu,https://www.youtube.com/watch?v=YIGwAXQE4xk,Pakistani
RESTAURANT STYLE DESSERT - Fail Proof Molten Lava Cake at Home - Everyone will love this dessert,RESTAURANT STYLE DESSERT,https://www.youtube.com/watch?v=DBTAX8HnlMA,Continental
Garlic Sauce Recipe - Albaik Style Authentic Garlic Sauce,Garlic Sauce,https://www.youtube.com/watch?v=GcPge_kdy1g,Pakistani
SHAMI KABAB RECIPE - Very close to Savour Pulao Kabab,SHAMI KABAB,https://www.youtube.com/watch?v=V86UaE9V_9Y,Pakistani
Hi Tea Party Snacks - Quick and Easy Chinese Rolls for party,Hi Tea Party Snacks,https://www.youtube.com/watch?v=r5S-s6juuqQ,Chinese
How to Cook Broken Rice Perfectly - White Matar Pulao using tota rice,How to Cook Broken Rice Perfectly,https://www.youtube.com/watch?v=BrQcqqetJLA,Pakistani
Lacha Paratha Brunch Menu - Multilayer Puffy Paratha with Mughlai Tikka,Lacha Paratha Brunch Menu,https://www.youtube.com/watch?v=rXFRTPPwOrE,Pakistani
Mutton Dum Pulao - Rice Cooked in Rich Yakhni of Meat,Mutton Dum Pulao,https://www.youtube.com/watch?v=yQ5BH_j9F9Y,Pakistani
Lahori Katlama Recipe - Street Style Katlama Recipe,Lahori Katlama,https://www.youtube.com/watch?v=FRPUvsst0j0,Pakistani
1kg Gajar Halwa with Measurements - Halwai Style NO MILK Halwa,Gajar Halwa with Measurements,https://www.youtube.com/watch?v=A0bu87-1G_Q,Pakistani
Chana Daal Panjeeri / Halwa - Remedy for Backpain and Healthy Bones,Chana Daal Panjeeri / Halwa,https://www.youtube.com/watch?v=3O8jG9-jgPY,Pakistani
Qeema Burger Recipe - Beef Patty Restaurant Style (GIVEAWAY),Qeema Burger,https://www.youtube.com/watch?v=3UIviwa7q9g,Continental
Bakery Gulab Jamun - 20 Gulab Jamun with 1cup Milk Powder,Bakery Gulab Jamun,https://www.youtube.com/watch?v=S88NPz1eRj4,Pakistani
Kachay Qeemy Kay Chatkhara Kabab,Kachay Qeemy Kay Chatkhara Kabab,https://www.youtube.com/watch?v=w0lI8l3GkoU,Pakistani
Lahori Fish Fry Homemade - Marinate and Freeze for Winters,Lahori Fish Fry,https://www.youtube.com/watch?v=GrlCReqsHF8,Pakistani
Lahori Mooli Paratha Recipe - Masalaydar Mooli Paratha,Lahori Mooli Paratha,https://www.youtube.com/watch?v=-3rQQezWB94,Pakistani
Aloo Gosht Authentic Recipe,Aloo Gosht Authentic,https://www.youtube.com/watch?v=xZnACiPXv0w,Pakistani
Instant Gajar Mooli ka Achar - Secret Achar Masala,Instant Gajar Mooli ka Achar,https://www.youtube.com/watch?v=RecQMikDVxQ,Pakistani
"Dawat Special Chicken Chargha with Plain Rice - No Oven, No Grill",Dawat Special Chicken Chargha with Plain Rice,https://www.youtube.com/watch?v=3I3ty9cFuc8,Pakistani
"NO OIL, GHEE -TASTY CHICKEN CURRY RECIPE","NO OIL, GHEE -TASTY CHICKEN CURRY",https://www.youtube.com/watch?v=yoRqR0G3l20,Pakistani
Easy Restaurant Chicken Chow Mein Recipe - 3 Step Chow Mein Recipe,Easy Restaurant Chicken Chow Mein,https://www.youtube.com/watch?v=ORkrKLaTzF0,Chinese
Lahori Desi Murgh Shorba - Authentic Lahore Breakfast Shorba Recipe,Lahori Desi Murgh Shorba,https://www.youtube.com/watch?v=seQ7aGORNZE,Pakistani
Street Style Macaroni step by step - Perfect Spicy Macaroni,Street Style Macaroni,https://www.youtube.com/watch?v=EfIrk2-CBl8,Continental
Make this dessert for your family - New way to cook Meethi Seviyan,Make this dessert for your family,https://www.youtube.com/watch?v=CPT3BgZLZ3o,Pakistani
Best Degi Yakhni Pulao Recipe - Hyderabadi Pulao,Best Degi Yakhni Pulao,https://www.youtube.com/watch?v=1hv8jKD69zk,Indian
Homemade Super Tonic for Sharp Eyes and Powerful  Mind - For all Ages,Homemade Super Tonic for Sharp Eyes and Powerful  Mind,https://www.youtube.com/watch?v=gjCVl09WxSE,Pakistani
Mix Vegetable Recipe - Mix Sabzi ab meethi nahi hogi,Mix Vegetable,https://www.youtube.com/watch?v=0J6oMEke0_k,Pakistani
Authentic Karachi Korma Recipe - Easy Step by Step Korma Recipe,Authentic Karachi Korma,https://www.youtube.com/watch?v=c53CLCbb75s,Pakistani
Fajita Rice Platter - Tastiest Rice Platter,Fajita Rice Platter,https://www.youtube.com/watch?v=ZryLKBIu4OE,Pakistani
Hamara Store Ban Gaya!! Kun Foods Store Launch,Hamara Store Ban Gaya!! Kun Foods Store Launch,https://www.youtube.com/watch?v=jNQdMRD4oMw,Pakistani
Injection Broast - Albaik Style Chicken Broast at Home,Injection Broast,https://www.youtube.com/watch?v=xrU3Uuwngao,Pakistani
Remedy for Knee and Joint Pains - Desi Power Booster for muscles,Remedy for Knee and Joint Pains,https://www.youtube.com/watch?v=xsFiR6fdcEk,Pakistani
Chicken Jalfrezi Restaurant Style,Chicken Jalfrezi Restaurant Style,https://www.youtube.com/watch?v=b4DoSKyiunU,Pakistani
Spoiled Milk Suji Halwa Winter Special,Spoiled Milk Suji Halwa Winter Special,https://www.youtube.com/watch?v=CJxlnqrZbc8,Pakistani
Chicken Mandi without Oven and Tandoor,Chicken Mandi without Oven and Tandoor,https://www.youtube.com/watch?v=PGOX2L5HDVU,Arabic/Mediterranean
Chicken & Vegetable Fried Rice - Light and Fluffy Mix Vegetable Rice,Chicken & Vegetable Fried Rice,https://www.youtube.com/watch?v=24oqF3ei0s4,Chinese
"Homemade Remedy for Computer Mind, Sharp Eyes, Back Pain","Homemade Remedy for Computer Mind, Sharp Eyes, Back Pain",https://www.youtube.com/watch?v=E85GyPyq6wg,Pakistani
Special Chicken Shawarma with sauces Recipe at Home,Special Chicken Shawarma with sauces Recipe at Home,https://www.youtube.com/watch?v=rd_56ytV5TI,Arabic/Mediterranean
"Low Cost Biryani Platter - Masalydar Biryani, Mutanjan",Low Cost Biryani Platter,https://www.youtube.com/watch?v=Zw9P4EXGEeI,Pakistani
"Party/Dawat Starters - Brown Chicken, Reshmi Boti, Kachomar Salad",Party/Dawat Starters,https://www.youtube.com/watch?v=pJHv0_MiBQc,Pakistani
Paper Steam Fish at home - No Oven Steam Fish Recipe,Paper Steam Fish at home,https://www.youtube.com/watch?v=z_vSzG9QA8o,Pakistani
Oil Free Diet BBQ at home without Grill/Coals,Oil Free Diet BBQ at home without Grill/Coals,https://www.youtube.com/watch?v=QCXVTRKWBac,Pakistani
Masala Fish Curry | Traditional Village Fish Curry | Rohu Fish,Masala Fish Curry,https://www.youtube.com/watch?v=5Mzu2jep674,Pakistani
"Lahori Halwapuri Combo - Atta Poori Recipe, Pani wala achar , Suji Halwa",Lahori Halwapuri Combo,https://www.youtube.com/watch?v=rTFxwS7GB_s,Pakistani
Less Oil Palak Gosht Recipe - New way to Cook Healthy Palak Gosht,Less Oil Palak Gosht,https://www.youtube.com/watch?v=Tuyo69zICwM,Pakistani
Low Cost Dinner Menu - Tawa Fry Vegetables with Rice,Low Cost Dinner Menu,https://www.youtube.com/watch?v=BYqrGeDVfa8,Pakistani
Tea Time Nan Khatai without Oven - Famous Khalifa Nan Khatai Recipe,Tea Time Nan Khatai without Oven,https://www.youtube.com/watch?v=P366nuGZ9nU,Pakistani
"Sunday Brunch on Budget - Filling wali Football Poori, Masala Dum Aloo",Sunday Brunch on Budget,https://www.youtube.com/watch?v=YFaK2KeNJTo,Pakistani
Chinese Rice Bowl - Crispy Honey Garlic Chicken with Rice,Chinese Rice Bowl,https://www.youtube.com/watch?v=by6JRvrStDU,Chinese
Party/Dawat Menu - BBQ Platter without coals/grill at home,Party/Dawat Menu,https://www.youtube.com/watch?v=BH-di2No5IA,Pakistani
Desi Lunch - Onion Besan roti and Adh-rirka (sour lassi),Desi Lunch,https://www.youtube.com/watch?v=2d57UYgRxfc,Pakistani
"Sunday Brunch Menu 2 - Puffy Poori Paratha, Zeera Aloo, Tarkay wala Dahi",Sunday Brunch Menu 2,https://www.youtube.com/watch?v=ajo9TaI4FOg,Pakistani
Low Cost Lunch - White Matar Pulao Recipe - Less Ingredients,Low Cost Lunch,https://www.youtube.com/watch?v=3vNmiFPd3FA,Pakistani
Best Tea Recipe - Strong Karak Chai with a twist - The Secret Way,Best Tea,https://www.youtube.com/watch?v=BQ9MyWptpyE,Pakistani
Sunday Brunch Menu - Chicken Sukka with Bun Poratha,Sunday Brunch Menu,https://www.youtube.com/watch?v=rCiKYX6St5Y,Pakistani
Chicken Pakora Shadiyon Wala - Popular Marriage Food of Pakistan,Chicken Pakora Shadiyon Wala,https://www.youtube.com/watch?v=iLHM-8zWGDg,Pakistani
Dahi Walay Baingan Recipe - Everyone will eat Eggplant now,Dahi Walay Baingan,https://www.youtube.com/watch?v=mPiYhjgEwE8,Pakistani
Low-Cost Dinner Menu - Masalay wali mirchen with New style Rice Kheer,Low-Cost Dinner Menu,https://www.youtube.com/watch?v=fGE0d3BnP3k,Pakistani
Tarka Daal Chawal,Tarka Daal Chawal,https://www.youtube.com/watch?v=7Tr_bckI5bo,Pakistani
Low Cost Dinner Menu - Aloo ki Katalian aur Suji Halwa Recipe,Low Cost Dinner Menu,https://www.youtube.com/watch?v=OEkSBj1NLq0,Pakistani
Tea Time Fruit Cake Eggless Recipe - Bakery Style Soft Milky Fruit Cake,Tea Time Fruit Cake Eggless,https://www.youtube.com/watch?v=hl65NfhD12Q,Continental
Street Style Chicken Yakhni Soup Recipe - Chicken Soup Road side,Street Style Chicken Yakhni Soup,https://www.youtube.com/watch?v=t7JsskIeHmg,Pakistani
Chicken Manchurian with Chili Fried Rice - Restaurant Style,Chicken Manchurian with Chili Fried Rice,https://www.youtube.com/watch?v=9-56fb7aMvw,Chinese
McDonald's Chicken Nuggets Recipe - Fail Proof McNuggets Recipe,McDonald's Chicken Nuggets,https://www.youtube.com/watch?v=rorna9ozIts,Pakistani
Burger Buns Recipe Home-made,Burger Buns Recipe Home-made,https://www.youtube.com/watch?v=K8c5OEzw8I4,Continental
Masala Bhindi - Restaurant Style Bhindi Recipe,Masala Bhindi,https://www.youtube.com/watch?v=5h5ra49ThnI,Pakistani
Fish Pulao,Fish Pulao,https://www.youtube.com/watch?v=TbBQ29unK8w,Pakistani
Russian Fruit Salad Shadiyon Wala,Russian Fruit Salad Shadiyon Wala,https://www.youtube.com/watch?v=xbpgb70hVTY,Pakistani
Lahori Aloo Paratha Dhabay Wala,Lahori Aloo Paratha Dhabay Wala,https://www.youtube.com/watch?v=VP6494euuSs,Pakistani
Birthday cake without oven (Beginner Level),Birthday cake without oven (Beginner Level),https://www.youtube.com/watch?v=DvT0uG7csz8,Continental
Rosh in Pressure Cooker at Home - Quick and Magical Rosh Recipe,Rosh in Pressure Cooker at Home,https://www.youtube.com/watch?v=wcs7_139aI0,Pakistani
Degi Style Zarda - Soft and Long Grain Rice,Degi Style Zarda,https://www.youtube.com/watch?v=sqVmeTzepHA,Pakistani
Karachi Famous Pulao Biryani - Perfect 1kg Recipe (Best Ever),Karachi Famous Pulao Biryani,https://www.youtube.com/watch?v=8dtr8Q5bPJ4,Pakistani
I made Bread at Home - Better Than Bakery - Homemade Sliced Bread Recipe,I made Bread at Home,https://www.youtube.com/watch?v=XZXOY_Pmz2s,Pakistani
My Automatic Pressure Cooker,My Automatic Pressure Cooker,https://www.youtube.com/watch?v=TGuaYk7gvu8,Pakistani
"I Cooked for Whole Family - Mutton Korma, Vegetable Pulao, Steam Chicken BBQ (Dawat Menu)",I Cooked for Whole Family,https://www.youtube.com/watch?v=DHzlosVG-nE,Pakistani
Fruit Custard Trifle - Perfect 1 litter milk custard,Fruit Custard Trifle,https://www.youtube.com/watch?v=jcOYmyzeEBE,Pakistani
Cheap Potato Chips Homemade - 2 Minute Recipe (Better than store bought),Cheap Potato Chips,https://www.youtube.com/watch?v=XKN84laLnU4,Pakistani
Low Cost Pizza Cheese Home-made - Perfect Market Style Cheese,Low Cost Pizza Cheese Home-made,https://www.youtube.com/watch?v=jsj8ZoYUtS0,Continental
Low Cost Tea Cake Homemade - Better Than Bakery Plain Cake (NO OVEN),Low Cost Tea Cake,https://www.youtube.com/watch?v=1b5yVllGhcE,Continental
No Cheese Pizza Recipe - Affordable 1$ Bakery wala Pizza,No Cheese Pizza,https://www.youtube.com/watch?v=_OWJHO6ngFU,Continental
Fish Fry Restaurant Style | Lahori Fish Fry Besan Wali,Fish Fry Restaurant Style,https://www.youtube.com/watch?v=tMfcK5Jjstk,Pakistani
Cake Rusk Homemade - Better Than Bakery,Cake Rusk,https://www.youtube.com/watch?v=f_5cgNtzJLw,Continental
Best Dal Recipe | Legendry Daal of Lalamusa,Best Dal,https://www.youtube.com/watch?v=w53or2Vr4us,Pakistani
Best Chicken Steam Roast,Best Chicken Steam Roast,https://www.youtube.com/watch?v=CHBZwi84zYE,Pakistani
Vegetable Pickles Recipe for Shawarma and BBQ  | No Oil Pickle (Secret Formula),Vegetable Pickles Recipe for Shawarma and BBQ,https://www.youtube.com/watch?v=2SZiPdA9sbc,Arabic/Mediterranean
Butter Chicken Tikka on Tawa | Anyone can make,Butter Chicken Tikka on Tawa,https://www.youtube.com/watch?v=x79qa1BFNRU,Pakistani
"Fully Automatic Mega Kitchen of Pakistan | Biggest Commercial Kitchen | 20,000 meals/day",Fully Automatic Mega Kitchen of Pakistan,https://www.youtube.com/watch?v=cID-nwg3MB8,Pakistani
Easy Chicken Breast Recipe for Body Building and Weight Loss - Boiled Chicken,Easy Chicken Breast Recipe for Body Building and Weight Loss,https://www.youtube.com/watch?v=nZpeDDcMwkU,Pakistani
How To Make Chicken Macaroni - Quick and Delicious Macaroni Recipe by Kun Foods,How To Make Chicken Macaroni,https://www.youtube.com/watch?v=ZYNyTqUR_ws,Continental
Restaurant Style Sauces Recipe | Perfect for Fast Food Burgers (Commercial),Restaurant Style Sauces,https://www.youtube.com/watch?v=nqZnV6-yctg,Pakistani
Chili Crispy Rice | Chili Butter Rice with Spicy Chicken,Chili Crispy Rice,https://www.youtube.com/watch?v=vJmn_YkCyx8,Pakistani
Cooking the MOST famous Arabic style rice | Arabic Rice Recipe | Kun Foods,Cooking the MOST famous Arabic style rice,https://www.youtube.com/watch?v=cSlLtp0C_SA,Arabic/Mediterranean
Chicken Masala kaleji with Onion and Green Chilies,Chicken Masala kaleji with Onion and Green Chilies,https://www.youtube.com/watch?v=RyZ-_RXB7Gw,Pakistani
Loona Gosht Recipe | Best Fried Meat with Black Pepper,Loona Gosht,https://www.youtube.com/watch?v=IZoIzJvYDRw,Pakistani
Special BBQ Chicken Biryani Recipe,Special BBQ Chicken Biryani,https://www.youtube.com/watch?v=AsilxXC9LcQ,Pakistani
Gulab Jamun Recipe | Tips for Soft & Perfect Gulab Jamun,Gulab Jamun,https://www.youtube.com/watch?v=90lRM0s7UZA,Pakistani
NOW WEIGHT-LOSS IS EASY!! Your Favorite Salad Recipe | Healthy Protein Salad,NOW WEIGHT-LOSS IS EASY!! Your Favorite Salad,https://www.youtube.com/watch?v=NYAU2JG0wN0,Pakistani
BETTER THAN RESTAURANT!! Pasta in White Sauce | Creamy and Cheesy Pasta with Chicken,BETTER THAN RESTAURANT!! Pasta in White Sauce,https://www.youtube.com/watch?v=hsy5UUi7GZU,Continental
Best haleem/daleem | Khushbo-dar Haleem,Best haleem/daleem,https://www.youtube.com/watch?v=7fIzo6tEG1c,Pakistani
5-STAR DISH ❗ Make Restaurant Style Chilli Dry at Home | Spicy Chilli Dry,5-STAR DISH ❗ Make Restaurant Style Chilli Dry at Home,https://www.youtube.com/watch?v=F8lCeuHa1oc,Pakistani
DON'T GO TO RESTAURANT!! Make Tastiest Rice at Home ❗ Fajita Rice Perfect For Dinner,DON'T GO TO RESTAURANT!! Make Tastiest Rice at Home ❗ Fajita Rice Perfect For Dinner,https://www.youtube.com/watch?v=Y0G8zLL4EJ0,Pakistani
Crispy Fries without Oil in Pan By Chef Afzaal - Useful Method,Crispy Fries without Oil in Pan By Chef Afzaal,https://www.youtube.com/watch?v=ZYN4m36paSM,Pakistani
Easy Chicken Sandwich By Chef Afzaal,Easy Chicken Sandwich By Chef Afzaal,https://www.youtube.com/watch?v=0hxUEOHprHE,Continental
Black Pepper Dry Chicken | Restaurant Style Recipe,Black Pepper Dry Chicken,https://www.youtube.com/watch?v=AXZBaNgnD-c,Pakistani
Suji ka Danedar Halwa | Sirf 10 Minutes Me Perfect Measurements Se Banayein Suji Ka Halwa,Suji ka Danedar Halwa,https://www.youtube.com/watch?v=JG5cbAFdUZc,Pakistani
Lachha Paratha | Flakey Onion Lachha Paratha | Multilayer Paratha,Lachha Paratha,https://www.youtube.com/watch?v=MTBbmfNilzQ,Pakistani
Malai Chicken on Tawa - Best Recipe Ever,Malai Chicken on Tawa,https://www.youtube.com/watch?v=_uzDQfA_TQM,Pakistani
Dahi chicken gravy,Dahi chicken gravy,https://www.youtube.com/watch?v=MdepIh58DwI,Pakistani
New Style Pokray | Daal Snacks For Rainy Days | Kun Foods,New Style Pokray,https://www.youtube.com/watch?v=YVA7QO8tcUU,Pakistani
Chicken Tandoori Rolls | Street Style Kathi Rolls | Homemade Pratha Roll,Chicken Tandoori Rolls,https://www.youtube.com/watch?v=g1LfR9OG_FE,Pakistani
Qeema Naan Recipe | Naan Recipe at Home,Qeema Naan,https://www.youtube.com/watch?v=fpP0lXPpMzc,Pakistani
BEEF STEAK AT HOME | Recipe by Chef Afzaal / Kun Foods,BEEF STEAK AT HOME,https://www.youtube.com/watch?v=KmWXhcHtDXA,Continental
SHAHI GOLA KABAB,SHAHI GOLA KABAB,https://www.youtube.com/watch?v=lLTRtHjAuIE,Pakistani
SPECIAL LAHORI KEEMA RECIPE,SPECIAL LAHORI KEEMA,https://www.youtube.com/watch?v=JiAijZpqxyA,Pakistani
Mutton Pani Fry with Green Chili | Tasty Oil Free Mutton Recipe,Mutton Pani Fry with Green Chili,https://www.youtube.com/watch?v=yAc8uBlOQqc,Pakistani
Beef Kofta Curry Recipe | How to make soft kofta? نرم کوفتے کیسے بنائیں,Beef Kofta Curry,https://www.youtube.com/watch?v=nkCyDL7zVns,Pakistani
Best Degi Chicken Pulao,Best Degi Chicken Pulao,https://www.youtube.com/watch?v=5YY8aGmm-4c,Pakistani
Traditional Patorr Recipe | Spinach Leaves Cooked with Gram Flour,Traditional Patorr,https://www.youtube.com/watch?v=Vz3NFoNjl7c,Pakistani
Peshawri Pulao Recipe,Peshawri Pulao,https://www.youtube.com/watch?v=qqVCpAe-NLE,Pakistani
Oil Free Mutton Fry | Eid Special Healthy Recipe,Oil Free Mutton Fry,https://www.youtube.com/watch?v=eXxtkcuXW7c,Pakistani
Mutton Leg Roast at home without Oven | Eid Special Full Raan Roast,Mutton Leg Roast at home without Oven,https://www.youtube.com/watch?v=2B7xhh1uXq8,Pakistani
Green Chilli Recipe | Fried Green Chillies with Yoghurt | Easy and Affordable,Green Chilli,https://www.youtube.com/watch?v=QzRYWWKANPE,Pakistani
STOP USING CUSTARD POWDER!! Make easy mango dessert using fresh mangoes | Mango Sweet,STOP USING CUSTARD POWDER!! Make easy mango dessert using fresh mangoes,https://www.youtube.com/watch?v=gqcCa1HyXc8,Pakistani
Professional way to clean tripe (Ojhri) - Ojri Saaf Karne Ka Tarika,Professional way to clean tripe (Ojhri),https://www.youtube.com/watch?v=OLz6VgBw4BI,Pakistani
COOK CHICKEN WITH GREEN CHILIES - Best Recipe of Pakistani Restaurants,COOK CHICKEN WITH GREEN CHILIES,https://www.youtube.com/watch?v=VkDHPROwoP8,Pakistani
Better Than Biryani?  Make Quick One Pot Rice with Chicken Thigs,Better Than Biryani?  Make Quick One Pot Rice with Chicken Thigs,https://www.youtube.com/watch?v=li-HZjm2vLk,Pakistani
WARNING!! THIS IS SO JUICY | Roast Big Piece of Meat on Stove,WARNING!! THIS IS SO JUICY,https://www.youtube.com/watch?v=gobXAcxAIOA,Pakistani
Karak Chai Pakistani Style | Tea Recipe with Science,Karak Chai Pakistani Style,https://www.youtube.com/watch?v=5lnWU7xIIKc,Pakistani
DON'T FRY CHICKEN | Make this Oil Free Paper Chicken,DON'T FRY CHICKEN,https://www.youtube.com/watch?v=O766oxbaLvA,Pakistani
Bondi Raita Recipe - Special Kaddu ya Lauki Raita,Bondi Raita,https://www.youtube.com/watch?v=1LrhVzEEvrs,Pakistani
Naan at home without oven -  Step by Step for Beginners,Naan at home without oven,https://www.youtube.com/watch?v=erR244ihwhc,Pakistani
Best Tawa Chicken,Best Tawa Chicken,https://www.youtube.com/watch?v=48EMofxV9pA,Pakistani
Namkeen Daal Mash Restaurant Style | Urad Dal Recipe by Kun Foods,Namkeen Daal Mash Restaurant Style,https://www.youtube.com/watch?v=KJarpas5qPo,Pakistani
Junglee Pulao Restaurant Style | Authentic Rice Cooked with Vegetables | Kun Foods,Junglee Pulao Restaurant Style,https://www.youtube.com/watch?v=fEEWfQoT1fM,Pakistani
Mini Round Puffy Poori Recipe | Phulka Luchi | Puri Recipe | Luchi Recipe,Mini Round Puffy Poori,https://www.youtube.com/watch?v=4J0e0X9LcGo,Pakistani
How to make Best Hummus | Hummus and Tahini Recipe  | 2 in 1,How to make Best Hummus,https://www.youtube.com/watch?v=NhzKYfd3DU4,Arabic/Mediterranean
"Falooda with Homemade sev, noodles - Famous Rabri Falooda | Easy Recipe","Falooda with Homemade sev, noodles",https://www.youtube.com/watch?v=FV5zW6mfdJs,Pakistani
Lahori Beef Karahi | Restaurant Style karahi Gosht Recipe at Home,Lahori Beef Karahi,https://www.youtube.com/watch?v=UBxWUCYppKc,Pakistani
Eid Special Muslim Biryani | 1kg Perfect Kachay Gosht ki Biryani (Step by Step),Eid Special Muslim Biryani,https://www.youtube.com/watch?v=MDFsKGB9pQc,Pakistani
Best Irani Pulao | ایرانی پلاؤ,Best Irani Pulao,https://www.youtube.com/watch?v=_O1_klkiQqg,Pakistani
Chicken Egg Burger | Commercial Street Style Chicken Burger,Chicken Egg Burger,https://www.youtube.com/watch?v=u3P2VKjjJVw,Continental
Kali Mirch Chicken Karahi Ramzan Special | کم مصالحے والے کڑاہی,Kali Mirch Chicken Karahi Ramzan Special,https://www.youtube.com/watch?v=wS4dpyp0U2Q,Pakistani
Chili Chicken in Black Pepper Sauce | Restaurant Style Spicy Chili Chicken,Chili Chicken in Black Pepper Sauce,https://www.youtube.com/watch?v=Tcyky6EtJ5U,Pakistani
Spicy Gola Kabab | Soft and Juicy Gola kabab at home,Spicy Gola Kabab,https://www.youtube.com/watch?v=6WI_IFs4Tig,Pakistani
Crunchy Lacha Pakora,Crunchy Lacha Pakora,https://www.youtube.com/watch?v=axlvbqhmx28,Pakistani
Tawa Pizza without Oven | Perfect Crown Pizza,Tawa Pizza without Oven,https://www.youtube.com/watch?v=8T2d8G1Gr74,Continental
Best Chicken Karahi,Best Chicken Karahi,https://www.youtube.com/watch?v=SZ_mfgZC75E,Pakistani
"Degi Steam Roast Chargha in Pressure Cooker | 10 minutes, One-pot",Degi Steam Roast Chargha in Pressure Cooker,https://www.youtube.com/watch?v=IjrDqmvHHsY,Pakistani
Chicken Steam Samosa with Tomato Chutney | Quick and Magical Ramzan Recipe,Chicken Steam Samosa with Tomato Chutney,https://www.youtube.com/watch?v=iU6AZN6xZqU,Pakistani
Atta tandoori roti on tawa - hotel style | homemade whole wheat tandoori roti without tandoor,Atta tandoori roti on tawa,https://www.youtube.com/watch?v=xUb9Y4gkQQo,Pakistani
Aloo bread rolls | Crispy and Soft Potato Rolls | Ramzan 2022 Special,Aloo bread rolls,https://www.youtube.com/watch?v=L8zpl5naOXA,Pakistani
Mix figs with banana and see magic | It gives energy and power,Mix figs with banana and see magic,https://www.youtube.com/watch?v=o4xPYFVdW1M,Pakistani
chicken drumsticks original bakery style | Ramzan Special,chicken drumsticks original bakery style,https://www.youtube.com/watch?v=x86RhTsoejo,Pakistani
Chicken Box Patties with Instant Dough Wrappers | Ramzan Special,Chicken Box Patties with Instant Dough Wrappers,https://www.youtube.com/watch?v=1OAJB5m_024,Pakistani
crispy chicken samosa better than all frozen food brands | Ramzan Special,crispy chicken samosa better than all frozen food brands,https://www.youtube.com/watch?v=Xz-bUxqh3pI,Pakistani
Don't go to restaurant! Cook rice with garlic chicken at home,Don't go to restaurant! Cook rice with garlic chicken at home,https://www.youtube.com/watch?v=-kZBGB968Mw,Pakistani
Kabuli Pulao | Authentic Recipe of Peshawri Kabuli Pulao,Kabuli Pulao,https://www.youtube.com/watch?v=_0xmSdq8bzo,Pakistani
Tomato Chutney | Easy Chutney Recipe By Kun Foods,Tomato Chutney,https://www.youtube.com/watch?v=7lnpi3XiFwo,Pakistani
Chicken Popsicle Kids Special | Easy Tiffin Box make and freeze,Chicken Popsicle Kids Special,https://www.youtube.com/watch?v=8vyJTjwXgII,Pakistani
Pani walay Pakoray Recipe,Pani walay Pakoray,https://www.youtube.com/watch?v=TLYfQGO1ql0,Pakistani
Chicken Dahi Pakora Recipe | Magical and Tasty Fritters Ramzan Special,Chicken Dahi Pakora,https://www.youtube.com/watch?v=rdmjw_DwJh0,Pakistani
Podina Imli Chutney | Roasted Green Chilies with Mint | Easy and Delicious Chutney Recipe,Podina Imli Chutney,https://www.youtube.com/watch?v=n6S9miX_p7c,Pakistani
Chicken Rolls with Liquid Dough Wrappers | Ramzan Special,Chicken Rolls with Liquid Dough Wrappers,https://www.youtube.com/watch?v=MpYyAro4kYg,Pakistani
Mint Margarita Restaurant Style | MINT LEMON SODA | Digestive Drink for Iftar,Mint Margarita Restaurant Style,https://www.youtube.com/watch?v=iHfXMQZFiZc,Pakistani
Dahi Chicken with Green Chilies | Better Than Chicken Karahi,Dahi Chicken with Green Chilies,https://www.youtube.com/watch?v=hylDMkhdp30,Pakistani
Full Goat in Wood Tandoor Recipe | Full Dumba Dum pukht with Kabuli Pulao | Kun Foods,Full Goat in Wood Tandoor,https://www.youtube.com/watch?v=livHIJSEI0c,Pakistani
Lalchapur Rosh Recipe | Most Famous Rosh of Peshawar | Original And Authentic Recipe,Lalchapur Rosh,https://www.youtube.com/watch?v=udDr6AnfvcY,Pakistani
Real Chapli Kabab Recipe - Peshawri Chapli Kabab,Real Chapli Kabab,https://www.youtube.com/watch?v=vubMIoe5rIg,Pakistani
Halwapuri walay chany bazar se behtar | Lahori cholay recipe,Halwapuri walay chany bazar se behtar,https://www.youtube.com/watch?v=DumtN6fgAsk,Pakistani
Halwapuri wali Aloo Bhujia Authentic Recipe - Halwa poori wali Aloo Tarkari,Halwapuri wali Aloo Bhujia Authentic,https://www.youtube.com/watch?v=t8pUWMfOgnc,Pakistani
Poori Recipe - Secret and Magical Halwa Puri wali Poorian,Poori,https://www.youtube.com/watch?v=jHY-dWsAFqQ,Pakistani
Pizza burger without Oven recipe,Pizza burger without Oven,https://www.youtube.com/watch?v=TxruOz_sCyM,Continental
"Chicken roll aisy bnao | If there is flour, salt and water at home, anyone can make this recipe",Chicken roll aisy bnao,https://www.youtube.com/watch?v=FX6aLRrb-Us,Pakistani
DON’T BUY FRIES | Make This at home | Potato Recipe,DON’T BUY FRIES,https://www.youtube.com/watch?v=HESzYXS24cc,Pakistani
Steam Kofta Recipe | Puffy aur Soft Koftay bnanay ka secret method,Steam Kofta,https://www.youtube.com/watch?v=58A4mQNa35E,Pakistani
Khyber Shinwari Chicken Karahi Recipe | Peshawri Chicken Karahi Recipe,Khyber Shinwari Chicken Karahi,https://www.youtube.com/watch?v=e2ZD0XXiloo,Pakistani
Mutton Laal Maas | Delicacy of Rajasthan,Mutton Laal Maas,https://www.youtube.com/watch?v=ONwB0A-Kh1s,Pakistani
Besan ka Halwa | 10 minutes sweet recipe no soak no grind ready in 10 minutes,Besan ka Halwa,https://www.youtube.com/watch?v=19XasGcBtAM,Pakistani
Chicken Oil Free Roast Recipe - Taste is Better than Oil,Chicken Oil Free Roast,https://www.youtube.com/watch?v=H64E5TuXq9A,Pakistani
Mix Daal Recipe,Mix Daal,https://www.youtube.com/watch?v=WiXf94HvHyc,Pakistani
Chicken Karahi - Professional Recipe,Chicken Karahi,https://www.youtube.com/watch?v=EaRXlnuJeVY,Pakistani
Daal wali shami tikki | chicken mix dal kabab | Easy and tasty snack,Daal wali shami tikki,https://www.youtube.com/watch?v=6HKZkE8UmVc,Pakistani
"Juicy Chicken Pulao | Juicy, Soft Chicken Pulao cooked in gravy",Juicy Chicken Pulao,https://www.youtube.com/watch?v=REwYoiwnPtQ,Pakistani
"Steam Aloo Tikki | Soft, Puffy Potato Kabab | Easy and Tasty Snack",Steam Aloo Tikki,https://www.youtube.com/watch?v=dZSfGbPvtzM,Pakistani
"Best Tari/ Shorbay wala Chicken in Pressure Cooker (Delicious, Aromatic & 1 Pot)","Best Tari/ Shorbay wala Chicken in Pressure Cooker (Delicious, Aromatic & 1 Pot)",https://www.youtube.com/watch?v=kysNgbFxegw,Pakistani
Easy Chicken Recipe,Easy Chicken,https://www.youtube.com/watch?v=-CacMtWsA_g,Pakistani
Kadhi Chawal Recipe  | Kadhi Pakora Recipe | Tasty and Yummy Recipe By Kun Foods,Kadhi Chawal,https://www.youtube.com/watch?v=SkY1ZjJUaV8,Pakistani
Panjeeri - Best for back pain and body power,Panjeeri,https://www.youtube.com/watch?v=bXV9sON6GPc,Pakistani
Namkeen Pyaz Gosht - Easy White Mutton Onions,Namkeen Pyaz Gosht,https://www.youtube.com/watch?v=kvPQZdRM_5A,Pakistani
Gurr Walay Chawal Recipe - Easy and Magical Sweet Jaggery Rice,Gurr Walay Chawal,https://www.youtube.com/watch?v=NFuvbLbB76s,Pakistani
"Chicken Roast Recipe - No Oven, No Oil",Chicken Roast,https://www.youtube.com/watch?v=dCbQmT3KGtk,Pakistani
Beef Steam Roast Shadiyon wala - Traditional Delicacy of Pakistan,Beef Steam Roast Shadiyon wala,https://www.youtube.com/watch?v=cQxqLvMHghc,Pakistani
Palak Chicken - Dish of Kings,Palak Chicken,https://www.youtube.com/watch?v=tCJIFetRVI0,Pakistani
Degi Yakhni Pulao Shadio Wala,Degi Yakhni Pulao Shadio Wala,https://www.youtube.com/watch?v=XL0BpsXeTAA,Pakistani
Pasta in White Sauce | Creamy Alfredo Pasta Recipe,Pasta in White Sauce,https://www.youtube.com/watch?v=CpN3JAg1DkQ,Continental
Perfect Mayonnaise Recipe - Fail Proof Mayo without Machine by Kun Foods,Perfect Mayonnaise,https://www.youtube.com/watch?v=VSnVofEpCAs,Continental
Fried Chicken Shadio Wala- Easy Fried Chicken Recipe by Kun Foods,Fried Chicken Shadio Wala- Easy Fried Chicken Recipe,https://www.youtube.com/watch?v=ZW93y3RqJiI,Pakistani
Perfect Karachi Biryani - Homemade biryani zaiqa bazar jaisa,Perfect Karachi Biryani,https://www.youtube.com/watch?v=uRqwvZhBQcE,Pakistani
Degi Kheer Recipe on Walima Ceremony by Kun Foods - Mega Cooking,Degi Kheer Recipe on Walima Ceremony,https://www.youtube.com/watch?v=japPufixqtU,Pakistani
Gajar ka Halwa,Gajar ka Halwa,https://www.youtube.com/watch?v=Kr6BNUIPZ8g,Pakistani
Biggest Paratha of Pakistan - Giant 60 inch Breakfast Paratha,Biggest Paratha of Pakistan,https://www.youtube.com/watch?v=E47QBz68k7k,Pakistani
Chicken chowmien with homemade noodles,Chicken chowmien with homemade noodles,https://www.youtube.com/watch?v=fNiiOBdEc-Y,Pakistani
Spices Masterclass | How to use spices in cooking,Spices Masterclass,https://www.youtube.com/watch?v=JiC0Io3-r_8,Pakistani
Crispy Aloo Palak Pakora - Rainy Day Snack,Crispy Aloo Palak Pakora,https://www.youtube.com/watch?v=f4jXz7oPT0o,Pakistani
Sweet Potato Recipe | Shakarkandi Commercial Recipe,Sweet Potato,https://www.youtube.com/watch?v=mNDe-1KbHvs,Pakistani
Gurr wali chai || Jaggery (Gurr) Tea Recipe,Gurr wali chai || Jaggery (Gurr) Tea,https://www.youtube.com/watch?v=bQmD6qvub2k,Pakistani
Best Daal Chawal,Best Daal Chawal,https://www.youtube.com/watch?v=AxcEWwhdkcA,Pakistani
Secret Fish Fry Recipe | Better than any Restaurant in Lahore,Secret Fish Fry,https://www.youtube.com/watch?v=uPaoiPAr2m0,Pakistani
"Fry Chicken with Green Chillies | Easy, Simple Better Than Fried Chicken",Fry Chicken with Green Chillies,https://www.youtube.com/watch?v=Zi1yMeL79gw,Pakistani
China Salt / Ajinomoto KI HAQEEQAT | Does ajinomoto cause Cancer??,China Salt / Ajinomoto KI HAQEEQAT,https://www.youtube.com/watch?v=ufYeppug1CQ,Pakistani
1KG SIMPLE DUM BIRYANI RECIPE ft. Best Rice Brand for Biryani,SIMPLE DUM BIRYANI RECIPE ft. Best Rice Brand for Biryani,https://www.youtube.com/watch?v=F4rmdDyFYJ0,Pakistani
NEW RECIPE TO COOK Eggplants (Baingan) | Everyone will love,NEW RECIPE TO COOK Eggplants (Baingan),https://www.youtube.com/watch?v=MotfTohCn2E,Pakistani
QUICK RECIPE! Cook Rice with Vegetables Easy and Simple,QUICK RECIPE! Cook Rice with Vegetables Easy and Simple,https://www.youtube.com/watch?v=nYeVVlAZJMs,Pakistani
Steam Fish Roast in Pressure Cooker | Quick and Magical Fish with Lemons,Steam Fish Roast in Pressure Cooker,https://www.youtube.com/watch?v=HfzznTNoly8,Pakistani
"FORGET PIZZA- Make a delicious dish from one potato! Simple, Cheap, Tasty","FORGET PIZZA- Make a delicious dish from one potato! Simple, Cheap, Tasty",https://www.youtube.com/watch?v=KZIWgKoo7cg,Continental
POT BIRYANI COOKING | Traditional Matka Chicken Biryani Recipe | Biryani Cooking in Clay Pot,POT BIRYANI COOKING,https://www.youtube.com/watch?v=f0dpN3gcmoA,Pakistani
STOP BUYING KFC. Make this Cheap Chicken at Home! All Magic in Milk,STOP BUYING KFC. Make this Cheap Chicken at Home! All Magic in Milk,https://www.youtube.com/watch?v=AA3ZUMSxO7s,Continental
"DO NOT BUY CHICKEN - Cook Rice with Green Chillies! Simple, Tasty, Cheap",DO NOT BUY CHICKEN,https://www.youtube.com/watch?v=B2vMH_tMJlo,Pakistani
Chicken Wrap Recipe - Cheesy Mexican Burrito,Chicken Wrap,https://www.youtube.com/watch?v=5eBxrqKKMnI,Pakistani
Katwa Gosht Famous Traditional Dish of Attock Dist.,Katwa Gosht Famous Traditional Dish of Attock Dist.,https://www.youtube.com/watch?v=xoeNb0i-1Z8,Pakistani
Clean kitchen stove in 1 minute,Clean kitchen stove in 1 minute,https://www.youtube.com/watch?v=8nd_guNdRuc,Pakistani
Professional way to boil eggs,Professional way to boil eggs,https://www.youtube.com/watch?v=KaIEY4x3imk,Pakistani
Peanut Chikki Recipe - Moong Phali Chikki - Peanut Bars for Winters,Peanut Chikki,https://www.youtube.com/watch?v=3e5F_4u3tCc,Pakistani
SUPER CRISPY FRIED FISH RECIPE | SIMPLE FISH FRY RECIPE,SUPER CRISPY FRIED FISH,https://www.youtube.com/watch?v=QLlUTRSZEcY,Pakistani
Chicken Hot and Sour Soup Secret Restaurant Recipe - Kun Foods,Chicken Hot and Sour Soup Secret Restaurant,https://www.youtube.com/watch?v=mrmpOpBCxLY,Chinese
Reshewala Haleem/Daleem (Easy and Magical),Reshewala Haleem/Daleem (Easy and Magical),https://www.youtube.com/watch?v=vvBRNYqRYYw,Pakistani
"Desi Chicken (Murgh) Platter | Steam Desi Chicken, Pulao Rice, Butter Fried Nuts",Desi Chicken (Murgh) Platter,https://www.youtube.com/watch?v=QasvMgD-oBc,Pakistani
Chicken Grill Burger with Secret Sauce at Home,Chicken Grill Burger with Secret Sauce at Home,https://www.youtube.com/watch?v=jGN85-jUx4o,Continental
Easiest Chicken Biryani ft New Kitchen,Easiest Chicken Biryani ft New Kitchen,https://www.youtube.com/watch?v=raur9j_IQ58,Pakistani
Sab kuch hazam karay | Easy Tea for fat burn and digestion,Sab kuch hazam karay,https://www.youtube.com/watch?v=DYXPqgAzkNQ,Pakistani
Gola Kabab Recipe,Gola Kabab,https://www.youtube.com/watch?v=YEpzVX7rGdQ,Pakistani
Desi Ghee and Butter Recipe | How to make Butter at home,Desi Ghee and Butter,https://www.youtube.com/watch?v=VJveABdPWq8,Pakistani
"Chicken Egg Sandwich Recipe, Most Delicious Sandwich","Chicken Egg Sandwich Recipe, Most Delicious Sandwich",https://www.youtube.com/watch?v=KodhmTWqjj4,Continental
Fried Chicken Dhaka Style (Crunchy and Soft),Fried Chicken Dhaka Style (Crunchy and Soft),https://www.youtube.com/watch?v=4XaQlsaAYNI,Pakistani
Raita Restaurant Style (Zeera and Pudina),Raita Restaurant Style (Zeera and Pudina),https://www.youtube.com/watch?v=kwDM-1nF3kM,Pakistani
How to make perfect Tea (Quetta Hotel Chai),How to make perfect Tea (Quetta Hotel Chai),https://www.youtube.com/watch?v=huT9NXE2mtQ,Pakistani
Chicken Karahi (Black Pepper) Restaurant Style,Chicken Karahi (Black Pepper) Restaurant Style,https://www.youtube.com/watch?v=H1nUEFk-MHQ,Pakistani
Bharay Karely with New Techniques | Stuffed Karela (Delicious),Bharay Karely with New Techniques,https://www.youtube.com/watch?v=y5w_niJLAK8,Pakistani
Juiciest Malai Boti at home without Grill or Oven,Juiciest Malai Boti at home without Grill or Oven,https://www.youtube.com/watch?v=F4Gk9JMUlXA,Pakistani
Oil Free Degi Rice (Pulao) Eat Healthy Live Healthy,Oil Free Degi Rice (Pulao) Eat Healthy Live Healthy,https://www.youtube.com/watch?v=s0tyik4wiyc,Pakistani
Oil Free Fried Chicken || Healthy Oil Free Chicken Recipe (Tasty),Oil Free Fried Chicken || Healthy Oil Free Chicken Recipe (Tasty),https://www.youtube.com/watch?v=EOMyjJ5eh40,Pakistani
WEIGHT LOSS DRINK and FACE PACK | Moringa will change your life,WEIGHT LOSS DRINK and FACE PACK,https://www.youtube.com/watch?v=Iyr5ZOXAjlU,Pakistani
Biscuit Recipe in Pressure Cooker | Cookies Only Three Ingredients,Biscuit Recipe in Pressure Cooker,https://www.youtube.com/watch?v=rTSzmySB6C8,Pakistani
White Sufiyani Biryani,White Sufiyani Biryani,https://www.youtube.com/watch?v=9aKFdZD4whM,Pakistani
Aloo Lacha | Crispy and Magical Teatime Snacks,Aloo Lacha,https://www.youtube.com/watch?v=Ih-gOb8CJM4,Pakistani
Tandoori Chicken Chargha at Home,Tandoori Chicken Chargha at Home,https://www.youtube.com/watch?v=9kcNLk9KvGs,Pakistani
Bhature with Filling Recipe | Soft Instant Chole Bhature,Bhature with Filling,https://www.youtube.com/watch?v=vAavd2PMgSA,Indian
Chicken Tikka without Grill | Juicy Tikka with Rice at Home,Chicken Tikka without Grill,https://www.youtube.com/watch?v=xfyk4q-_VJ8,Pakistani
Rajasthani Ghevar Recipe at Home | Similar to Lahori Pura,Rajasthani Ghevar Recipe at Home,https://www.youtube.com/watch?v=sZvrwqYwsmM,Pakistani
Chicken Pasta Recipe | Magical Spaghetti Pasta,Chicken Pasta,https://www.youtube.com/watch?v=2bPsxaoqtX8,Continental
Degi Chicken Steam Roast in Pressure Cooker | Quick and Magical Recipe,Degi Chicken Steam Roast in Pressure Cooker,https://www.youtube.com/watch?v=D5lvacEvxhg,Pakistani
Chicken Boti Roll Recipe | Mayo Garlic and Chutney Maza,Chicken Boti Roll,https://www.youtube.com/watch?v=gDjTwcJGx9k,Pakistani
Tawa Chicken of Lahore | Lemon Chilli Spicy Tadka,Tawa Chicken of Lahore,https://www.youtube.com/watch?v=EGhOO3xsyTE,Pakistani
Easy and Simple Dal,Easy and Simple Dal,https://www.youtube.com/watch?v=wnS7EhJO6XQ,Pakistani
Aloo Wala Naan at Home,Aloo Wala Naan at Home,https://www.youtube.com/watch?v=obLfxAevS7E,Pakistani
Grilled Chicken at Home Without Oven (Al Faham Arabic),Grilled Chicken at Home Without Oven (Al Faham Arabic),https://www.youtube.com/watch?v=qpI0grlRRwE,Arabic/Mediterranean
Bhature Recipe - Secret & Magic Chole Bhature Recipe,Bhature,https://www.youtube.com/watch?v=nuVfrHSI4ms,Indian
Gosht ka Achar Recipe (Traditional Meat Pickle),Gosht ka Achar Recipe (Traditional Meat Pickle),https://www.youtube.com/watch?v=01NsPyHSLvA,Pakistani
Haleem or Daleem at Home (Grains cooked with meat),Haleem or Daleem at Home (Grains cooked with meat),https://www.youtube.com/watch?v=0g2u2moEqIU,Pakistani
Smell Free Kaleeji and Phiphra Masala Recipe (Lamb Liver and Lungs),Smell Free Kaleeji and Phiphra Masala Recipe (Lamb Liver and Lungs),https://www.youtube.com/watch?v=wUN8wKySsbo,Pakistani
Lamb Leg Steam / Slow cooked soft and juicy mutton raan (No Frying),Lamb Leg Steam / Slow cooked soft and juicy mutton raan (No Frying),https://www.youtube.com/watch?v=HGqcpu5qBWE,Pakistani
Peshawri Namkeen Tikka and Spicy BBQ Mutton Chops /Juiciest Lamb Chops,Peshawri Namkeen Tikka and Spicy BBQ Mutton Chops /Juiciest Lamb Chops,https://www.youtube.com/watch?v=Ahfs7cw3OCU,Pakistani
Matka Daal Chawal,Matka Daal Chawal,https://www.youtube.com/watch?v=pNdFTYLc8QM,Pakistani
WHOLE Goat Head Roast / Most Delicious Street Food Recipe,WHOLE Goat Head Roast / Most Delicious Street Food,https://www.youtube.com/watch?v=6aQR4V4VYG4,Pakistani
Goat Slaughter Amazing Skill / Mutton Cutting Skills by 60 year old Local Butcher ( Explained),Goat Slaughter Amazing Skill / Mutton Cutting Skills by 60 year old Local Butcher ( Explained),https://www.youtube.com/watch?v=77ttYwW9F00,Pakistani
Mutton Oil Free Recipe For Eid || Healthy Mutton Fry,Mutton Oil Free Recipe For Eid || Healthy Mutton Fry,https://www.youtube.com/watch?v=ll8wBkWrzeg,Pakistani
Kofta Curry Recipe || Restaurant Style Beef Nargisi Kofta,Kofta Curry Recipe || Restaurant Style Beef Nargisi Kofta,https://www.youtube.com/watch?v=8pq2NIr_Gy0,Pakistani
SEEKH KABAB FOR EID || Original Juicy and Soft Beef Kabab (Break Proof),SEEKH KABAB FOR EID || Original Juicy and Soft Beef Kabab (Break Proof),https://www.youtube.com/watch?v=A0LK_OsGl1Y,Pakistani
Khoya Kheer Recipe || Shadiyoon Wali Kheer (rice pudding),Khoya Kheer Recipe || Shadiyoon Wali Kheer (rice pudding),https://www.youtube.com/watch?v=HV2Dum3fF50,Pakistani
How to make Traditional Automatic Gas Tandoor | (Home Use),How to make Traditional Automatic Gas Tandoor,https://www.youtube.com/watch?v=vsU0yjZC0ME,Pakistani
White Mutton Korma Recipe || Eid Special (Super Easy),White Mutton Korma Recipe || Eid Special (Super Easy),https://www.youtube.com/watch?v=8btA9vUAJy8,Pakistani
Makhandi Halwa || 1 Cup Sooji Cooked in Milk (Chakwali),Makhandi Halwa || 1 Cup Sooji Cooked in Milk (Chakwali),https://www.youtube.com/watch?v=FpMk48RrJBA,Pakistani
Pizza Naan at Home | Better Than Regular Pizza (On Tawa),Pizza Naan at Home,https://www.youtube.com/watch?v=p4FGxmM1jQM,Continental
Mutton Kunna Recipe || Tender Meat in Clay Pot (Authentic Chinioti),Mutton Kunna Recipe || Tender Meat in Clay Pot (Authentic Chinioti),https://www.youtube.com/watch?v=zdQyJ6GwvGg,Pakistani
Bachelor Biryani || Super Easy and Delicious (1 Pot Recipe),Bachelor Biryani || Super Easy and Delicious (1 Pot Recipe),https://www.youtube.com/watch?v=8DKIzxw1YT4,Pakistani
Traditional Mango Pickle Recipe (3year Life),Traditional Mango Pickle Recipe (3year Life),https://www.youtube.com/watch?v=G8xIVv9AH_0,Pakistani
All about Rice || Basmati vs Sella? (How to Boil Perfect Rice),All about Rice || Basmati vs Sella? (How to Boil Perfect Rice),https://www.youtube.com/watch?v=WKoEntMHNHQ,Pakistani
Oil Free Chicken for Diet and Kids (Make and Freeze),Oil Free Chicken for Diet and Kids (Make and Freeze),https://www.youtube.com/watch?v=tzMt1C-9Nyg,Pakistani
Instant Gulab Jamun Made of Bread (Super Cheap),Instant Gulab Jamun Made of Bread (Super Cheap),https://www.youtube.com/watch?v=fAGF4YFZpbc,Pakistani
Aloo Chicken Recipe || Perfect Chicken Aloo Curry (Onion not cooked),Aloo Chicken Recipe || Perfect Chicken Aloo Curry (Onion not cooked),https://www.youtube.com/watch?v=3zxziQkbSTA,Pakistani
Sardai Recipe || Road Side Protein Drink || Qalandri Ghota,Sardai Recipe || Road Side Protein Drink || Qalandri Ghota,https://www.youtube.com/watch?v=T8ymsEcMcXo,Pakistani
Famous Karachi Biryani Authentic Style (1kg Recipe),Famous Karachi Biryani Authentic Style (1kg Recipe),https://www.youtube.com/watch?v=3rZ9n-SZHqY,Pakistani
Charsi Mutton Karahi || Namak Mandi Street Food Peshawar,Charsi Mutton Karahi || Namak Mandi Street Food Peshawar,https://www.youtube.com/watch?v=x6BLIW9Ku8A,Arabic/Mediterranean
Peach (آڑو) Float Juice | Rani Juice Formula,Peach (آڑو) Float Juice,https://www.youtube.com/watch?v=o2GAg0Fv1fk,Pakistani
Vegetable Pickles Formula / Recipe without Oil,Vegetable Pickles Formula / Recipe without Oil,https://www.youtube.com/watch?v=orsXM_dQYuw,Pakistani
Chicken Karahi Qeema Recipe,Chicken Karahi Qeema,https://www.youtube.com/watch?v=cjdbjMvyY2Q,Pakistani
Chicken Macaroni in Desi Style - Quick and Delicious Macaroni Recipe,Chicken Macaroni in Desi Style,https://www.youtube.com/watch?v=B5enzvIsTSc,Continental
Chicken Qorma Authentic Style (1kg Recipe),Chicken Qorma Authentic Style (1kg Recipe),https://www.youtube.com/watch?v=ZK6JXfPeeXA,Pakistani
Easy Eid Special Honey Cake at Home || Impress your family at this Eid,Easy Eid Special Honey Cake at Home || Impress your family at this Eid,https://www.youtube.com/watch?v=1UbTtwTPl4M,Continental
Kofta Pulao Recipe | How to make perfect soft juicy koftay at home,Kofta Pulao,https://www.youtube.com/watch?v=8Y_H3mImMF0,Pakistani
Zinger Burger KFC Style at Home || How to cut chicken piece for burger,Zinger Burger KFC Style at Home || How to cut chicken piece for burger,https://www.youtube.com/watch?v=5vkgRF-1__g,Continental
Kulfi Homemade Recipe without Machine || Kun Foods,Kulfi Homemade Recipe without Machine |,https://www.youtube.com/watch?v=h6dHtSdZQ_4,Pakistani
Chicken Broast KFC Style || How to freeze chicken broast after coating,Chicken Broast KFC Style || How to freeze chicken broast after coating,https://www.youtube.com/watch?v=L1DvPeTAL10,Continental
Pani Puri Recipe | Golgappay ka Khatta Pani,Pani Puri,https://www.youtube.com/watch?v=sRCPojp8sKw,Pakistani
"Ice Cream homemade | NO MACHINE || 3 Ingredients, better than store",Ice Cream,https://www.youtube.com/watch?v=doU_wheZ3ZQ,Pakistani
Stuffed Potato | Iftar 2021 New Recipe by Kun Foods,Stuffed Potato,https://www.youtube.com/watch?v=3TjrNz5Cxl0,Pakistani
Potato Chips New Way || Crispy Potato Chips Recipe | Iftar Recipe 2021,Potato Chips New Way || Crispy Potato Chips,https://www.youtube.com/watch?v=Ht9EFBZVjZw,Pakistani
Iftari Energy Drink Recipe | Mazay k sath sehat bhi,Iftari Energy Drink,https://www.youtube.com/watch?v=AELeO17gKj8,Pakistani
Unique and Healthy Chana Chaat Recipe | Healthy and Cheap,Unique and Healthy Chana Chaat,https://www.youtube.com/watch?v=vVB0j2VmFFU,Pakistani
Aloo Samosa Rolls Recipe || Easy Iftar Recipe,Aloo Samosa Rolls Recipe || Easy Iftar,https://www.youtube.com/watch?v=LpU_h6had04,Pakistani
Macaroni Pakora Recipe,Macaroni Pakora,https://www.youtube.com/watch?v=E5tSVP3tjmU,Continental
Masala Shikanji | Masala Nimbu Shikanji | Nimbu Pani | Lemonade | Kun Food Recipes | Masala Soda,Masala Shikanji,https://www.youtube.com/watch?v=-DlJF_T2Zk8,Pakistani
Dahi Baray Recipe Kun Foods | Dahi Phulki Recipe | Ramzan Special Recipes,Dahi Baray Recipe,https://www.youtube.com/watch?v=yUJ_N8PWjZg,Pakistani
Karachi Mutton Biryani,Karachi Mutton Biryani,https://www.youtube.com/watch?v=lXjH3rrrpq4,Pakistani
Beef Masala Karahi || Bhunna Gosht,Beef Masala Karahi || Bhunna Gosht,https://www.youtube.com/watch?v=5WRZ7R91zAQ,Pakistani
Spicy Chicken Nuggets | Restaurant Secret Recipe,Spicy Chicken Nuggets,https://www.youtube.com/watch?v=H14LJMnhUgU,Pakistani
Afghani Chicken Karahi || Restaurant Style Recipe,Afghani Chicken Karahi || Restaurant Style,https://www.youtube.com/watch?v=7f-8566Q-64,Pakistani
"Best Chutney Recipe || For Dahi Bhallay, Chaat, Samosay, BBQ, Golgappay","Best Chutney Recipe || For Dahi Bhallay, Chaat, Samosay, BBQ, Golgappay",https://www.youtube.com/watch?v=b4ErIiXGjNg,Pakistani
Rosh / Namkeen Gosht Recipe | Traditional KPK and Baluchistan,Rosh / Namkeen Gosht,https://www.youtube.com/watch?v=chhbecy8OPc,Pakistani
Healthy Refreshing Drink Low Cost For Ramzan | Natural Drink by Kun Foods,Healthy Refreshing Drink Low Cost For Ramzan,https://www.youtube.com/watch?v=ZKBCLN-hhgE,Pakistani
Chatpati Chana Chaat Recipe ||بسوں والی چنا چاٹ,Chatpati Chana Chaat Recipe ||بسوں والی چنا چاٹ,https://www.youtube.com/watch?v=PgX9QWUhoyc,Pakistani
Lacha Pratha || Pathan Hotel Recipe,Lacha Pratha || Pathan Hotel,https://www.youtube.com/watch?v=Zg5ktxyJ8CM,Pakistani
Palak Gosht پالک گوشت || Legacy of Diwans of Multan,Palak Gosht پالک گوشت || Legacy of Diwans of Multan,https://www.youtube.com/watch?v=AimP91a8VvY,Pakistani
Degi Yakhni Pulao || Yakhni Pulao,Degi Yakhni Pulao || Yakhni Pulao,https://www.youtube.com/watch?v=FmPKvQRM5Qw,Pakistani
Zalim Chutney | Lehsun ki Spicy Chutney,Zalim Chutney,https://www.youtube.com/watch?v=wDi-nTE6a9M,Pakistani
Easy and Simple Green Chicken Karahi | Street Food of Pakistan,Easy and Simple Green Chicken Karahi,https://www.youtube.com/watch?v=mXVsqNj6R4Y,Pakistani
Best Matar Pulao Recipe,Best Matar Pulao,https://www.youtube.com/watch?v=xSEJajSy8Mw,Pakistani
Best Degi Chicken Korma (Salan),Best Degi Chicken Korma (Salan),https://www.youtube.com/watch?v=Ttn6FooF--k,Pakistani
Perfect Aloo Samosa || Ramzan Special,Perfect Aloo Samosa || Ramzan Special,https://www.youtube.com/watch?v=eVGNb7L8ngI,Pakistani
Egg & Potato Recipe,Egg & Potato,https://www.youtube.com/watch?v=CRN_qLGXcDQ,Pakistani
"Crispy Chicken Roll Recipe, Best for Kids, Iftari & Sehri Recipe || Kun Foods","Crispy Chicken Roll Recipe, Best for Kids, Iftari & Sehri Recipe |",https://www.youtube.com/watch?v=NaPL3bMi_VI,Pakistani
"Dahi Bhallay Better than Markeet || 3 Chutney, Soft Bhallay, Crunchy Phulki,","Dahi Bhallay Better than Markeet || 3 Chutney, Soft Bhallay, Crunchy Phulki,",https://www.youtube.com/watch?v=qwLnmaGweK4,Pakistani
Dal Chawal || Masoor Dal with Steamed Rice,Dal Chawal || Masoor Dal with Steamed Rice,https://www.youtube.com/watch?v=Q-Bk4pIAByI,Pakistani
Khoya Khajoor Milk Shake with Banana || Juice Corner Recipe with Special Ingredient,Khoya Khajoor Milk Shake with Banana || Juice Corner Recipe with Special Ingredient,https://www.youtube.com/watch?v=e5zNPmtJiiw,Pakistani
Russian Salad Recipe || Easy Healthy Tasty Salad || Best for Parties,Russian Salad Recipe || Easy Healthy Tasty Salad || Best for Parties,https://www.youtube.com/watch?v=iyaakW1ibLY,Pakistani
"Lahori Chargha Recipe || No Fry, No Oven","Lahori Chargha Recipe || No Fry, No Oven",https://www.youtube.com/watch?v=CDqXpXOMKd4,Pakistani
Chicken Black Pepper Karahi,Chicken Black Pepper Karahi,https://www.youtube.com/watch?v=G7NWclQLGxk,Pakistani
5 Minutes Breakfast || Oil Free Healthy Poached Eggs,5 Minutes Breakfast || Oil Free Healthy Poached Eggs,https://www.youtube.com/watch?v=GYUZNF-F0-I,Pakistani
Chicken Haleeb || Half kg chicken and 1 cup milk || Delicious,Chicken Haleeb || Half kg chicken and 1 cup milk || Delicious,https://www.youtube.com/watch?v=iVr9NRw5U6M,Pakistani
Tomato Ketchup Recipe || Secret Commercial Recipe at Home,Tomato Ketchup Recipe || Secret Commercial Recipe at Home,https://www.youtube.com/watch?v=Dvg0Z_l_4vY,Pakistani
Chicken Zinger Fries Loaded With Cheese Sauce,Chicken Zinger Fries Loaded With Cheese Sauce,https://www.youtube.com/watch?v=2v8CtnuNXBk,Continental
"Pyaz ki Kachori Recipe | Round, Puffy, Crispy Pyaz Kachori",Pyaz ki Kachori,https://www.youtube.com/watch?v=x1bVD53Wios,Pakistani
Healthy Blood Juice || Best for Skin Glow and Cholesterol,Healthy Blood Juice || Best for Skin Glow and Cholesterol,https://www.youtube.com/watch?v=tramNBk2kBQ,Pakistani
Mutton Paani Fry || Healthy Oil-Free Mutton Recipe (Delicious),Mutton Paani Fry || Healthy Oil-Free Mutton Recipe (Delicious),https://www.youtube.com/watch?v=IFEqpkiUjxw,Pakistani
Chicken Steam Roast || Famous Recipe of Savour Foods,Chicken Steam Roast || Famous Recipe of Savour Foods,https://www.youtube.com/watch?v=EuGPeouKWwE,Pakistani
Savour ka Pulao Recipe || Legendary Pulao,Savour ka Pulao Recipe || Legendary Pulao,https://www.youtube.com/watch?v=ngeEXUQzybk,Pakistani
Chicken Norani Kabab,Chicken Norani Kabab,https://www.youtube.com/watch?v=HOsScUM_AOY,Pakistani
5 Minutes Easy Rice Recipe,5 Minutes Easy Rice,https://www.youtube.com/watch?v=DYUpopaGTE8,Pakistani
Easy Chicken Tikka,Easy Chicken Tikka,https://www.youtube.com/watch?v=xksBQcZGx4M,Pakistani
Best Degi Chicken,Best Degi Chicken,https://www.youtube.com/watch?v=swkBmYVU0fw,Pakistani
Pizza in non-stick pan without oven,Pizza in non-stick pan without oven,https://www.youtube.com/watch?v=a_kbb7X98p8,Continental
Charsi Chicken Karahi || Delicacy of Peshawar,Charsi Chicken Karahi || Delicacy of Peshawar,https://www.youtube.com/watch?v=N2jrt6UUCnE,Pakistani
Chinese Chicken Pulao || Shadio Waly Chinese Rice,Chinese Chicken Pulao || Shadio Waly Chinese Rice,https://www.youtube.com/watch?v=osOyOBFEQrM,Chinese
Dal Chana Barfi || Sweet Dessert From Streets of Pakistan,Dal Chana Barfi || Sweet Dessert From Streets of Pakistan,https://www.youtube.com/watch?v=o_umPqf6iSI,Pakistani
Crispy Potato Fries Recipe || Besan Wali Bazari Aloo Fries,Crispy Potato Fries Recipe || Besan Wali Bazari Aloo Fries,https://www.youtube.com/watch?v=D25cJGOtpbI,Pakistani
Chicken Broast Recipe || Famous Broast Street Food Wala,Chicken Broast Recipe || Famous Broast Street Food Wala,https://www.youtube.com/watch?v=1Hamao7X8I0,Pakistani
Chicken Yakhni Recipe Bazar Wali || Chicken Soup Winter Special,Chicken Yakhni Recipe Bazar Wali || Chicken Soup Winter Special,https://www.youtube.com/watch?v=NNrShnNxiiQ,Pakistani
Karrak Chai || Best Tea Recipe || He Sells 5000 Cups in One Day Only Rs-10,Karrak Chai || Best Tea Recipe || He Sells 5000 Cups in One Day Only Rs-10,https://www.youtube.com/watch?v=-XvvUHQxLKk,Pakistani
Chicken Drumstick Foil Steam Roast - Shadiyo Wala (Better) ||  without Steamer,Chicken Drumstick Foil Steam Roast,https://www.youtube.com/watch?v=Pi-eNoTjNXk,Pakistani
"Jalebi Recipe || Make Crispy, Crunchy, Juicy Jalebi and Rabri Milk in Minutes","Jalebi Recipe || Make Crispy, Crunchy, Juicy Jalebi and Rabri Milk in Minutes",https://www.youtube.com/watch?v=R-rQc3DYa-4,Pakistani
Cholistani Kheer Recipe in Most Beautiful Mud House || Nomadic Life of Desert,Cholistani Kheer Recipe in Most Beautiful Mud House || Nomadic Life of Desert,https://www.youtube.com/watch?v=TxhIiaaSjv8,Pakistani
"Biryani Recipe Made with Milk || No Onion, No Tomato","Biryani Recipe Made with Milk || No Onion, No Tomato",https://www.youtube.com/watch?v=eG1JNLiS_TY,Pakistani
Mutton Steam Tikka and Mutton Koila Handi Recipe || Best of Bests,Mutton Steam Tikka and Mutton Koila Handi Recipe || Best of Bests,https://www.youtube.com/watch?v=y7qfDnXJ0Q8,Pakistani
"Aloo Samosa Chaat Recipe || Samosay, Chanay Gravy, Red Meethi Chutney","Aloo Samosa Chaat Recipe || Samosay, Chanay Gravy, Red Meethi Chutney",https://www.youtube.com/watch?v=aUieiddJjH8,Pakistani
Dawaton kay Khany || Beef Yakhni Pulao and Degi Qorma || Desi Chef Workflow,Dawaton kay Khany || Beef Yakhni Pulao and Degi Qorma || Desi Chef Workflow,https://www.youtube.com/watch?v=D5zB49bNuJs,Pakistani
Grilled Fish || Original Restaurant Special Recipe,Grilled Fish || Original Restaurant Special,https://www.youtube.com/watch?v=OnKJUx66Bk8,Pakistani
Mooli Ka Paratha aur Mooli Ki Chutney By Kun Foods,Mooli Ka Paratha aur Mooli Ki Chutney,https://www.youtube.com/watch?v=r2O_agAlJyo,Pakistani
Fish in 2kg Salt without oven || Healthy Oil Free Fish Recipe for Diet,Fish in 2kg Salt without oven || Healthy Oil Free Fish Recipe for Diet,https://www.youtube.com/watch?v=ukrCsN9IIIk,Pakistani
"2 Best Chutney Recipe for Fish Fry, Grilled Fish and BBQ","2 Best Chutney Recipe for Fish Fry, Grilled Fish and BBQ",https://www.youtube.com/watch?v=3uWiLQkMKjw,Pakistani
Matka Biryani Recipe || Street Food of Karachi,Matka Biryani Recipe || Street Food of Karachi,https://www.youtube.com/watch?v=2h6n-b69wAE,Pakistani
Kashmiri Chai Recipe || Kashmiri Chai || Restaurant Special Pink Tea,Kashmiri Chai Recipe || Kashmiri Chai || Restaurant Special Pink Tea,https://www.youtube.com/watch?v=gm5Zzdqz8mk,Pakistani
"How to Store Fish || Wash, Marinate and Store Fish for 6 months","How to Store Fish || Wash, Marinate and Store Fish for 6 months",https://www.youtube.com/watch?v=yjeupzLcces,Pakistani
"Breakfast Recipe || Missi (Besan) Roti, Mint Achar Chutney (Soo Good)","Breakfast Recipe || Missi (Besan) Roti, Mint Achar Chutney (Soo Good)",https://www.youtube.com/watch?v=2ScqMA5KLWg,Pakistani
"Cholay Kulchay Recipe || Kulchay on Tawa, Cholay with Salad, Chaat Masala","Cholay Kulchay Recipe || Kulchay on Tawa, Cholay with Salad, Chaat Masala",https://www.youtube.com/watch?v=-r5gOOZ1tkc,Pakistani
"Crispy Potato Tikki Recipe || Mix Chaat, Green Spicy Chutney, Paapri","Crispy Potato Tikki Recipe || Mix Chaat, Green Spicy Chutney, Paapri",https://www.youtube.com/watch?v=OSi-adjDuC0,Pakistani
Fish Fry Recipe || Restaurant Style Fish Fry,Fish Fry Recipe || Restaurant Style Fish Fry,https://www.youtube.com/watch?v=Nuq6awb6uKk,Pakistani
Chicken Corn Soup Winter Special || Better Than Restaurant,Chicken Corn Soup Winter Special || Better Than Restaurant,https://www.youtube.com/watch?v=KcUmaPOzmI8,Chinese
Beef Burger Patty Recipe,Beef Burger Patty,https://www.youtube.com/watch?v=VCLNB-C_-ig,Continental
Shawarma / Pita Bread without Oven at Home,Shawarma / Pita Bread without Oven at Home,https://www.youtube.com/watch?v=4l7MD9QIcoo,Arabic/Mediterranean
Tawa Pizza without Oven,Tawa Pizza without Oven,https://www.youtube.com/watch?v=LzyVTEFvvo8,Continental
"Unfortunately, Your Beef Island || Famous Pulao From Bannu KPK","Unfortunately, Your Beef Island || Famous Pulao From Bannu KPK",https://www.youtube.com/watch?v=KvV9Q6RrrTU,Pakistani
Chicken Momos Recipe || How to wrap in 5 Classic Shapes,Chicken Momos Recipe || How to wrap in 5 Classic Shapes,https://www.youtube.com/watch?v=Wfm-8pqd60w,Pakistani
Sauces for Chicken and Beef Burgers || Honey Mustard and Jalapeño Sauce,Sauces for Chicken and Beef Burgers || Honey Mustard and Jalapeño Sauce,https://www.youtube.com/watch?v=1VsOAGLymmM,Pakistani
Grilled Chicken Burger Recipe || Direct from Grill House,Grilled Chicken Burger Recipe || Direct from Grill House,https://www.youtube.com/watch?v=HD9SnnzdOcI,Continental
Perfect Roghni Naan without Tandoor/Oven at Home,Perfect Roghni Naan without Tandoor/Oven at Home,https://www.youtube.com/watch?v=iQTx2Weod_0,Pakistani
Kadhi Pakora Recipe || Legendary Food of Pakistan,Kadhi Pakora Recipe || Legendary Food of Pakistan,https://www.youtube.com/watch?v=dIT1JiPx_FY,Pakistani
Kabsa || National Dish of Arab (Gulf),Kabsa || National Dish of Arab (Gulf),https://www.youtube.com/watch?v=Qz1YX83yKwA,Arabic/Mediterranean
Kofta Curry || A Perfect Lunch Meal,Kofta Curry || A Perfect Lunch Meal,https://www.youtube.com/watch?v=u__weUibre0,Pakistani
Chapli Kabab Recipe || Pride of Peshawar KPK,Chapli Kabab Recipe || Pride of Peshawar KPK,https://www.youtube.com/watch?v=zJoeqrvdLXk,Pakistani
Aloo Tikki Burger Recipe || Cheapest Burger of McDonalds,Aloo Tikki Burger Recipe || Cheapest Burger of McDonalds,https://www.youtube.com/watch?v=b6gLD7q76pU,Continental
Albaik Chicken Nuggets Recipe || Saudia's Famous Fried Chicken,Albaik Chicken Nuggets Recipe || Saudia's Famous Fried Chicken,https://www.youtube.com/watch?v=V_M_g5rl_90,Pakistani
Sobat (Painda) || Traditional Delicacy of Dera Ismail Khan,Sobat (Painda) || Traditional Delicacy of Dera Ismail Khan,https://www.youtube.com/watch?v=mP6Az6bTOY4,Pakistani
Albaik Garlic Sauce Recipe || Bomb of Flavors,Albaik Garlic Sauce Recipe || Bomb of Flavors,https://www.youtube.com/watch?v=UDEAT7ffTog,Pakistani
Nihari || A Recipe from History!!,Nihari || A Recipe from History!!,https://www.youtube.com/watch?v=KCcEKQt1-G0,Pakistani
Albaik Chicken Recipe || Saudia's Legendary Chicken Broast,Albaik Chicken Recipe || Saudia's Legendary Chicken Broast,https://www.youtube.com/watch?v=iNOQs4u6nS8,Pakistani
Perfect Karachi Biryani || An Untold Recipe!!,Perfect Karachi Biryani || An Untold Recipe!!,https://www.youtube.com/watch?v=uVQTxszrvIk,Pakistani
Chicken Dabu Recipe || Special Dabo Fried Chicken,Chicken Dabu Recipe || Special Dabo Fried Chicken,https://www.youtube.com/watch?v=33CiKffjg0A,Pakistani
Chicken Steam Roast Shadiyon wala I Restaurant Special Steam Roast,Chicken Steam Roast Shadiyon wala I Restaurant Special Steam Roast,https://www.youtube.com/watch?v=V2-_cvdApYY,Pakistani
"2 Sauce Recipe | Perfect for Zinger Burger, Grill Burger and Beef burger (Commercial)",2 Sauce,https://www.youtube.com/watch?v=haQbrBQAYc8,Continental
Nihari Masala,Nihari Masala,https://www.youtube.com/watch?v=RtPOhB5yiWQ,Pakistani
BARFI || Milk Powder Burfi Recipe,BARFI || Milk Powder Burfi,https://www.youtube.com/watch?v=8XYlbX21yUE,Pakistani
Chicken Paratha Recipe,Chicken Paratha,https://www.youtube.com/watch?v=vlROgJW5584,Pakistani
Best Chicken Pulao Recipe,Best Chicken Pulao,https://www.youtube.com/watch?v=dn0twPl9qWM,Pakistani
Bhindi Aloo Ki Sabzi Okra with Potatoes Recipe Kun Foods,Bhindi Aloo Ki Sabzi Okra with Potatoes Recipe,https://www.youtube.com/watch?v=FpXwvBHKJHA,Pakistani
Dahi Pudina Chutney [ Mint Yogurt Dip Sauce ],Dahi Pudina Chutney [ Mint Yogurt Dip Sauce ],https://www.youtube.com/watch?v=JOrqRxN_G6c,Pakistani
Chicken Pakora,Chicken Pakora,https://www.youtube.com/watch?v=06Hga9QHGcM,Pakistani
Daal Chawal,Daal Chawal,https://www.youtube.com/watch?v=EI2mDk6jkUY,Pakistani
Roasted Corn (Bhutta) with Masala || Street Style Challi at Home,Roasted Corn (Bhutta) with Masala || Street Style Challi at Home,https://www.youtube.com/watch?v=6idlVSlmNc4,Pakistani
Shakar Para Recipe with Perfect Measurements || حلوائی جیسے شکر پارے || Shakarpara Recipe,Shakar Para Recipe with Perfect Measurements || حلوائی جیسے شکر پارے || Shakarpara,https://www.youtube.com/watch?v=2GXIg5l9opY,Pakistani
Lahori Cholay Recipe || Halwa Puri Waly Chany Restaurant Style || Street Food of Pakistan,Lahori Cholay Recipe || Halwa Puri Waly Chany Restaurant Style || Street Food of Pakistan,https://www.youtube.com/watch?v=ssEdLzEiT6c,Pakistani
Easy and Quick Suji Ka Halwa || Halwai Style Soft Halwa || (Halwa Poori),Easy and Quick Suji Ka Halwa || Halwai Style Soft Halwa || (Halwa Poori),https://www.youtube.com/watch?v=L3EzdlBkVSk,Pakistani
Poori Recipe || Soft Puffy and Round Puri Recipe || Easy Nashty wali Halwa Poori (Easy Tips),Poori Recipe || Soft Puffy and Round Puri Recipe || Easy Nashty wali Halwa Poori (Easy Tips),https://www.youtube.com/watch?v=MhGpuHLHd2Q,Pakistani
Malai Kulfi || Commercial Kulfi Recipe || Kun Foods,Malai Kulfi || Commercial Kulfi Recipe |,https://www.youtube.com/watch?v=l8Y3AB9jbsg,Pakistani
Mutton Mandi Recipe || مندي باللحم || Lamb Leg With Rice,Mutton Mandi Recipe || مندي باللحم || Lamb Leg With Rice,https://www.youtube.com/watch?v=Mx6PywZqq-4,Arabic/Mediterranean
Chocolate Brownie Bakery Style by Kun Foods,Chocolate Brownie Bakery Style,https://www.youtube.com/watch?v=kkZ-xep2GFM,Continental
Beef Shami Kabab || Frozen Shami Kabab Recipe (Store for 4 months),Beef Shami Kabab || Frozen Shami Kabab Recipe (Store for 4 months),https://www.youtube.com/watch?v=rVnY2I9m28U,Pakistani
Chargha Without Oven Recipe || لاہوری چرغہ بنانے کا طریقہ,Chargha Without Oven Recipe || لاہوری چرغہ بنانے کا طریقہ,https://www.youtube.com/watch?v=CsBhuXWfVXI,Pakistani
Chicken White Karahi  || Restaurant Style White Pepper Karahi at Home || Kun Foods,Chicken White Karahi  || Restaurant Style White Pepper Karahi at Home |,https://www.youtube.com/watch?v=nebFe8-wpRU,Pakistani
SEEKH KABAB || Original Beef Reshmi Kabab (Melt in mouth),SEEKH KABAB || Original Beef Reshmi Kabab (Melt in mouth),https://www.youtube.com/watch?v=Fosj_ymXcoI,Pakistani
Fast and Easy Beef Handi Recipe || Eid Special Boneless Handi || Kun Foods,Fast and Easy Beef Handi Recipe || Eid Special Boneless Handi |,https://www.youtube.com/watch?v=DSBgOATp1SA,Pakistani
Kabuli (Afghani) Pulao Recipe || Beef Afghani Pulao Perfect for Eid || kun foods,Kabuli (Afghani) Pulao Recipe || Beef Afghani Pulao Perfect for Eid |,https://www.youtube.com/watch?v=v-JmR_wl80I,Pakistani
"2 Chutney Recipe || Perfect for BBQ, Tikka Boti, Seekh Kabab, Mandi Rice || Kun Foods","2 Chutney Recipe || Perfect for BBQ, Tikka Boti, Seekh Kabab, Mandi Rice |",https://www.youtube.com/watch?v=xDxo2kdngic,Arabic/Mediterranean
Dum Pukht Recipe || Shinwari Dam Pukht Eid Special || Kun Foods,Dum Pukht Recipe || Shinwari Dam Pukht Eid Special |,https://www.youtube.com/watch?v=v2IiIL1mSMA,Pakistani
Beef Biryani Recipe | Perfect Beef Biryani with Genuine Spices for Eid  (Spicy and Tender),Beef Biryani,https://www.youtube.com/watch?v=yftv_cWbXys,Pakistani
Lahori Beef Karahi | Perfect Beef Karahi for Eid with Black Pepper | (So Delicious),Lahori Beef Karahi,https://www.youtube.com/watch?v=ibL775VicjE,Pakistani
Kaleji Recipe | Easy Kaleji for Eid Special | How to cook soft kaleji,Kaleji,https://www.youtube.com/watch?v=Ddgo_ecM86E,Pakistani
Mutton Leg Roast Recipe | Eid Special Full Raan Roast with Rice (Extra Soft and Juicy),Mutton Leg Roast,https://www.youtube.com/watch?v=6bzDNbpfInc,Pakistani
Beef Tikka Boti Recipe | Eid Special Beef BBQ Restaurant Style (Soft and Juicy),Beef Tikka Boti,https://www.youtube.com/watch?v=SJHnahGxXwM,Pakistani
Chicken Shami Kabab Recipe | شامی کباب بنانے کا طریقہ | Best Shami Kabab at Home (6 months expiry),Chicken Shami Kabab,https://www.youtube.com/watch?v=LgUqqvHKBz8,Pakistani
Chicken Seekh Kebab Homemade | Perfect Juicy Seekh Kebab without Grill (3 Months Expiry),Chicken Seekh Kebab,https://www.youtube.com/watch?v=x8_OZ6qcKwo,Pakistani
Chicken Gola Kabab | Best Homemade Gola Kabab without Grill (3 months Expiry),Chicken Gola Kabab,https://www.youtube.com/watch?v=LoXNXVVWF_c,Pakistani
Chicken Nihari Recipe | Restaurant Style Nihari,Chicken Nihari,https://www.youtube.com/watch?v=0HSgwUk0DKs,Pakistani
Chicken Sausage Homemade | Perfect Poultry Sausage Recipe without machine | (6 months expiry),Chicken Sausage,https://www.youtube.com/watch?v=572GRN7Mkts,Pakistani
Tikka Pizza and Balochi Sajji Recipe | Without Oven | ہمارے شہر کی خوبصورت نہر,Tikka Pizza and Balochi Sajji,https://www.youtube.com/watch?v=ds2YdHj7TEQ,Continental
Arabic Shawarma Recipe | Restaurant Style Arabic Shawarma | Tahini Sauce and Bread (Complete Recipe),Arabic Shawarma,https://www.youtube.com/watch?v=6TNBPAZI0Yg,Arabic/Mediterranean
Salan Masala Recipe | Commercial Curry Powder | Handi Masala by Kun Foods,Salan Masala,https://www.youtube.com/watch?v=rqLBirRxDXs,Pakistani
Nachos Chips with Cheese Sauce,Nachos Chips with Cheese Sauce,https://www.youtube.com/watch?v=89Fwg0RRKFc,Pakistani
Unique Egg Pratha for Breakfast (Very Soft),Unique Egg Pratha for Breakfast (Very Soft),https://www.youtube.com/watch?v=pCjgRBn1mGY,Pakistani
Easy Chicken Bread,Easy Chicken Bread,https://www.youtube.com/watch?v=l2IJcF2Elek,Pakistani
Bihari Roll Recipe | Easy to make Chicken Rolls at Home,Bihari Roll,https://www.youtube.com/watch?v=xjugoUQpmC0,Pakistani
Original Phajja Paya Recipe پھجے دے پائے | Famous Lahori Paye | Trotters Recipe,Original Phajja Paya Recipe پھجے دے پائے,https://www.youtube.com/watch?v=w54wrijWhig,Pakistani
French Fries Recipe | 50KG Potato French Fries Cooking for Donation,French Fries,https://www.youtube.com/watch?v=pBAvaE_klDU,Continental
Fry Daal Mash Street Style || Commercial White Daal Recipe | Urad Daal Fry,Fry Daal Mash Street Style || Commercial White Daal,https://www.youtube.com/watch?v=2szhd8HlVOs,Pakistani
Tandoori Masala Original Recipe By Kun Foods,Tandoori Masala Original Recipe,https://www.youtube.com/watch?v=YPgKFjW7S6U,Pakistani
CHICKEN SEEKH KABAB / 3 Secret Spice Recipe on Restaurant (No Fail),CHICKEN SEEKH KABAB / 3 Secret Spice Recipe on Restaurant (No Fail),https://www.youtube.com/watch?v=KOqIIHCy5uc,Pakistani
Easy Club Sandwich Recipe / Restaurant Style Mayo Sandwich | Afzaal Arshad,Easy Club Sandwich Recipe / Restaurant Style Mayo Sandwich,https://www.youtube.com/watch?v=5zFQmfmd980,Continental
How To Make Butter Chicken At Home | Restaurant Style Recipe | Pakistani Chef Afzal Arshad,How To Make Butter Chicken At Home,https://www.youtube.com/watch?v=hqYQeB_02_o,Pakistani
500 KG WATERMELON | Summer Healthy Drinks | Extreme Watermelon Juice Giveaway,WATERMELON,https://www.youtube.com/watch?v=RXF5mZTtynA,Pakistani
Cheese Sauce How to Make | Easy and Simple Burger Cheese Sauce at Home | Kun Foods,Cheese Sauce,https://www.youtube.com/watch?v=QpcmYlVdzUI,Continental
Easy Dum Biryani Recipe - Kun Foods (Original Recipe),Easy Dum Biryani,https://www.youtube.com/watch?v=g6_nXjRNgxE,Pakistani
GULAB JAMUN RECIPE | Kun Foods,GULAB JAMUN,https://www.youtube.com/watch?v=Jrs6GV9B_-g,Pakistani
Falsa Juice | Falsay ka Sharbat by Kun Foods,Falsa Juice,https://www.youtube.com/watch?v=9XdO_p5uzFo,Pakistani
Rasmalai Recipe | Easy Step by Step Rasmalai Bnany Ka Tariqa | Kun Foods,Rasmalai,https://www.youtube.com/watch?v=yJlDtq-iau4,Pakistani
"Perfect Pholay huye Gol Gappay | Easy, Fail Proof Recipe | Kun Foods",Perfect Pholay huye Gol Gappay,https://www.youtube.com/watch?v=b9_zHB_hfIk,Pakistani
Mix Vegetables Pulao Recipe | Easy Sabzi Pulao Ever Recipe | Kun Foods,Mix Vegetables Pulao,https://www.youtube.com/watch?v=uOxfFNMgs3o,Pakistani
Famous Imli Aloo Bukharay Ka Sharbat Recipe | Original Street Style | Kun Foods,Famous Imli Aloo Bukharay Ka Sharbat,https://www.youtube.com/watch?v=DArOpIr81W8,Pakistani
Famous Kasuri Falooda Recipe | Easy Rabri Wala Falooda aur Seviyan | Kun Foods,Famous Kasuri Falooda,https://www.youtube.com/watch?v=-U8gkwJtReg,Pakistani
Crispy Pakoray Recipe - 2020 IFTAR SPECIAL!! Aloo k Pakoray - Kun Foods,Crispy Pakoray,https://www.youtube.com/watch?v=cA5upV5ZqJU,Pakistani
Famous Tarbooz Ka Sharbat | Watermelon Juice | Kun Foods,Famous Tarbooz Ka Sharbat,https://www.youtube.com/watch?v=-K9jI-NyKDU,Pakistani
Aloo kay Pakoray Recipe - Unique Style Bread Pakora by Kun Foods (Ramzan Special),Aloo kay Pakoray,https://www.youtube.com/watch?v=LNWwvhpEHjw,Pakistani
Badam Milk Recipe / Almond Milk - Healthy Ramzan Special Drink Badam Milkshake,Badam Milk Recipe / Almond Milk,https://www.youtube.com/watch?v=ht4EiZVgmzU,Pakistani
Chicken Samosa Recipe Easy Chicken Without Samosas,Chicken Samosa Recipe Easy Chicken Without Samosas,https://www.youtube.com/watch?v=tMdLeE9iSfQ,Pakistani
Chicken Drumstick - Easy Drumstick Recipe - Ramzan Special - Kun Foods,Chicken Drumstick,https://www.youtube.com/watch?v=Z5WAv1shBb4,Pakistani
Chaat & Dahi Vada Masala - Secret Restaurant Recipe - Kun Foods,Chaat & Dahi Vada Masala,https://www.youtube.com/watch?v=bIl3Nn6TneY,Pakistani
Chana Kofta Recipe - How to make Chick Pea Falafel - Easy Ramzan Snack 2020,Chana Kofta,https://www.youtube.com/watch?v=-9lK20MrHio,Arabic/Mediterranean
Chicken 65 Recipe - Super Hot and Spicy Chicken 65 - Restaurant Style chicken 65,Chicken 65,https://www.youtube.com/watch?v=Hj0QAmsagI4,Pakistani
Donating food to 150 Homes | During Lock Down - Kun Foods,Donating food to 150 Homes,https://www.youtube.com/watch?v=de2YuSftISg,Pakistani
KFC Zinger Burger at Home Without Machine,KFC Zinger Burger at Home Without Machine,https://www.youtube.com/watch?v=fmrZnvjJ8kA,Continental
Chicken Roll Recipe - How to make Restaurant Style Spring Roll Ramzan Special,Chicken Roll,https://www.youtube.com/watch?v=RJsRf2l8Og0,Chinese
Fluffy Soufflé Omelet Recipe [Breakfast] ❤️,Fluffy Soufflé Omelet Recipe [Breakfast] ❤️,https://www.youtube.com/watch?v=tT7tdwr_B14,Pakistani
Chicken Tikka Recipe Without Grill and Charcoal,Chicken Tikka Recipe Without Grill and Charcoal,https://www.youtube.com/watch?v=z5H9eIXuu20,Pakistani
Desert men cooking kyun ki? Jahan na koi banda na koi bandy ki zaat (vlog),Desert men cooking kyun ki? Jahan na koi banda na koi bandy ki zaat (vlog),https://www.youtube.com/watch?v=gk1Qd3G22rU,Non-Recipe/Vlog
Chicken Broast Recipe Without Machine,Chicken Broast Recipe Without Machine,https://www.youtube.com/watch?v=RgpHwypN8mc,Pakistani
Frozen Paratha Recipe / Restaurant Style Pratha / Afzaal Arshad,Frozen Paratha Recipe / Restaurant Style Pratha / Afzaal Arshad,https://www.youtube.com/watch?v=rOBPK8j4r5M,Pakistani
Aloo Kay Samosay Recipe Easy Potato Samosay,Aloo Kay Samosay Recipe Easy Potato Samosay,https://www.youtube.com/watch?v=6rm-hudNCkM,Pakistani
Anda Shami Burger - Anday Wala Burger Commercial Recipe With Three Sauces - Egg Shami Bun Kabab,Anda Shami Burger,https://www.youtube.com/watch?v=wykQ9RtaMyg,Continental
Condensed Milk How To Make At Home With Only 2 ingredients - Condensed Milk Recipe - Afzaal Arshad,Condensed Milk How To Make At Home With Only 2 ingredients,https://www.youtube.com/watch?v=XDsJv-6_aQw,Pakistani
Butt Karahi Recipe Make at Home - Desi Chicken Out Door Cooking Afzaal Arshad,Butt Karahi Recipe Make at Home,https://www.youtube.com/watch?v=64zdT4P8F_M,Pakistani
Mozzarella Cheese How to Make - Easy and Simple Mozzarella Cheese At HOME - Afzaal Arshad,Mozzarella Cheese,https://www.youtube.com/watch?v=4PyWaK-jL2Y,Pakistani
Chapli Kabab Recipe - Commercial Chappal Kabab - (1.5 Lakh by Selling Frozen Food),Chapli Kabab,https://www.youtube.com/watch?v=iyTl-HzJSvU,Pakistani
Spiral Fried Potato | Cheese Sauce Recipe with Crispy Tornado Potato | Kun Foods,Spiral Fried Potato,https://www.youtube.com/watch?v=g0bXYtPM3qI,Pakistani
Famous Sindhi Biryani Recipe / Recipe of Biryani Shop / Commercial and Detailed,Famous Sindhi Biryani Recipe / Recipe of Biryani Shop / Commercial and,https://www.youtube.com/watch?v=hsJuPC3KE28,Pakistani
KING of KFC  / 100 KFC ZINGER BURGERS / Cooked and Giveaway by Kun Foods,KING of KFC  / 100 KFC ZINGER BURGERS / Cooked and Giveaway,https://www.youtube.com/watch?v=bOxCXvoWbYY,Continental
Biryani Masala Recipe / Commercial Recipe / Kun Foods,Biryani Masala Recipe / Commercial Recipe /,https://www.youtube.com/watch?v=BmREQKSzR44,Pakistani
Chicken Boneless Handi / Commercial Style Instant Easy Recipe / Kun Foods,Chicken Boneless Handi / Commercial Style Instant Easy Recipe /,https://www.youtube.com/watch?v=ssYeq8ur8F4,Pakistani
GRILL BURGER RECIPE!! - Original Commercial - Kun Foods,GRILL BURGER RECIPE!!,https://www.youtube.com/watch?v=JqnAjKA3Ve4,Continental
Chicken Tikka Boti Recipe / Kalmi Tikka Restaurant Style / Kun Foods,Chicken Tikka Boti Recipe / Kalmi Tikka Restaurant Style /,https://www.youtube.com/watch?v=Eqtb-PnTBEI,Pakistani
How to make Garlic Mayo  / Restaurant Style Shawarma Sauces and Pickle Recipe / Kun Foods,How to make Garlic Mayo  / Restaurant Style Shawarma Sauces and Pickle Recipe /,https://www.youtube.com/watch?v=ePYu2ffBpQQ,Arabic/Mediterranean
Chicken Shawarma Recipe - 10000% Commercial - Kun Foods,Chicken Shawarma,https://www.youtube.com/watch?v=p33pT-xba5Y,Arabic/Mediterranean
Tikka Masala Recipe / کمرشل تکہ مصالحہ  / Commercial Recipe,Tikka Masala Recipe / کمرشل تکہ مصالحہ  / Commercial,https://www.youtube.com/watch?v=FtWaR-wt_5g,Indian
IRANI KEBAB!! Commercial Kabab Recipe - Kun Foods,IRANI KEBAB!! Commercial Kabab,https://www.youtube.com/watch?v=3B9ZI2zt3cQ,Pakistani
Mutton Handi Recipe / LAMB in Clay Pot / Mouthwatering Alert!!,Mutton Handi Recipe / LAMB in Clay Pot / Mouthwatering Alert!!,https://www.youtube.com/watch?v=a-8hRhfId6U,Pakistani
CHICKEN DONUTS / Frozen Chicken Doughnuts Recipe / (Commercial),CHICKEN DONUTS / Frozen Chicken Doughnuts Recipe / (Commercial),https://www.youtube.com/watch?v=2E50tY2cMkI,Pakistani
Degi Chicken Recipe/ Shadio Wala Chicken (Traditional),Degi Chicken Recipe/ Shadio Wala Chicken (Traditional),https://www.youtube.com/watch?v=feHbdFUFR_E,Pakistani
Garam Masala Recipe/ 8 Spice Mix Garam Masala / kun Foods (Commercial),Garam Masala Recipe/ 8 Spice Mix Garam Masala / kun Foods (Commercial),https://www.youtube.com/watch?v=keYtjBMExeQ,Pakistani
SEEKH KABAB / Original Beef Kebab Recipe (fail proof),SEEKH KABAB / Original Beef Kebab Recipe (fail proof),https://www.youtube.com/watch?v=SmPGZXg9BcU,Pakistani
KING of Fried Chicken / 100 KFC Chicken Legs / 100K KUN Foods (donated),KING of Fried Chicken / 100 KFC Chicken Legs / 100K KUN Foods (donated),https://www.youtube.com/watch?v=zoOVZrKCasY,Continental
Fried Rice / Chicken Shashlik Recipe - Original Chinese Restaurant Style Recipe - Kun (Detailed),Fried Rice / Chicken Shashlik,https://www.youtube.com/watch?v=kkS0l1lDbck,Chinese
Peshawri Chicken Karahi Recipe | Charsi Chicken Karahi Restaurant Style | Kun Foods,Peshawri Chicken Karahi,https://www.youtube.com/watch?v=WRnTCN83Dw0,Pakistani
Chicken Burger Patty Recipe | McDonald's KFC Chicken Burger | Frozen Food Recipe | Kun Foods,Chicken Burger Patty,https://www.youtube.com/watch?v=sCeY7E3XwW8,Continental
Steam Roast | Famous and Commercial Recipe | Kun Foods,Steam Roast,https://www.youtube.com/watch?v=OXrCWMJfTUo,Pakistani
Zinger Pratha Recipe | 100% Restaurant Style Zinger Wrap and Tartar Sauce | Kun Foods,Zinger Pratha,https://www.youtube.com/watch?v=XxGkqPbe_hE,Continental
Fish Recipe Masala | 15 Spice Authentic fish fry recipe | Kun Foods,Fish Recipe Masala,https://www.youtube.com/watch?v=lWtF-dZBsvs,Pakistani
Famous Street food Fries - Simple Double Cheese Fries - Pizza Fries - Kun Foods Fries,Famous Street food Fries,https://www.youtube.com/watch?v=TETMIg3UoLc,Continental
Chicken Pizza without Oven | Pizza Hut / Dominos Pizza Recipe | Pizza in Pot | Kun Foods,Chicken Pizza without Oven,https://www.youtube.com/watch?v=VgAP5yUmRYY,Continental
Lahori Chicken Karahi - Orignal Lahori Restaurant Recipe - Kun Foods,Lahori Chicken Karahi,https://www.youtube.com/watch?v=SNU77fNzE-0,Pakistani
Famous Hyderabadi Biryani - Kachay Gosht Ki Biryani (Detailed) - Kun Foods,Famous Hyderabadi Biryani,https://www.youtube.com/watch?v=jly1nr1Gd8A,Indian
Chicken Corn Soup - Restaurant Authentic Recipe - Kun Foods,Chicken Corn Soup,https://www.youtube.com/watch?v=HuWyBFjVu_o,Chinese
Fruit Salad Restaurant Style | Healthy Honey Fruit Salad | Kun Foods,Fruit Salad Restaurant Style,https://www.youtube.com/watch?v=HQR5cFXC8mI,Pakistani
Fish Burger Recipe | KFC Crispy Fish Burger | Kun Foods,Fish Burger,https://www.youtube.com/watch?v=hpKmV5958u0,Continental
KFC Rice Recipe | Easy 15 Minutes KFC Rice Bowl | Kun Foods,KFC Rice,https://www.youtube.com/watch?v=oBNw1SWd0Sc,Continental
Gajar Ka Halwa | Gajrela Street Food Recipe | Kun Foods,Gajar Ka Halwa,https://www.youtube.com/watch?v=ZATiY2xz47k,Pakistani
Chaat Masalah Restaurant Style- Commercial Secret Formula - Kun Foods,Chaat Masalah Restaurant Style- Commercial Secret Formula,https://www.youtube.com/watch?v=BjgRJ8_rq4U,Pakistani
French Fries Recipe - McDONALDS COPY - Kun Foods,French Fries,https://www.youtube.com/watch?v=oZ_6JyXyyRE,Continental
Fish Fry Recipe -  Orignal Lahori Restaurant Fish Fry - Kun Foods,Fish Fry,https://www.youtube.com/watch?v=vjpvFHo4zvg,Pakistani
Chicken Tikka Restaurant Style- BBQ Commercial Recipe - Kun Foods,Chicken Tikka Restaurant Style- BBQ Commercial,https://www.youtube.com/watch?v=GeOD7aK7y0s,Pakistani
Chicken Nuggets Recipe - McDonalds Copy - Kun Foods,Chicken Nuggets,https://www.youtube.com/watch?v=9FtYQK2smNc,Pakistani
How to operate Frying Machine - Commercial Fryer - Kun Foods,How to operate Frying Machine,https://www.youtube.com/watch?v=OGCxAemtlIQ,Non-Recipe/Vlog
Chicken Popcorn KFC Style - KFC Fried Chicken Recipe - Kun Foods,Chicken Popcorn KFC Style,https://www.youtube.com/watch?v=whuXwm_MruE,Continental
Malai Boti Recipe - Restaurant Style Orignal Chicken Malai Boti - Kun Foods,Malai Boti,https://www.youtube.com/watch?v=qel_Ec2GvPc,Pakistani
Mayonnaise Commercial Recipe with Secret Ingredient- How to make Perfect Mayonnaise - Kun Foods,Mayonnaise Commercial Recipe with Secret Ingredient- How to make Perfect Mayonnaise,https://www.youtube.com/watch?v=ypRDdTPGBbQ,Continental
Chicken Hot and Sour Soup - Secret Authentic Commercial Recipe - Kun Foods,Chicken Hot and Sour Soup,https://www.youtube.com/watch?v=o-N5qvzD2Ck,Chinese
Chicken Seekh Kabab - Secret Commercial Recipe with English Subtitles - Kun Foods,Chicken Seekh Kabab,https://www.youtube.com/watch?v=AViuNhsKbXE,Pakistani
SECRET SAJJI RECIPE | AUTHENTIC COMMERCIAL FAMOUS RECIPE | *KUN FOODS*,SECRET SAJJI,https://www.youtube.com/watch?v=_pJkVPHfRvg,Pakistani
Burger Sauce Commercial Recipe | Sauce for Zinger Burger and Bihari Rolls | Kun Foods,Burger Sauce Commercial,https://www.youtube.com/watch?v=CUshdTobIyQ,Continental
400KM on Bike | He came to learn from me | Kun Foods,400KM on Bike,https://www.youtube.com/watch?v=mSw7ZfvCg-g,Non-Recipe/Vlog
SECRET Powder Coating | KFC Fried Chicken Coating Recipe | Kun Foods,SECRET Powder Coating,https://www.youtube.com/watch?v=i7PEzplNHH4,Continental
Caramel Sauce Recipe | Easy and Tasty Caramel | Kun Foods,Caramel Sauce,https://www.youtube.com/watch?v=O2kqKIqX_3M,Continental
Commercial Hot Wings Recipe | KFC Style Chicken Hot Wings | Kun Foods,Commercial Hot Wings,https://www.youtube.com/watch?v=iA_bb0tWfHs,Continental
Secret Pizza Commercial Recipe | Pizza Recipe Restaurant Style | Kun Foods,Secret Pizza Commercial,https://www.youtube.com/watch?v=241pR6ZT-oQ,Continental
Chicken Handi Pulao Recipe | Kun Foods,Chicken Handi Pulao,https://www.youtube.com/watch?v=McrG-zVbBDw,Pakistani
How to make pizza chicken |  Restaurant Style Pizza EP-03 | KUN Foods,How to make pizza chicken,https://www.youtube.com/watch?v=LBAA3c5wIIg,Continental
How to make pizza Sauce | Restaurant Style Pizza EP-02 | KUN Foods,How to make pizza Sauce,https://www.youtube.com/watch?v=BgpoWjziDqs,Continental
How to make pizza | Restaurant Style Pizza EP-01 | KUN Foods,How to make pizza,https://www.youtube.com/watch?v=xgGLCOOe8E0,Continental
Secret Powder Recipe | Fried Chicken Secret Recipe KFC Style| KUN Foods,Secret Powder,https://www.youtube.com/watch?v=q9AIfkGHFwI,Continental
Fried Chicken Recipe | KFC Style Fried Chicken | KUN Foods,Fried Chicken,https://www.youtube.com/watch?v=t8U1JOEnGAE,Continental
Zinger Burger Recipe | KFC Style ZInger Burger | KUN Foods,Zinger Burger,https://www.youtube.com/watch?v=Gul26wj8EEQ,Continental
Beef Boneless Butter Handi | Easy 5 Min Recipe | KUN Foods,Beef Boneless Butter Handi,https://www.youtube.com/watch?v=hR7BfPXA0iA,Pakistani
Rickshaw Food Truck | Earning More Than 2 Lakh Per Month | EARNING WITH PROOF,Rickshaw Food Truck,https://www.youtube.com/watch?v=Xv_IU6nxtrA,Non-Recipe/Vlog
Rickshaw Food Truck | Earning More Than A Franchise | WE MADE THIS RICKSHAW !!,Rickshaw Food Truck,https://www.youtube.com/watch?v=c0i_cUpa1RY,Non-Recipe/Vlog
I Cooked Biryani For My Family | Chicken Biryani Recipe | Kun Foods,I Cooked Biryani For My Family,https://www.youtube.com/watch?v=o93Vgo-uWgU,Pakistani
I CAME PAKISTAN AFTER ONE YEAR !!,I CAME PAKISTAN AFTER ONE YEAR !!,https://www.youtube.com/watch?v=LQqWUUIp_ek,Non-Recipe/Vlog
Bakra Eid in Dubai,Bakra Eid in Dubai,https://www.youtube.com/watch?v=O_S4s_8-0aU,Pakistani
Bakra Mandi Dubai | Cattle Market Dubai | Bakra khareedny ka mission by Kun Foods,Bakra Mandi Dubai,https://www.youtube.com/watch?v=T8NZ28QYaE8,Non-Recipe/Vlog
Chicken Mandi Recipe Arabic Style | Kun Foods,Chicken Mandi Recipe Arabic Style,https://www.youtube.com/watch?v=lP9xQAeMKDo,Arabic/Mediterranean
Home Made Cold coffee Without Blender | Easy Cold Coffee By Kun Foods,Home Made Cold coffee Without Blender,https://www.youtube.com/watch?v=nAAqkvKhabg,Continental
Imli Chutney Two Ways | Easy Tamarind Chutney By Kun Foods,Imli Chutney Two Ways,https://www.youtube.com/watch?v=kjrtuOuZZbw,Pakistani
Chaat Mix | Mixed Fruit Chaat | By Kun Foods,Chaat Mix,https://www.youtube.com/watch?v=DZxwgs_dKw8,Pakistani
Whole Chicken Roast Recipe | Murgh Musallam | Roasted Chicken By Kun Foods,Whole Chicken Roast,https://www.youtube.com/watch?v=YlLR4r0IVaU,Pakistani
Chicken Pulao Recipe | Explained Step By Step Recipe by Kun Foods,Chicken Pulao,https://www.youtube.com/watch?v=SiOM1wzbGnI,Pakistani
Mac and Cheese Recipe | Original Vs Ultimate | 30 Subscriber Special,Mac and Cheese,https://www.youtube.com/watch?v=lWYeJcexkUM,Continental
Chicken Karahi Recipe | Pakistani Street Food (Restaurant Style) By Kun Foods,Chicken Karahi,https://www.youtube.com/watch?v=glpkwx1cqpc,Pakistani
Namkeen Gosht | How to cook Namkeen Gosht | Eid Special Mutton Recipe,Namkeen Gosht,https://www.youtube.com/watch?v=2tjCZgN9ehg,Pakistani
Eat this before you die!! Palak Chicken Recipe Restaurant style | Spinach Chicken | By Kun Foods,Eat this before you die!! Palak Chicken Recipe Restaurant style,https://www.youtube.com/watch?v=WQqXnh-C0mw,Pakistani
Chicken Hari Mirch | Chicken Boneless Handi | Chicken Green Chilli | Restaurant Style Chicken Chilli,Chicken Hari Mirch,https://www.youtube.com/watch?v=1yehsQzyhEQ,Pakistani
Simple Chicken Biryani | Restaurant Style Special Biryani | Commercial Recipe / Kun Foods,Simple Chicken Biryani,https://www.youtube.com/watch?v=62LafwAIqVo,Pakistani
