Dish Name,Cuisine Type,Channels,KunFoods Video,KunFoods Link,FoodfusionPk Video,FoodfusionPk Link
1 Million Subscribers Celebration with Fondant cake Recipe,Continental,1 channel,-,-,1 Million Subscribers Celebration with Fondant cake Recipe By Food Fusion,https://www.youtube.com/watch?v=NiFJhR3Q2w8
1 Pot Rasmalai,Indian/Pakistani,1 channel,1 Pot Rasmalai Recipe - Ultimate Guide for Fail Proof Rasmalai,https://www.youtube.com/watch?v=Zk3CBPW5P6g,-,-
1.5 Liter Milk Perfect Kheer,Indian/Pakistani,1 channel,1.5 Liter Milk Perfect Kheer Recipe - Peshawari Style Special Rabri Kheer,https://www.youtube.com/watch?v=-m-HEFI9AoA,-,-
10 Dawat Recipes,Indian/Pakistani,1 channel,-,-,10 Dawat Recipes by Food Fusion,https://www.youtube.com/watch?v=ofwvrPSSU6Y
10 Quick Parathas for sehri (Ramzan Special Recipes 2018),Indian/Pakistani,1 channel,-,-,10 Quick Parathas for sehri (Ramzan Special Recipes 2018)  By Food Fusion,https://www.youtube.com/watch?v=N8UZKPCorrI
100 Years Old Panjiri Recipe,Indian/Pakistani,1 channel,-,-,100 Years Old Panjiri Recipe By Food Fusion,https://www.youtube.com/watch?v=rAVqCv9c5M8
11 Samosa Folding Techniques to perfectly fold samosas by Food Fusion (Ramzan Special Recipe),Indian/Pakistani,1 channel,-,-,11 Samosa Folding Techniques to perfectly fold samosas by Food Fusion (Ramzan Special Recipe),https://www.youtube.com/watch?v=WmKIq2FX9WM
15min Breakfast Recipe Omelette Noodles with Tomato Sauce and Chicken,Continental,1 channel,-,-,15min Breakfast Recipe Omelette Noodles with Tomato Sauce and Chicken By Food Fusion,https://www.youtube.com/watch?v=ze8PM6Jr6go
19 Samosa Folding Techniques By Food Fusion (Ramzan Special),Indian/Pakistani,1 channel,-,-,19 Samosa Folding Techniques By Food Fusion (Ramzan Special),https://www.youtube.com/watch?v=F3DJ_Pt7qrE
19B Soup Commercial Style with Real Sauces,Indian/Pakistani,1 channel,19B Soup Commercial Style with Real Sauces,https://www.youtube.com/watch?v=AJZZZ88nQMI,-,-
19B Soup Recipe,Indian/Pakistani,1 channel,-,-,19B Soup Recipe by Food Fusion,https://www.youtube.com/watch?v=VnNYiTYJEOU
1Billion Creators Expo in dubai,Indian/Pakistani,1 channel,-,-,1Billion Creators Expo - Food Fusion in dubai,https://www.youtube.com/watch?v=xHnjO46a7Do
2 Best Chutney,Indian/Pakistani,1 channel,"2 Best Chutney - Perfect for Eid BBQ, Seekh Kabab, Tikka Boti, Rice",https://www.youtube.com/watch?v=tpFACRd5qNM,-,-
"2 Best Chutney Recipe for Fish Fry, Grilled Fish and BBQ",Indian/Pakistani,1 channel,"2 Best Chutney Recipe for Fish Fry, Grilled Fish and BBQ",https://www.youtube.com/watch?v=3uWiLQkMKjw,-,-
"2 Chutney Recipe || Perfect for BBQ, Tikka Boti, Seekh Kabab, Mandi Rice |",Arabic/Mediterranean,1 channel,"2 Chutney Recipe || Perfect for BBQ, Tikka Boti, Seekh Kabab, Mandi Rice || Kun Foods",https://www.youtube.com/watch?v=xDxo2kdngic,-,-
2 Crispy Potatoes Snacks Recipes,Indian/Pakistani,1 channel,-,-,2 Crispy Potatoes Snacks Recipes by Food Fusion,https://www.youtube.com/watch?v=pXIhzO-uPbA
2 Easy Bread Pudding with Leftover Bread Recipe,Indian/Pakistani,1 channel,-,-,2 Easy Bread Pudding with Leftover Bread Recipe by Food Fusion,https://www.youtube.com/watch?v=YD2u00a87zs
2 Easy Chicken Sandwich Recipes,Continental,1 channel,-,-,2 Easy Chicken Sandwich Recipes By Food Fusion,https://www.youtube.com/watch?v=PKAM_pmUkw4
2 Easy Cutlet/kabab Recipes,Indian/Pakistani,1 channel,-,-,2 Easy Cutlet/kabab Recipes By Food Fusion,https://www.youtube.com/watch?v=zeYW6MaBc5o
2 Easy Homemade Cereal Recipes,Indian/Pakistani,1 channel,-,-,2 Easy Homemade Cereal Recipes By Food Fusion,https://www.youtube.com/watch?v=kDq3ZYE2vs8
2 Easy Sandwiches For Lunch Box,Indian/Pakistani,1 channel,-,-,2 Easy Sandwiches For Lunch Box - Recipes by Food Fusion,https://www.youtube.com/watch?v=FAJj7KSC_MI
2 Healthy Salad ( Protein Salad & Iceberg salad) Recipes Recipes By @HealthyFoodFusion,Indian/Pakistani,1 channel,-,-,2 Healthy Salad ( Protein Salad & Iceberg salad) Recipes Recipes By @HealthyFoodFusion,https://www.youtube.com/watch?v=L9ZuTQGPTnI
2 Homemade Nimko Recipes,Indian/Pakistani,1 channel,-,-,2 Homemade Nimko Recipes By Food Fusion,https://www.youtube.com/watch?v=A7xbPiIEaig
2 Quick and Easy Pulao Recipes,Indian/Pakistani,1 channel,-,-,2 Quick and Easy Pulao Recipes By Food Fusion,https://www.youtube.com/watch?v=Igo6dVCEeuQ
2 Refreshing Lassi Recipes,Indian/Pakistani,1 channel,-,-,2 Refreshing Lassi Recipes | Mint Lassi & Coconut Lassi by Food Fusion,https://www.youtube.com/watch?v=7pMaywDtwD0
2 Sauce,Continental,1 channel,"2 Sauce Recipe | Perfect for Zinger Burger, Grill Burger and Beef burger (Commercial)",https://www.youtube.com/watch?v=haQbrBQAYc8,-,-
2 Strawberry Drinks with 7up,Indian/Pakistani,1 channel,-,-,2 Strawberry Drinks with 7up - Recipes by Food Fusion (Ramzan Special),https://www.youtube.com/watch?v=SpMoDldZbGk
2 Super Delicious Karahi Recipes,Indian/Pakistani,1 channel,-,-,2 Super Delicious Karahi Recipes By Food Fusion,https://www.youtube.com/watch?v=q3p4XXwZt3k
2 Tasty Aloo Tikki Recipes,Indian/Pakistani,1 channel,-,-,2 Tasty Aloo Tikki Recipes By Food Fusion,https://www.youtube.com/watch?v=52Pcxw_hGiY
2 Unique Chaat Recipes (Manchurian Chaat & Kathiawari Cholay),Chinese,1 channel,-,-,2 Unique Chaat Recipes (Manchurian Chaat & Kathiawari Cholay) By Food Fusion,https://www.youtube.com/watch?v=Tm8Bgh7Kx-w
3 Appetizing & Quick Recipes To Try At Home,Indian/Pakistani,1 channel,-,-,3 Appetizing & Quick Recipes To Try At Home By Food Fusion,https://www.youtube.com/watch?v=HBzEr_roItM
3 Best Chana Daal Rice Recipes,Indian/Pakistani,1 channel,-,-,3 Best Chana Daal Rice Recipes By Food Fusion,https://www.youtube.com/watch?v=hLQ6HuO65Bg
3 Best Fried Chicken Recipes,Indian/Pakistani,1 channel,-,-,3 Best Fried Chicken Recipes By Food Fusion,https://www.youtube.com/watch?v=zNt4nIDYOLo
"3 Easy Chutney (Till, Tamatar, Anar dana) condiments By Food Fusion (Ramzan Special Recipes)",Indian/Pakistani,1 channel,-,-,"3 Easy Chutney (Till, Tamatar, Anar dana) condiments By Food Fusion (Ramzan Special Recipes)",https://www.youtube.com/watch?v=R0fFbm0WBb0
"3 Easy Mayo Sandwich (Chicken, Veg and Potato) Recipes",Continental,1 channel,-,-,"3 Easy Mayo Sandwich (Chicken, Veg and Potato) Recipes By Food Fusion",https://www.youtube.com/watch?v=RNs29pZL0As
3 Energy Milkshake Recipes,Indian/Pakistani,1 channel,-,-,3 Energy Milkshake Recipes - Sehri Special By Food Fusion,https://www.youtube.com/watch?v=1BG8fkufZ-8
3 Flavourful Samosa Cones Make and Store Recipe By Food Fusion (Ramzan Specil Recipe),Indian/Pakistani,1 channel,-,-,3 Flavourful Samosa Cones Make and Store Recipe By Food Fusion (Ramzan Specil Recipe),https://www.youtube.com/watch?v=OpGYvtE7ifc
3 Flavoursome Roll Recipes By Food Fusion (Make and Store Ramzan Special),Indian/Pakistani,1 channel,-,-,3 Flavoursome Roll Recipes By Food Fusion (Make and Store Ramzan Special),https://www.youtube.com/watch?v=MKho6oEKK0g
3 Ingredients Bisca Ice cream Recipe by Asad Memon (Ramzan Special),Indian/Pakistani,1 channel,-,-,3 Ingredients Bisca Ice cream Recipe by Asad Memon- Food Fusion (Ramzan Special),https://www.youtube.com/watch?v=hDCwYtm15QU
3 Irresistible Beef Burgers Recipes,Indian/Pakistani,1 channel,-,-,3 Irresistible Beef Burgers Recipes by Food Fusion,https://www.youtube.com/watch?v=JY8UwD3cS3c
3 Make and Freeze Paratha Recipes By Food Fusion (Ramzan Special),Indian/Pakistani,1 channel,-,-,3 Make and Freeze Paratha Recipes By Food Fusion (Ramzan Special),https://www.youtube.com/watch?v=6gaBDC9IOG0
3 Million Subscribers Celebration with New Year,Indian/Pakistani,1 channel,-,-,3 Million Subscribers Celebration with New Year,https://www.youtube.com/watch?v=CpnIl_6pZZk
3 Mirchilli Recipes,Indian/Pakistani,1 channel,-,-,3 Mirchilli Recipes By Food Fusion,https://www.youtube.com/watch?v=sQJbjafDlTI
3 Must Try Ice Cream Recipes,Indian/Pakistani,1 channel,-,-,3 Must Try Ice Cream Recipes By Food Fusion,https://www.youtube.com/watch?v=niGjd0RYubQ
3 Must-Try Boti Roll Recipes,Indian/Pakistani,1 channel,-,-,3 Must-Try Boti Roll Recipes By Food Fusion,https://www.youtube.com/watch?v=vjDEHHGAl_I
3 Must-Try Masoor Daal Recipes for Everyday Cooking,Indian/Pakistani,1 channel,-,-,3 Must-Try Masoor Daal Recipes for Everyday Cooking | Food Fusion,https://www.youtube.com/watch?v=xJjgCKiErmk
3 Perfect Naan recipes,Indian/Pakistani,1 channel,-,-,3 Perfect Naan recipes By Food Fusion,https://www.youtube.com/watch?v=nkCaia1NLXk
3 Quick & Easy Sandwich Recipes,Continental,1 channel,-,-,3 Quick & Easy Sandwich Recipes By Food Fusion,https://www.youtube.com/watch?v=qOan9eJbEao
"3 Quick Chutney (Keri, Khatti Meethi & Teekhi Tamatar Chutney) Recipes",Indian/Pakistani,1 channel,-,-,"3 Quick Chutney (Keri, Khatti Meethi & Teekhi Tamatar Chutney) Recipes By Food Fusion",https://www.youtube.com/watch?v=xqetrCyoiF0
3 Recipe ideas with pulled chicken filling,Indian/Pakistani,1 channel,-,-,3 Recipe ideas with pulled chicken filling by Food Fusion,https://www.youtube.com/watch?v=adZNulUe4Mc
3 Recipe Shoots in one day while on vacation in Nathia Gali,Indian/Pakistani,1 channel,-,-,3 Recipe Shoots in one day while on vacation in Nathia Gali  - Vlog Part 5 - Food Fusion,https://www.youtube.com/watch?v=ZliPL8kRco8
3 Recipes for Nutella Lovers,Indian/Pakistani,1 channel,-,-,3 Recipes for Nutella Lovers By Food Fusion,https://www.youtube.com/watch?v=gHb9b8WGFEQ
3 Recipes to Enjoy with Kids,Indian/Pakistani,1 channel,-,-,3 Recipes to Enjoy with Kids By Food Fusion,https://www.youtube.com/watch?v=R6RSD1s01xY
3 Refreshing Drinks with Gur Recipe,Indian/Pakistani,1 channel,-,-,3 Refreshing Drinks with Gur Recipe by Food Fusion,https://www.youtube.com/watch?v=XvFnHxNMdc0
3 Refreshing Mint Summer Drinks,Indian/Pakistani,1 channel,-,-,3 Refreshing Mint Summer Drinks -  Recipes By Food Fusion (Ramadan Special),https://www.youtube.com/watch?v=iTKGZzv5jtg
3 Secret Street Style Chutney Recipes by Asad Memon (Ramzan Special),Indian/Pakistani,1 channel,-,-,3 Secret Street Style Chutney Recipes by Asad Memon-Food Fusion (Ramzan Special),https://www.youtube.com/watch?v=vMEameovgco
3 Shawarma Recipes,Arabic/Mediterranean,1 channel,-,-,3 Shawarma Recipes By Food Fusion,https://www.youtube.com/watch?v=qdgN9dui7Rs
"3 Smoothies: Coffee, Superfood, Apple Recipes",Continental,1 channel,-,-,"3 Smoothies: Coffee, Superfood, Apple Recipes by Food Fusion",https://www.youtube.com/watch?v=_FS_8lYNPDo
3 Special Falsa Recipes,Indian/Pakistani,1 channel,-,-,3 Special Falsa Recipes By Food Fusion,https://www.youtube.com/watch?v=cPO6FkUyrUU
3 Time Saving Cooking hacks,Indian/Pakistani,1 channel,-,-,3 Time Saving Cooking hacks by Food Fusion,https://www.youtube.com/watch?v=_7JnyVx46eI
"3 Trending Coffee Recipes (Mentos, Kapiko and Milkano)",Continental,1 channel,-,-,"3 Trending Coffee Recipes (Mentos, Kapiko and Milkano) By Food Fusion",https://www.youtube.com/watch?v=oA7JuIQp0jk
3 Turkish Style Soups Recipes,Arabic/Mediterranean,1 channel,-,-,3 Turkish Style Soups Recipes by Food Fusion,https://www.youtube.com/watch?v=-rlvKZ_q-28
3 Unique Paratha Recipes,Indian/Pakistani,1 channel,-,-,3 Unique Paratha Recipes by Food Fusion,https://www.youtube.com/watch?v=-q1ZM9OqYkQ
3-Burger Recipes,Continental,1 channel,-,-,3-Burger Recipes By Food Fusion,https://www.youtube.com/watch?v=sdRRieL0d0M
3-Creamy Dips Ramadan Special Recipe,Indian/Pakistani,1 channel,-,-,3-Creamy Dips Ramadan Special Recipe by Food Fusion,https://www.youtube.com/watch?v=JBNYlefScx0
350 Families Reached,Indian/Pakistani,1 channel,-,-,350 Families Reached - Dadu Food Fusion Flood Relief Campaign,https://www.youtube.com/watch?v=6_Tlu9fwhcU
4 Air fryer Friendly Make and Freeze Iftar Snacks Recipes By Food Fusion (Iftar Ideas),Indian/Pakistani,1 channel,-,-,4 Air fryer Friendly Make and Freeze Iftar Snacks Recipes By Food Fusion (Iftar Ideas),https://www.youtube.com/watch?v=YFR6wlKHyhg
4 Aloo/potato Recipes By Food Fusion (Ramzan Special Recipes),Indian/Pakistani,1 channel,-,-,4 Aloo/potato Recipes By Food Fusion (Ramzan Special Recipes),https://www.youtube.com/watch?v=Icb8JH59rZg
4 Aray Wah Sandwich Recipes,Continental,1 channel,-,-,4 Aray Wah Sandwich Recipes By Food Fusion,https://www.youtube.com/watch?v=fBHvr1CaH4Y
4 Array Wah Burger Recipes,Continental,1 channel,-,-,4 Array Wah Burger Recipes By Food Fusion,https://www.youtube.com/watch?v=rhgtFMH4fNE
4 Baisan Special Recipes,Indian/Pakistani,1 channel,-,-,4 Baisan Special Recipes By Food Fusion,https://www.youtube.com/watch?v=0p6ScoDxXuE
4 Best Beef Boti Recipes by Food Fusion (Bakra Eid Special),Indian/Pakistani,1 channel,-,-,4 Best Beef Boti Recipes by Food Fusion (Bakra Eid Special),https://www.youtube.com/watch?v=g_b6vwLGfp8
4 Best Pasta Recipes 2022,Continental,1 channel,-,-,4 Best Pasta Recipes 2022 By Food Fusion,https://www.youtube.com/watch?v=0jq2VyEzE2g
4 Best Poori Recipes,Indian/Pakistani,1 channel,-,-,4 Best Poori Recipes by Food Fusion,https://www.youtube.com/watch?v=LCkwoOhrG7Y
4 Bread Snacks,Indian/Pakistani,1 channel,-,-,4 Bread Snacks By Food Fusion,https://www.youtube.com/watch?v=-TZUNvhubYw
4 Chicken Roll Recipes,Indian/Pakistani,1 channel,-,-,4 Chicken Roll Recipes By Food Fusion,https://www.youtube.com/watch?v=qGzrbSLuzcs
4 Chicken Soup Recipes,Indian/Pakistani,1 channel,-,-,4 Chicken Soup Recipes By Food Fusion,https://www.youtube.com/watch?v=UY4Oeib6icQ
4 Chinese Style Recipes,Chinese,1 channel,-,-,4 Chinese Style Recipes By Food Fusion,https://www.youtube.com/watch?v=S-XJ9PFDP4Y
4 Cozy Winter Drinks,Indian/Pakistani,1 channel,-,-,4 Cozy Winter Drinks - Recipes by Food Fusion,https://www.youtube.com/watch?v=cxBUTIlP0LE
4 Creamy Fruit Chaat Recipes,Indian/Pakistani,1 channel,-,-,4 Creamy Fruit Chaat Recipes by Food Fusion,https://www.youtube.com/watch?v=03DPuzo-Ub4
4 Creamy Iftar Dessert Recipe By Food Fusion (Ramazan Special 2022),Indian/Pakistani,1 channel,-,-,4 Creamy Iftar Dessert Recipe By Food Fusion (Ramazan Special 2022),https://www.youtube.com/watch?v=sVoJ3gTCNHo
4 Creamy Winter Soup Recipes,Indian/Pakistani,1 channel,-,-,4 Creamy Winter Soup Recipes By Food Fusion,https://www.youtube.com/watch?v=7tHaXtUJkoo
4 Cutlets/Kabab Recipes By Food Fusion (Ramzan Special Recipe),Indian/Pakistani,1 channel,-,-,4 Cutlets/Kabab Recipes By Food Fusion (Ramzan Special Recipe),https://www.youtube.com/watch?v=01gg2KqxkWw
4 Daal Chawal Combo Recipes,Indian/Pakistani,1 channel,-,-,4 Daal Chawal Combo Recipes By Food Fusion,https://www.youtube.com/watch?v=bUDNAT7ZXvA
4 Daleem Recipes,Indian/Pakistani,1 channel,-,-,4 Daleem Recipes by Food Fusion,https://www.youtube.com/watch?v=mNTB8C37fak
4 Dawat Desserts By Food Fusion (Eid Special Recipes),Indian/Pakistani,1 channel,-,-,4 Dawat Desserts By Food Fusion (Eid Special Recipes),https://www.youtube.com/watch?v=c7PqdJrl8mA
4 Dawat Rice Recipe By Food Fusion (Eid Special),Indian/Pakistani,1 channel,-,-,4 Dawat Rice Recipe By Food Fusion (Eid Special),https://www.youtube.com/watch?v=97mdiOlL1Vs
4 Desi Rice Desserts By Food Fusion (Ramzan Special Recipes),Indian/Pakistani,1 channel,-,-,4 Desi Rice Desserts By Food Fusion (Ramzan Special Recipes),https://www.youtube.com/watch?v=WTuM60cbhF0
4 Drink Recipes To Beat The Heat,Indian/Pakistani,1 channel,-,-,4 Drink Recipes To Beat The Heat By Food Fusion,https://www.youtube.com/watch?v=eC66q_UQ6iU
4 Easy Dessert Recipes By Food Fusion (Eid Special Recipes),Indian/Pakistani,1 channel,-,-,4 Easy Dessert Recipes By Food Fusion (Eid Special Recipes),https://www.youtube.com/watch?v=zvysr_vw1uk
4 Easy Iftar Dinner Ideas,Indian/Pakistani,1 channel,-,-,4 Easy Iftar Dinner Ideas By Food Fusion,https://www.youtube.com/watch?v=OCtIiLZz490
4 Easy Vegetable Snacks Recipes,Indian/Pakistani,1 channel,-,-,4 Easy Vegetable Snacks Recipes By Food Fusion,https://www.youtube.com/watch?v=B8_qVTUpY4Y
4 Egg Recipes Under 30 Min By Food Fusion  (Sehri & Breakfast Recipes),Indian/Pakistani,1 channel,-,-,4 Egg Recipes Under 30 Min By Food Fusion  (Sehri & Breakfast Recipes),https://www.youtube.com/watch?v=U0-GaBsRX3s
4 Eid Seviyan Recipes by Food Fusion (Eid Special Sheer khurma),Indian/Pakistani,1 channel,-,-,4 Eid Seviyan Recipes by Food Fusion (Eid Special Sheer khurma),https://www.youtube.com/watch?v=_LU_hH-gwbU
4 Essential Sharbat Recipes By Food Fusion (Ramzan Iftar drinks),Indian/Pakistani,1 channel,-,-,4 Essential Sharbat Recipes By Food Fusion (Ramzan Iftar drinks),https://www.youtube.com/watch?v=qIczup7n_nE
4 Everyday Daal Recipes,Indian/Pakistani,1 channel,-,-,4 Everyday Daal Recipes By Food Fusion,https://www.youtube.com/watch?v=UMDrqAepAxY
4 Falooda Recipes,Indian/Pakistani,1 channel,-,-,4 Falooda Recipes By Food Fusion,https://www.youtube.com/watch?v=lwYrXZvdzp4
4 Favorite Side Dishes,Indian/Pakistani,1 channel,-,-,4 Favorite Side Dishes - Recipes By Food Fusion,https://www.youtube.com/watch?v=jgGDqQBDEhQ
4 Favourite Paratha Recipes,Indian/Pakistani,1 channel,-,-,4 Favourite Paratha Recipes By Food Fusion,https://www.youtube.com/watch?v=Q8TnM2_Q-do
4 Festive Desserts Recipes,Indian/Pakistani,1 channel,-,-,4 Festive Desserts Recipes by Food Fusion,https://www.youtube.com/watch?v=rbAVPp1s-BE
4 Freezer Friendly Samosa Recipes Tried and Tested,Indian/Pakistani,1 channel,-,-,4 Freezer Friendly Samosa Recipes Tried and Tested By Food Fusion,https://www.youtube.com/watch?v=GB6zf0gaXQ8
4 Fusion Chicken Recipes,Indian/Pakistani,1 channel,-,-,4 Fusion Chicken Recipes By Food Fusion,https://www.youtube.com/watch?v=Vs5QBoQwBuE
4 Homemade Barfi Recipes By Food Fusion (Eid Special),Indian/Pakistani,1 channel,-,-,4 Homemade Barfi Recipes By Food Fusion (Eid Special),https://www.youtube.com/watch?v=q4JLmp0auoo
4 Hot & Sour Soups Recipe,Indian/Pakistani,1 channel,-,-,4 Hot & Sour Soups Recipe by Food Fusion,https://www.youtube.com/watch?v=BtDZIxO5vx0
4 Iftar Desserts,Indian/Pakistani,1 channel,-,-,4 Iftar Desserts - Recipes By Food Fusion ( Iftar Ideas 2022),https://www.youtube.com/watch?v=7546Baf-GSQ
4 Impressive Rice Recipes,Indian/Pakistani,1 channel,-,-,4 Impressive Rice Recipes By Food Fusion,https://www.youtube.com/watch?v=2ddF0-mrDgk
4 Indo Chinese Recipes By Food Fusion (Ramzan Special Recipes),Chinese,1 channel,-,-,4 Indo Chinese Recipes By Food Fusion (Ramzan Special Recipes),https://www.youtube.com/watch?v=3w0l0l-gRDo
4 Ingredient Microwave Kalakand in Just 10 min ( No cooking No stove) Recipe,Indian/Pakistani,1 channel,-,-,4 Ingredient Microwave Kalakand in Just 10 min ( No cooking No stove) Recipe by Food Fusion,https://www.youtube.com/watch?v=DyX35m894Nc
4 Irresistible Kulfi Recipes,Indian/Pakistani,1 channel,-,-,4 Irresistible Kulfi Recipes By Food Fusion,https://www.youtube.com/watch?v=grWcjcGfhg4
4 Jhatpat Chicken Biryani Recipes,Indian/Pakistani,1 channel,-,-,4 Jhatpat Chicken Biryani Recipes By Food Fusion,https://www.youtube.com/watch?v=0E7xlLwkL3Y
4 Kachori Recipes By Food Fusion (Ramzan Special Recipes),Indian/Pakistani,1 channel,-,-,4 Kachori Recipes By Food Fusion (Ramzan Special Recipes),https://www.youtube.com/watch?v=5XNSJW-aqd8
4 Magical Chilled Doodh/Milk Drinks By Food Fusion (Ramazan Special),Indian/Pakistani,1 channel,-,-,4 Magical Chilled Doodh/Milk Drinks By Food Fusion (Ramazan Special),https://www.youtube.com/watch?v=16qpGnEpEdg
4 Make and Freeze Samosa Snack Recipes,Indian/Pakistani,1 channel,-,-,4 Make and Freeze Samosa Snack Recipes By Food Fusion,https://www.youtube.com/watch?v=z9pr9BZlq-8
4 Mango Recipes you cant resist,Indian/Pakistani,1 channel,-,-,4 Mango Recipes you cant resist By Food Fusion,https://www.youtube.com/watch?v=BNkJhDE_Qlg
4 Milk Mithai Recipes by Food Fusion (Eid Special desserts),Indian/Pakistani,1 channel,-,-,4 Milk Mithai Recipes by Food Fusion (Eid Special desserts),https://www.youtube.com/watch?v=HJJHQXdH2sk
"4 Must Have Parathas (Aloo Ka Paratha, Chicken Cheese Paratha, Muli Ka Paratha and Pizza Parata)",Continental,1 channel,-,-,"4 Must Have Parathas (Aloo Ka Paratha, Chicken Cheese Paratha, Muli Ka Paratha and Pizza Parata)",https://www.youtube.com/watch?v=rRmP_JApGuo
4 Must Try Croquette Recipes,Indian/Pakistani,1 channel,-,-,4 Must Try Croquette Recipes By Food Fusion,https://www.youtube.com/watch?v=2_2p5rCXo4g
4 must try dessert recipes,Indian/Pakistani,1 channel,-,-,4 must try dessert recipes  by Food Fusion,https://www.youtube.com/watch?v=7dfNpz9Vg3g
4 Must try Desserts By Food Fusion (Ramzan Special Recipes),Indian/Pakistani,1 channel,-,-,4 Must try Desserts By Food Fusion (Ramzan Special Recipes),https://www.youtube.com/watch?v=NsaEPF_I7E0
4 must try desserts on Eid. Recipes,Indian/Pakistani,1 channel,-,-,4 must try desserts on Eid. Recipes By Food Fusion,https://www.youtube.com/watch?v=f3POsIEqU4I
4 Must Try Eid Special Platter Recipes,Indian/Pakistani,1 channel,-,-,4 Must Try Eid Special Platter Recipes By Food Fusion,https://www.youtube.com/watch?v=s2Rp2ymuWiA
4 Must Try Kaleji Recipes,Indian/Pakistani,1 channel,-,-,4 Must Try Kaleji Recipes by Food Fusion,https://www.youtube.com/watch?v=w0dZEsTKlZo
4 Must Try Raan Roast Recipes 2022 By Food Fusion (Bakra Eid Special),Indian/Pakistani,1 channel,-,-,4 Must Try Raan Roast Recipes 2022 By Food Fusion (Bakra Eid Special),https://www.youtube.com/watch?v=hsmEcgNh5zU
4 Must-Try Street Style Bun Kabab Recipes,Indian/Pakistani,1 channel,-,-,4 Must-Try Street Style Bun Kabab Recipes By Food Fusion,https://www.youtube.com/watch?v=KXdeVm_ZnvY
4 No-Oven Recipes Kids Will Love,Indian/Pakistani,1 channel,-,-,4 No-Oven Recipes Kids Will Love By Food Fusion,https://www.youtube.com/watch?v=TM-GCXUzKrE
4 Pizza Recipes,Continental,1 channel,-,-,4 Pizza Recipes By Food Fusion,https://www.youtube.com/watch?v=VaprWsaStk8
4 Pulao Recipes By Food Fusion (Eid Special),Indian/Pakistani,1 channel,-,-,4 Pulao Recipes By Food Fusion (Eid Special),https://www.youtube.com/watch?v=VICep4BRPeA
4 Quick Chicken Kabab Recipes under 30 Mins,Indian/Pakistani,1 channel,-,-,4 Quick Chicken Kabab Recipes under 30 Mins By Food Fusion,https://www.youtube.com/watch?v=l9QiUuukycY
4 Quick Chutney Recipes,Indian/Pakistani,1 channel,-,-,4 Quick Chutney Recipes By Food Fusion,https://www.youtube.com/watch?v=yKYgaI1uBTQ
4 Quick Fish Recipes,Indian/Pakistani,1 channel,-,-,4 Quick Fish Recipes by Food Fusion,https://www.youtube.com/watch?v=GLkRH_xtLzU
4 Quick Pasta Recipes By Food Fusion (Ramzan Special),Continental,1 channel,-,-,4 Quick Pasta Recipes By Food Fusion (Ramzan Special),https://www.youtube.com/watch?v=AnBuAcCPNXU
4 Quick Sehri Paratha Recipes by Food Fusion (Ramzan Special recipes 2019),Indian/Pakistani,1 channel,-,-,4 Quick Sehri Paratha Recipes by Food Fusion (Ramzan Special recipes 2019),https://www.youtube.com/watch?v=4-zoXmEycFE
4 Recipes For Potato lovers,Indian/Pakistani,1 channel,-,-,4 Recipes For Potato lovers By Food Fusion,https://www.youtube.com/watch?v=MuLbMfbttDo
4 Recipes Inspired by Bengali cuisine,Indian/Pakistani,1 channel,-,-,4 Recipes Inspired by Bengali cuisine - Food Fusion,https://www.youtube.com/watch?v=CyEruVwz2oQ
4 Recipes to Challenge Yourself,Indian/Pakistani,1 channel,-,-,4 Recipes to Challenge Yourself By Food Fusion,https://www.youtube.com/watch?v=hZJGR9a2z0Y
4 Recipes to Kick Your Caffeine Cravings,Indian/Pakistani,1 channel,-,-,4 Recipes to Kick Your Caffeine Cravings By Food Fusion,https://www.youtube.com/watch?v=f0tWGnYxJgQ
4 Recipes with Oranges,Indian/Pakistani,1 channel,-,-,4 Recipes with Oranges by Food Fusion,https://www.youtube.com/watch?v=cdTnMecQNfk
4 Refreshing Iftar Drinks Recipe,Indian/Pakistani,1 channel,-,-,4 Refreshing Iftar Drinks Recipe by Food Fusion,https://www.youtube.com/watch?v=Faeuv2m2Dc0
4 Restaurant Rice Bowl Recipes,Indian/Pakistani,1 channel,-,-,4 Restaurant Rice Bowl Recipes by Food Fusion,https://www.youtube.com/watch?v=CuQGWA5Y9_w
4 Restaurant Style Meat Recipes by Food Fusion (Bakra Eid Special),Indian/Pakistani,1 channel,-,-,4 Restaurant Style Meat Recipes by Food Fusion (Bakra Eid Special),https://www.youtube.com/watch?v=b8sygZzRxQ0
4 Seekh Kabab Recipes By Food Fusion (Ramzan Special Recipes),Indian/Pakistani,1 channel,-,-,4 Seekh Kabab Recipes By Food Fusion (Ramzan Special Recipes),https://www.youtube.com/watch?v=NBwNsMSo9tI
4 Sheer Khurma & Sawaiyan Recipes for Eid,Indian/Pakistani,1 channel,-,-,4 Sheer Khurma & Sawaiyan Recipes for Eid by Food Fusion,https://www.youtube.com/watch?v=gPOsQgJ1lM4
4 Showstopper Eid Platters,Indian/Pakistani,1 channel,-,-,4 Showstopper Eid Platters by Food Fusion,https://www.youtube.com/watch?v=izZmJMMHamQ
4 Special BBQ Recipes By Food Fusion (Bakra Eid Special),Indian/Pakistani,1 channel,-,-,4 Special BBQ Recipes By Food Fusion (Bakra Eid Special),https://www.youtube.com/watch?v=mNcvpVFioMk
4 Special Cake Recipes You NEED to Try This Eid,Continental,1 channel,-,-,4 Special Cake Recipes You NEED to Try This Eid | Food Fusion,https://www.youtube.com/watch?v=gu20hCjK6HQ
4 Special Chaat Recipes,Indian/Pakistani,1 channel,-,-,4 Special Chaat Recipes - Ramadan Special By Food Fusion,https://www.youtube.com/watch?v=Hxr9ODMWpOQ
4 Special Dawat Fusion Recipes By Food Fusion (Eid Special),Indian/Pakistani,1 channel,-,-,4 Special Dawat Fusion Recipes By Food Fusion (Eid Special),https://www.youtube.com/watch?v=gjz8HBmPzVw
4 Special Karahi Recipes By Food Fusion (Eid Special),Indian/Pakistani,1 channel,-,-,4 Special Karahi Recipes By Food Fusion (Eid Special),https://www.youtube.com/watch?v=wgWvBeEiZLE
4 Special Sharbat Recipes,Indian/Pakistani,1 channel,-,-,4 Special Sharbat Recipes by Food Fusion,https://www.youtube.com/watch?v=is0lUarMRcY
4 Stuffed Bread Recipes,Indian/Pakistani,1 channel,-,-,4 Stuffed Bread Recipes By Food Fusion,https://www.youtube.com/watch?v=E8CkAv4SahI
4 Stuffed Chicken  Recipes,Indian/Pakistani,1 channel,-,-,4 Stuffed Chicken  Recipes By Food Fusion,https://www.youtube.com/watch?v=9MHNtQy6v8I
4 Tasty Snack Recipes,Indian/Pakistani,1 channel,-,-,4 Tasty Snack Recipes By Food Fusion,https://www.youtube.com/watch?v=VYtU1VdxKsk
4 Tawa Special Recipes,Indian/Pakistani,1 channel,-,-,4 Tawa Special Recipes By Food Fusion,https://www.youtube.com/watch?v=9eJjuodMGXI
4 Tempting Lachydar Paratha Recipes,Indian/Pakistani,1 channel,-,-,4 Tempting Lachydar Paratha Recipes By Food Fusion,https://www.youtube.com/watch?v=rN9wU8a9c-Q
4 Tikka Recipes,Indian/Pakistani,1 channel,-,-,4 Tikka Recipes by Food Fusion,https://www.youtube.com/watch?v=kiLnPgLPRx0
4 Unique Chicken Snacks By Food Fusion (Ramzan Special Recipes),Indian/Pakistani,1 channel,-,-,4 Unique Chicken Snacks By Food Fusion (Ramzan Special Recipes),https://www.youtube.com/watch?v=Rx7LVsJlXo0
4 Vegetable Soups To Try This Winter Recipes,Indian/Pakistani,1 channel,-,-,4 Vegetable Soups To Try This Winter Recipes by Food Fusion,https://www.youtube.com/watch?v=YadX817-0vg
4 Warm and Cheesy Recipes,Indian/Pakistani,1 channel,-,-,4 Warm and Cheesy Recipes by Food Fusion,https://www.youtube.com/watch?v=_hI6BAwNGk8
4 Winter Paratha Recipes,Indian/Pakistani,1 channel,-,-,4 Winter Paratha Recipes by Food Fusion,https://www.youtube.com/watch?v=f5tjBwpBZH0
4 WOW Desserts Recipes,Indian/Pakistani,1 channel,-,-,4 WOW Desserts Recipes  By Food Fusion,https://www.youtube.com/watch?v=PiDZ3Wv108E
400KM on Bike,Non-Recipe/Vlog,1 channel,400KM on Bike | He came to learn from me | Kun Foods,https://www.youtube.com/watch?v=mSw7ZfvCg-g,-,-
5 Creamy Eid Desserts Recipe,Indian/Pakistani,1 channel,-,-,5 Creamy Eid Desserts Recipe by Food Fusion,https://www.youtube.com/watch?v=U0yOdz4ATX0
5 Easy & Tasty Omelette Recipes,Continental,1 channel,-,-,5 Easy & Tasty Omelette Recipes by Food Fusion,https://www.youtube.com/watch?v=CrODah__LC4
5 Easy Chaat Recipes,Indian/Pakistani,1 channel,-,-,5 Easy Chaat Recipes - Iftar Recipe Ideas By Food Fusion,https://www.youtube.com/watch?v=P3OU4PptEYs
5 Eid Meal Ideas,Indian/Pakistani,1 channel,-,-,5 Eid Meal Ideas by Food Fusion,https://www.youtube.com/watch?v=yfGu1PMHRHs
5 Folding techniques with Samosa dough,Indian/Pakistani,1 channel,-,-,5 Folding techniques with Samosa dough By Food Fusion,https://www.youtube.com/watch?v=Jrz_LpL7ZQY
5 Fried Fish Recipes,Indian/Pakistani,1 channel,-,-,5 Fried Fish Recipes by Food Fusion,https://www.youtube.com/watch?v=NaIBuHF2fxA
5 Homemade Salad Dressings,Indian/Pakistani,1 channel,-,-,5 Homemade Salad Dressings By Food Fusion,https://www.youtube.com/watch?v=g8U3w0n5XOU
5 Impressive Breakfast Recipes,Indian/Pakistani,1 channel,-,-,5 Impressive Breakfast Recipes By Food Fusion,https://www.youtube.com/watch?v=aw-DDhDmWHw
5 Make n Freeze Paratha Recipes,Indian/Pakistani,1 channel,-,-,5 Make n Freeze Paratha Recipes  - Ramadan Special by Food Fusion,https://www.youtube.com/watch?v=E62d_TmmXGc
5 Million Subscribers Meetup at Habitt City,Indian/Pakistani,1 channel,-,-,5 Million Subscribers Meetup at Habitt City - Food Fusion,https://www.youtube.com/watch?v=DxXwYFCoswo
5 min Shakshuka,Indian/Pakistani,1 channel,-,-,5 min Shakshuka - Breakfast/Sehri special Recipe by Food Fusion,https://www.youtube.com/watch?v=NKuOIO3f7ms
5 Minutes Breakfast || Oil Free Healthy Poached Eggs,Indian/Pakistani,1 channel,5 Minutes Breakfast || Oil Free Healthy Poached Eggs,https://www.youtube.com/watch?v=GYUZNF-F0-I,-,-
5 Minutes Easy Rice,Indian/Pakistani,1 channel,5 Minutes Easy Rice Recipe,https://www.youtube.com/watch?v=DYUpopaGTE8,-,-
5 Minutes Shakshuka Bowl Ramadan Special Microwave Recipe,Indian/Pakistani,1 channel,-,-,5 Minutes Shakshuka Bowl Ramadan Special Microwave Recipe By Food Fusion,https://www.youtube.com/watch?v=ka0dIXe9X3M
5 Must Try Frozen Mango Treats Summer Special Recipes,Indian/Pakistani,1 channel,-,-,5 Must Try Frozen Mango Treats Summer Special Recipes By Food Fusion,https://www.youtube.com/watch?v=lGmLK47uaLI
5 Must-Try Tawa Kaleji Recipes by Food Fusion (Bakra Eid Special),Indian/Pakistani,1 channel,-,-,5 Must-Try Tawa Kaleji Recipes by Food Fusion (Bakra Eid Special),https://www.youtube.com/watch?v=6bSjHFJ1bVo
5 Pakora Recipes by Food Fusion (Ramzan Special Recipes),Indian/Pakistani,1 channel,-,-,5 Pakora Recipes by Food Fusion (Ramzan Special Recipes),https://www.youtube.com/watch?v=SGpULpsMNuE
5 Rainy Day Snacks you must try,Indian/Pakistani,1 channel,-,-,5 Rainy Day Snacks you must try By Food Fusion,https://www.youtube.com/watch?v=OtMCPiYYRhI
5 Recipes from Leftover Boiled Rice Recipe,Indian/Pakistani,1 channel,-,-,5 Recipes from Leftover Boiled Rice Recipe by Food Fusion,https://www.youtube.com/watch?v=xl5hzzNDKZA
5 Refreshing Doodh Sabudana Sharbat Recipes,Indian/Pakistani,1 channel,-,-,5 Refreshing Doodh Sabudana Sharbat Recipes By Food Fusion,https://www.youtube.com/watch?v=ZNQMP1pnX5o
5 Refreshing Milk Sharbat Recipes,Indian/Pakistani,1 channel,-,-,5 Refreshing Milk Sharbat Recipes by Food Fusion,https://www.youtube.com/watch?v=Avfsr44pKMk
5 Special Nihari Recipes By Food Fusion (Bakra Eid Special),Indian/Pakistani,1 channel,-,-,5 Special Nihari Recipes By Food Fusion (Bakra Eid Special),https://www.youtube.com/watch?v=rM1Od8s3ARo
5 Storable Chutney Recipes By Food Fusion (Ramzan Special),Indian/Pakistani,1 channel,-,-,5 Storable Chutney Recipes By Food Fusion (Ramzan Special),https://www.youtube.com/watch?v=51a2EXycnS8
5 Street Style Recipes To Try at Home,Indian/Pakistani,1 channel,-,-,5 Street Style Recipes To Try at Home By Food Fusion,https://www.youtube.com/watch?v=_9L-NP3DSPA
5 Summer Eid Special Mango Recipes,Indian/Pakistani,1 channel,-,-,5 Summer Eid Special Mango Recipes by Food Fusion,https://www.youtube.com/watch?v=U9bPEnRVyPs
5 Uses Of Leftover Daal,Indian/Pakistani,1 channel,-,-,5 Uses Of Leftover Daal - Ramadan Special Recipes By Food Fusion,https://www.youtube.com/watch?v=GUI56ewC5CQ
5 Watermelon Recipes,Indian/Pakistani,1 channel,-,-,5 Watermelon Recipes By Food Fusion,https://www.youtube.com/watch?v=Ul5z8hiLg3Q
5-STAR DISH ❗ Make Restaurant Style Chilli Dry at Home,Indian/Pakistani,1 channel,5-STAR DISH ❗ Make Restaurant Style Chilli Dry at Home | Spicy Chilli Dry,https://www.youtube.com/watch?v=F8lCeuHa1oc,-,-
6 Bake a Meal Recipes,Indian/Pakistani,1 channel,-,-,6 Bake a Meal Recipes By Food Fusion,https://www.youtube.com/watch?v=QAv1VLZ8Uuc
6 BBQ / Grill Recipes By Food Fusion (Bakra Eid Special),Indian/Pakistani,1 channel,-,-,6 BBQ / Grill Recipes By Food Fusion (Bakra Eid Special),https://www.youtube.com/watch?v=RacKyhnSggM
6 Best Samosa Recipes By Food Fusion (Ramzan Special),Indian/Pakistani,1 channel,-,-,6 Best Samosa Recipes By Food Fusion (Ramzan Special),https://www.youtube.com/watch?v=A20eklTBcgg
6 Best Soup Recipes in Food Fusion Style Recipes,Indian/Pakistani,1 channel,-,-,6 Best Soup Recipes in Food Fusion Style Recipes by Food Fusion,https://www.youtube.com/watch?v=7v2oxjvUv2M
6 Chicken Marinades & Cooking Methods,Indian/Pakistani,1 channel,-,-,6 Chicken Marinades & Cooking Methods - Make and Freeze Ramadan Recipes By Food Fusion,https://www.youtube.com/watch?v=EhZ05F0mcLc
6 Desi Breakfast Recipes By Food Fusion (Ramzan Sehri Recipes 2017),Indian/Pakistani,1 channel,-,-,6 Desi Breakfast Recipes By Food Fusion (Ramzan Sehri Recipes 2017),https://www.youtube.com/watch?v=n-e7TMt-Brw
6 Easy Kids Favorite Recipes,Indian/Pakistani,1 channel,-,-,6 Easy Kids Favorite Recipes By Food Fusion,https://www.youtube.com/watch?v=Qjcjy2tAhv8
6 Eid BBQ Feast Recipes,Indian/Pakistani,1 channel,-,-,6 Eid BBQ Feast Recipes by Food Fusion,https://www.youtube.com/watch?v=hItiYOXSF24
6 festive Dinner Recipes,Indian/Pakistani,1 channel,-,-,6 festive Dinner Recipes By Food Fusion,https://www.youtube.com/watch?v=hK1RAzvWRIc
6 Festive Mithai,Indian/Pakistani,1 channel,-,-,6 Festive Mithai | Homemade mithai Recipes By Food Fusion,https://www.youtube.com/watch?v=ZOEs48tN0Tk
6 Freezer Friendly Roll Recipes,Indian/Pakistani,1 channel,-,-,6 Freezer Friendly Roll Recipes - Ramadan Special  by Food Fusion,https://www.youtube.com/watch?v=bIO41BfP7Co
6 Fried Chicken Recipes By Food Fusion (Ramzan Special Recipes),Indian/Pakistani,1 channel,-,-,6 Fried Chicken Recipes By Food Fusion (Ramzan Special Recipes),https://www.youtube.com/watch?v=98Tb-qSs4Js
6 Halwa Recipes By Food Fusion (Eid Special),Indian/Pakistani,1 channel,-,-,6 Halwa Recipes By Food Fusion (Eid Special),https://www.youtube.com/watch?v=wz79ys-R4Qs
6 Healthy & Non Fried Iftar Snacks By Food Fusion (Ramzan Special),Indian/Pakistani,1 channel,-,-,6 Healthy & Non Fried Iftar Snacks By Food Fusion (Ramzan Special),https://www.youtube.com/watch?v=M9aFAQKKzf0
6 Homemade Recipes,Indian/Pakistani,1 channel,-,-,6 Homemade Recipes by Food Fusion,https://www.youtube.com/watch?v=eqTFQDQf84w
6 Impressive Vegetable Recipes,Indian/Pakistani,1 channel,-,-,6 Impressive Vegetable Recipes By Food Fusion,https://www.youtube.com/watch?v=FuufcjVl0HQ
6 Indulging Creamy Recipes Ramzan Special 2023,Indian/Pakistani,1 channel,-,-,6 Indulging Creamy Recipes Ramzan Special 2023 by Food Fusion,https://www.youtube.com/watch?v=T2r67SIbcy0
6 Karahi recipes you must try,Indian/Pakistani,1 channel,-,-,6 Karahi recipes you must try by Food Fusion,https://www.youtube.com/watch?v=v0xQ1tYkXHA
6 Korma Recipes By Food Fusion (Eid Special Recipe),Indian/Pakistani,1 channel,-,-,6 Korma Recipes By Food Fusion (Eid Special Recipe),https://www.youtube.com/watch?v=uSAZquoYntE
6 Make & Freeze Ramazan Special Recipes,Indian/Pakistani,1 channel,-,-,6 Make & Freeze Ramazan Special Recipes  By Food Fusion,https://www.youtube.com/watch?v=Dl4Pv_bh2zA
6 Make and Freeze Chicken Kabab/Cutlets By Food Fusion (Ramzan Special Recipes 2021),Indian/Pakistani,1 channel,-,-,6 Make and Freeze Chicken Kabab/Cutlets By Food Fusion (Ramzan Special Recipes 2021),https://www.youtube.com/watch?v=PAEY8bwKZIM
6 Mango Recipes By Food Fusion (Summer Special),Indian/Pakistani,1 channel,-,-,6 Mango Recipes By Food Fusion (Summer Special),https://www.youtube.com/watch?v=PoJdXvyTGiU
6 Meaty Rice Recipes For Eid ul Azha,Indian/Pakistani,1 channel,-,-,6 Meaty Rice Recipes For Eid ul Azha By Food Fusion,https://www.youtube.com/watch?v=gHOEEruFeh4
6 Minutes Pizza Recipe for Lunch Box ( Air Fryer & Frying Pan Methods ),Continental,1 channel,-,-,6 Minutes Pizza Recipe for Lunch Box ( Air Fryer & Frying Pan Methods ) by Food Fusion,https://www.youtube.com/watch?v=zMFGJL4BxvE
6 Must Have Homemade Masala Recipes,Indian/Pakistani,1 channel,-,-,6 Must Have Homemade Masala Recipes By Food Fusion,https://www.youtube.com/watch?v=bnEC0wXrSHw
6 Must Try Biryani Recipes 2022 By Food Fusion (Bakra Eid Special),Indian/Pakistani,1 channel,-,-,6 Must Try Biryani Recipes 2022 By Food Fusion (Bakra Eid Special),https://www.youtube.com/watch?v=Dl-OnnIXyqI
6 Must Try Breakfast recipes,Indian/Pakistani,1 channel,-,-,6 Must Try Breakfast recipes By Food Fusion,https://www.youtube.com/watch?v=iE8IBig1hBI
6 Must Try Chaat Recipes By Food Fusion (Ramzan Special),Indian/Pakistani,1 channel,-,-,6 Must Try Chaat Recipes By Food Fusion (Ramzan Special),https://www.youtube.com/watch?v=tz6ctn48OUs
6 Must try Chicken Biryani Recipes,Indian/Pakistani,1 channel,-,-,6 Must try Chicken Biryani Recipes By Food Fusion,https://www.youtube.com/watch?v=FnTx7axnSx4
6 Must Try Pasta Recipes,Continental,1 channel,-,-,6 Must Try Pasta Recipes By Food Fusion,https://www.youtube.com/watch?v=1RApjmvDOjQ
6 must try Potato snacks recipes by Food Fusion (Ramzan special Iftar Recipes),Indian/Pakistani,1 channel,-,-,6 must try Potato snacks recipes by Food Fusion (Ramzan special Iftar Recipes),https://www.youtube.com/watch?v=mD5Hh57ZWqw
6 Must Try Pulao Recipes 2022,Indian/Pakistani,1 channel,-,-,6 Must Try Pulao Recipes 2022 By Food Fusion,https://www.youtube.com/watch?v=YgiBxoSUuc4
6 Mutton Chops Recipe Collection By Food Fusion (Bakra Eid Special),Indian/Pakistani,1 channel,-,-,6 Mutton Chops Recipe Collection By Food Fusion (Bakra Eid Special),https://www.youtube.com/watch?v=j6ca4eS1_FE
6 No Bake Dessert Recipe,Indian/Pakistani,1 channel,-,-,6 No Bake Dessert Recipe By Food Fusion,https://www.youtube.com/watch?v=FRI03Sdd81k
6 Potato (Aloo) Recipes,Indian/Pakistani,1 channel,-,-,6 Potato (Aloo) Recipes By Food Fusion,https://www.youtube.com/watch?v=zu9r9DsQF-U
6 Qeema (Mince) Recipe to try,Indian/Pakistani,1 channel,-,-,6 Qeema (Mince) Recipe to try by Food Fusion,https://www.youtube.com/watch?v=5BlkRaOk_LE
6 Recipes for Eid Table,Indian/Pakistani,1 channel,-,-,6 Recipes for Eid Table by Food Fusion,https://www.youtube.com/watch?v=G3I-CFnw0gY
6 Recipes To Make Kids Happy,Indian/Pakistani,1 channel,-,-,6 Recipes To Make Kids Happy By Food Fusion,https://www.youtube.com/watch?v=ZpXLukC-NAA
6 Refreshing Summer Sharbat Recipes By Food Fusion (Ramazan Special 2022),Indian/Pakistani,1 channel,-,-,6 Refreshing Summer Sharbat Recipes By Food Fusion (Ramazan Special 2022),https://www.youtube.com/watch?v=IEohHFMgZWg
6 Restaurant style recipes you can make at home,Indian/Pakistani,1 channel,-,-,6 Restaurant style recipes you can make at home By Food Fusion,https://www.youtube.com/watch?v=RMyEBwxcBok
6 Rice Recipes from around the world,Indian/Pakistani,1 channel,-,-,6 Rice Recipes from around the world - Food Fusion,https://www.youtube.com/watch?v=zp5Lf2Ouv7M
6 Sehri / Breakfast Ideas by Food Fusion (Ramazan Special 2022),Indian/Pakistani,1 channel,-,-,6 Sehri / Breakfast Ideas by Food Fusion (Ramazan Special 2022),https://www.youtube.com/watch?v=2G_DOQKn-vI
6 Strawberry Desserts Ramadan Recipe Ideas,Indian/Pakistani,1 channel,-,-,6 Strawberry Desserts Ramadan Recipe Ideas Food Fusion,https://www.youtube.com/watch?v=ChLbQo6xo6o
6 Sweet Snacks for Eid Recipes,Indian/Pakistani,1 channel,-,-,6 Sweet Snacks for Eid Recipes By Food Fusion,https://www.youtube.com/watch?v=k4-xlfstBMU
6 Unique Fish Recipes,Indian/Pakistani,1 channel,-,-,6 Unique Fish Recipes By Food Fusion,https://www.youtube.com/watch?v=uTg1ey-1-VY
6 Vegetable Ramzan Snacks Recipes By Food Fusion (Ramzan Special Recipes),Indian/Pakistani,1 channel,-,-,6 Vegetable Ramzan Snacks Recipes By Food Fusion (Ramzan Special Recipes),https://www.youtube.com/watch?v=RkYEevjFfhw
6 Vegetable Recipes,Indian/Pakistani,1 channel,-,-,6 Vegetable Recipes | Sabzi Recipes Collection 2 By Food Fusion 2022,https://www.youtube.com/watch?v=YX_Ptths5Dg
7 Cup Barfi Recipe,Indian/Pakistani,1 channel,-,-,7 Cup Barfi Recipe By Food Fusion,https://www.youtube.com/watch?v=i94Gy8v_d0M
7 Layer Chana Chaat Recipe By Food Fusion (Ramazan Special Recipe),Indian/Pakistani,1 channel,-,-,7 Layer Chana Chaat Recipe By Food Fusion (Ramazan Special Recipe),https://www.youtube.com/watch?v=NtLX1aXPeKw
7 Special Thali Recipes,Indian/Pakistani,1 channel,-,-,7 Special Thali Recipes By Food Fusion,https://www.youtube.com/watch?v=pO2Zjto7vLg
7up Punch Recipes By Food Fusion (Lemon Ginger & Watermelon Ginger),Indian/Pakistani,1 channel,-,-,2 Amazing 7up Punch Recipes By Food Fusion (Lemon Ginger & Watermelon Ginger),https://www.youtube.com/watch?v=hdcPLLcxQpA
8 Desi Dessert Recipes,Indian/Pakistani,1 channel,-,-,8 Desi Dessert Recipes By Food Fusion,https://www.youtube.com/watch?v=stWnGwn8-9A
8 Homemade Bakery Items Recipes,Indian/Pakistani,1 channel,-,-,8 Homemade Bakery Items Recipes By Food Fusion,https://www.youtube.com/watch?v=-OoTMzCGL4I
8 Make & Freeze  Iftar Ideas / Snacks Collection 1 2022- Ramazan Special,Indian/Pakistani,1 channel,-,-,8 Make & Freeze  Iftar Ideas / Snacks Collection 1 2022- Ramazan Special By Food Fusion,https://www.youtube.com/watch?v=pXD3N6k45HI
8 Make & Freeze Iftar Ideas / Snacks Collection 2,Indian/Pakistani,1 channel,-,-,8 Make & Freeze Iftar Ideas / Snacks Collection 2 - 2022- Ramazan Special By Food Fusion,https://www.youtube.com/watch?v=q5qXEobEfcw
8 Make & Freeze Ramazan Recipes By Food Fusion (2020),Indian/Pakistani,1 channel,-,-,8 Make & Freeze Ramazan Recipes By Food Fusion (2020),https://www.youtube.com/watch?v=IS9T8JLQGqs
8 Make and Freeze Sehri Special Paratha Recipes By Food Fusion (Ramzan Recipes 2021),Indian/Pakistani,1 channel,-,-,8 Make and Freeze Sehri Special Paratha Recipes By Food Fusion (Ramzan Recipes 2021),https://www.youtube.com/watch?v=T8YHHCUU5FU
8 Recipes you can make with your kids,Indian/Pakistani,1 channel,-,-,8 Recipes you can make with your kids By Food Fusion,https://www.youtube.com/watch?v=2JXpGU_SHjU
8 Special Kabab Recipes By Food Fusion (Bakra Eid Special),Indian/Pakistani,1 channel,-,-,8 Special Kabab Recipes By Food Fusion (Bakra Eid Special),https://www.youtube.com/watch?v=lz70tN-qSOw
8 Starters and Appetizer recipes,Indian/Pakistani,1 channel,-,-,8 Starters and Appetizer recipes By Food Fusion,https://www.youtube.com/watch?v=j0XsqKDCOEw
8 Unique Samosa Folding Techniques By Food Fusion (Ramzan Recipes),Indian/Pakistani,1 channel,-,-,8 Unique Samosa Folding Techniques By Food Fusion (Ramzan Recipes),https://www.youtube.com/watch?v=QuDUbjKSvXI
800 Families Reached,Indian/Pakistani,1 channel,-,-,800 Families Reached - Dadu Food Fusion Flood Relief Campaign Update 6,https://www.youtube.com/watch?v=xgglzIYHix8
@MikeyChenX In Pakistan,Indian/Pakistani,1 channel,-,-,@MikeyChenX In Pakistan - @strictlydumpling Visits Food Fusion,https://www.youtube.com/watch?v=WNKpz0Wv7tQ
A complete Pizza 101 by Food Fusion,Continental,1 channel,-,-,A complete Pizza 101 by Food Fusion Detailed,https://www.youtube.com/watch?v=SoCFzqkrsFA
A day at Ali Model English School,Indian/Pakistani,1 channel,-,-,A day at Ali Model English School - Food Fusion,https://www.youtube.com/watch?v=_9N-pw79giA
A perfect Hunter Beef Recipe By Food Fusion (Eid Recipe),Indian/Pakistani,1 channel,-,-,A perfect Hunter Beef Recipe By Food Fusion (Eid Recipe),https://www.youtube.com/watch?v=jZlJL1z4MJ8
Aalo Beh Chaat,Indian/Pakistani,1 channel,-,-,Aalo Beh Chaat - Traditional Sindhi Recipe by Food Fusion,https://www.youtube.com/watch?v=n9QbZPqHrCA
Aalo Cutlet Wraps Back to School,Indian/Pakistani,1 channel,-,-,Aalo Cutlet Wraps Back to School - Lunchbox Recipe by Food Fusion,https://www.youtube.com/watch?v=EljTMMOljNk
Aalo Palak Pakora in Air Fryer,Indian/Pakistani,1 channel,-,-,Aalo Palak Pakora in Air Fryer - Iftar Special Recipe by Food Fusion,https://www.youtube.com/watch?v=7-Gr7P8My5c
Aalo Pouch/Potli Samosa Ramzan Special Recipe,Indian/Pakistani,1 channel,-,-,Aalo Pouch/Potli Samosa Ramzan Special Recipe By Food Fusion,https://www.youtube.com/watch?v=qP5Uzm7yd84
Aam Doodh Ka Sharbat Recipe by Asad Memon,Indian/Pakistani,1 channel,-,-,Aam Doodh Ka Sharbat Recipe by Asad Memon-Food Fusion,https://www.youtube.com/watch?v=ErbM78QO8VE
Aam ka Murabba / Raw Mango,Indian/Pakistani,1 channel,-,-,Aam ka Murabba / Raw Mango - Kari  Murabba Recipe By Food Fusion,https://www.youtube.com/watch?v=-KpvJykkfYI
Aamras Puri Recipe,Indian/Pakistani,1 channel,-,-,Aamras Puri Recipe By Food Fusion,https://www.youtube.com/watch?v=hFllDYn_scA
Achar Gosht,Indian/Pakistani,1 channel,Achar Gosht Recipe - Truely Pakistani Achar Gosht,https://www.youtube.com/watch?v=LAUHlsGbVCA,-,-
Achar gosht Recipe by Food Fusion (Eid Recipe),Indian/Pakistani,1 channel,-,-,Achar gosht Recipe by Food Fusion (Eid Recipe),https://www.youtube.com/watch?v=8MxtSEJ_Koc
Achari Aloo Katli Ramadan Special Recipe,Indian/Pakistani,1 channel,-,-,Achari Aloo Katli Ramadan Special Recipe by Food Fusion,https://www.youtube.com/watch?v=Yr3rvyNtJ9Q
Achari Arvi Masala Recipe,Indian/Pakistani,1 channel,-,-,Achari Arvi Masala Recipe by Food Fusion,https://www.youtube.com/watch?v=RROaxrH-bIo
Achari Baingan Sabzi Recipe,Indian/Pakistani,1 channel,-,-,Achari Baingan Sabzi Recipe by Food Fusion,https://www.youtube.com/watch?v=0qqxcuKWXKM
Achari Beef Masala Biryani,Indian/Pakistani,1 channel,-,-,Achari Beef Masala Biryani - Bakra Eid special Recipe by Food Fusion,https://www.youtube.com/watch?v=D-ycgu8Ftx8
Achari Bhindi Recipe,Indian/Pakistani,1 channel,-,-,Achari Bhindi Recipe By Food Fusion,https://www.youtube.com/watch?v=xqHtBInY174
Achari Chana Chaat Recipe By Food Fusion (Ramzan Special Recipe),Indian/Pakistani,1 channel,-,-,Achari Chana Chaat Recipe By Food Fusion (Ramzan Special Recipe),https://www.youtube.com/watch?v=dEbmYAdhepY
Achari Chicken Chana Kabab (Make & Freeze) Recipe,Indian/Pakistani,1 channel,-,-,Achari Chicken Chana Kabab (Make & Freeze) Recipe by Food Fusion,https://www.youtube.com/watch?v=FWTQOS6kAOE
Achari Chili Bites Recipe By Food Fusion (Ramzan Special Recipe),Indian/Pakistani,1 channel,-,-,Achari Chili Bites Recipe By Food Fusion (Ramzan Special Recipe),https://www.youtube.com/watch?v=0hi2-0KyS7I
Achari Keema Karelay Recipe on,Indian/Pakistani,1 channel,-,-,Achari Keema Karelay Recipe on Food Fusion,https://www.youtube.com/watch?v=PmoGsmsVE_0
Achari Kofta Handi Recipe,Indian/Pakistani,1 channel,-,-,Achari Kofta Handi Recipe By Food Fusion,https://www.youtube.com/watch?v=UqgYzGMOS84
Achari Lauki Aloo Gosht Recipe,Indian/Pakistani,1 channel,-,-,Achari Lauki Aloo Gosht Recipe By Food Fusion,https://www.youtube.com/watch?v=xp7gKp5s0VY
Achari Meatball Spaghetti Recipe,Continental,1 channel,-,-,Achari Meatball Spaghetti Recipe By Food Fusion,https://www.youtube.com/watch?v=6yRGOdDKeRM
Achari Mirchi Pakora Recipe,Indian/Pakistani,1 channel,-,-,Achari Mirchi Pakora Recipe by Food Fusion,https://www.youtube.com/watch?v=591dvIzHo14
Achari Mirchi Recipe,Indian/Pakistani,1 channel,-,-,Achari Mirchi Recipe by Food Fusion,https://www.youtube.com/watch?v=T26PaCj9qmQ
Achari Mooli Ka Paratha Recipe,Indian/Pakistani,1 channel,-,-,Achari Mooli Ka Paratha Recipe By Food Fusion,https://www.youtube.com/watch?v=UsTtcXj2oSE
Achari Mutton Gosht,Indian/Pakistani,1 channel,-,-,Achari Mutton Gosht - Bakra Eid Special Recipe by Food Fusion,https://www.youtube.com/watch?v=_W84vKu3ZUI
Achari Paneer Curry Recipe,Indian/Pakistani,1 channel,-,-,Achari Paneer Curry Recipe By Food Fusion,https://www.youtube.com/watch?v=Kg8qU1mMT9Q
Achari Pizza Paratha,Continental,1 channel,-,-,Achari Pizza Paratha - Make & Store Ramzan  Recipe By Food Fusion,https://www.youtube.com/watch?v=LGcQD03DIB4
Achari Pull Apart Sliders Recipe,Indian/Pakistani,1 channel,-,-,Achari Pull Apart Sliders Recipe By Food Fusion,https://www.youtube.com/watch?v=_EvoIyXzmcY
Achari Shredded Beef Tacos Recipe,Indian/Pakistani,1 channel,-,-,Achari Shredded Beef Tacos Recipe by Food Fusion,https://www.youtube.com/watch?v=T2z7D9yzCus
Achari stuffed Tinday/ Bharwan Tinday  Recipe,Indian/Pakistani,1 channel,-,-,Achari stuffed Tinday/ Bharwan Tinday  Recipe By Food Fusion,https://www.youtube.com/watch?v=EJuhB9gVgt8
Achari Stuffed Tinday/ Bharwan Tinday Sabzi Recipe,Indian/Pakistani,1 channel,Achari Stuffed Tinday/ Bharwan Tinday Sabzi Recipe by Kun Foods,https://www.youtube.com/watch?v=sp9KCJaoAyk,-,-
Achari Tikka Kabab,Indian/Pakistani,1 channel,-,-,Achari Tikka Kabab - Make and freeze Ramadan Special Recipe by Food Fusion,https://www.youtube.com/watch?v=5DJBeqsE_WM
Afghani Anda Korma Recipe,Arabic/Mediterranean,1 channel,-,-,Afghani Anda Korma Recipe by Food Fusion,https://www.youtube.com/watch?v=siqQdOUeh2E
Afghani Chicken,Indian/Pakistani,1 channel,Afghani Chicken Recipe - Chicken Tikka Gravy,https://www.youtube.com/watch?v=cf_VDvaeIIs,-,-
Afghani Chicken Boti in Air fryer Recipe,Arabic/Mediterranean,1 channel,-,-,Afghani Chicken Boti in Air fryer Recipe by Food Fusion,https://www.youtube.com/watch?v=oYows_Jux1E
Afghani Chicken Gravy Recipe,Arabic/Mediterranean,1 channel,-,-,Afghani Chicken Gravy Recipe By Food Fusion,https://www.youtube.com/watch?v=lisDVvLgifA
Afghani Chicken Karahi || Restaurant Style,Indian/Pakistani,1 channel,Afghani Chicken Karahi || Restaurant Style Recipe,https://www.youtube.com/watch?v=7f-8566Q-64,-,-
Afghani Fateer keema (Without Oven) Recipe,Arabic/Mediterranean,1 channel,-,-,Afghani Fateer keema (Without Oven) Recipe By Food Fusion,https://www.youtube.com/watch?v=NuvkHGU1mIw
Afghani Fateer Piyazi Recipe,Arabic/Mediterranean,1 channel,-,-,Afghani Fateer Piyazi Recipe By Food Fusion,https://www.youtube.com/watch?v=d0Sj8Nc_dXk
Afghani Kabuli Pulao,Indian/Pakistani,1 channel,Afghani Kabuli Pulao Recipe - National Dish of Afghanistan,https://www.youtube.com/watch?v=UuQXKkHBw5M,-,-
Afghani Malai Seekh Recipe,Arabic/Mediterranean,1 channel,-,-,Afghani Malai Seekh Recipe by Food Fusion,https://www.youtube.com/watch?v=hHPDpy1A7b4
Afghani Mutton Gravy Recipe By Food Fusion (Bakra Eid Special),Arabic/Mediterranean,1 channel,-,-,Afghani Mutton Gravy Recipe By Food Fusion (Bakra Eid Special),https://www.youtube.com/watch?v=_JJVxBtYoG8
Afghani Namkeen Pyaz Gosht,Indian/Pakistani,1 channel,Afghani Namkeen Pyaz Gosht - Perfect 2kg Easy Rosh Recipe,https://www.youtube.com/watch?v=kiRgrfJwTwE,-,-
Afghani Parda Pulao Recipe,Arabic/Mediterranean,1 channel,-,-,Afghani Parda Pulao Recipe By Food Fusion,https://www.youtube.com/watch?v=eZcOfyjGNiA
Afghani Qeema Karahi Recipe,Arabic/Mediterranean,1 channel,-,-,Afghani Qeema Karahi Recipe by Food Fusion,https://www.youtube.com/watch?v=QuSd2ZHrIis
Afghani Roti homemade on tawa,Indian/Pakistani,1 channel,Afghani Roti homemade on tawa,https://www.youtube.com/watch?v=FP4ejCrub2Y,-,-
Afghani Special Breakfast Omelette Recipe By Food Fusion (Sehri Special),Arabic/Mediterranean,1 channel,-,-,Afghani Special Breakfast Omelette Recipe By Food Fusion (Sehri Special),https://www.youtube.com/watch?v=uMcMBsmJMNA
Afghani Tikka Burst Pizza Recipe,Arabic/Mediterranean,1 channel,-,-,Afghani Tikka Burst Pizza Recipe by Food Fusion,https://www.youtube.com/watch?v=emEFQRsizgE
Afghani White Kofta Gravy Recipe,Arabic/Mediterranean,1 channel,-,-,Afghani White Kofta Gravy Recipe by Food Fusion,https://www.youtube.com/watch?v=4jyYd9mvuhw
Air Fried Chicken Chargha / whole chicken Recipe By Food Fusion (Ramzan Special Recipe),Indian/Pakistani,1 channel,-,-,Air Fried Chicken Chargha / whole chicken Recipe By Food Fusion (Ramzan Special Recipe),https://www.youtube.com/watch?v=3FgcAF5EkFo
Air Fried Dinner Rolls Recipe,Indian/Pakistani,1 channel,-,-,Air Fried Dinner Rolls Recipe By Food Fusion,https://www.youtube.com/watch?v=-XcPJ2lAOxs
Air fried Patakha Chicken Pieces Recipe,Indian/Pakistani,1 channel,-,-,Air fried Patakha Chicken Pieces Recipe by Food Fusion,https://www.youtube.com/watch?v=sq-tySahUYI
Air fry Loaded Fries with Best Sauces Recipe,Indian/Pakistani,1 channel,-,-,Air fry Loaded Fries with Best Sauces Recipe by Food Fusion,https://www.youtube.com/watch?v=0apfY0f8L-U
Air Fryer Burnt Basque Cheesecake Recipe,Continental,1 channel,-,-,Air Fryer Burnt Basque Cheesecake Recipe by Food Fusion,https://www.youtube.com/watch?v=J2yrPZMpksU
Air Fryer Friendly Meals,Indian/Pakistani,1 channel,-,-,Air Fryer Friendly Meals - Cook without Gas  - Recipe by Food Fusion,https://www.youtube.com/watch?v=36n17shozig
Air Fryer Guide and Tips 2022,Indian/Pakistani,1 channel,-,-,Air Fryer Guide and Tips 2022 By Food Fusion,https://www.youtube.com/watch?v=DblH1kBLMjQ
Aish El Saraya,Indian/Pakistani,1 channel,-,-,Aish El Saraya - Middle Eastern Dessert - Recipe by Food Fusion,https://www.youtube.com/watch?v=FmQ8VN8xc4c
Akhrot & Badam ka Halwa Recipe,Indian/Pakistani,1 channel,-,-,Akhrot & Badam ka Halwa Recipe By Food Fusion,https://www.youtube.com/watch?v=JId6AnRNeX0
Al Faham Chicken with Ruz Bukhari Rice Recipe,Indian/Pakistani,1 channel,-,-,Al Faham Chicken with Ruz Bukhari Rice Recipe By Food Fusion,https://www.youtube.com/watch?v=TfTATyEQv2M
Al Rehman Biryani Recipe,Indian/Pakistani,1 channel,-,-,Al Rehman Biryani Recipe By Food Fusion,https://www.youtube.com/watch?v=7kgUQFuKAZo
Albaik Chicken Nuggets Recipe || Saudia's Famous Fried Chicken,Indian/Pakistani,1 channel,Albaik Chicken Nuggets Recipe || Saudia's Famous Fried Chicken,https://www.youtube.com/watch?v=V_M_g5rl_90,-,-
Albaik Chicken Recipe || Saudia's Legendary Chicken Broast,Indian/Pakistani,1 channel,Albaik Chicken Recipe || Saudia's Legendary Chicken Broast,https://www.youtube.com/watch?v=iNOQs4u6nS8,-,-
Albaik Garlic Sauce Recipe || Bomb of Flavors,Indian/Pakistani,1 channel,Albaik Garlic Sauce Recipe || Bomb of Flavors,https://www.youtube.com/watch?v=UDEAT7ffTog,-,-
Alfredo Fettuccine with Spinach Recipe,Indian/Pakistani,1 channel,-,-,Alfredo Fettuccine with Spinach Recipe By Food Fusion,https://www.youtube.com/watch?v=AlOTauD9098
Alfredo Pizza Naan on Tawa Recipe,Continental,1 channel,-,-,Alfredo Pizza Naan on Tawa Recipe by Food Fusion,https://www.youtube.com/watch?v=ym5r4835ee8
Alfredo Pizza Pasta Recipe,Continental,1 channel,-,-,Alfredo Pizza Pasta Recipe By Food Fusion,https://www.youtube.com/watch?v=lldzefSaH6Y
Alfredo Sauce Pasta Strips Recipe,Continental,1 channel,-,-,Alfredo Sauce Pasta Strips Recipe By Food Fusion,https://www.youtube.com/watch?v=wmHJr72u_-I
Alfredo Tortellini Recipe,Indian/Pakistani,1 channel,-,-,Alfredo Tortellini Recipe by Food Fusion,https://www.youtube.com/watch?v=FdItlmOcDho
Alishan Tikka Gravy Recipe  For Ramadan,Indian/Pakistani,1 channel,-,-,Alishan Tikka Gravy Recipe  For Ramadan by Food Fusion,https://www.youtube.com/watch?v=CRQ3RTCWjVI
All about Rice || Basmati vs Sella? (How to Boil Perfect Rice),Indian/Pakistani,1 channel,All about Rice || Basmati vs Sella? (How to Boil Perfect Rice),https://www.youtube.com/watch?v=WKoEntMHNHQ,-,-
All Time Favorite Carrot Recipes,Indian/Pakistani,1 channel,-,-,All Time Favorite Carrot Recipes By Food Fusion,https://www.youtube.com/watch?v=mGqIDMnV5d0
All Time Favorite Noodles Recipes,Indian/Pakistani,1 channel,-,-,All Time Favorite Noodles Recipes by Food Fusion,https://www.youtube.com/watch?v=PiujsjIC510
All Time Favourite Fish Recipes,Indian/Pakistani,1 channel,-,-,All Time Favourite Fish Recipes by Food Fusion,https://www.youtube.com/watch?v=6hxqV_suhLw
Almond Chicken Recipe,Indian/Pakistani,1 channel,-,-,Almond Chicken Recipe By Food Fusion,https://www.youtube.com/watch?v=38E6Nv4I0dk
Almond Croissant Recipe,Continental,1 channel,-,-,Almond Croissant Recipe by Food Fusion,https://www.youtube.com/watch?v=4cgoKdPcIuE
Almond Pastry Recipe,Indian/Pakistani,1 channel,-,-,Almond Pastry Recipe by Food Fusion,https://www.youtube.com/watch?v=i8F9aaGmqq8
Almond Toast Recipe,Indian/Pakistani,1 channel,-,-,Almond Toast Recipe by Food Fusion,https://www.youtube.com/watch?v=LuPYGp0qlYo
Aloe Vera Sooji Halwa Recipe,Indian/Pakistani,1 channel,-,-,Aloe Vera Sooji Halwa Recipe by Food Fusion,https://www.youtube.com/watch?v=Z4iOUZESXGw
Aloo (Potato) Manchurian Recipe,Chinese,1 channel,-,-,Aloo (Potato) Manchurian Recipe By Food Fusion,https://www.youtube.com/watch?v=7XIgarNKdWg
Aloo Anday kay Galawati Kabab Recipe,Indian/Pakistani,1 channel,-,-,Aloo Anday kay Galawati Kabab Recipe by Food Fusion,https://www.youtube.com/watch?v=TFCsMvN_iB4
Aloo Bhujiya with Tamatar recipe by Food Fusion (Ramzan Sehri Special Recipe),Indian/Pakistani,1 channel,-,-,Aloo Bhujiya with Tamatar recipe by Food Fusion (Ramzan Sehri Special Recipe),https://www.youtube.com/watch?v=8GAVjxf3kgU
Aloo Bhujiya with Zeera (Cumin seeds) Recipe,Indian/Pakistani,1 channel,-,-,Aloo Bhujiya with Zeera (Cumin seeds) Recipe By Food Fusion,https://www.youtube.com/watch?v=1Vmv_wVJHgI
Aloo Bhunna Recipe,Indian/Pakistani,1 channel,-,-,Aloo Bhunna Recipe by Food Fusion,https://www.youtube.com/watch?v=QuDbNsSrMrQ
Aloo bread rolls,Indian/Pakistani,1 channel,Aloo bread rolls | Crispy and Soft Potato Rolls | Ramzan 2022 Special,https://www.youtube.com/watch?v=L8zpl5naOXA,-,-
Aloo Bukharay ki Chutney,Indian/Pakistani,1 channel,"Aloo Bukharay ki Chutney Recipe - Ramzan Special Chutney for dahi bhallay, chaat",https://www.youtube.com/watch?v=lUdIYwQUteU,-,-
Aloo Chaat 2 Ways Recipes By Food Fusion (Iftar Special Recipe),Indian/Pakistani,1 channel,-,-,Aloo Chaat 2 Ways Recipes By Food Fusion (Iftar Special Recipe),https://www.youtube.com/watch?v=7xp646Emqpc
Aloo Chaat Recipe,Indian/Pakistani,1 channel,-,-,Aloo Chaat Recipe By Food Fusion,https://www.youtube.com/watch?v=C4Vr-5hFKl8
Aloo Cheese Paratha Ramadan Special Recipe,Indian/Pakistani,1 channel,-,-,Aloo Cheese Paratha Ramadan Special Recipe By Food Fusion,https://www.youtube.com/watch?v=IW8KxO9sXRM
Aloo Chicken Recipe || Perfect Chicken Aloo Curry (Onion not cooked),Indian/Pakistani,1 channel,Aloo Chicken Recipe || Perfect Chicken Aloo Curry (Onion not cooked),https://www.youtube.com/watch?v=3zxziQkbSTA,-,-
Aloo Chop Recipe by Food Fusion (Ramzan Recipe),Indian/Pakistani,1 channel,-,-,Aloo Chop Recipe by Food Fusion (Ramzan Recipe),https://www.youtube.com/watch?v=W-kOli8M4cI
Aloo Dum Biryani Recipe,Indian/Pakistani,1 channel,-,-,Aloo Dum Biryani Recipe By Food Fusion,https://www.youtube.com/watch?v=E5RfC8vLZtk
Aloo Ghosht (Delhi Style)  Recipe,Indian/Pakistani,1 channel,-,-,Aloo Ghosht (Delhi Style)  Recipe By Food Fusion,https://www.youtube.com/watch?v=cbzmggwKZbw
Aloo gosht (With Tamatar) recipe,Indian/Pakistani,1 channel,-,-,Aloo gosht (With Tamatar) recipe By Food Fusion,https://www.youtube.com/watch?v=FCsO0RaxqTY
Aloo Gosht Authentic,Indian/Pakistani,1 channel,Aloo Gosht Authentic Recipe,https://www.youtube.com/watch?v=xZnACiPXv0w,-,-
Aloo ka Bharta Recipe,Indian/Pakistani,1 channel,-,-,Aloo ka Bharta Recipe By Food Fusion,https://www.youtube.com/watch?v=6YCglsIN--A
Aloo ka paratha with Instant Gajar ka achar Recipe,Indian/Pakistani,1 channel,-,-,Aloo ka paratha with Instant Gajar ka achar Recipe By Food Fusion,https://www.youtube.com/watch?v=5xLl6urVixg
Aloo Kachori Recipe By Food Fusion (Ramzan Recipe),Indian/Pakistani,1 channel,-,-,Aloo Kachori Recipe By Food Fusion (Ramzan Recipe),https://www.youtube.com/watch?v=UKngekoGvh4
Aloo Kadhi Recipe,Indian/Pakistani,1 channel,-,-,Aloo Kadhi Recipe by Food Fusion | Budget friendly recipe,https://www.youtube.com/watch?v=Fu93cC329HE
Aloo Katli & Tikki Pakora,Indian/Pakistani,1 channel,-,-,Aloo Katli & Tikki Pakora -  Ramadan Special Recipe by Food Fusion,https://www.youtube.com/watch?v=9JkmyXu_YLA
Aloo Katli Pakora Recipe,Indian/Pakistani,1 channel,-,-,Aloo Katli Pakora Recipe by Food Fusion,https://www.youtube.com/watch?v=UBxAdBdZO44
Aloo Kay Dahi Baray Recipe By Food Fusion (Ramazan Special),Indian/Pakistani,1 channel,-,-,Aloo Kay Dahi Baray Recipe By Food Fusion (Ramazan Special),https://www.youtube.com/watch?v=MKaRvpbrQaA
Aloo kay Pakoray,Indian/Pakistani,1 channel,Aloo kay Pakoray Recipe - Unique Style Bread Pakora by Kun Foods (Ramzan Special),https://www.youtube.com/watch?v=LNWwvhpEHjw,-,-
Aloo Kay Samosay Recipe Easy Potato Samosay,Indian/Pakistani,1 channel,Aloo Kay Samosay Recipe Easy Potato Samosay,https://www.youtube.com/watch?v=6rm-hudNCkM,-,-
Aloo Keema Pakora (Potato Mince Fritters) Ramadan Special Recipe,Indian/Pakistani,1 channel,-,-,Aloo Keema Pakora (Potato Mince Fritters) Ramadan Special Recipe by Food Fusion,https://www.youtube.com/watch?v=3SQZ76IjMfs
Aloo ki karahi Recipe,Indian/Pakistani,1 channel,-,-,Aloo ki karahi Recipe by Food Fusion,https://www.youtube.com/watch?v=uaw9NWULtLM
Aloo Ki Katliyan,Indian/Pakistani,1 channel,Aloo Ki Katliyan | Hotel Style Chatpati Spicy Aloo Ki Katli,https://www.youtube.com/watch?v=CnZWJDVNbEA,-,-
Aloo Ki Kheer / potato kheer Recipe,Indian/Pakistani,1 channel,-,-,Aloo Ki Kheer / potato kheer Recipe By Food Fusion,https://www.youtube.com/watch?v=gnyguVr7hkk
Aloo ki tarkari (Halwa puri aloo) recipe,Indian/Pakistani,1 channel,-,-,Aloo ki tarkari (Halwa puri aloo) recipe by food fusion,https://www.youtube.com/watch?v=ZqalkkGG8hc
Aloo kofta Curry recipe,Indian/Pakistani,1 channel,-,-,Aloo kofta Curry recipe By Food Fusion,https://www.youtube.com/watch?v=hHRRaNDax7s
Aloo Lacha,Indian/Pakistani,1 channel,Aloo Lacha | Crispy and Magical Teatime Snacks,https://www.youtube.com/watch?v=Ih-gOb8CJM4,-,-
Aloo Masala Paratha Recipe,Indian/Pakistani,1 channel,-,-,Aloo Masala Paratha Recipe By Food Fusion,https://www.youtube.com/watch?v=u4M-sge4C0c
Aloo Matar Chaap Recipe,Indian/Pakistani,1 channel,-,-,Aloo Matar Chaap Recipe by Food Fusion,https://www.youtube.com/watch?v=PorSoxF2sr8
Aloo Matar  Paratha Recipe,Indian/Pakistani,1 channel,-,-,Aloo Matar  Paratha Recipe by Food Fusion,https://www.youtube.com/watch?v=ahyvfWQZ5dk
Aloo Matar Pulao,Indian/Pakistani,1 channel,Aloo Matar Pulao - Winter Special Matar Pulao,https://www.youtube.com/watch?v=DaDnqsLUptg,-,-
Aloo Matar Pulao With Chicken Shorba Ramadan Special Recipe,Indian/Pakistani,1 channel,-,-,Aloo Matar Pulao With Chicken Shorba Ramadan Special Recipe by Food Fusion,https://www.youtube.com/watch?v=e8aamnD_Nd0
Aloo Methi ki Sabzi Recipe,Indian/Pakistani,1 channel,-,-,Aloo Methi ki Sabzi Recipe by Food Fusion,https://www.youtube.com/watch?v=zPo3LawfXac
Aloo Methi Paratha Recipe,Indian/Pakistani,1 channel,-,-,Aloo Methi Paratha Recipe by Food Fusion,https://www.youtube.com/watch?v=eCU8WnWOGEE
Aloo Papri 👉Make and Store Ramadan Special Recipe,Indian/Pakistani,1 channel,-,-,Aloo Papri 👉Make and Store Ramadan Special Recipe by Food Fusion,https://www.youtube.com/watch?v=BOPdWq4ONa8
Aloo Pulao,Indian/Pakistani,1 channel,"Aloo Pulao Recipe - Simple, Easy, Cheap Ramzan Special",https://www.youtube.com/watch?v=1DAGC-0PtfQ,-,-
Aloo Puri recipe,Indian/Pakistani,1 channel,-,-,Aloo Puri recipe by Food Fusion,https://www.youtube.com/watch?v=5GMCq8xRXSw
Aloo Pyaz Ki Kachori,Indian/Pakistani,1 channel,-,-,Aloo Pyaz Ki Kachori | Ramzan Special | By Food Fusion,https://www.youtube.com/watch?v=oHen77jTupc
"Aloo Samosa Chaat Recipe || Samosay, Chanay Gravy, Red Meethi Chutney",Indian/Pakistani,1 channel,"Aloo Samosa Chaat Recipe || Samosay, Chanay Gravy, Red Meethi Chutney",https://www.youtube.com/watch?v=aUieiddJjH8,-,-
Aloo Samosa Recipe By Food Fusion (Ramzan Special Recipe),Indian/Pakistani,1 channel,-,-,Aloo Samosa Recipe By Food Fusion (Ramzan Special Recipe),https://www.youtube.com/watch?v=RWWkES72DRQ
Aloo Samosa Recipes Ramadan Special,Indian/Pakistani,1 channel,-,-,6 Amazing Aloo Samosa Recipes Ramadan Special by Food Fusion,https://www.youtube.com/watch?v=DwzTPqLzwJE
Aloo Samosa Rolls Recipe || Easy Iftar,Indian/Pakistani,1 channel,Aloo Samosa Rolls Recipe || Easy Iftar Recipe,https://www.youtube.com/watch?v=LpU_h6had04,-,-
Aloo Samosay,Indian/Pakistani,1 channel,Aloo Samosay Recipe | Easy Step by Step Crispy Potato Samosa (Better),https://www.youtube.com/watch?v=f3rUoH0F_vA,-,-
Aloo Soya Tarkari with Masala Paratha Recipes By Food Fusion (Sehri Special Recipe),Indian/Pakistani,1 channel,-,-,Aloo Soya Tarkari with Masala Paratha Recipes By Food Fusion (Sehri Special Recipe),https://www.youtube.com/watch?v=-Qu4X8Bu-2k
Aloo Tikka Masala Recipe,Indian/Pakistani,1 channel,-,-,Aloo Tikka Masala Recipe By Food Fusion,https://www.youtube.com/watch?v=crwjDnXmXgU
Aloo Tikki Burger Recipe || Cheapest Burger of McDonalds,Continental,1 channel,Aloo Tikki Burger Recipe || Cheapest Burger of McDonalds,https://www.youtube.com/watch?v=b6gLD7q76pU,-,-
Aloo Tikki Chaat in Onion Cups Recipe,Indian/Pakistani,1 channel,-,-,Aloo Tikki Chaat in Onion Cups Recipe By Food Fusion,https://www.youtube.com/watch?v=7EVdVDrR__Y
Aloo Tuk Chaat Recipe For Ramazan,Indian/Pakistani,1 channel,-,-,Aloo Tuk Chaat Recipe For Ramazan  by Food Fusion,https://www.youtube.com/watch?v=miLpmsO79mQ
Aloo Turai Bhujia and Arvi Bhujia Recipe,Indian/Pakistani,1 channel,-,-,Aloo Turai Bhujia and Arvi Bhujia Recipe By Food Fusion,https://www.youtube.com/watch?v=TnsAfl54u0I
Aloo Wala Naan at Home,Indian/Pakistani,1 channel,Aloo Wala Naan at Home,https://www.youtube.com/watch?v=obLfxAevS7E,-,-
Amazing Bread Sandwich Pakora Recipe (On Tawa & Stove top Sandwich Maker),Continental,1 channel,-,-,Amazing Bread Sandwich Pakora Recipe (On Tawa & Stove top Sandwich Maker) by Food Fusion,https://www.youtube.com/watch?v=ZPBQV6NRroo
Anda Cheese Paratha Recipe,Indian/Pakistani,1 channel,-,-,Anda Cheese Paratha Recipe by Food Fusion,https://www.youtube.com/watch?v=uPWD-TsJ8Ys
Anda Choley Dum Biryani Recipe,Indian/Pakistani,1 channel,-,-,Anda Choley Dum Biryani Recipe By Food Fusion,https://www.youtube.com/watch?v=-pOpebZsKT4
Anda Ghotala Recipe,Indian/Pakistani,1 channel,-,-,Anda Ghotala Recipe By Food Fusion,https://www.youtube.com/watch?v=9kupBe0qi5k
Anda Malai Biryani Recipe,Indian/Pakistani,1 channel,-,-,Anda Malai Biryani Recipe by Food Fusion,https://www.youtube.com/watch?v=hVUSNlgZBrQ
Anda Masala Recipe,Indian/Pakistani,1 channel,-,-,Anda Masala Recipe By Food Fusion,https://www.youtube.com/watch?v=1oKZ3b62aew
Anda Paratha Wrap Recipe,Indian/Pakistani,1 channel,-,-,Anda Paratha Wrap Recipe by Food Fusion,https://www.youtube.com/watch?v=ORweiQ9yyhw
Anda Shami Burger,Continental,1 channel,Anda Shami Burger - Anday Wala Burger Commercial Recipe With Three Sauces - Egg Shami Bun Kabab,https://www.youtube.com/watch?v=wykQ9RtaMyg,-,-
Anda Tawa Malai Masala Recipe,Indian/Pakistani,1 channel,-,-,Anda Tawa Malai Masala Recipe By Food Fusion,https://www.youtube.com/watch?v=4IGjkRPeJ4U
Ande Aalo Cholay Recipe,Indian/Pakistani,1 channel,-,-,Ande Aalo Cholay Recipe By Food Fusion,https://www.youtube.com/watch?v=BacHvXK7gu8
Ande Ka halwa (Egg dessert) recipe,Indian/Pakistani,1 channel,-,-,Ande Ka halwa (Egg dessert) recipe by Food Fusion,https://www.youtube.com/watch?v=iPG5EDN0Efw
Andon ki Piyosi (Mithai) Recipe,Indian/Pakistani,1 channel,-,-,Andon ki Piyosi (Mithai) Recipe By Food Fusion,https://www.youtube.com/watch?v=WYqjs2y3sYw
Angaari Matka Salan Special Ramzan Recipe,Indian/Pakistani,1 channel,-,-,Angaari Matka Salan Special Ramzan Recipe By Food Fusion,https://www.youtube.com/watch?v=JZ-VSozYwv4
Angoori Rasmalai Recipe,Indian/Pakistani,1 channel,-,-,Angoori Rasmalai Recipe by Food Fusion,https://www.youtube.com/watch?v=MzwJUVcJ5qk
Antioxidant Pomegranate & Strawberry Iced Green Tea Recipe,Indian/Pakistani,1 channel,-,-,Antioxidant Pomegranate & Strawberry Iced Green Tea Recipe By Food Fusion,https://www.youtube.com/watch?v=8zTXPhNMnHQ
Apple Cinnamon Coffee Cake Recipe,Continental,1 channel,-,-,Apple Cinnamon Coffee Cake Recipe By Food Fusion,https://www.youtube.com/watch?v=ak1liYIJoso
Apple Cinnamon Iced Green Tea Recipe,Indian/Pakistani,1 channel,-,-,Apple Cinnamon Iced Green Tea Recipe By Food Fusion,https://www.youtube.com/watch?v=3I2klHZuzkY
Apple Cinnamon Tea Cake Recipe,Continental,1 channel,-,-,Apple Cinnamon Tea Cake Recipe by Food Fusion,https://www.youtube.com/watch?v=wmaB2xgXUBI
Apple  Custard Kheer Recipe By Food Fusion (Ramzan Special Recipe),Indian/Pakistani,1 channel,-,-,Apple  Custard Kheer Recipe By Food Fusion (Ramzan Special Recipe),https://www.youtube.com/watch?v=7zKxNRQJpuM
Apple Mint Iced Green Tea Recipe,Indian/Pakistani,1 channel,-,-,Apple Mint Iced Green Tea Recipe by Food Fusion,https://www.youtube.com/watch?v=NIqRWeC80zI
Apple Murabba (Saib Ka Murabba) Recipe,Indian/Pakistani,1 channel,-,-,Apple Murabba (Saib Ka Murabba) Recipe By Food Fusion,https://www.youtube.com/watch?v=O3N-RjY702Q
Apple Sharbat 👉Iftar Drink Recipe,Indian/Pakistani,1 channel,-,-,Apple Sharbat 👉Iftar Drink Recipe by Food Fusion,https://www.youtube.com/watch?v=-skWxlepT2Y
Apricot and Mulberry Shake Recipe By Food Fusion Travel Series Recipe Episode 9,Indian/Pakistani,1 channel,-,-,Apricot and Mulberry Shake Recipe By Food Fusion Travel Series Recipe Episode 9,https://www.youtube.com/watch?v=b999I0bnIKk
Apricot Delight/ Khubani ka Trifle,Indian/Pakistani,1 channel,-,-,Apricot Delight/ Khubani ka Trifle - Eid Dessert Recipe by Food Fusion,https://www.youtube.com/watch?v=PjczO-jdgn4
Apricot Jam (Hunza Special) Recipe,Indian/Pakistani,1 channel,-,-,Apricot Jam (Hunza Special) Recipe By Food Fusion,https://www.youtube.com/watch?v=whdg5NwkTNE
Arabian Luqaimat (Crispy Sweet Balls) Recipe,Indian/Pakistani,1 channel,-,-,Arabian Luqaimat (Crispy Sweet Balls) Recipe by Food Fusion,https://www.youtube.com/watch?v=CJwVS3xQXWo
Arabian Pudding Ramadan Special Recipe,Indian/Pakistani,1 channel,-,-,Arabian Pudding Ramadan Special Recipe by Food Fusion,https://www.youtube.com/watch?v=aTjLQiTsHEA
Arabian Rice Recipe (KFC Style),Continental,1 channel,-,-,Arabian Rice Recipe (KFC Style) By Food Fusion,https://www.youtube.com/watch?v=wCBZk7GIdXg
Arabian rice with Popcorn Chicken(KFC Style)  Recipe,Continental,1 channel,-,-,Arabian rice with Popcorn Chicken(KFC Style)  Recipe By Food FUsion,https://www.youtube.com/watch?v=lUZA1sYKfTc
Arabic Champagne,Arabic/Mediterranean,1 channel,-,-,Arabic Champagne - Halal Saudi Champagne Recipe by Food Fusion,https://www.youtube.com/watch?v=Sda9Ljt3-q4
Arabic Chicken Shorba Recipe,Arabic/Mediterranean,1 channel,-,-,Arabic Chicken Shorba Recipe by Food Fusion,https://www.youtube.com/watch?v=equc07nOnGI
Arabic Mutton Biryani,Arabic/Mediterranean,1 channel,-,-,Arabic Mutton Biryani - Fusion Recipe By Food Fusion,https://www.youtube.com/watch?v=eWe1Mjzvf9w
Arabic Mutton Majboos  Recipe By Food Fusion (Bakra Eid Special),Arabic/Mediterranean,1 channel,-,-,Arabic Mutton Majboos  Recipe By Food Fusion (Bakra Eid Special),https://www.youtube.com/watch?v=SDP0ONI351Y
Arabic Mutton Mandi,Arabic/Mediterranean,1 channel,-,-,Arabic Mutton Mandi - Bakra Eid Special Recipe by Food Fusion,https://www.youtube.com/watch?v=lJ4sscPiqQI
Arabic Paratha Pockets with Frozen Paratha Recipe By Food Fusion (Sehri Special),Arabic/Mediterranean,1 channel,-,-,Arabic Paratha Pockets with Frozen Paratha Recipe By Food Fusion (Sehri Special),https://www.youtube.com/watch?v=DRb_fKVRMio
Arabic Paratha Street Style Recipe,Arabic/Mediterranean,1 channel,-,-,Arabic Paratha Street Style Recipe by Food Fusion,https://www.youtube.com/watch?v=oF_0Iwsapds
Arabic Shawarma,Arabic/Mediterranean,1 channel,Arabic Shawarma Recipe | Restaurant Style Arabic Shawarma | Tahini Sauce and Bread (Complete Recipe),https://www.youtube.com/watch?v=6TNBPAZI0Yg,-,-
Are they shutting down Food Fusion?,Indian/Pakistani,1 channel,-,-,Are they shutting down Food Fusion?,https://www.youtube.com/watch?v=hlIlUoIYPp0
Are you ready for Food Fusion Meetup,Indian/Pakistani,1 channel,-,-,Are you ready for Food Fusion Meetup,https://www.youtube.com/watch?v=_tSOb2Vmc2E
Arhar Daal Chawal Combo with Chutney & Chips Recipe,Indian/Pakistani,1 channel,-,-,Arhar Daal Chawal Combo with Chutney & Chips Recipe By Food Fusion,https://www.youtube.com/watch?v=mnraw7SnbfI
Array wah special,Indian/Pakistani,1 channel,-,-,Array wah special - Meet the person who says array wahh in Food Fusion,https://www.youtube.com/watch?v=GJP_7cUE9cQ
Arvi gosht (Taro Root)  recipe,Indian/Pakistani,1 channel,-,-,Arvi gosht (Taro Root)  recipe by food fusion,https://www.youtube.com/watch?v=qd4ck6Scq38
Assorted Cookies (Bakery style butter biscuits) Recipe,Indian/Pakistani,1 channel,-,-,Assorted Cookies (Bakery style butter biscuits) Recipe by Food Fusion,https://www.youtube.com/watch?v=BrgNsblcaOA
Atta Nankhatai without Oven Recipe,Indian/Pakistani,1 channel,-,-,Atta Nankhatai without Oven Recipe By Food Fusion,https://www.youtube.com/watch?v=wprLl00nf8Y
Atta Qeema Samosa Recipe By Food Fusion (Ramazan Special Recipe),Indian/Pakistani,1 channel,-,-,Atta Qeema Samosa Recipe By Food Fusion (Ramazan Special Recipe),https://www.youtube.com/watch?v=CQDJ1odbd3g
Atta tandoori roti on tawa,Indian/Pakistani,1 channel,Atta tandoori roti on tawa - hotel style | homemade whole wheat tandoori roti without tandoor,https://www.youtube.com/watch?v=xUb9Y4gkQQo,-,-
Attabad Lake Hunza Travel Series Vlog Part 3,Indian/Pakistani,1 channel,-,-,Attabad Lake Hunza - Food Fusion Travel Series Vlog Part 3,https://www.youtube.com/watch?v=fEytbd6OAwE
Au Gratin Potatoes Recipe,Indian/Pakistani,1 channel,-,-,Au Gratin Potatoes Recipe By Food Fusion,https://www.youtube.com/watch?v=6vDtkaWstAM
Aubergine (Eggplant) Meatballs Recipe,Continental,1 channel,-,-,Aubergine (Eggplant) Meatballs Recipe By Food Fusion,https://www.youtube.com/watch?v=FQfEYNdxZgs
Authentic Cheese Kunafa Recipe,Arabic/Mediterranean,1 channel,-,-,Authentic Cheese Kunafa Recipe by Food Fusion,https://www.youtube.com/watch?v=9jZLvjma_bc
Authentic Chicken Korma,Indian/Pakistani,1 channel,1kg Authentic Chicken Korma Recipe - Original Karachi Style Recipe,https://www.youtube.com/watch?v=qRW-dZK4CGI,-,-
Authentic Fish Fry Besan Wali,Indian/Pakistani,1 channel,Authentic Fish Fry Besan Wali - Original Lahori Style Fish Fry,https://www.youtube.com/watch?v=r_TvYhLkBNw,-,-
Authentic Grandma's Sil Batta Shami Kabab Recipe without chopper,Indian/Pakistani,1 channel,-,-,Authentic Grandma's Sil Batta Shami Kabab Recipe without chopper by Food Fusion,https://www.youtube.com/watch?v=avcCbVDT_7s
Authentic Karachi Korma,Indian/Pakistani,1 channel,Authentic Karachi Korma Recipe - Easy Step by Step Korma Recipe,https://www.youtube.com/watch?v=c53CLCbb75s,-,-
Authentic Mandi,Arabic/Mediterranean,1 channel,Authentic Mandi Recipe - Iftar kay liye Full Goat Mandi Bana Di,https://www.youtube.com/watch?v=-J-8l2lzpSc,-,-
Authentic Mutton Paye Recipe,Indian/Pakistani,1 channel,-,-,Authentic Mutton Paye Recipe by Food Fusion,https://www.youtube.com/watch?v=gOs7dSZvR4s
Authentic Punjabi Samosa Ramadan Special Recipe,Indian/Pakistani,1 channel,-,-,Authentic Punjabi Samosa Ramadan Special Recipe by Food Fusion,https://www.youtube.com/watch?v=IKvLIgZW6PU
Ayam Penyet Pedas / Indonesian Spicy smacked down Chicken Recipe,Indian/Pakistani,1 channel,-,-,Ayam Penyet Pedas / Indonesian Spicy smacked down Chicken Recipe by Food Fusion,https://www.youtube.com/watch?v=NU9WoWF1ARI
Baba Ganoush 3 Ways Recipe,Indian/Pakistani,1 channel,-,-,Baba Ganoush 3 Ways Recipe By Food Fusion,https://www.youtube.com/watch?v=wr59ZkHX33k
Bachelor Biryani || Super Easy and Delicious (1 Pot Recipe),Indian/Pakistani,1 channel,Bachelor Biryani || Super Easy and Delicious (1 Pot Recipe),https://www.youtube.com/watch?v=8DKIzxw1YT4,-,-
Bachka 2 Ways (matar and gobi) Recipe,Indian/Pakistani,1 channel,-,-,Bachka 2 Ways (matar and gobi) Recipe By Food Fusion,https://www.youtube.com/watch?v=RUpTXh0sOa8
Back to School Lunch box Recipes Collection 1,Indian/Pakistani,1 channel,-,-,Back to School Lunch box Recipes Collection 1 By Food Fusion,https://www.youtube.com/watch?v=_xBAbncDuMY
Back to School Lunch box Recipes Collection 2,Indian/Pakistani,1 channel,-,-,Back to School Lunch box Recipes Collection 2 By Food Fusion,https://www.youtube.com/watch?v=SxOifUl-f4A
Back to School Lunch box Recipes Collection 3,Indian/Pakistani,1 channel,-,-,Back to School Lunch box Recipes Collection 3 By Food Fusion,https://www.youtube.com/watch?v=v20SVf-gsMg
Back to School Lunch box Recipes Collection 4,Indian/Pakistani,1 channel,-,-,Back to School Lunch box Recipes Collection 4 By Food Fusion,https://www.youtube.com/watch?v=TCVKHzOzcl4
Badam ka Sharbat Recipe By Food Fusion ( Make & Store Ramzan Recipes),Indian/Pakistani,1 channel,-,-,Badam ka Sharbat Recipe By Food Fusion ( Make & Store Ramzan Recipes),https://www.youtube.com/watch?v=muO2AP1Xg1U
Badam Milk Recipe / Almond Milk,Indian/Pakistani,1 channel,Badam Milk Recipe / Almond Milk - Healthy Ramzan Special Drink Badam Milkshake,https://www.youtube.com/watch?v=ht4EiZVgmzU,-,-
Badami Chicken,Indian/Pakistani,1 channel,Badami Chicken - Chatkhara Chicken Roast Recipe,https://www.youtube.com/watch?v=UxaLAQeKxsE,-,-
Badami Kheer with Puri Recipe,Indian/Pakistani,1 channel,-,-,Badami Kheer with Puri Recipe By Food Fusion,https://www.youtube.com/watch?v=NkzFZ7xP4dM
Badami Sagudana Sharbat,Indian/Pakistani,1 channel,-,-,Badami Sagudana Sharbat - Ramazan Special  Recipe by Food Fusion,https://www.youtube.com/watch?v=VkNwt-Rl_dw
Bagharay Kabab Recipe By Food Fusion (Ramzan Special),Indian/Pakistani,1 channel,-,-,Bagharay Kabab Recipe By Food Fusion (Ramzan Special),https://www.youtube.com/watch?v=O2gvdiDZ_7o
Baguette Breakfast Egg Boats Recipe,Indian/Pakistani,1 channel,-,-,Baguette Breakfast Egg Boats Recipe By Food Fusion,https://www.youtube.com/watch?v=iuVe3ST5edU
Baguette Omelette Recipe,Continental,1 channel,-,-,Baguette Omelette Recipe By Food Fusion,https://www.youtube.com/watch?v=UNr0zYWStF0
Baida Roti Ramzan Special Recipe,Indian/Pakistani,1 channel,-,-,Baida Roti Ramzan Special Recipe By Food Fusion,https://www.youtube.com/watch?v=_U51fh3tOMM
Baingan koftay Ka Salan Recipe,Indian/Pakistani,1 channel,-,-,Baingan koftay Ka Salan Recipe By Food Fusion,https://www.youtube.com/watch?v=fuXj_XY1Ne4
Baingan Matar ki Sabzi,Indian/Pakistani,1 channel,-,-,Baingan Matar ki Sabzi - Recipe by Food Fusion,https://www.youtube.com/watch?v=WWi6jcEOCCo
Baingan Recipes,Indian/Pakistani,1 channel,-,-,5 Amazing Baingan Recipes by Food Fusion,https://www.youtube.com/watch?v=pXJ-sisctC4
Baingan with Dahi (Eggplant with Yogurt) Recipe,Indian/Pakistani,1 channel,-,-,Baingan with Dahi (Eggplant with Yogurt) Recipe By Food Fusion,https://www.youtube.com/watch?v=CMp6QkpfQt8
Baisan Chicken Recipe,Indian/Pakistani,1 channel,-,-,Baisan Chicken Recipe By Food Fusion,https://www.youtube.com/watch?v=yAGk646fj1g
Baisan Ke Laddu Recipe,Indian/Pakistani,1 channel,-,-,Baisan Ke Laddu Recipe By Food Fusion,https://www.youtube.com/watch?v=8V4Kc1I_RBc
Baisan Laddu Halwai Style Recipe,Indian/Pakistani,1 channel,-,-,Baisan Laddu Halwai Style Recipe by Food Fusion,https://www.youtube.com/watch?v=_-KKGEIawTc
Baisan Ladoo Ice Cream Recipe by Food Fusion (Summer Special),Indian/Pakistani,1 channel,-,-,Baisan Ladoo Ice Cream Recipe by Food Fusion (Summer Special),https://www.youtube.com/watch?v=Yc-UB-N8iV4
Baisan Potato Squares,Indian/Pakistani,1 channel,-,-,Baisan Potato Squares - Ramadan Special Recipe by Food Fusion,https://www.youtube.com/watch?v=zrUwMee9_7w
Bajiya,Indian/Pakistani,1 channel,-,-,Bajiya - A Fusion of lentils (Daal) by Food Fusion #Ramzan Recipe,https://www.youtube.com/watch?v=96FVpWhwbOo
Bajra Puri Recipe,Indian/Pakistani,1 channel,-,-,Bajra Puri Recipe By Food Fusion,https://www.youtube.com/watch?v=aBjO1tnXAFQ
Bajre kay Kabab Recipe,Indian/Pakistani,1 channel,-,-,Bajre kay Kabab Recipe By Food Fusion,https://www.youtube.com/watch?v=uyNc1VSRJkU
Bajre ki Roti with Thecha (Hari Mirch Mong Phali Chutney) Winter Special Recipe,Indian/Pakistani,1 channel,-,-,Bajre ki Roti with Thecha (Hari Mirch Mong Phali Chutney) Winter Special Recipe by Food Fusion,https://www.youtube.com/watch?v=vTdi5pkIyUw
Baked & Air Fried Chicken Tender pops,Indian/Pakistani,1 channel,-,-,Baked & Air Fried Chicken Tender pops By Food Fusion,https://www.youtube.com/watch?v=OjQ9KG8Aks0
Baked Alaska Cake Recipe By Food Fusion (Eid Special),Continental,1 channel,-,-,Baked Alaska Cake Recipe By Food Fusion (Eid Special),https://www.youtube.com/watch?v=Ds1xjmHhXno
Baked Custard With Stevia Recipe,Indian/Pakistani,1 channel,-,-,Baked Custard With Stevia Recipe By Food Fusion,https://www.youtube.com/watch?v=olpeyMnfdvI
Baked Macaroni with Cheese Recipe,Continental,1 channel,-,-,Baked Macaroni with Cheese Recipe by Food Fusion,https://www.youtube.com/watch?v=vumiSuHdL4g
Bakery Biscuits Without Oven Recipe by Food Fusion (Ramzan Special),Indian/Pakistani,1 channel,-,-,Bakery Biscuits Without Oven Recipe by Food Fusion (Ramzan Special),https://www.youtube.com/watch?v=R195Yue20ow
Bakery Favorites you can make at home,Indian/Pakistani,1 channel,-,-,Bakery Favorites you can make at home by Food Fusion,https://www.youtube.com/watch?v=187s49qAZLI
Bakery Gulab Jamun,Indian/Pakistani,1 channel,Bakery Gulab Jamun - 20 Gulab Jamun with 1cup Milk Powder,https://www.youtube.com/watch?v=S88NPz1eRj4,-,-
Bakery Style Burger Recipe,Continental,1 channel,-,-,Bakery Style Burger Recipe By Food Fusion,https://www.youtube.com/watch?v=kAcma85CmIg
Bakery Style Chicken Egg Rolls Recipe,Indian/Pakistani,1 channel,-,-,Bakery Style Chicken Egg Rolls Recipe By Food Fusion,https://www.youtube.com/watch?v=rmTVY-LM54E
Bakery Style Chocolate Milk Cake Eid Special Recipe,Continental,1 channel,-,-,Bakery Style Chocolate Milk Cake Eid Special Recipe By Food Fusion,https://www.youtube.com/watch?v=uQsVpRWMCfE
Bakery Style Coconut Cake Recipe,Continental,1 channel,-,-,Bakery Style Coconut Cake Recipe By Food Fusion,https://www.youtube.com/watch?v=6yMjjobjI5g
Bakery style Drumsticks,Indian/Pakistani,1 channel,-,-,Bakery style Drumsticks - Ramzan Special Recipe by Food Fusion,https://www.youtube.com/watch?v=_H1et9N2pCw
Bakery Style Keema Samosa with Special Chutney,Indian/Pakistani,1 channel,Bakery Style Keema Samosa with Special Chutney,https://www.youtube.com/watch?v=2INubrPMxjk,-,-
Bakery Style Reshaydar Shami Kabab without Chopper,Indian/Pakistani,1 channel,-,-,Bakery Style Reshaydar Shami Kabab without Chopper - Make & Freeze Recipe by Food Fusion,https://www.youtube.com/watch?v=3cXsXnoaRtg
Bakhlava From Homemade Phyllo Dough Recipe,Indian/Pakistani,1 channel,-,-,Bakhlava From Homemade Phyllo Dough Recipe by Food Fusion,https://www.youtube.com/watch?v=c78lPmOTUf4
Baking Ovens,Indian/Pakistani,1 channel,-,-,Baking Ovens  - The ultimate Guide By Food Fusion (Must watch before you buy),https://www.youtube.com/watch?v=UZJUwX-HfNw
Baklava With Puff Pastry recipe,Arabic/Mediterranean,1 channel,-,-,Baklava With Puff Pastry recipe By Food Fusion,https://www.youtube.com/watch?v=ElbcAJaP8xA
Bakra Eid Dawat Special Recipes,Indian/Pakistani,1 channel,-,-,Bakra Eid Dawat Special Recipes by Food Fusion,https://www.youtube.com/watch?v=UwTfQJ65nP4
Bakra Eid in Dubai,Indian/Pakistani,1 channel,Bakra Eid in Dubai,https://www.youtube.com/watch?v=O_S4s_8-0aU,-,-
Bakra Eid Menu Ideas Collection 1,Indian/Pakistani,1 channel,-,-,Bakra Eid Menu Ideas Collection 1 by Food Fusion,https://www.youtube.com/watch?v=bKnmennw9ps
Bakra Eid Menu Ideas Collection 2,Indian/Pakistani,1 channel,-,-,Bakra Eid Menu Ideas Collection 2 by Food Fusion,https://www.youtube.com/watch?v=uQ9RpewnjUY
Bakra Eid Menu Ideas Collection 3 Recipes,Indian/Pakistani,1 channel,-,-,Bakra Eid Menu Ideas Collection 3 Recipes by Food Fusion,https://www.youtube.com/watch?v=uP7VrGqmkVg
Bakra Eid Mutton Dawat Recipes By Food Fusion (Bakra Eid Special),Indian/Pakistani,1 channel,-,-,Bakra Eid Mutton Dawat Recipes By Food Fusion (Bakra Eid Special),https://www.youtube.com/watch?v=a0yUjaZNLME
Bakra Eid Prep & Clean Guide,Indian/Pakistani,1 channel,-,-,Bakra Eid Prep & Clean Guide by Food Fusion,https://www.youtube.com/watch?v=pKwll4-d7no
Bakra Eid Rich & Rustic Recipes,Indian/Pakistani,1 channel,-,-,Bakra Eid Rich & Rustic Recipes by Food Fusion,https://www.youtube.com/watch?v=tVLLDncc3KY
Bakra Eid Special 4 Mutton Chops Recipes,Indian/Pakistani,1 channel,-,-,Bakra Eid Special 4 Mutton Chops Recipes By Food Fusion,https://www.youtube.com/watch?v=6TLsJRThB3g
Bakra Eid Special Beef Recipes,Indian/Pakistani,1 channel,-,-,Bakra Eid Special Beef Recipes By Food Fusion,https://www.youtube.com/watch?v=B5ehVaMpV1o
Bakra Eid Special Beef Recipes 2019,Indian/Pakistani,1 channel,-,-,Bakra Eid Special Beef Recipes 2019 By Food Fusion,https://www.youtube.com/watch?v=5JYvByARPWQ
Bakra Eid Special Budget Recipes Collection 1 By Food Fusion (Bakra Eid Special),Indian/Pakistani,1 channel,-,-,Bakra Eid Special Budget Recipes Collection 1 By Food Fusion (Bakra Eid Special),https://www.youtube.com/watch?v=DKm0ciD5l1g
Bakra Eid Special Budget Recipes Collection 2 By Food Fusion (Bakra Eid Special),Indian/Pakistani,1 channel,-,-,Bakra Eid Special Budget Recipes Collection 2 By Food Fusion (Bakra Eid Special),https://www.youtube.com/watch?v=6H1F14HH4_8
Bakra Eid Special Budget Recipes Collection 3 By Food Fusion (Bakra Eid Special),Indian/Pakistani,1 channel,-,-,Bakra Eid Special Budget Recipes Collection 3 By Food Fusion (Bakra Eid Special),https://www.youtube.com/watch?v=QApR5wg1_Is
Bakra Eid Special Budget Recipes Collection 4 By Food Fusion (Bakra Eid Special),Indian/Pakistani,1 channel,-,-,Bakra Eid Special Budget Recipes Collection 4 By Food Fusion (Bakra Eid Special),https://www.youtube.com/watch?v=HLn-SBDc6Ss
Bakra Eid Special Kabab Recipes,Indian/Pakistani,1 channel,-,-,Bakra Eid Special Kabab Recipes by Food Fusion,https://www.youtube.com/watch?v=tvmjneR0o0I
Bakra Eid Special Karahi Recipes,Indian/Pakistani,1 channel,-,-,Bakra Eid Special Karahi Recipes By Food Fusion,https://www.youtube.com/watch?v=V_xRaWeCl30
Bakra Eid Special Maghaz Recipes,Indian/Pakistani,1 channel,-,-,Bakra Eid Special Maghaz Recipes By Food Fusion,https://www.youtube.com/watch?v=THxPSqvOAD4
Bakra Eid Special Masalydaar Meat Recipes By Food Fusion (Bakra Eid Special recipes),Indian/Pakistani,1 channel,-,-,Bakra Eid Special Masalydaar Meat Recipes By Food Fusion (Bakra Eid Special recipes),https://www.youtube.com/watch?v=Z0IsMdt9Ny4
Bakra Eid Special Mutton Makhni Karahi Recipe,Indian/Pakistani,1 channel,-,-,Bakra Eid Special Mutton Makhni Karahi Recipe by Food Fusion,https://www.youtube.com/watch?v=5aGTnnvPhh0
Bakra Eid Special Mutton Recipes,Indian/Pakistani,1 channel,-,-,Bakra Eid Special Mutton Recipes By Food Fusion,https://www.youtube.com/watch?v=XdaO4RdcZec
Bakra Eid Special Recipes,Indian/Pakistani,1 channel,-,-,Bakra Eid Special Recipes By Food Fusion,https://www.youtube.com/watch?v=KiAVOy7mLhs
Bakra Eid Special Rich & Aromatic Korma Recipes,Indian/Pakistani,1 channel,-,-,Bakra Eid Special Rich & Aromatic Korma Recipes By Food Fusion,https://www.youtube.com/watch?v=45GyNUloiyM
Bakra Mandi Dubai,Non-Recipe/Vlog,1 channel,Bakra Mandi Dubai | Cattle Market Dubai | Bakra khareedny ka mission by Kun Foods,https://www.youtube.com/watch?v=T8NZ28QYaE8,-,-
Balakot to Islamabad and back to Karachi,Indian/Pakistani,1 channel,-,-,Balakot to Islamabad and back to Karachi - Final Episode Food Fusion Travel Series,https://www.youtube.com/watch?v=AkEA9cwo7ww
Balochi Beef Karahi Ramzan Special Recipe,Indian/Pakistani,1 channel,-,-,Balochi Beef Karahi Ramzan Special Recipe By Food Fusion,https://www.youtube.com/watch?v=tyfhDNOalvk
Balochi Beef Tikka Boti Recipe,Indian/Pakistani,1 channel,-,-,Balochi Beef Tikka Boti Recipe by Food Fusion,https://www.youtube.com/watch?v=p-Rs-cg4PBI
Balochi Chicken Tikka Boti Recipe By Food Fusion (Eid Special),Indian/Pakistani,1 channel,-,-,Balochi Chicken Tikka Boti Recipe By Food Fusion (Eid Special),https://www.youtube.com/watch?v=4vPWbp3ajxU
Balochi Fish Fried & Grilled Recipe,Indian/Pakistani,1 channel,-,-,Balochi Fish Fried & Grilled Recipe By Food Fusion,https://www.youtube.com/watch?v=yyT2PmzWkOE
Balochi Fried Fish Recipe,Indian/Pakistani,1 channel,-,-,Balochi Fried Fish Recipe by Food Fusion,https://www.youtube.com/watch?v=_PwXC2c0AS4
Balochi Machli ka Salan Recipe,Indian/Pakistani,1 channel,-,-,Balochi Machli ka Salan Recipe by Food Fusion,https://www.youtube.com/watch?v=eNCtt9hm4A4
Balochi Mutton karahi Recipe By Food Fusion (Bakra Eid Special),Indian/Pakistani,1 channel,-,-,Balochi Mutton karahi Recipe By Food Fusion (Bakra Eid Special),https://www.youtube.com/watch?v=78osGNNmVRg
Balochi Tikka Biryani,Indian/Pakistani,1 channel,-,-,Balochi Tikka Biryani - Eid Special Recipe by Food Fusion,https://www.youtube.com/watch?v=5v6fEUsxGLk
Balochi Tikka Karahi,Indian/Pakistani,1 channel,Balochi Tikka Karahi - Balochi Chicken Karahi Recipe,https://www.youtube.com/watch?v=BHNvqwIuPyo,-,-
Balochi Tikka Recipe,Indian/Pakistani,1 channel,-,-,Balochi Tikka Recipe By Food Fusion,https://www.youtube.com/watch?v=L9RgTR9oMw0
Balti Aloo (Potatoes)Recipe,Indian/Pakistani,1 channel,-,-,Balti Aloo (Potatoes)Recipe By Food Fusion,https://www.youtube.com/watch?v=DbrlVP8idoI
Balushahi Recipe,Indian/Pakistani,1 channel,-,-,Balushahi Recipe By Food Fusion,https://www.youtube.com/watch?v=PV8SD0wTblw
Banana Berry Green Tea Smoothie Recipe,Indian/Pakistani,1 channel,-,-,Banana Berry Green Tea Smoothie Recipe by Food Fusion,https://www.youtube.com/watch?v=W6CFepnd-iY
Banana Bread Fruit Trifle Recipe By Food Fusion (Ramazan Special Recipe),Indian/Pakistani,1 channel,-,-,Banana Bread Fruit Trifle Recipe By Food Fusion (Ramazan Special Recipe),https://www.youtube.com/watch?v=FBzQIcQuKsA
Banana Bread Recipe Recipe,Indian/Pakistani,1 channel,-,-,Banana Bread Recipe Recipe By Food Fusion,https://www.youtube.com/watch?v=2eTFhB5SNuY
Banana Bread Toast Recipe,Indian/Pakistani,1 channel,-,-,Banana Bread Toast Recipe by Food Fusion,https://www.youtube.com/watch?v=iEdN10XScsE
Banana Cream Pie Recipe,Indian/Pakistani,1 channel,-,-,Banana Cream Pie Recipe by Food Fusion,https://www.youtube.com/watch?v=hQc8CyicwVo
Banana Pudding (Magnolia's Bakery Famous Pudding) Recipe,Indian/Pakistani,1 channel,-,-,Banana Pudding (Magnolia's Bakery Famous Pudding) Recipe by Food Fusion,https://www.youtube.com/watch?v=hXzaMZmqYtI
Banana Pudding dessert Recipe,Indian/Pakistani,1 channel,-,-,Banana Pudding dessert Recipe By Food Fusion,https://www.youtube.com/watch?v=9YDgpHQrTZg
Banarasi Gol Kachori Recipe,Indian/Pakistani,1 channel,-,-,Banarasi Gol Kachori Recipe by Food Fusion,https://www.youtube.com/watch?v=OUIAYcbamcs
Band Gobi Keema Recipe,Indian/Pakistani,1 channel,-,-,Band Gobi Keema Recipe By Food Fusion,https://www.youtube.com/watch?v=-d8zUd-E6NA
Bandhani Pasanday kabab Recipe By Food Fusion (Bakra Eid Special),Indian/Pakistani,1 channel,-,-,Bandhani Pasanday kabab Recipe By Food Fusion (Bakra Eid Special),https://www.youtube.com/watch?v=9M6OkBNOXwM
Bang Bang Chicken Pasta Recipe,Continental,1 channel,-,-,Bang Bang Chicken Pasta Recipe By Food Fusion,https://www.youtube.com/watch?v=TfJJAVSzzyw
Bangkok Caramel Toast Recipe,Continental,1 channel,-,-,Bangkok Caramel Toast Recipe by Food Fusion,https://www.youtube.com/watch?v=48K8Vk0BuCU
Bangladeshi Mutton Tahiri Recipe,Indian/Pakistani,1 channel,-,-,Bangladeshi Mutton Tahiri Recipe By Food Fusion,https://www.youtube.com/watch?v=vXV8nmvuFwE
Banjara Gosht Recipe,Indian/Pakistani,1 channel,-,-,Banjara Gosht Recipe By Food Fusion,https://www.youtube.com/watch?v=aaGV6-ENwPk
Bannu Beef Pulao Recipe,Indian/Pakistani,1 channel,-,-,Bannu Beef Pulao Recipe by Food Fusion,https://www.youtube.com/watch?v=GLcst9zXD0U
Banofee Pie Recipe By Food Fusion (Bakra Eid Special),Indian/Pakistani,1 channel,-,-,Banofee Pie Recipe By Food Fusion (Bakra Eid Special),https://www.youtube.com/watch?v=4SgufViwVNQ
Banoffee Ice Cream Sundae EID Special Recipe,Indian/Pakistani,1 channel,-,-,Banoffee Ice Cream Sundae EID Special Recipe by Food Fusion,https://www.youtube.com/watch?v=rmxuSEpf_XM
Banoffee Trifle Paradise Ramadan Special Recipe By Asad Memon,Indian/Pakistani,1 channel,-,-,Banoffee Trifle Paradise Ramadan Special Recipe By Asad Memon-Food Fusion,https://www.youtube.com/watch?v=uR9Oa5OG2tk
Barfi Rolls Recipe,Indian/Pakistani,1 channel,-,-,Barfi Rolls Recipe by Food Fusion,https://www.youtube.com/watch?v=ZDDe1GO3ev0
Barfi Truffles Recipe,Indian/Pakistani,1 channel,-,-,Barfi Truffles Recipe by Food Fusion,https://www.youtube.com/watch?v=WxLurSEo18g
BARFI || Milk Powder Burfi,Indian/Pakistani,1 channel,BARFI || Milk Powder Burfi Recipe,https://www.youtube.com/watch?v=8XYlbX21yUE,-,-
Bari Eid Bari Dawat Recipes,Indian/Pakistani,1 channel,-,-,Bari Eid Bari Dawat Recipes By Food Fusion,https://www.youtube.com/watch?v=dnhK3aHf21c
Barsati Pura,Indian/Pakistani,1 channel,Barsati Pura - آٹے اور شکر سے بنے  میٹھے پوڑے - Sweet Atta Recipe,https://www.youtube.com/watch?v=YvCXNpv32c0,-,-
Basbousa Cake with Almonds & Coconut Recipe,Continental,1 channel,-,-,Basbousa Cake with Almonds & Coconut Recipe Food Fusion,https://www.youtube.com/watch?v=dIjXBK-h7c0
Basbousa Recipe,Indian/Pakistani,1 channel,-,-,Basbousa Recipe By Food Fusion,https://www.youtube.com/watch?v=LP_zxjv1xb0
Basil Beef Fried Rice Recipe,Chinese,1 channel,-,-,Basil Beef Fried Rice Recipe by Food Fusion,https://www.youtube.com/watch?v=5rBz-Psuv54
Basil Chicken Stir fry (Pad Kra Pao) Recipe,Indian/Pakistani,1 channel,-,-,Basil Chicken Stir fry (Pad Kra Pao) Recipe by Food Fusion,https://www.youtube.com/watch?v=n2_ctVjcX9c
Basket Pepper Chicken Ramadan Special Recipe,Indian/Pakistani,1 channel,-,-,Basket Pepper Chicken Ramadan Special Recipe by Food Fusion,https://www.youtube.com/watch?v=1VBYFg5SqIo
Batata Harra ( Lebanese Style Spicy Potatoes) Recipe,Arabic/Mediterranean,1 channel,-,-,Batata Harra ( Lebanese Style Spicy Potatoes) Recipe By Food Fusion,https://www.youtube.com/watch?v=LWC2DDKfA30
Bawarchi Style Chicken Biryani Recipe By Food Fusion (Ramzan Special),Indian/Pakistani,1 channel,-,-,Bawarchi Style Chicken Biryani Recipe By Food Fusion (Ramzan Special),https://www.youtube.com/watch?v=tW-Blq063To
Bawarchi Style Tikka Karahi Recipe,Indian/Pakistani,1 channel,-,-,Bawarchi Style Tikka Karahi Recipe By Food Fusion,https://www.youtube.com/watch?v=r9ZBS9wle-0
Bazar Wali Chicken Kachori,Indian/Pakistani,1 channel,"Bazar Wali Chicken Kachori - No Kneading, No Rolling Effortless Kachori for Iftar",https://www.youtube.com/watch?v=ZW6j3gSi6Io,-,-
BBQ Baingan (brinjal) Ka Bharta  Recipe By Food Fuision,Indian/Pakistani,1 channel,-,-,BBQ Baingan (brinjal) Ka Bharta  Recipe By Food Fuision,https://www.youtube.com/watch?v=qOYz2elD730
BBQ Bihari Boti Recipe,Indian/Pakistani,1 channel,-,-,BBQ Bihari Boti Recipe By Food Fusion,https://www.youtube.com/watch?v=m5C3vK1QyEA
BBQ Chicken Bihari Boti Recipe,Indian/Pakistani,1 channel,-,-,BBQ Chicken Bihari Boti Recipe by Food Fusion,https://www.youtube.com/watch?v=WWo5SCy0jRU
BBQ Chicken Biryani Recipe,Indian/Pakistani,1 channel,-,-,BBQ Chicken Biryani Recipe by Food Fusion,https://www.youtube.com/watch?v=RRDlbRM-bws
BBQ Chicken Boti with Cream & Butter Glaze Recipe,Indian/Pakistani,1 channel,-,-,BBQ Chicken Boti with Cream & Butter Glaze Recipe by Food Fusion,https://www.youtube.com/watch?v=mQXnKpKj7Q4
BBQ Chicken Bread Recipe,Indian/Pakistani,1 channel,-,-,BBQ Chicken Bread Recipe by Food Fusion,https://www.youtube.com/watch?v=4NktSRzSEcA
BBQ Chicken karahi Recipe,Indian/Pakistani,1 channel,-,-,BBQ Chicken karahi Recipe By Food Fusion,https://www.youtube.com/watch?v=gkw6vYb6qXE
BBQ Chicken Mini Crunchwraps Recipe by Food Fusion #DigitalAmmi,Indian/Pakistani,1 channel,-,-,BBQ Chicken Mini Crunchwraps Recipe by Food Fusion #DigitalAmmi,https://www.youtube.com/watch?v=FSPX4DLAJf8
BBQ Chicken Mushroom with Lemon Herb Rice Platter Recipe,Indian/Pakistani,1 channel,-,-,BBQ Chicken Mushroom with Lemon Herb Rice Platter Recipe By Food Fusion,https://www.youtube.com/watch?v=0xBx8WoNwZc
BBQ Club Sandwich Recipe,Continental,1 channel,-,-,BBQ Club Sandwich Recipe by Food Fusion,https://www.youtube.com/watch?v=krzD4sj_vTo
BBQ Kabab Platter Recipe,Indian/Pakistani,1 channel,-,-,BBQ Kabab Platter Recipe By Food Fusion,https://www.youtube.com/watch?v=xxkyNAsm1T0
BBQ Kaleji Recipe,Indian/Pakistani,1 channel,-,-,BBQ Kaleji Recipe By Food Fusion,https://www.youtube.com/watch?v=Cbl7jIMRMxo
BBQ Malai Boti Recipe,Indian/Pakistani,1 channel,-,-,BBQ Malai Boti Recipe By Food Fusion,https://www.youtube.com/watch?v=tdhb8lPrAbg
BBQ Mutton Rice Platter Recipe By Food Fusion (Eid Special),Indian/Pakistani,1 channel,-,-,BBQ Mutton Rice Platter Recipe By Food Fusion (Eid Special),https://www.youtube.com/watch?v=ufEo-MNLxWE
BBQ Party Recipes By Food Fusion (Bakra Eid Special),Indian/Pakistani,1 channel,-,-,BBQ Party Recipes By Food Fusion (Bakra Eid Special),https://www.youtube.com/watch?v=rHZNdrmJgng
BBQ Pulled Beef Naan Buns Recipe,Indian/Pakistani,1 channel,-,-,BBQ Pulled Beef Naan Buns Recipe by Food Fusion,https://www.youtube.com/watch?v=FGXznTa2JRc
BBQ Recipe Collection,Indian/Pakistani,1 channel,-,-,BBQ Recipe Collection by Food Fusion,https://www.youtube.com/watch?v=h1wCX4pDeC8
BBQ Restaurant Style Malai Boti Recipe,Indian/Pakistani,1 channel,-,-,BBQ Restaurant Style Malai Boti Recipe by Food Fusion,https://www.youtube.com/watch?v=ajLJk8ExcsU
"BBQ Sauce, Yogurt sauce and Thousand Island Dressing Recipe",Continental,1 channel,-,-,"BBQ Sauce, Yogurt sauce and Thousand Island Dressing Recipe By Food Fusion",https://www.youtube.com/watch?v=7knX1Rwf-gs
BBQ Shashlik with Garlic Fried Rice Recipe By Food Fusion (RamzanRecipe),Chinese,1 channel,-,-,BBQ Shashlik with Garlic Fried Rice Recipe By Food Fusion (RamzanRecipe),https://www.youtube.com/watch?v=hDZZuARsmfE
BBQ Spicy Grilled Fish Recipe,Indian/Pakistani,1 channel,-,-,BBQ Spicy Grilled Fish Recipe By Food Fusion,https://www.youtube.com/watch?v=d_Rov85ZSN0
BBQ Tandoori Chicken Gravy Recipe by Asad Memon,Indian/Pakistani,1 channel,-,-,BBQ Tandoori Chicken Gravy Recipe by Asad Memon Food Fusion,https://www.youtube.com/watch?v=YvOylS5g0e8
Beef & Mushroom Stuffed Naan Recipe By Food Fusion (Bakra Eid Special),Indian/Pakistani,1 channel,-,-,Beef & Mushroom Stuffed Naan Recipe By Food Fusion (Bakra Eid Special),https://www.youtube.com/watch?v=tAISgpKzx5o
Beef Afghani Boti Recipe,Arabic/Mediterranean,1 channel,-,-,Beef Afghani Boti Recipe By Food Fusion,https://www.youtube.com/watch?v=zMWgZcZNhwU
Beef Bihari Kabab Recipe By Food Fusion (Eid Recipe),Indian/Pakistani,1 channel,-,-,Beef Bihari Kabab Recipe By Food Fusion (Eid Recipe),https://www.youtube.com/watch?v=BWhGoGGLW94
Beef Bihari Masala Gravy Recipe By Food Fusion (Ramzan Special),Indian/Pakistani,1 channel,-,-,Beef Bihari Masala Gravy Recipe By Food Fusion (Ramzan Special),https://www.youtube.com/watch?v=PNSZPksn8Q0
Beef Biryani,Indian/Pakistani,1 channel,Beef Biryani Recipe | Perfect Beef Biryani with Genuine Spices for Eid  (Spicy and Tender),https://www.youtube.com/watch?v=yftv_cWbXys,-,-
Beef Biryani Recipe,Indian/Pakistani,1 channel,-,-,Beef Biryani Recipe By Food Fusion,https://www.youtube.com/watch?v=jF_UjqsCOf0
Beef Boneless Butter Handi,Indian/Pakistani,1 channel,Beef Boneless Butter Handi | Easy 5 Min Recipe | KUN Foods,https://www.youtube.com/watch?v=hR7BfPXA0iA,-,-
Beef Brain Masala with 2 Brain Cleaning Methods Recipe,Indian/Pakistani,1 channel,-,-,Beef Brain Masala with 2 Brain Cleaning Methods Recipe by Food Fusion,https://www.youtube.com/watch?v=Lm_bbaCBgiQ
Beef Burger Patty,Continental,1 channel,Beef Burger Patty Recipe,https://www.youtube.com/watch?v=VCLNB-C_-ig,-,-
Beef Burger with Fusion Sauce Recipe  by Food Fusion (Eid Recipe),Continental,1 channel,-,-,Beef Burger with Fusion Sauce Recipe  by Food Fusion (Eid Recipe),https://www.youtube.com/watch?v=PQFxh-UDm9A
Beef Casserole 2 Ways Recipe By Food Fusion (Bakra Eid Special),Indian/Pakistani,1 channel,-,-,Beef Casserole 2 Ways Recipe By Food Fusion (Bakra Eid Special),https://www.youtube.com/watch?v=ftvO4BJQYUo
Beef Chili Dry Recipe by Food Fusion (Eid Recipe),Indian/Pakistani,1 channel,-,-,Beef Chili Dry Recipe by Food Fusion (Eid Recipe),https://www.youtube.com/watch?v=EfRh182V8X0
Beef Chili Recipe,Indian/Pakistani,1 channel,-,-,Beef Chili Recipe By Food Fusion,https://www.youtube.com/watch?v=RROFES8Qsgc
Beef Chow Mein Recipe,Chinese,1 channel,-,-,Beef Chow Mein Recipe by Food Fusion,https://www.youtube.com/watch?v=m51uv0LjGZ8
Beef Curry Puffs Recipe,Indian/Pakistani,1 channel,-,-,Beef Curry Puffs Recipe by Food Fusion,https://www.youtube.com/watch?v=c615D62RvjM
Beef Cutlets Recipe By Food Fusion (Ramzan Special),Indian/Pakistani,1 channel,-,-,Beef Cutlets Recipe By Food Fusion (Ramzan Special),https://www.youtube.com/watch?v=IscOShmkKU0
Beef Degi Haleem Recipe by Asad Memon,Indian/Pakistani,1 channel,-,-,Beef Degi Haleem Recipe by Asad Memon-Food Fusion,https://www.youtube.com/watch?v=BRz7gTZYXv8
Beef Degi Korma Recipe,Indian/Pakistani,1 channel,-,-,Beef Degi Korma Recipe By Food Fusion,https://www.youtube.com/watch?v=y2EES8_Nl-Y
Beef Fry Boti,Indian/Pakistani,1 channel,Beef Fry Boti - Chatkhara Fry Boti Eid Special,https://www.youtube.com/watch?v=GGonBmKiCK0,-,-
Beef Galawati Kabab Recipe,Indian/Pakistani,1 channel,-,-,Beef Galawati Kabab Recipe By Food Fusion,https://www.youtube.com/watch?v=uvSad4oJD0I
Beef Gola Kabab Restaurant Style at Home,Indian/Pakistani,1 channel,Beef Gola Kabab Restaurant Style at Home,https://www.youtube.com/watch?v=mhR2pz3nHXs,-,-
Beef Kabab 4 ways Recipes,Indian/Pakistani,1 channel,-,-,Beef Kabab 4 ways Recipes By Food Fusion,https://www.youtube.com/watch?v=fc8pnsKDY60
Beef Kabab Shawarma Recipe,Arabic/Mediterranean,1 channel,-,-,Beef Kabab Shawarma Recipe By Food Fusion,https://www.youtube.com/watch?v=rZisbmPknhU
Beef Kaleji Tawa Masala Recipe By Food Fusion (Bakra Eid Special),Indian/Pakistani,1 channel,-,-,Beef Kaleji Tawa Masala Recipe By Food Fusion (Bakra Eid Special),https://www.youtube.com/watch?v=IAZVx8Nwiu0
Beef Karahi,Indian/Pakistani,1 channel,Beef Karahi - Professional Recipe,https://www.youtube.com/watch?v=1SZdo7iXrUA,-,-
Beef Keema Biryani Recipe,Indian/Pakistani,1 channel,-,-,Beef Keema Biryani Recipe  By Food Fusion,https://www.youtube.com/watch?v=dyn15W4Wi_M
Beef Khaosuey Recipe,Indian/Pakistani,1 channel,-,-,Beef Khaosuey Recipe By Food Fusion,https://www.youtube.com/watch?v=3JrcziXZjcU
Beef Khichra Recipe,Indian/Pakistani,1 channel,-,-,Beef Khichra Recipe By Food Fusion,https://www.youtube.com/watch?v=rs55Iw2Hnm8
Beef Kofta Curry,Indian/Pakistani,1 channel,Beef Kofta Curry Recipe | How to make soft kofta? نرم کوفتے کیسے بنائیں,https://www.youtube.com/watch?v=nkCyDL7zVns,-,-
Beef Kofta Matar Biryani Recipe,Indian/Pakistani,1 channel,-,-,Beef Kofta Matar Biryani Recipe By Food Fusion,https://www.youtube.com/watch?v=DwXBFAoJokQ
Beef Lasagna Recipe,Continental,1 channel,-,-,Beef Lasagna Recipe by Food Fusion,https://www.youtube.com/watch?v=uMhq9ZiwjRk
Beef Malai Boti Biryani Recipe,Indian/Pakistani,1 channel,-,-,Beef Malai Boti Biryani Recipe By Food Fusion,https://www.youtube.com/watch?v=oTbrtvdFui8
Beef Malai Tikka Biryani Recipe,Indian/Pakistani,1 channel,-,-,Beef Malai Tikka Biryani Recipe by Food Fusion,https://www.youtube.com/watch?v=3tUR1ia5_Yw
Beef Malai White Handi Recipe by Food Fusion (Bakra Eid Special),Indian/Pakistani,1 channel,-,-,Beef Malai White Handi Recipe by Food Fusion (Bakra Eid Special),https://www.youtube.com/watch?v=sHGWcr7zkWY
Beef Masala Curry Recipe,Indian/Pakistani,1 channel,-,-,Beef Masala Curry Recipe By Food Fusion,https://www.youtube.com/watch?v=9TgACwTYxgM
Beef Masala Karahi || Bhunna Gosht,Indian/Pakistani,1 channel,Beef Masala Karahi || Bhunna Gosht,https://www.youtube.com/watch?v=5WRZ7R91zAQ,-,-
Beef Pasanday Recipe,Indian/Pakistani,1 channel,-,-,Beef Pasanday Recipe by Food Fusion | Eid recipe | Beef recipes,https://www.youtube.com/watch?v=xXFtSUlhe3k
Beef Paya,Indian/Pakistani,1 channel,Beef Paya Recipe - Baray Paye Lahori Style,https://www.youtube.com/watch?v=GENqA9m1-tE,-,-
Beef Paye Cleaning Method- Bakra Eid Special Recipe,Indian/Pakistani,1 channel,-,-,Beef Paye Cleaning Method- Bakra Eid Special Recipe by Food Fusion,https://www.youtube.com/watch?v=vQR2fuBcdW4
Beef Qeema Karelay Recipe,Indian/Pakistani,1 channel,-,-,Beef Qeema Karelay Recipe By Food Fusion,https://www.youtube.com/watch?v=N20Z78MyaYI
Beef Resha Kabab Recipe,Indian/Pakistani,1 channel,-,-,Beef Resha Kabab Recipe by Food Fusion,https://www.youtube.com/watch?v=wolByRcAKIM
Beef Reshmi Kabab Paratha Roll Recipe,Indian/Pakistani,1 channel,-,-,Beef Reshmi Kabab Paratha Roll Recipe By Food Fusion,https://www.youtube.com/watch?v=hFvokltVxgE
Beef Reshmi Kabab Recipe,Indian/Pakistani,1 channel,-,-,Beef Reshmi Kabab Recipe by Food Fusion,https://www.youtube.com/watch?v=7SUuykpuw4A
Beef Seekh Kabab Recipe By Food Fusion (Bakra Eid Special),Indian/Pakistani,1 channel,-,-,Beef Seekh Kabab Recipe By Food Fusion (Bakra Eid Special),https://www.youtube.com/watch?v=CF8uV9u8P9U
Beef Seekh Kabab Recipe By Food Fusion (Eid Recipe),Indian/Pakistani,1 channel,-,-,Beef Seekh Kabab Recipe By Food Fusion (Eid Recipe),https://www.youtube.com/watch?v=vSFU7RP6QUI
Beef Shami Kabab || Frozen Shami Kabab Recipe (Store for 4 months),Indian/Pakistani,1 channel,Beef Shami Kabab || Frozen Shami Kabab Recipe (Store for 4 months),https://www.youtube.com/watch?v=rVnY2I9m28U,-,-
Beef Smash Burger Recipe,Continental,1 channel,-,-,Beef Smash Burger Recipe By Food Fusion,https://www.youtube.com/watch?v=_Y7b7j7Hdyw
BEEF STEAK AT HOME,Continental,1 channel,BEEF STEAK AT HOME | Recipe by Chef Afzaal / Kun Foods,https://www.youtube.com/watch?v=KmWXhcHtDXA,-,-
Beef Steak Strips Rice Bowl Recipe,Continental,1 channel,-,-,Beef Steak Strips Rice Bowl Recipe By Food Fusion,https://www.youtube.com/watch?v=1xY8i-J60s0
Beef Steak with Mushroom Sauce recipe,Continental,1 channel,-,-,Beef Steak with Mushroom Sauce recipe by Food Fusion,https://www.youtube.com/watch?v=xOG_1C9PqUQ
Beef Steak with Pepper Sauce Recipe,Continental,1 channel,-,-,Beef Steak with Pepper Sauce Recipe By Food Fusion,https://www.youtube.com/watch?v=CKF7zK9Du6g
Beef steak with Sautéed Spinach & Mashed Potatoes Recipe,Continental,1 channel,-,-,Beef steak with Sautéed Spinach & Mashed Potatoes Recipe By Food Fusion,https://www.youtube.com/watch?v=x1YcHRJlkgY
Beef Steam Roast Biryani Recipe By Food Fusion (Bakra Eid special  Recipe),Indian/Pakistani,1 channel,-,-,Beef Steam Roast Biryani Recipe By Food Fusion (Bakra Eid special  Recipe),https://www.youtube.com/watch?v=fqzG_pjWc9I
Beef Steam Roast Shadiyon wala,Indian/Pakistani,1 channel,Beef Steam Roast Shadiyon wala - Traditional Delicacy of Pakistan,https://www.youtube.com/watch?v=cQxqLvMHghc,-,-
Beef Stew,Continental,1 channel,Beef Stew Recipe - Kun Foods,https://www.youtube.com/watch?v=8kfjf_DSdyI,-,-
Beef Stroganoff Pasta Recipe,Continental,1 channel,-,-,Beef Stroganoff Pasta Recipe By Food Fusion,https://www.youtube.com/watch?v=1rI6J8DXFUc
Beef Tikka Boti,Indian/Pakistani,1 channel,Beef Tikka Boti Recipe | Eid Special Beef BBQ Restaurant Style (Soft and Juicy),https://www.youtube.com/watch?v=SJHnahGxXwM,-,-
Beef Yakhni Pulao Recipe,Indian/Pakistani,1 channel,-,-,Beef Yakhni Pulao Recipe By Food Fusion,https://www.youtube.com/watch?v=Al9_SavS7AI
Beetroot Nargisi Koftay Recipe,Indian/Pakistani,1 channel,-,-,Beetroot Nargisi Koftay Recipe By Food Fusion,https://www.youtube.com/watch?v=hpd3PtrYUYA
Beetroot Tacos With Grilled Chicken Recipe By Healthy,Indian/Pakistani,1 channel,-,-,Beetroot Tacos With Grilled Chicken Recipe By Healthy Food Fusion,https://www.youtube.com/watch?v=P3ANod2qcgg
Beginner's Guide to Perfect Rice Every Time,Indian/Pakistani,1 channel,-,-,Beginner's Guide to Perfect Rice Every Time | Boiling Perfect Rice - By Saima Asad From Food Fusion,https://www.youtube.com/watch?v=QaQyaS6u3QM
Behari Pasanday Recipe,Indian/Pakistani,1 channel,-,-,Behari Pasanday Recipe By Food Fusion,https://www.youtube.com/watch?v=GCNmV4E3Fg0
Behind the scenes Recipe Shoot- Katakat,Indian/Pakistani,1 channel,-,-,Behind the scenes - Food Fusion Recipe Shoot- Katakat,https://www.youtube.com/watch?v=h6_tCJC-Bag
Beijing Beef Rice Bowl Recipe,Indian/Pakistani,1 channel,-,-,Beijing Beef Rice Bowl Recipe by Food Fusion,https://www.youtube.com/watch?v=IrzGAVtIIIM
Beijing Beef with Lemon Garlic Fried Rice Recipe By Food Fusion (Bakra Eid Special),Chinese,1 channel,-,-,Beijing Beef with Lemon Garlic Fried Rice Recipe By Food Fusion (Bakra Eid Special),https://www.youtube.com/watch?v=fRNTnXjNOp0
Berry Flamingo Mexican Punch Recipe By Food Fusion (Summer Special),Indian/Pakistani,1 channel,-,-,Berry Flamingo Mexican Punch Recipe By Food Fusion (Summer Special),https://www.youtube.com/watch?v=ml4qkpcsmrE
Berry up Tres Leches Jars Recipe,Indian/Pakistani,1 channel,-,-,Berry up Tres Leches Jars Recipe by Food Fusion,https://www.youtube.com/watch?v=Q0raCDRVfwA
Besan Barfi Recipe,Indian/Pakistani,1 channel,-,-,Besan Barfi Recipe by Food Fusion,https://www.youtube.com/watch?v=GOnShhnRSpo
Besan Dhokla recipe,Indian/Pakistani,1 channel,-,-,Besan Dhokla recipe By Food Fusion,https://www.youtube.com/watch?v=lpXVpFQgbl4
Besan Fry Chicken,Indian/Pakistani,1 channel,Besan Fry Chicken - Chicken Chatkhara Pakora,https://www.youtube.com/watch?v=MiNqajvUGSA,-,-
Besan ka Halwa,Indian/Pakistani,1 channel,Besan ka Halwa | 10 minutes sweet recipe no soak no grind ready in 10 minutes,https://www.youtube.com/watch?v=19XasGcBtAM,-,-
Besan ka Halwa Recipe,Indian/Pakistani,1 channel,-,-,Besan ka Halwa Recipe By Food Fusion,https://www.youtube.com/watch?v=HJ7FxCs72Gc
Besan ke Altay Paltay Recipe,Indian/Pakistani,1 channel,-,-,Besan ke Altay Paltay Recipe By Food Fusion,https://www.youtube.com/watch?v=p9cZJx8khdQ
Besan ki Barfi Recipe,Indian/Pakistani,1 channel,-,-,Besan ki Barfi Recipe by Food Fusion,https://www.youtube.com/watch?v=3HihV6RsufQ
Besan ki roti and Lahsun ki chutney recipes,Indian/Pakistani,1 channel,-,-,Besan ki roti and Lahsun ki chutney recipes by Food Fusion,https://www.youtube.com/watch?v=L348WkNm-pQ
Besan Masala Peanuts,Indian/Pakistani,1 channel,-,-,Besan Masala Peanuts | Moongphali (Fried & Air fried)Recipe by Food Fusion,https://www.youtube.com/watch?v=p6g4PM2YkJw
Besan wali Chips at Home,Indian/Pakistani,1 channel,Besan wali Chips at Home - Crispy Aloo Fries Make and Freeze - Frozem Potato Fries,https://www.youtube.com/watch?v=rOg7zPXAytM,-,-
Best Air Fryer Detailed Review,Indian/Pakistani,1 channel,-,-,Best Air Fryer Detailed Review By Food Fusion,https://www.youtube.com/watch?v=lMtKNFRBHPU
Best Aloo Bukhara Chutney,Indian/Pakistani,1 channel,Best Aloo Bukhara Chutney,https://www.youtube.com/watch?v=f09Vbvvv2RA,-,-
Best Beef Pulao,Indian/Pakistani,1 channel,Best Beef Pulao - Juicy Meat and Rice Delicacy of Bannu KPK,https://www.youtube.com/watch?v=ybnA-G4JD3A,-,-
Best Beef Yakhni Pulao,Indian/Pakistani,1 channel,Best Beef Yakhni Pulao,https://www.youtube.com/watch?v=1M-a3hfXPa8,-,-
Best Bhalla,Indian/Pakistani,1 channel,Best Bhalla Recipe | Soft Puffy and Round Dahi Bhallay | Recipe for Lifetime,https://www.youtube.com/watch?v=VNpXW6ZiOE8,-,-
Best Chicken and Mutton Korma Recipes,Indian/Pakistani,1 channel,-,-,Best Chicken and Mutton Korma Recipes By Food Fusion,https://www.youtube.com/watch?v=9NodDWvQpF4
Best Chicken Karahi,Indian/Pakistani,1 channel,Best Chicken Karahi,https://www.youtube.com/watch?v=SZ_mfgZC75E,-,-
Best Chicken Nuggets,Indian/Pakistani,1 channel,Best Chicken Nuggets - 50 Nuggets in 1kg Chicken,https://www.youtube.com/watch?v=MQF-gQW16Js,-,-
Best Chicken Pulao,Indian/Pakistani,1 channel,Best Chicken Pulao Recipe,https://www.youtube.com/watch?v=dn0twPl9qWM,-,-
Best Chicken Steam Roast,Indian/Pakistani,1 channel,Best Chicken Steam Roast,https://www.youtube.com/watch?v=CHBZwi84zYE,-,-
"Best Chutney Recipe || For Dahi Bhallay, Chaat, Samosay, BBQ, Golgappay",Indian/Pakistani,1 channel,"Best Chutney Recipe || For Dahi Bhallay, Chaat, Samosay, BBQ, Golgappay",https://www.youtube.com/watch?v=b4ErIiXGjNg,-,-
Best Daal Chawal,Indian/Pakistani,1 channel,Best Daal Chawal,https://www.youtube.com/watch?v=AxcEWwhdkcA,-,-
Best Daal Gosht,Indian/Pakistani,1 channel,Best Daal Gosht Recipe,https://www.youtube.com/watch?v=Xa2hgn-1ghA,-,-
Best Dal,Indian/Pakistani,1 channel,Best Dal Recipe | Legendry Daal of Lalamusa,https://www.youtube.com/watch?v=w53or2Vr4us,-,-
Best Dal Chawal Street Style,Indian/Pakistani,1 channel,Best Dal Chawal Street Style - Sunday Special Daal Chawal,https://www.youtube.com/watch?v=9fNOl13iHB8,-,-
Best Degi Chicken,Indian/Pakistani,1 channel,Best Degi Chicken,https://www.youtube.com/watch?v=swkBmYVU0fw,-,-
Best Degi Chicken Korma (Salan),Indian/Pakistani,1 channel,Best Degi Chicken Korma (Salan),https://www.youtube.com/watch?v=Ttn6FooF--k,-,-
Best Degi Chicken Pulao,Indian/Pakistani,1 channel,Best Degi Chicken Pulao,https://www.youtube.com/watch?v=5YY8aGmm-4c,-,-
Best Degi Yakhni Pulao,Indian/Pakistani,1 channel,Best Degi Yakhni Pulao Recipe - Hyderabadi Pulao,https://www.youtube.com/watch?v=1hv8jKD69zk,-,-
Best Digestive Chutney,Indian/Pakistani,1 channel,Best Digestive Chutney - Ramzan Special Digestive Chutney,https://www.youtube.com/watch?v=_YmCKvvtXGo,-,-
Best Family Dinner,Continental,1 channel,Best Family Dinner Recipe | Chicken Pasta Casserole Recipe,https://www.youtube.com/watch?v=yRjohOuIMGU,-,-
Best Fish Recipes,Indian/Pakistani,1 channel,-,-,Best Fish Recipes By Food Fusion,https://www.youtube.com/watch?v=PxwwBnvDTgA
Best Grilled Cheese Patty Melt Sandwich Recipe,Continental,1 channel,-,-,Best Grilled Cheese Patty Melt Sandwich Recipe by Food Fusion,https://www.youtube.com/watch?v=tZk_pU-m1Pg
Best haleem/daleem,Indian/Pakistani,1 channel,Best haleem/daleem | Khushbo-dar Haleem,https://www.youtube.com/watch?v=7fIzo6tEG1c,-,-
Best Hyderabadi Chicken Degi Pulao,Indian/Pakistani,1 channel,Best Hyderabadi Chicken Degi Pulao,https://www.youtube.com/watch?v=x1avGYUJgnU,-,-
Best Hyderabadi Yakhni Pulao for Eid,Indian/Pakistani,1 channel,Best Hyderabadi Yakhni Pulao for Eid,https://www.youtube.com/watch?v=BfLR48NxxLg,-,-
Best Irani Pulao,Indian/Pakistani,1 channel,Best Irani Pulao | ایرانی پلاؤ,https://www.youtube.com/watch?v=_O1_klkiQqg,-,-
Best Lahori Fish Fry Recipe,Indian/Pakistani,1 channel,-,-,Best Lahori Fish Fry Recipe By Food Fusion,https://www.youtube.com/watch?v=VnXQrwn2lRQ
Best Mango Dessert Recipes,Indian/Pakistani,1 channel,-,-,Best Mango Dessert Recipes by Food Fusion,https://www.youtube.com/watch?v=8IILgLEP_f0
Best Matar Pulao,Indian/Pakistani,1 channel,Best Matar Pulao Recipe,https://www.youtube.com/watch?v=xSEJajSy8Mw,-,-
Best Mutton Biryani,Indian/Pakistani,1 channel,Best Mutton Biryani - with homemade masala,https://www.youtube.com/watch?v=WlfgG9kBSQ0,-,-
Best  Recipe for Kachay Gosht ki chicken Biryani,Indian/Pakistani,1 channel,-,-,Best  Recipe for Kachay Gosht ki chicken Biryani - Food Fusion,https://www.youtube.com/watch?v=M37g1RRFTD4
Best Shami Kabab Recipes by Food Fusion (Bakra Eid Special),Indian/Pakistani,1 channel,-,-,Best Shami Kabab Recipes by Food Fusion (Bakra Eid Special),https://www.youtube.com/watch?v=0t2WnYC34fU
Best Sheer Khurma for Eid,Indian/Pakistani,1 channel,Best Sheer Khurma for Eid,https://www.youtube.com/watch?v=Tx69OPHuKXk,-,-
Best Steak Recipes by Food Fusion (Bakra Eid Special),Continental,1 channel,-,-,Best Steak Recipes by Food Fusion (Bakra Eid Special),https://www.youtube.com/watch?v=hvZxF4BWTPM
"Best Tari/ Shorbay wala Chicken in Pressure Cooker (Delicious, Aromatic & 1 Pot)",Indian/Pakistani,1 channel,"Best Tari/ Shorbay wala Chicken in Pressure Cooker (Delicious, Aromatic & 1 Pot)",https://www.youtube.com/watch?v=kysNgbFxegw,-,-
Best Tawa Chicken,Indian/Pakistani,1 channel,Best Tawa Chicken,https://www.youtube.com/watch?v=48EMofxV9pA,-,-
Best Tea,Indian/Pakistani,1 channel,Best Tea Recipe - Strong Karak Chai with a twist - The Secret Way,https://www.youtube.com/watch?v=BQ9MyWptpyE,-,-
Best Tender Beef Nihari in Multi Cooker -Bakra Eid Special Recipe,Indian/Pakistani,1 channel,-,-,Best Tender Beef Nihari in Multi Cooker -Bakra Eid Special Recipe by Food Fusion,https://www.youtube.com/watch?v=Iywgi5c1k5s
Best uses of Leftover Roti,Indian/Pakistani,1 channel,-,-,Best uses of Leftover Roti - Ramazan Special Recipe by Food Fusion,https://www.youtube.com/watch?v=YHhC5e0__DE
Better Than Biryani?  Make Quick One Pot Rice with Chicken Thigs,Indian/Pakistani,1 channel,Better Than Biryani?  Make Quick One Pot Rice with Chicken Thigs,https://www.youtube.com/watch?v=li-HZjm2vLk,-,-
BETTER THAN RESTAURANT!! Pasta in White Sauce,Continental,1 channel,BETTER THAN RESTAURANT!! Pasta in White Sauce | Creamy and Cheesy Pasta with Chicken,https://www.youtube.com/watch?v=hsy5UUi7GZU,-,-
Bhagaray Baigan Recipe,Indian/Pakistani,1 channel,-,-,Bhagaray Baigan Recipe By Food Fusion,https://www.youtube.com/watch?v=erZIvrJ3Zr4
Bhaghare Channay /chole/ Chaat   Recipe,Indian/Pakistani,1 channel,-,-,Bhaghare Channay /chole/ Chaat   Recipe by Food Fusion,https://www.youtube.com/watch?v=4OGQkLGiZfY
Bharay Karely with New Techniques,Indian/Pakistani,1 channel,Bharay Karely with New Techniques | Stuffed Karela (Delicious),https://www.youtube.com/watch?v=y5w_niJLAK8,-,-
Bharwan Bhindi Recipe,Indian/Pakistani,1 channel,-,-,Bharwan Bhindi Recipe by Food Fusion,https://www.youtube.com/watch?v=krcxJEgggbw
Bhature,Indian/Pakistani,1 channel,Bhature Recipe - Secret & Magic Chole Bhature Recipe,https://www.youtube.com/watch?v=nuVfrHSI4ms,-,-
Bhature with Filling,Indian/Pakistani,1 channel,Bhature with Filling Recipe | Soft Instant Chole Bhature,https://www.youtube.com/watch?v=vAavd2PMgSA,-,-
Bhindi Aloo Ki Sabzi Okra with Potatoes Recipe,Indian/Pakistani,1 channel,Bhindi Aloo Ki Sabzi Okra with Potatoes Recipe Kun Foods,https://www.youtube.com/watch?v=FpXwvBHKJHA,-,-
Bhindi Ghosht Recipe,Indian/Pakistani,1 channel,-,-,Bhindi Ghosht Recipe By Food Fusion,https://www.youtube.com/watch?v=2wmkuPvHlGs
Bhindi ki Sabzi,Indian/Pakistani,1 channel,Bhindi ki Sabzi - Restaurant Style Bhindi Recipe,https://www.youtube.com/watch?v=c1yLT9DLD9s,-,-
Bhujiya Chutney Rice Bowl Recipe,Indian/Pakistani,1 channel,-,-,Bhujiya Chutney Rice Bowl Recipe by Food Fusion,https://www.youtube.com/watch?v=ITCBGjhNZGg
Bhunna Touri Qeema Recipe,Indian/Pakistani,1 channel,-,-,Bhunna Touri Qeema Recipe by Food Fusion,https://www.youtube.com/watch?v=I1JhpgPp3Es
Bhunni Fish Curry Recipe,Indian/Pakistani,1 channel,-,-,Bhunni Fish Curry Recipe By Food Fusion,https://www.youtube.com/watch?v=TBuGrTU8jjY
Bhuttay (Corn) ki Kheer (Fixed/Updated) Recipe,Indian/Pakistani,1 channel,-,-,Bhuttay (Corn) ki Kheer (Fixed/Updated) Recipe By Food Fusion,https://www.youtube.com/watch?v=qHP_X8IKMDQ
Biftekia Kabab with Spicy Potato Wedges Recipe,Indian/Pakistani,1 channel,-,-,Biftekia Kabab with Spicy Potato Wedges Recipe by Food Fusion,https://www.youtube.com/watch?v=Dft2lQ9ryKo
Big Announcement x Chef Mehboob x Olper's Cream,Indian/Pakistani,1 channel,-,-,Big Announcement - Food Fusion x Chef Mehboob x Olper's Cream,https://www.youtube.com/watch?v=HdbVYHtR2zs
Big Papdi Chaat Ramzan Special Recipe,Indian/Pakistani,1 channel,-,-,Big Papdi Chaat Ramzan Special Recipe By Food Fusion,https://www.youtube.com/watch?v=GGeBkKMOrsA
Biggest Paratha of Pakistan,Indian/Pakistani,1 channel,Biggest Paratha of Pakistan - Giant 60 inch Breakfast Paratha,https://www.youtube.com/watch?v=E47QBz68k7k,-,-
Bihari Boti Roll in Air Fryer Ramadan Special Recipe,Indian/Pakistani,1 channel,-,-,Bihari Boti Roll in Air Fryer Ramadan Special Recipe by Food Fusion,https://www.youtube.com/watch?v=FvFz8S1uC3E
Bihari Gosht Handi Recipe,Indian/Pakistani,1 channel,-,-,Bihari Gosht Handi Recipe by Food Fusion,https://www.youtube.com/watch?v=PWfQQljO18M
Bihari Kabab without Grill Recipe,Indian/Pakistani,1 channel,-,-,Bihari Kabab without Grill Recipe By Food Fusion,https://www.youtube.com/watch?v=Zgp6xruq-bc
Bihari Malai Boti Bakra Eid Special Recipe By Asad Memon,Indian/Pakistani,1 channel,-,-,Bihari Malai Boti Bakra Eid Special Recipe By Asad Memon-Food Fusion,https://www.youtube.com/watch?v=8YKfWtclIKI
Bihari Matka Mutton Eid Special Recipe,Indian/Pakistani,1 channel,-,-,Bihari Matka Mutton Eid Special Recipe by Food Fusion,https://www.youtube.com/watch?v=H-GEvSyttHU
Bihari Qeema Box Paratha Recipe,Indian/Pakistani,1 channel,-,-,Bihari Qeema Box Paratha Recipe by Food Fusion,https://www.youtube.com/watch?v=eqrkbb6NPBk
Bihari Roll,Indian/Pakistani,1 channel,Bihari Roll Recipe | Easy to make Chicken Rolls at Home,https://www.youtube.com/watch?v=xjugoUQpmC0,-,-
Birthday cake without oven (Beginner Level),Continental,1 channel,Birthday cake without oven (Beginner Level),https://www.youtube.com/watch?v=DvT0uG7csz8,-,-
Biryani & Beyond Bakra Eid Special Rice Recipes,Indian/Pakistani,1 channel,-,-,Biryani & Beyond Bakra Eid Special Rice Recipes By Food Fusion,https://www.youtube.com/watch?v=lB_xCuhhuEA
Biryani Masala Recipe / Commercial Recipe /,Indian/Pakistani,1 channel,Biryani Masala Recipe / Commercial Recipe / Kun Foods,https://www.youtube.com/watch?v=BmREQKSzR44,-,-
"Biryani Recipe Made with Milk || No Onion, No Tomato",Indian/Pakistani,1 channel,"Biryani Recipe Made with Milk || No Onion, No Tomato",https://www.youtube.com/watch?v=eG1JNLiS_TY,-,-
Biryani Recipes,Indian/Pakistani,1 channel,-,-,6 Delicious Biryani Recipes By Food Fusion,https://www.youtube.com/watch?v=EHJoGXbp5RY
Biryani Recipes without Tomatoes,Indian/Pakistani,1 channel,-,-,Biryani Recipes without Tomatoes By Food Fusion,https://www.youtube.com/watch?v=cP8VeEPa_cc
Bisca Magic Milkshake Recipe by Asad Memon,Indian/Pakistani,1 channel,-,-,Bisca Magic Milkshake Recipe by Asad Memon-Food Fusion,https://www.youtube.com/watch?v=1VRfowipyq0
Biscuit Bites Recipe,Indian/Pakistani,1 channel,-,-,Biscuit Bites Recipe by Food Fusion,https://www.youtube.com/watch?v=ya7uPURaPKo
Biscuit Recipe in Pressure Cooker,Indian/Pakistani,1 channel,Biscuit Recipe in Pressure Cooker | Cookies Only Three Ingredients,https://www.youtube.com/watch?v=rTSzmySB6C8,-,-
Biye Barir Chicken Roast Recipe,Indian/Pakistani,1 channel,-,-,Biye Barir Chicken Roast Recipe By Food Fusion,https://www.youtube.com/watch?v=nAvOx55G3B0
Biye Barir Kabab Recipe,Indian/Pakistani,1 channel,-,-,Biye Barir Kabab Recipe By Food Fusion,https://www.youtube.com/watch?v=2ZwAe1nPTYw
Biye Barir Shahi Zarda Recipe By Food Fusion  (Eid Special),Indian/Pakistani,1 channel,-,-,Biye Barir Shahi Zarda Recipe By Food Fusion  (Eid Special),https://www.youtube.com/watch?v=mPSyCFWUnkg
Black Forest Cake Recipe,Continental,1 channel,-,-,Black Forest Cake Recipe by Food Fusion,https://www.youtube.com/watch?v=gQXYVCda62U
Black Forest Pastry Recipe,Indian/Pakistani,1 channel,-,-,Black Forest Pastry Recipe By Food Fusion,https://www.youtube.com/watch?v=AD8ZkVlvEac
Black Pepper Chicken Karahi,Indian/Pakistani,1 channel,Black Pepper Chicken Karahi - Best with Tandori Roti,https://www.youtube.com/watch?v=dk3CZ4QzCOo,-,-
Black Pepper Chicken Pyaz Gravy,Indian/Pakistani,1 channel,Black Pepper Chicken Pyaz Gravy - Simple yet delicious,https://www.youtube.com/watch?v=bc0fe_oBRPA,-,-
Black pepper Chicken Recipe,Indian/Pakistani,1 channel,-,-,Black pepper Chicken Recipe By Food Fusion,https://www.youtube.com/watch?v=4YJlxdA6ewY
Black Pepper Dry Chicken,Indian/Pakistani,1 channel,Black Pepper Dry Chicken | Restaurant Style Recipe,https://www.youtube.com/watch?v=AXZBaNgnD-c,-,-
Blindfolded Test,Indian/Pakistani,1 channel,-,-,Blindfolded Test -  Air Fried Vs Deep Fried - Food Fusion,https://www.youtube.com/watch?v=8vRTAeHJfus
Blooming Qeema Paratha Recipe,Indian/Pakistani,1 channel,-,-,Blooming Qeema Paratha Recipe by Food Fusion,https://www.youtube.com/watch?v=19rKbXGARBw
Blueberry Cheese Cake Recipe,Continental,1 channel,-,-,Blueberry Cheese Cake Recipe by Food Fusion,https://www.youtube.com/watch?v=VQudFeH9oTI
Boat basin inspired Chicken Cheese Paratha,Indian/Pakistani,1 channel,-,-,Boat basin inspired Chicken Cheese Paratha - Recipe by Food Fusion Recreates,https://www.youtube.com/watch?v=rDThPYwASdI
BOH Tea plantation at the cameron highlands,Indian/Pakistani,1 channel,-,-,BOH Tea plantation at the cameron highlands,https://www.youtube.com/watch?v=0E5FP7tPI1Q
Bohra Dabba Gosht Recipe,Indian/Pakistani,1 channel,-,-,Bohra Dabba Gosht Recipe By Food Fusion,https://www.youtube.com/watch?v=K3rbRVySQ4o
Bombay biryani and Beef Biryani Recipes,Indian/Pakistani,1 channel,-,-,Bombay biryani and Beef Biryani Recipes by Food Fusion,https://www.youtube.com/watch?v=Yx8kiNM81o8
Bombay Briyani Recipe with Homemade Masala,Indian/Pakistani,1 channel,-,-,Bombay Briyani Recipe with Homemade Masala By Food Fusion,https://www.youtube.com/watch?v=-mBqGJa2r5Y
Bombay Chana Chaat Recipe By Food Fusion (Ramzan Special),Indian/Pakistani,1 channel,-,-,Bombay Chana Chaat Recipe By Food Fusion (Ramzan Special),https://www.youtube.com/watch?v=BAlC4Qk61Cs
Bombay Masala Toast Recipe,Indian/Pakistani,1 channel,-,-,Bombay Masala Toast Recipe by Food Fusion,https://www.youtube.com/watch?v=FClVesrmePE
Bondi Raita,Indian/Pakistani,1 channel,Bondi Raita Recipe - Special Kaddu ya Lauki Raita,https://www.youtube.com/watch?v=1LrhVzEEvrs,-,-
Boneless Afghani Chicken Handi Recipe,Arabic/Mediterranean,1 channel,-,-,Boneless Afghani Chicken Handi Recipe by Food Fusion,https://www.youtube.com/watch?v=KQqp-mUCjkg
Boneless Chicken Curry  Recipes,Indian/Pakistani,1 channel,-,-,Boneless Chicken Curry  Recipes By Food Fusion,https://www.youtube.com/watch?v=vet7G_bRVBk
Boneless Chicken Malai Tikka Handi Recipe By Food Fusion (Eid Special),Indian/Pakistani,1 channel,-,-,Boneless Chicken Malai Tikka Handi Recipe By Food Fusion (Eid Special),https://www.youtube.com/watch?v=RfrY0WLLpx0
Boneless Mutton Karahi Recipe,Indian/Pakistani,1 channel,-,-,Boneless Mutton Karahi Recipe by Food Fusion,https://www.youtube.com/watch?v=DN_CKSZ6qtE
Boondi and kheer parfait Recipe By Food Fusion (Ramzan Special),Indian/Pakistani,1 channel,-,-,Boondi and kheer parfait Recipe By Food Fusion (Ramzan Special),https://www.youtube.com/watch?v=R8hByp22mcg
Borek with Paratha Recipe By Food Fusion (Ramzan Special),Indian/Pakistani,1 channel,-,-,Borek with Paratha Recipe By Food Fusion (Ramzan Special),https://www.youtube.com/watch?v=HKxo65iIWRg
Boston Cream Dessert Recipe,Indian/Pakistani,1 channel,-,-,Boston Cream Dessert Recipe By Food Fusion,https://www.youtube.com/watch?v=k19EVYcnb6M
Boston cream Pie Recipe,Indian/Pakistani,1 channel,-,-,Boston cream Pie Recipe By Food Fusion,https://www.youtube.com/watch?v=9man7g6cvik
Boston Cream Pie Trifle Recipe,Indian/Pakistani,1 channel,-,-,Boston Cream Pie Trifle Recipe By Food Fusion,https://www.youtube.com/watch?v=IkXnhBi_H_U
Boti Kabab Malai Masala Recipe by Food Fusion (Bakra Eid Special),Indian/Pakistani,1 channel,-,-,Boti Kabab Malai Masala Recipe by Food Fusion (Bakra Eid Special),https://www.youtube.com/watch?v=l3b-zSDkJFg
Boti Kabab Paratha Roll Recipe,Indian/Pakistani,1 channel,-,-,Boti Kabab Paratha Roll Recipe by Food Fusion,https://www.youtube.com/watch?v=q3eGEyGixmg
Boys Vs Girls Cookoff vlog,Indian/Pakistani,1 channel,-,-,Boys Vs Girls Cookoff vlog - Team Food Fusion,https://www.youtube.com/watch?v=rv-gz7PO5Tg
Braided Paratha Pockets with mince pizza filling Recipe,Continental,1 channel,-,-,Braided Paratha Pockets with mince pizza filling Recipe By Food Fusion,https://www.youtube.com/watch?v=V1dYalplPAw
Brain / Maghaz Do Pyaza Recipe By Food Fusion (Bakra Eid Special),Indian/Pakistani,1 channel,-,-,Brain / Maghaz Do Pyaza Recipe By Food Fusion (Bakra Eid Special),https://www.youtube.com/watch?v=7U4sYB2Z6rE
Brain Cutlets/ Maghaz kay Kabab  Recipe By Food Fusion (Bakra Eid Special),Indian/Pakistani,1 channel,-,-,Brain Cutlets/ Maghaz kay Kabab  Recipe By Food Fusion (Bakra Eid Special),https://www.youtube.com/watch?v=OOlTnSRTOAk
Brain Masala Fry Handi Recipe By Food Fusion (Bakra Eid Special),Indian/Pakistani,1 channel,-,-,Brain Masala Fry Handi Recipe By Food Fusion (Bakra Eid Special),https://www.youtube.com/watch?v=hYAWtx-33Tc
Brain Masala(Maghaz Fry) Recipe for bakra Eid by Food Fusion (Eid Recipe),Indian/Pakistani,1 channel,-,-,Brain Masala(Maghaz Fry) Recipe for bakra Eid by Food Fusion (Eid Recipe),https://www.youtube.com/watch?v=O1kl23ylFNs
Brain Power Smoothie Recipe,Indian/Pakistani,1 channel,-,-,Brain Power Smoothie Recipe by Food Fusion,https://www.youtube.com/watch?v=j24J5TrSjY8
Brazilian Coconut Cold Cake Recipe,Continental,1 channel,-,-,Brazilian Coconut Cold Cake Recipe by Food Fusion,https://www.youtube.com/watch?v=R588VfGzo6M
Bread Cheese Cigars Recipe (made into rolls),Indian/Pakistani,1 channel,-,-,Bread Cheese Cigars Recipe (made into rolls) by Food Fusion,https://www.youtube.com/watch?v=2UN_sK2vj2A
Bread Donuts Recipe,Continental,1 channel,-,-,Bread Donuts Recipe by Food Fusion,https://www.youtube.com/watch?v=-kp7esjfwgk
Bread Kunafa Recipe,Arabic/Mediterranean,1 channel,-,-,Bread Kunafa Recipe by Food Fusion,https://www.youtube.com/watch?v=uxOWRsKlPts
Bread Lasagna with Nuggets Recipe,Continental,1 channel,-,-,Bread Lasagna with Nuggets Recipe By Food Fusion,https://www.youtube.com/watch?v=Ec1Lv-0GIVM
Bread Pakora Recipe with cheese,Indian/Pakistani,1 channel,-,-,Bread Pakora Recipe with cheese By Food Fusion,https://www.youtube.com/watch?v=Q7PWGGqHtLE
Bread Pizza and Chicken Chilli Toast Recipe,Continental,1 channel,-,-,Bread Pizza and Chicken Chilli Toast Recipe By Food Fusion,https://www.youtube.com/watch?v=KpGbkWDh7fo
Bread Pizza Cones Recipe By Food Fusion (Amani),Continental,1 channel,-,-,Bread Pizza Cones Recipe By Food Fusion (Amani),https://www.youtube.com/watch?v=8EIjzgRIrnU
Bread Pizza Recipe,Continental,1 channel,-,-,Bread Pizza Recipe by Food Fusion,https://www.youtube.com/watch?v=popXblRHafY
Bread Pockets with 2 Easy Spinach Fillings Recipe,Indian/Pakistani,1 channel,-,-,Bread Pockets with 2 Easy Spinach Fillings Recipe by Food Fusion,https://www.youtube.com/watch?v=AxZa8Y3pPo8
Bread pop & Cinnamon roll with Leftover bread Recipe,Indian/Pakistani,1 channel,-,-,Bread pop & Cinnamon roll with Leftover bread Recipe by Food Fusion,https://www.youtube.com/watch?v=w_cIs-Ap22o
Bread Pudding (Low Calorie) Recipe,Indian/Pakistani,1 channel,-,-,Bread Pudding (Low Calorie) Recipe By Food Fusion,https://www.youtube.com/watch?v=nPbqWLDBV1o
Bread Pudding Recipe,Indian/Pakistani,1 channel,-,-,Bread Pudding Recipe By Food Fusion,https://www.youtube.com/watch?v=Bw885spgEqA
Bread rolls with Gola kabab Recipe,Indian/Pakistani,1 channel,-,-,Bread rolls with Gola kabab Recipe By Food Fusion,https://www.youtube.com/watch?v=q1Gvwb1cbJ0
Bread Samosa in Air Fryer,Indian/Pakistani,1 channel,-,-,Bread Samosa in Air Fryer - Recipe By Food Fusion ( Iftar Ideas 2022),https://www.youtube.com/watch?v=qikRa4W_TE0
Bread skewers 2 ways Recipe,Indian/Pakistani,1 channel,-,-,Bread skewers 2 ways Recipe By Food Fusion,https://www.youtube.com/watch?v=rxYALJ3X6ls
Bread Waffles Recipe,Indian/Pakistani,1 channel,-,-,Bread Waffles Recipe by Food Fusion,https://www.youtube.com/watch?v=JNcH-C-8uzk
BreadSticks Recipe,Indian/Pakistani,1 channel,-,-,BreadSticks Recipe By Food Fusion,https://www.youtube.com/watch?v=WVi6Lr8Pfps
Breakfast,Indian/Pakistani,1 channel,Breakfast Recipe - Soft and Fluffy Breakfast Pancakes,https://www.youtube.com/watch?v=7PXJ11Ihc5A,-,-
Breakfast Anda Qeema Sliders,Indian/Pakistani,1 channel,-,-,Breakfast Anda Qeema Sliders - Sehri Special Recipe by Food Fusion,https://www.youtube.com/watch?v=BqhTe0XgtjQ
Breakfast Bread Lasagna Recipe,Continental,1 channel,-,-,Breakfast Bread Lasagna Recipe By Food Fusion,https://www.youtube.com/watch?v=WKExlmC_llk
Breakfast Burger recipe,Continental,1 channel,-,-,Breakfast Burger recipe by Food Fusion,https://www.youtube.com/watch?v=AYtW8tAuLlM
Breakfast Chicken Kachori,Indian/Pakistani,1 channel,Breakfast Chicken Kachori - Best Recipe for Lifetime,https://www.youtube.com/watch?v=_Ilm_nMxTf4,-,-
Breakfast Dal Kachori,Indian/Pakistani,1 channel,Breakfast Dal Kachori  - Best Recipe for Sunday Brunch,https://www.youtube.com/watch?v=SlUtoZAg6Ig,-,-
Breakfast Egg Box Patties Recipe,Indian/Pakistani,1 channel,-,-,Breakfast Egg Box Patties Recipe By Food Fusion,https://www.youtube.com/watch?v=ztjRw6r_GdY
Breakfast Egg Burritos Recipe,Indian/Pakistani,1 channel,-,-,Breakfast Egg Burritos Recipe By Food Fusion,https://www.youtube.com/watch?v=ekv6zBCAfgQ
Breakfast Egg Patty,Indian/Pakistani,1 channel,-,-,Breakfast Egg Patty - Sehri Special Recipe by Food Fusion,https://www.youtube.com/watch?v=WLsJcE13vH4
Breakfast Eggs with Meatballs Recipe,Continental,1 channel,-,-,Breakfast Eggs with Meatballs Recipe by Food Fusion,https://www.youtube.com/watch?v=eWYJIaKPGwc
Breakfast Potato Omelette,Continental,1 channel,Breakfast Potato Omelette - Masalaydar Aloo Anda Recipe,https://www.youtube.com/watch?v=-qPZ_fwtnUs,-,-
"Breakfast Recipe || Missi (Besan) Roti, Mint Achar Chutney (Soo Good)",Indian/Pakistani,1 channel,"Breakfast Recipe || Missi (Besan) Roti, Mint Achar Chutney (Soo Good)",https://www.youtube.com/watch?v=2ScqMA5KLWg,-,-
Breakfast Special Maal Pura,Indian/Pakistani,1 channel,Breakfast Special Maal Pura - Bazari Style Maalpua Recipe,https://www.youtube.com/watch?v=Aal2AVZGHaA,-,-
Broccoli Paratha Recipe,Indian/Pakistani,1 channel,-,-,Broccoli Paratha Recipe By Food Fusion,https://www.youtube.com/watch?v=kQOn7l5eS0I
Brown Rice Biryani,Indian/Pakistani,1 channel,-,-,Brown Rice Biryani By Food Fusion,https://www.youtube.com/watch?v=hnTMm0gNP24
Brownie Ice cream Bombs Recipe,Continental,1 channel,-,-,Brownie Ice cream Bombs Recipe by Food Fusion,https://www.youtube.com/watch?v=5oC8oUOvXuc
Brownie Recipes,Continental,1 channel,-,-,2 Delicious Brownie Recipes By Food Fusion,https://www.youtube.com/watch?v=wasGqz9B4hw
Brownie Trifle with Chocolate Custard  Recipe by Food Fusion (Eid Special Recipe),Continental,1 channel,-,-,Brownie Trifle with Chocolate Custard  Recipe by Food Fusion (Eid Special Recipe),https://www.youtube.com/watch?v=votyS5Qfzhg
Bubble/Boba Milk Tea 3 Ways from scratch Recipe,Indian/Pakistani,1 channel,-,-,Bubble/Boba Milk Tea 3 Ways from scratch Recipe By Food Fusion,https://www.youtube.com/watch?v=sq-dbg3byYk
Bubbly Summer Drinks (Mocktails) Recipe,Indian/Pakistani,1 channel,-,-,Bubbly Summer Drinks (Mocktails) Recipe by Food Fusion,https://www.youtube.com/watch?v=JRp5TrOfz5M
Budget Friendly Eid Menu Ideas Collection 2,Indian/Pakistani,1 channel,-,-,Budget Friendly Eid Menu Ideas Collection 2 By Food Fusion,https://www.youtube.com/watch?v=8GVNDBfcUT0
Budget Friendly Lal Lobia / Rajma Sandwich Recipe,Continental,1 channel,-,-,Budget Friendly Lal Lobia / Rajma Sandwich Recipe By Food Fusion,https://www.youtube.com/watch?v=51aJ5tyDkWk
Buffalo Chicken Bombs ( Baked,Indian/Pakistani,1 channel,-,-,Buffalo Chicken Bombs ( Baked | Air Fried | Deep Fried ) Recipe by Food Fusion,https://www.youtube.com/watch?v=LSCs6opvicQ
Buffalo Chicken Melt Sandwich Recipe,Continental,1 channel,-,-,Buffalo Chicken Melt Sandwich Recipe by Food Fusion,https://www.youtube.com/watch?v=RgsBRsgoON8
Buffalo Chicken Samosa Cones Recipe By Food Fusion (Ramzan Special Recipe),Indian/Pakistani,1 channel,-,-,Buffalo Chicken Samosa Cones Recipe By Food Fusion (Ramzan Special Recipe),https://www.youtube.com/watch?v=R379PXqbi-8
Buffalo Chicken Shots,Indian/Pakistani,1 channel,-,-,Buffalo Chicken Shots Recipe- Food Fusion,https://www.youtube.com/watch?v=KmW00NxYojA
Burger Buns Recipe Home-made,Continental,1 channel,Burger Buns Recipe Home-made,https://www.youtube.com/watch?v=K8c5OEzw8I4,-,-
Burger Sauce Commercial,Continental,1 channel,Burger Sauce Commercial Recipe | Sauce for Zinger Burger and Bihari Rolls | Kun Foods,https://www.youtube.com/watch?v=CUshdTobIyQ,-,-
Burmese Beef Khaowsuey (KhaowSay) Recipe  By Food Fusion Bakra Eid Special,Indian/Pakistani,1 channel,-,-,Burmese Beef Khaowsuey (KhaowSay) Recipe  By Food Fusion Bakra Eid Special,https://www.youtube.com/watch?v=Wza--gO5z2k
Butt Karahi Recipe by Food Fusion (Ramzan Special),Indian/Pakistani,1 channel,-,-,Butt Karahi Recipe by Food Fusion (Ramzan Special),https://www.youtube.com/watch?v=vTK5PKYMxvY
Butt Karahi Recipe Make at Home,Indian/Pakistani,1 channel,Butt Karahi Recipe Make at Home - Desi Chicken Out Door Cooking Afzaal Arshad,https://www.youtube.com/watch?v=64zdT4P8F_M,-,-
Butter Chicken (Chicken Makhni) Recipe,Indian/Pakistani,1 channel,-,-,Butter Chicken (Chicken Makhni) Recipe by Food Fusion,https://www.youtube.com/watch?v=7EHmt8DLNj4
Butter Chicken Baos Recipe,Indian/Pakistani,1 channel,-,-,Butter Chicken Baos Recipe by Food Fusion,https://www.youtube.com/watch?v=GTVqgb-HIEg
Butter Chicken Biryani Recipe,Indian/Pakistani,1 channel,-,-,Butter Chicken Biryani Recipe By Food Fusion,https://www.youtube.com/watch?v=Tf3P_UhafVw
Butter Chicken Bun Paratha Recipe,Indian/Pakistani,1 channel,-,-,Butter Chicken Bun Paratha Recipe by Food Fusion,https://www.youtube.com/watch?v=XaQ3v1snnpA
Butter Chicken Dumplings Recipe,Indian/Pakistani,1 channel,-,-,Butter Chicken Dumplings Recipe by Food Fusion,https://www.youtube.com/watch?v=O9G1LjuoTS4
Butter Chicken Empanadas Recipe by Food Fusion (Ramazan Iftar Special),Indian/Pakistani,1 channel,-,-,Butter Chicken Empanadas Recipe by Food Fusion (Ramazan Iftar Special),https://www.youtube.com/watch?v=XRCsH1rtQ74
Butter Chicken Paratha Roll Recipe,Indian/Pakistani,1 channel,-,-,Butter Chicken Paratha Roll Recipe By Food Fusion,https://www.youtube.com/watch?v=r4Bog2O2T0c
Butter Chicken Popcorn 2 Ways Recipe,Indian/Pakistani,1 channel,-,-,Butter Chicken Popcorn 2 Ways Recipe By Food Fusion,https://www.youtube.com/watch?v=yxfFEmONOsY
Butter Chicken Potli Samosa Recipe By Food Fusion (Ramzan Special),Indian/Pakistani,1 channel,-,-,Butter Chicken Potli Samosa Recipe By Food Fusion (Ramzan Special),https://www.youtube.com/watch?v=N5Yn2L-rF3E
Butter Chicken Tikka on Tawa,Indian/Pakistani,1 channel,Butter Chicken Tikka on Tawa | Anyone can make,https://www.youtube.com/watch?v=x79qa1BFNRU,-,-
Butter Egg Mayo Roll Ramzan Special,Indian/Pakistani,1 channel,-,-,Butter Egg Mayo Roll Ramzan Special by Food Fusion,https://www.youtube.com/watch?v=9Ak0PfSJW5s
Butter Fry Brain Masala Recipe,Indian/Pakistani,1 channel,-,-,Butter Fry Brain Masala Recipe by Food Fusion,https://www.youtube.com/watch?v=lw1MeTzBbPg
Butter Malai Seekh Kabab Recipe,Indian/Pakistani,1 channel,-,-,Butter Malai Seekh Kabab Recipe By Food Fusion,https://www.youtube.com/watch?v=iLuDmvV_b_o
Butter Masala Omelette Sehri Special Recipe By Food Fusion (Ramzan Recipes),Continental,1 channel,-,-,Butter Masala Omelette Sehri Special Recipe By Food Fusion (Ramzan Recipes),https://www.youtube.com/watch?v=ZjMwig_buRI
Butter Noodles with Chicken Recipe,Indian/Pakistani,1 channel,-,-,Butter Noodles with Chicken Recipe by Food Fusion,https://www.youtube.com/watch?v=cepWDuNsqZE
Butter Tarka Kadhi Pakora Chawal Recipe,Indian/Pakistani,1 channel,-,-,Butter Tarka Kadhi Pakora Chawal Recipe by Food Fusion,https://www.youtube.com/watch?v=jrJHv8Z-2Zk
Butterfly Chicken with Schezwan Sauce Recipe,Chinese,1 channel,-,-,Butterfly Chicken with Schezwan Sauce Recipe By Food Fusion,https://www.youtube.com/watch?v=oPqGgYXK0gA
Buttermilk Masala Kebab Recipe,Indian/Pakistani,1 channel,-,-,Buttermilk Masala Kebab Recipe by Food Fusion,https://www.youtube.com/watch?v=BLxjaVQjHIk
Butterscotch Ice cream Summer Special Recipe,Indian/Pakistani,1 channel,-,-,Butterscotch Ice cream Summer Special Recipe by Food Fusion,https://www.youtube.com/watch?v=j8rmosrWUmM
Butterscotch Latte Hot & Cold  Cafe Style Recipe By Asad Memon,Indian/Pakistani,1 channel,-,-,Butterscotch Latte Hot & Cold  Cafe Style Recipe By Asad Memon-Food Fusion,https://www.youtube.com/watch?v=qq0D-X3F3zM
Cabbage Fry Recipe,Indian/Pakistani,1 channel,-,-,Cabbage Fry Recipe By Food Fusion,https://www.youtube.com/watch?v=fDD4vvAczFc
Cabbage Kofta Curry Recipe,Indian/Pakistani,1 channel,-,-,Cabbage Kofta Curry Recipe by Food Fusion,https://www.youtube.com/watch?v=iGn3Pj9WofI
Cabbage Pakora With Til & Tamatar ki Chutney  Recipe by Food Fusion (Ramzan Special Recipe),Indian/Pakistani,1 channel,-,-,Cabbage Pakora With Til & Tamatar ki Chutney  Recipe by Food Fusion (Ramzan Special Recipe),https://www.youtube.com/watch?v=OWgTLH5BQaM
Cajun Chicken Alfredo Pasta Recipe,Continental,1 channel,-,-,Cajun Chicken Alfredo Pasta Recipe By Food Fusion,https://www.youtube.com/watch?v=Vs5SaMxA3-o
Cake Rusk,Continental,1 channel,Cake Rusk Homemade - Better Than Bakery,https://www.youtube.com/watch?v=f_5cgNtzJLw,-,-
Cake Rusk Recipe,Continental,1 channel,-,-,Cake Rusk Recipe By Food Fusion,https://www.youtube.com/watch?v=uTAz4ZaV5Lk
Cake Rusk Three Milk Cake Ramadan Special Recipe,Continental,1 channel,-,-,Cake Rusk Three Milk Cake Ramadan Special Recipe by Food Fusion,https://www.youtube.com/watch?v=18PW13_rh0A
Calzone with mince Recipe,Indian/Pakistani,1 channel,-,-,Calzone with mince Recipe By Food Fusion,https://www.youtube.com/watch?v=5T6HFxOOSzc
Camel Meat Karahi Recipe By Food Fusion (Bakra Eid Special),Indian/Pakistani,1 channel,-,-,Camel Meat Karahi Recipe By Food Fusion (Bakra Eid Special),https://www.youtube.com/watch?v=uwERGv6OmIw
Camel Meat Shami Kabab Recipe,Indian/Pakistani,1 channel,-,-,Camel Meat Shami Kabab Recipe By Food Fusion,https://www.youtube.com/watch?v=gUL5dd-V6fQ
Candi & Coffee Custard Trifle Recipe By Food Fusion (Eid Special Dessert),Continental,1 channel,-,-,Candi & Coffee Custard Trifle Recipe By Food Fusion (Eid Special Dessert),https://www.youtube.com/watch?v=tfSbErpjBoY
Candi Crunch Ice Cream Recipe By Food Fusion (Eid Special),Indian/Pakistani,1 channel,-,-,Candi Crunch Ice Cream Recipe By Food Fusion (Eid Special),https://www.youtube.com/watch?v=cG8Q-mANNBE
"Candi Stick ""Shot Glass"" Trifles Recipe",Indian/Pakistani,1 channel,-,-,"Candi Stick ""Shot Glass"" Trifles Recipe By Food Fusion",https://www.youtube.com/watch?v=gWiRDsYnhto
Caramalized French Toast Ramadan Special Recipe,Indian/Pakistani,1 channel,-,-,Caramalized French Toast Ramadan Special Recipe by Food Fusion,https://www.youtube.com/watch?v=TSRVqUhpzpg
Caramel & Chocolate Pudding Ramzan Special Recipe,Continental,1 channel,-,-,Caramel & Chocolate Pudding Ramzan Special Recipe By Food Fusion,https://www.youtube.com/watch?v=vP3UsD2guI0
Caramel Cream Delight Recipe,Continental,1 channel,-,-,Caramel Cream Delight Recipe By Food Fusion,https://www.youtube.com/watch?v=ZRVqrfXBVoU
Caramel Crunch Hot Chocolate Float Recipe,Continental,1 channel,-,-,Caramel Crunch Hot Chocolate Float Recipe by Food Fusion,https://www.youtube.com/watch?v=DTRv23MB--w
Caramel Egg Pudding (Flan) Recipe,Continental,1 channel,-,-,Caramel Egg Pudding (Flan) Recipe By Food Fusion,https://www.youtube.com/watch?v=st7NmxHWwrw
Caramel Firni Recipe By Food Fusion ( Eid Special Recipe),Continental,1 channel,-,-,Caramel Firni Recipe By Food Fusion ( Eid Special Recipe),https://www.youtube.com/watch?v=LlcL4cXK2gE
Caramel Frappuccino Recipe,Continental,1 channel,-,-,Caramel Frappuccino Recipe By Food Fusion,https://www.youtube.com/watch?v=y_508DLXfTw
Caramel Kheer with Puff Poori Recipe By,Continental,1 channel,-,-,Caramel Kheer with Puff Poori Recipe By  Food Fusion,https://www.youtube.com/watch?v=w0q9RCzaDU4
Caramel Popcorn Recipe,Continental,1 channel,-,-,Caramel Popcorn Recipe By Food Fusion,https://www.youtube.com/watch?v=WbZJy_QzAqs
Caramel Rasmalai Recipe by Food Fusion (Ramzan Special),Continental,1 channel,-,-,Caramel Rasmalai Recipe by Food Fusion (Ramzan Special),https://www.youtube.com/watch?v=f-Wq8QLM89w
Caramel Sauce,Continental,1 channel,Caramel Sauce Recipe | Easy and Tasty Caramel | Kun Foods,https://www.youtube.com/watch?v=O2kqKIqX_3M,-,-
Caramel Shahi Tukray Recipe,Continental,1 channel,-,-,Caramel Shahi Tukray Recipe By Food Fusion,https://www.youtube.com/watch?v=7J8zoonbGm8
Carrot Cake Recipe,Continental,1 channel,-,-,Carrot Cake Recipe By Food Fusion,https://www.youtube.com/watch?v=umwgaHW8Qzk
Carrot Custard Donuts Recipe,Continental,1 channel,-,-,Carrot Custard Donuts Recipe by food fusion,https://www.youtube.com/watch?v=tWTEOprcnzw
Cart style Chicken and Rice Recipe,Indian/Pakistani,1 channel,-,-,Cart style Chicken and Rice Recipe By Food Fusion,https://www.youtube.com/watch?v=4_8OvENY7mY
Catch Us live on 9th May 6:30PM,Indian/Pakistani,1 channel,-,-,Catch Us live on 9th May 6:30PM,https://www.youtube.com/watch?v=m2PjtuLoxuA
Catering walay Chinese Rice,Chinese,1 channel,Catering walay Chinese Rice - Chicken and Vegetable Fried Rice Recipe,https://www.youtube.com/watch?v=9pZDgCjG92U,-,-
Cauliflower 2 ways in Air fryer Recipe,Indian/Pakistani,1 channel,-,-,Cauliflower 2 ways in Air fryer Recipe by Food Fusion,https://www.youtube.com/watch?v=mu4sOlQDgUc
Celebrating Mango Week at,Indian/Pakistani,1 channel,-,-,Celebrating Mango Week at Food Fusion,https://www.youtube.com/watch?v=GIGaqABpicc
Chaat & Dahi Vada Masala,Indian/Pakistani,1 channel,Chaat & Dahi Vada Masala - Secret Restaurant Recipe - Kun Foods,https://www.youtube.com/watch?v=bIl3Nn6TneY,-,-
Chaat Masalah Restaurant Style- Commercial Secret Formula,Indian/Pakistani,1 channel,Chaat Masalah Restaurant Style- Commercial Secret Formula - Kun Foods,https://www.youtube.com/watch?v=BjgRJ8_rq4U,-,-
Chaat Mix,Indian/Pakistani,1 channel,Chaat Mix | Mixed Fruit Chaat | By Kun Foods,https://www.youtube.com/watch?v=DZxwgs_dKw8,-,-
Chaat Wali Papri,Indian/Pakistani,1 channel,Chaat Wali Papri Recipe | Bazar Jesi Papri Ghar Py Bnaen aur Store Karen,https://www.youtube.com/watch?v=_ZNczv1HdEY,-,-
Chai 3 Ways (Tea 3 Ways) Recipe,Indian/Pakistani,1 channel,-,-,Chai 3 Ways (Tea 3 Ways) Recipe By Food Fusion,https://www.youtube.com/watch?v=lEAVIzsVw08
Chai 5 ways (Tea Recipes) Recipes,Indian/Pakistani,1 channel,-,-,Chai 5 ways (Tea Recipes) Recipes By Food Fusion,https://www.youtube.com/watch?v=WnQ_pl21FXw
Chai Latte Recipe By Food Fusion (Ramzan Special),Indian/Pakistani,1 channel,-,-,Chai Latte Recipe By Food Fusion (Ramzan Special),https://www.youtube.com/watch?v=QUqFxmuLSX4
Chai Recipes,Indian/Pakistani,1 channel,-,-,Chai Recipes by Food Fusion,https://www.youtube.com/watch?v=2ugD3pwK6Y4
Chai with Asad Memon & Ambassador Kohdayar Marri,Non-Recipe/Vlog,1 channel,-,-,Chai with Asad Memon & Ambassador Kohdayar Marri - Food Fusion,https://www.youtube.com/watch?v=oAuPV3gxV8M
Chana Biryani Recipe,Indian/Pakistani,1 channel,-,-,Chana Biryani Recipe by Food Fusion,https://www.youtube.com/watch?v=yMh8evr-5j8
Chana Chat Platter,Indian/Pakistani,1 channel,Chana Chat Platter - Spicy and Khatti Meethi Chana Chaat Ramzan Special,https://www.youtube.com/watch?v=ch1NWHjMHeE,-,-
Chana Chawal Collection,Indian/Pakistani,1 channel,-,-,Chana Chawal Collection By Food Fusion,https://www.youtube.com/watch?v=vehyuUWejns
Chana Daal (Dhaba Style),Indian/Pakistani,1 channel,-,-,Chana Daal (Dhaba Style) By Food Fusion,https://www.youtube.com/watch?v=nt1f0IegTWQ
Chana Daal Barfi Recipe,Indian/Pakistani,1 channel,-,-,Chana Daal Barfi Recipe By Food Fusion,https://www.youtube.com/watch?v=T_XKBxHVDbg
Chana Daal Biryani Recipe,Indian/Pakistani,1 channel,-,-,Chana Daal Biryani Recipe By Food Fusion,https://www.youtube.com/watch?v=ymK-8iBeFiI
Chana Daal Fry Restaurant Style Recipe,Indian/Pakistani,1 channel,-,-,Chana Daal Fry Restaurant Style Recipe By Food Fusion,https://www.youtube.com/watch?v=xhHuGoAtoZo
Chana Daal Katli Halwa Recipe,Indian/Pakistani,1 channel,-,-,Chana Daal Katli Halwa Recipe by Food Fusion,https://www.youtube.com/watch?v=-FLs1OYjCxc
Chana Daal Kofta Curry  Recipe By Food Fusion (Ramzan Special),Indian/Pakistani,1 channel,-,-,Chana Daal Kofta Curry  Recipe By Food Fusion (Ramzan Special),https://www.youtube.com/watch?v=w5-5D-SlVnk
Chana Daal Panjeeri / Halwa,Indian/Pakistani,1 channel,Chana Daal Panjeeri / Halwa - Remedy for Backpain and Healthy Bones,https://www.youtube.com/watch?v=3O8jG9-jgPY,-,-
Chana Daal Qeema Handi Eid Special Recipe,Indian/Pakistani,1 channel,-,-,Chana Daal Qeema Handi Eid Special Recipe by Food Fusion,https://www.youtube.com/watch?v=8DX0hb3ftDU
Chana Kofta,Arabic/Mediterranean,1 channel,Chana Kofta Recipe - How to make Chick Pea Falafel - Easy Ramzan Snack 2020,https://www.youtube.com/watch?v=-9lK20MrHio,-,-
Chana Masala & Poori Recipe,Indian/Pakistani,1 channel,-,-,Chana Masala & Poori Recipe By Food Fusion,https://www.youtube.com/watch?v=A7be7MxdTY8
Chana Masala burger Recipe By Food Fusion (Ramzan Special),Continental,1 channel,-,-,Chana Masala burger Recipe By Food Fusion (Ramzan Special),https://www.youtube.com/watch?v=vhmbew4k9tM
Chana pulao Recipe,Indian/Pakistani,1 channel,-,-,Chana pulao Recipe By Food Fusion,https://www.youtube.com/watch?v=kEyKyG0EbOA
Chana Pulao with Chargha kabab and chutney Combo Meal by Food Fusion (Ramzan Special),Indian/Pakistani,1 channel,-,-,Chana Pulao with Chargha kabab and chutney Combo Meal by Food Fusion (Ramzan Special),https://www.youtube.com/watch?v=itUODA6tLWM
Chana Tikka Masala Recipe,Indian/Pakistani,1 channel,-,-,Chana Tikka Masala Recipe By Food Fusion,https://www.youtube.com/watch?v=vEylhdeX1BM
Chanay Ki Daal Ka Halwa Recipe,Indian/Pakistani,1 channel,-,-,Chanay Ki Daal Ka Halwa Recipe By Food Fusion,https://www.youtube.com/watch?v=K0eX5GhlyfE
Chandan Kabab Recipe By Food Fusion (Bakra Eid Special),Indian/Pakistani,1 channel,-,-,Chandan Kabab Recipe By Food Fusion (Bakra Eid Special),https://www.youtube.com/watch?v=hAiya8OvyqY
Channa Bhatura Recipe,Indian/Pakistani,1 channel,-,-,Channa Bhatura Recipe By Food Fusion,https://www.youtube.com/watch?v=oml5pX-9GhM
Chap Shoro,Indian/Pakistani,1 channel,-,-,Chap Shoro By Food Fusion - Travel Series 2019 Recipe Episode 1,https://www.youtube.com/watch?v=vgKLP6hY0w0
Chapli + Pakora Fusion Tikki,Indian/Pakistani,1 channel,-,-,Chapli + Pakora Fusion Tikki - Ramzan Special Recipe By Food Fusion,https://www.youtube.com/watch?v=LJgI-8AphK8
Chapli Kabab,Indian/Pakistani,1 channel,Chapli Kabab Recipe - Commercial Chappal Kabab - (1.5 Lakh by Selling Frozen Food),https://www.youtube.com/watch?v=iyTl-HzJSvU,-,-
Chapli Kabab Kachori Recipe,Indian/Pakistani,1 channel,-,-,Chapli Kabab Kachori Recipe By Food Fusion,https://www.youtube.com/watch?v=MSeaJJV1ZVA
Chapli Kabab Mirchi,Indian/Pakistani,1 channel,-,-,Chapli Kabab Mirchi - Ramadan Special Recipe by Food Fusion,https://www.youtube.com/watch?v=N9jm1F6CwW4
Chapli Kabab Platter Recipe,Indian/Pakistani,1 channel,-,-,Chapli Kabab Platter Recipe by Food Fusion,https://www.youtube.com/watch?v=ZLreGUe016Y
Chapli Kabab Recipe By Food Fusion Bakra Eid,Indian/Pakistani,1 channel,-,-,Chapli Kabab Recipe By Food Fusion Bakra Eid Recipe,https://www.youtube.com/watch?v=pZfT0-BKNTU
Chapli Kabab Recipe || Pride of Peshawar KPK,Indian/Pakistani,1 channel,Chapli Kabab Recipe || Pride of Peshawar KPK,https://www.youtube.com/watch?v=zJoeqrvdLXk,-,-
Chapta Cut Kabab Masala Recipe By Asad Memon,Indian/Pakistani,1 channel,-,-,Chapta Cut Kabab Masala Recipe By Asad Memon Food Fusion,https://www.youtube.com/watch?v=cQUnyB8tBF0
Chapte Kabab Platter Recipe,Indian/Pakistani,1 channel,-,-,Chapte Kabab Platter Recipe By Food Fusion,https://www.youtube.com/watch?v=opSMGv5jayk
Charcoal Grilled Namkeen Chops Recipe By Food Fusion (Bakra Eid Special),Indian/Pakistani,1 channel,-,-,Charcoal Grilled Namkeen Chops Recipe By Food Fusion (Bakra Eid Special),https://www.youtube.com/watch?v=uIOXs3A_ufY
Chargha Biryani Recipe,Indian/Pakistani,1 channel,-,-,Chargha Biryani Recipe By Food Fusion,https://www.youtube.com/watch?v=CM8tt7MK-LQ
Chargha Without Oven Recipe || لاہوری چرغہ بنانے کا طریقہ,Indian/Pakistani,1 channel,Chargha Without Oven Recipe || لاہوری چرغہ بنانے کا طریقہ,https://www.youtube.com/watch?v=CsBhuXWfVXI,-,-
Charsi Chicken Karahi || Delicacy of Peshawar,Indian/Pakistani,1 channel,Charsi Chicken Karahi || Delicacy of Peshawar,https://www.youtube.com/watch?v=N2jrt6UUCnE,-,-
Charsi Karahi Recipe,Indian/Pakistani,1 channel,-,-,Charsi Karahi Recipe By Food Fusion,https://www.youtube.com/watch?v=Gt9uyqPa5eM
Charsi karahi without oil,Indian/Pakistani,1 channel,Charsi karahi without oil,https://www.youtube.com/watch?v=kVd5syaohok,-,-
Charsi Mutton Karahi || Namak Mandi Street Food Peshawar,Arabic/Mediterranean,1 channel,Charsi Mutton Karahi || Namak Mandi Street Food Peshawar,https://www.youtube.com/watch?v=x6BLIW9Ku8A,-,-
Chaska Chicken Sticks Recipe,Indian/Pakistani,1 channel,-,-,Chaska Chicken Sticks Recipe by Food Fusion,https://www.youtube.com/watch?v=jaWk8ckl1u4
Chatkhara Chicken Drumsticks Fried & Air Fried Recipe By Food Fusion (Ramazan Special Recipe),Indian/Pakistani,1 channel,-,-,Chatkhara Chicken Drumsticks Fried & Air Fried Recipe By Food Fusion (Ramazan Special Recipe),https://www.youtube.com/watch?v=NQAE33C8fiw
Chatkhara Ginger Chicken Recipe,Indian/Pakistani,1 channel,-,-,Chatkhara Ginger Chicken Recipe By Food Fusion,https://www.youtube.com/watch?v=abPUZQEwyZ4
Chatkhara Malai Boti Recipe,Indian/Pakistani,1 channel,-,-,Chatkhara Malai Boti Recipe By Food Fusion,https://www.youtube.com/watch?v=yJ_eR0j9BXI
Chatpati Balti Chaat with 2 Unique Chutneys Ramadan Special Recipe,Indian/Pakistani,1 channel,-,-,Chatpati Balti Chaat with 2 Unique Chutneys Ramadan Special Recipe by Food Fusion,https://www.youtube.com/watch?v=Jdx2VTNN8cE
Chatpati Chana Chaat Recipe ||بسوں والی چنا چاٹ,Indian/Pakistani,1 channel,Chatpati Chana Chaat Recipe ||بسوں والی چنا چاٹ,https://www.youtube.com/watch?v=PgX9QWUhoyc,-,-
Chatpati Fish Fry With Spicy Imli Ki chutney Recipe,Indian/Pakistani,1 channel,-,-,Chatpati Fish Fry With Spicy Imli Ki chutney Recipe By Food Fusion,https://www.youtube.com/watch?v=_nPXGxEGLcE
Chatpati Samosa Chaat Recipe By Food Fusion (Ramzan Special Recipe),Indian/Pakistani,1 channel,-,-,Chatpati Samosa Chaat Recipe By Food Fusion (Ramzan Special Recipe),https://www.youtube.com/watch?v=d8zj8ZUiGjg
Chatpatta Baingan Aloo Recipe,Indian/Pakistani,1 channel,-,-,Chatpatta Baingan Aloo Recipe by Food Fusion,https://www.youtube.com/watch?v=bCsdSOnQ_Zo
Chatpatta Chicken with Rice Platter By Food Fusion (Eid Special),Indian/Pakistani,1 channel,-,-,Chatpatta Chicken with Rice Platter By Food Fusion (Eid Special),https://www.youtube.com/watch?v=t74IclkKdmQ
Chatpattay Dahi Baray Recipe By Food Fusion (Ramzan Recipe),Indian/Pakistani,1 channel,-,-,Chatpattay Dahi Baray Recipe By Food Fusion (Ramzan Recipe),https://www.youtube.com/watch?v=D_pht07KlVM
Chatpatti Aloo Tikki Recipe,Indian/Pakistani,1 channel,-,-,Chatpatti Aloo Tikki Recipe By Food Fusion,https://www.youtube.com/watch?v=jPswMTJXbeE
Chatpatti Chana Daal Recipe,Indian/Pakistani,1 channel,-,-,Chatpatti Chana Daal Recipe By Food Fusion,https://www.youtube.com/watch?v=us0YYgBqObA
Chatpatti Mango Ribs Recipe,Indian/Pakistani,1 channel,-,-,Chatpatti Mango Ribs Recipe by Food Fusion,https://www.youtube.com/watch?v=wTqcaakQFiQ
Chatpatti Raan / Mutton Leg Roast Recipe By Food Fusion (Bakra Eid Special),Indian/Pakistani,1 channel,-,-,Chatpatti Raan / Mutton Leg Roast Recipe By Food Fusion (Bakra Eid Special),https://www.youtube.com/watch?v=Y--PyNwaVgk
Chatti Pathiri Breakfast Recipe By Food Fusion (Sehri/Breakfast Special),Indian/Pakistani,1 channel,-,-,Chatti Pathiri Breakfast Recipe By Food Fusion (Sehri/Breakfast Special),https://www.youtube.com/watch?v=BasjHqnCd3s
Chawal ka Chila Recipe (Typical Sindhi Style),Indian/Pakistani,1 channel,-,-,Chawal ka Chila Recipe (Typical Sindhi Style) By Food Fusion,https://www.youtube.com/watch?v=QDPNw7flqIE
Cheap Potato Chips,Indian/Pakistani,1 channel,Cheap Potato Chips Homemade - 2 Minute Recipe (Better than store bought),https://www.youtube.com/watch?v=XKN84laLnU4,-,-
Cheese & Spinach Omelette Recipe,Continental,1 channel,-,-,Cheese & Spinach Omelette Recipe By Food Fusion,https://www.youtube.com/watch?v=Iek2V2mkcwg
Cheese Burger Bombs in Air fryer Recipe,Continental,1 channel,-,-,Cheese Burger Bombs in Air fryer Recipe by Food Fusion,https://www.youtube.com/watch?v=rzi4IuGDXHc
Cheese Burst Garlic Bread without oven Recipe,Indian/Pakistani,1 channel,-,-,Cheese Burst Garlic Bread without oven Recipe By Food Fusion,https://www.youtube.com/watch?v=E_MSWvhCzEw
Cheese Burst Pizza Recipe,Continental,1 channel,-,-,Cheese Burst Pizza Recipe By Food Fusion,https://www.youtube.com/watch?v=Ff6OIVum2KY
Cheese Cake Bars Recipe By Food Fusion (Eid Special),Continental,1 channel,-,-,Cheese Cake Bars Recipe By Food Fusion (Eid Special),https://www.youtube.com/watch?v=dUIUYn7q4Iw
Cheese Casserole,Indian/Pakistani,1 channel,-,-,Cheese Casserole - Ramadan Special Recipe by Food Fusion,https://www.youtube.com/watch?v=nxyDDjuXvHc
Cheese Chapati Recipe Travel Series Episode 7,Indian/Pakistani,1 channel,-,-,Cheese Chapati Recipe -  Food Fusion Travel Series Episode 7,https://www.youtube.com/watch?v=wzgxna_tldc
Cheese Chilli Crispy Omelette Recipe,Continental,1 channel,-,-,Cheese Chilli Crispy Omelette Recipe By Food Fusion,https://www.youtube.com/watch?v=OlXDoVMLFH4
Cheese Chilli Toast Recipe,Indian/Pakistani,1 channel,-,-,Cheese Chilli Toast Recipe by Food Fusion,https://www.youtube.com/watch?v=XyLUqhs1TqQ
Cheese Crusted Quesadillas Recipe,Indian/Pakistani,1 channel,-,-,Cheese Crusted Quesadillas Recipe By Food Fusion,https://www.youtube.com/watch?v=yTukyGCietU
Cheese Gola Kabab Recipe,Indian/Pakistani,1 channel,-,-,Cheese Gola Kabab Recipe By Food Fusion,https://www.youtube.com/watch?v=wiqMYC8FGzY
Cheese Jalapeno Kabab Recipe,Indian/Pakistani,1 channel,-,-,Cheese Jalapeno Kabab Recipe by Food Fusion,https://www.youtube.com/watch?v=NvyD0WPDIw4
Cheese Meatball with Spaghetti Recipe,Continental,1 channel,-,-,Cheese Meatball with Spaghetti Recipe By Food Fusion,https://www.youtube.com/watch?v=__yqxgmxInM
Cheese Naan without Yeast and Egg Recipe,Indian/Pakistani,1 channel,-,-,Cheese Naan without Yeast and Egg Recipe By Food fusion,https://www.youtube.com/watch?v=AFBLTWMkmJA
Cheese Omelette Recipe,Continental,1 channel,-,-,Cheese Omelette Recipe By Food Fusion,https://www.youtube.com/watch?v=QrmOaPZVUR0
Cheese Onion Bread Pockets,Indian/Pakistani,1 channel,-,-,Cheese Onion Bread Pockets - Ramadan Special Recipe by Food Fusion,https://www.youtube.com/watch?v=1D-ofYAnA6w
Cheese Quesadillas Recipe,Indian/Pakistani,1 channel,-,-,Cheese Quesadillas Recipe by Food Fusion,https://www.youtube.com/watch?v=sihFBGvMlJU
Cheese Sambousek,Indian/Pakistani,1 channel,-,-,Cheese Sambousek  - Make and Freeze Ramadan Special Recipe by Food Fusion,https://www.youtube.com/watch?v=cF_aZi_6Q4U
Cheese Samosa Pops Recipe By Food Fusion (Ramzan Special),Indian/Pakistani,1 channel,-,-,Cheese Samosa Pops Recipe By Food Fusion (Ramzan Special),https://www.youtube.com/watch?v=gnU_RoMKNrY
Cheese Sauce,Continental,1 channel,Cheese Sauce How to Make | Easy and Simple Burger Cheese Sauce at Home | Kun Foods,https://www.youtube.com/watch?v=QpcmYlVdzUI,-,-
Cheese Sooji Halwa-Turkish Recipe,Arabic/Mediterranean,1 channel,-,-,Cheese Sooji Halwa-Turkish Recipe by Food Fusion,https://www.youtube.com/watch?v=pQhiltJwznI
Cheese Stuffed Chicken Recipe,Indian/Pakistani,1 channel,-,-,Cheese Stuffed Chicken Recipe By Food Fusion,https://www.youtube.com/watch?v=n78zzEhyKjg
Cheese Stuffed Drumsticks Recipe,Indian/Pakistani,1 channel,-,-,Cheese Stuffed Drumsticks Recipe  By Food Fusion,https://www.youtube.com/watch?v=QyTygJY8Srs
Cheese Stuffed Garlic Sticks Recipe,Indian/Pakistani,1 channel,-,-,Cheese Stuffed Garlic Sticks Recipe by Food Fusion,https://www.youtube.com/watch?v=FGbidB7UbvA
Cheese Stuffed Hash browns Recipe,Indian/Pakistani,1 channel,-,-,Cheese Stuffed Hash browns Recipe By Food Fusion,https://www.youtube.com/watch?v=TG1sWJ1YbaA
Cheese Stuffed Seekh Kabab Recipe,Indian/Pakistani,1 channel,-,-,Cheese Stuffed Seekh Kabab Recipe By Food Fusion,https://www.youtube.com/watch?v=bcv_zivDULE
Cheese Stuffed Shami Kabab Recipe,Indian/Pakistani,1 channel,-,-,Cheese Stuffed Shami Kabab Recipe By Food Fusion,https://www.youtube.com/watch?v=dEVizAWz5-A
Cheeseburger Club Sandwich Recipe,Continental,1 channel,-,-,Cheeseburger Club Sandwich Recipe by Food Fusion,https://www.youtube.com/watch?v=OkAMHDWdPBY
Cheeseburger Samosa Parcels 👉Make and Freeze Ramadan Special Recipe,Indian/Pakistani,1 channel,-,-,Cheeseburger Samosa Parcels 👉Make and Freeze Ramadan Special Recipe by Food Fusion,https://www.youtube.com/watch?v=OOTVcq3ZKkI
CheeseBurger Shell Pasta Recipe,Continental,1 channel,-,-,CheeseBurger Shell Pasta Recipe By Food Fusion,https://www.youtube.com/watch?v=nE63AQ74c-I
Cheeseburger Wraps 2 ways  Recipe,Indian/Pakistani,1 channel,-,-,Cheeseburger Wraps 2 ways  Recipe By Food Fusion,https://www.youtube.com/watch?v=gpts5CWT3xg
Cheesy & Sizzling Malai Boti on Tawa Recipe,Indian/Pakistani,1 channel,-,-,Cheesy & Sizzling Malai Boti on Tawa Recipe By Food Fusion,https://www.youtube.com/watch?v=Y01GkJZKE3o
Cheesy Beef Bread recipe,Indian/Pakistani,1 channel,-,-,Cheesy Beef Bread recipe by Food Fusion,https://www.youtube.com/watch?v=e37Q-p_Vt-4
Cheesy Beef Burritos Recipe,Indian/Pakistani,1 channel,-,-,Cheesy Beef Burritos Recipe by Food Fusion,https://www.youtube.com/watch?v=slE-Mh1ntAY
Cheesy Beef Macaroni (Goulash) Recipe,Continental,1 channel,-,-,Cheesy Beef Macaroni (Goulash) Recipe By Food Fusion,https://www.youtube.com/watch?v=B-NIhaT5X8s
Cheesy Beef Pasta Casserole Recipe,Continental,1 channel,-,-,Cheesy Beef Pasta Casserole Recipe By Food Fusion,https://www.youtube.com/watch?v=kEb-l2_cfMM
Cheesy Bites Recipe,Indian/Pakistani,1 channel,-,-,Cheesy Bites Recipe By Food Fusion,https://www.youtube.com/watch?v=zIg_-Xfgc9Y
Cheesy Chatkhara Beef Boti Bakra Eid Special Recipe,Indian/Pakistani,1 channel,-,-,Cheesy Chatkhara Beef Boti Bakra Eid Special Recipe by Food Fusion,https://www.youtube.com/watch?v=ndy9oKzm37g
Cheesy Chicken Bread Roll,Indian/Pakistani,1 channel,-,-,Cheesy Chicken Bread Roll - Ramadan Special Recipe by Food Fusion,https://www.youtube.com/watch?v=a-JbfU-cVHE
Cheesy Chutney Cutlets by Food Fusion (Ramzan special),Indian/Pakistani,1 channel,-,-,Cheesy Chutney Cutlets by Food Fusion (Ramzan special),https://www.youtube.com/watch?v=N1qGKiLbzHQ
Cheesy corn flatbread recipe,Indian/Pakistani,1 channel,-,-,Cheesy corn flatbread recipe By Food Fusion,https://www.youtube.com/watch?v=UssWEDkbyAg
Cheesy egg rolls Recipe,Indian/Pakistani,1 channel,-,-,Cheesy egg rolls Recipe By Food Fusion,https://www.youtube.com/watch?v=cn88HAg9MJQ
Cheesy Fajita Box Patties Recipe,Indian/Pakistani,1 channel,-,-,Cheesy Fajita Box Patties Recipe by Food Fusion,https://www.youtube.com/watch?v=md-oBKU7mJ8
Cheesy Garlic Naan,Indian/Pakistani,1 channel,-,-,Cheesy Garlic Naan,https://www.youtube.com/watch?v=SwAZtOR7-I8
Cheesy Lasagna soup recipe,Continental,1 channel,-,-,Cheesy Lasagna soup recipe by Food Fusion,https://www.youtube.com/watch?v=UbttSKyqzUk
Cheesy Mexican Omelette,Continental,1 channel,-,-,Cheesy Mexican Omelette - Breakfast Recipe by Food Fusion,https://www.youtube.com/watch?v=g5IpVEbyw5U
Cheesy Mirch Pakora Recipe,Indian/Pakistani,1 channel,-,-,Cheesy Mirch Pakora Recipe by Food Fusion,https://www.youtube.com/watch?v=L2cgkqBkFBw
Cheesy Mutton Chops Bakra Eid Special Recipe,Indian/Pakistani,1 channel,-,-,Cheesy Mutton Chops Bakra Eid Special Recipe by Food Fusion,https://www.youtube.com/watch?v=EwuD1QrhEnY
Cheesy Noodles Recipe,Indian/Pakistani,1 channel,-,-,Cheesy Noodles Recipe By Food Fusion,https://www.youtube.com/watch?v=gpVNSilyX3U
Cheesy Onion Bread Recipe,Indian/Pakistani,1 channel,-,-,Cheesy Onion Bread Recipe By Food Fusion,https://www.youtube.com/watch?v=CbNFoKVUgeg
Cheesy Paneer Ghotala Recipe,Indian/Pakistani,1 channel,-,-,Cheesy Paneer Ghotala Recipe by Food Fusion,https://www.youtube.com/watch?v=bd22EV8l19Q
Cheesy Potato Triangles Recipe,Indian/Pakistani,1 channel,-,-,Cheesy Potato Triangles Recipe by Food Fusion,https://www.youtube.com/watch?v=cYVoHE0778M
Cheesy Resha Beef Kabab,Indian/Pakistani,1 channel,-,-,Cheesy Resha Beef Kabab - Bakra Eid Special Recipe By Food Fusion,https://www.youtube.com/watch?v=uYRZh1aAtro
Cheesy Steak Calzone Recipe,Continental,1 channel,-,-,Cheesy Steak Calzone Recipe by Food Fusion,https://www.youtube.com/watch?v=lMvnPZlw0vM
Cheesy Taco Spaghetti Recipe,Continental,1 channel,-,-,Cheesy Taco Spaghetti Recipe By Food Fusion,https://www.youtube.com/watch?v=OaOU30vECyM
Cheesy Thin Crust Pizza with Paratha (Without oven)  Recipe,Continental,1 channel,-,-,Cheesy Thin Crust Pizza with Paratha (Without oven)  Recipe By Food Fusion,https://www.youtube.com/watch?v=YVnhcEbu94E
Cheesy Zaatar Toast Recipe,Indian/Pakistani,1 channel,-,-,Cheesy Zaatar Toast Recipe by Food Fusion,https://www.youtube.com/watch?v=0FYru0ePONk
Chef Mehboob Khan Full Story,Indian/Pakistani,1 channel,-,-,Chef Mehboob Khan Full Story - Interview with Food Fusion,https://www.youtube.com/watch?v=Lhnq1VRV0j4
Chelo Kabab Recipe,Indian/Pakistani,1 channel,-,-,Chelo Kabab Recipe By Food Fusion,https://www.youtube.com/watch?v=pM-xLbzng78
Chia Breakfast Jars 3 ways Recipe,Indian/Pakistani,1 channel,-,-,Chia Breakfast Jars 3 ways Recipe by Food Fusion,https://www.youtube.com/watch?v=VMp1n8bISp0
Chicken & Cheese half moon recipe,Indian/Pakistani,1 channel,-,-,Chicken & Cheese half moon recipe by Food Fusion,https://www.youtube.com/watch?v=3G9GF1uhA0Y
Chicken & Liver Kabab Recipe,Indian/Pakistani,1 channel,-,-,Chicken & Liver Kabab Recipe by Food Fusion,https://www.youtube.com/watch?v=PCntmvoOY98
Chicken & Mushroom Buns Ramadan Special Recipe,Indian/Pakistani,1 channel,-,-,Chicken & Mushroom Buns Ramadan Special Recipe by Food Fusion,https://www.youtube.com/watch?v=hzczwAFPY2c
Chicken & Vegetable Fried Rice,Chinese,1 channel,Chicken & Vegetable Fried Rice - Light and Fluffy Mix Vegetable Rice,https://www.youtube.com/watch?v=24oqF3ei0s4,-,-
Chicken (Lobia chicken) & Bean Curry with Beet Root Pickle Recipe,Indian/Pakistani,1 channel,-,-,Chicken (Lobia chicken) & Bean Curry with Beet Root Pickle Recipe by Food Fusion,https://www.youtube.com/watch?v=Bk0_v2w3BKs
Chicken 65,Indian/Pakistani,1 channel,Chicken 65 Recipe - Super Hot and Spicy Chicken 65 - Restaurant Style chicken 65,https://www.youtube.com/watch?v=Hj0QAmsagI4,-,-
Chicken 65 Recipe,Indian/Pakistani,1 channel,-,-,Chicken 65 Recipe By Food Fusion,https://www.youtube.com/watch?v=SX5vHLirW6o
Chicken 65 Spring Rolls (Make & Freeze) Ramzan Special Recipe,Indian/Pakistani,1 channel,-,-,Chicken 65 Spring Rolls (Make & Freeze) Ramzan Special Recipe By Food Fusion,https://www.youtube.com/watch?v=OedN8SyYBNk
Chicken Achari Recipe,Indian/Pakistani,1 channel,-,-,Chicken Achari Recipe By Food Fusion,https://www.youtube.com/watch?v=zvzD4GR5uQc
Chicken Adobo Filipino style with coconut milk Recipe,Indian/Pakistani,1 channel,-,-,Chicken Adobo Filipino style with coconut milk Recipe By Food Fusion,https://www.youtube.com/watch?v=9Wok5mwfir0
Chicken Ala Kiev Recipe,Indian/Pakistani,1 channel,-,-,Chicken Ala Kiev Recipe By Food Fusion,https://www.youtube.com/watch?v=eMzyqFoIZL8
Chicken Alfredo Bread Boats Recipe,Indian/Pakistani,1 channel,-,-,Chicken Alfredo Bread Boats Recipe By Food Fusion,https://www.youtube.com/watch?v=4rkw9r29FP4
Chicken Alfredo Fettuccine Recipe,Indian/Pakistani,1 channel,-,-,Chicken Alfredo Fettuccine Recipe by Food Fusion,https://www.youtube.com/watch?v=dJEjnk-mW0s
Chicken Alfredo Lasagna Rollups,Continental,1 channel,-,-,Chicken Alfredo Lasagna Rollups - with and without oven Recipe By Food Fusion,https://www.youtube.com/watch?v=B07kF2_iKEw
Chicken Alfredo Spaghetti Recipe,Continental,1 channel,-,-,Chicken Alfredo Spaghetti Recipe by Food Fusion,https://www.youtube.com/watch?v=bR6hIYoaeHw
Chicken Aloo Toast Recipe by Food Fusion  (Ramzan Special),Indian/Pakistani,1 channel,-,-,Chicken Aloo Toast Recipe by Food Fusion  (Ramzan Special),https://www.youtube.com/watch?v=AqaeGAHhMEw
Chicken and qeema kachori Recipe,Indian/Pakistani,1 channel,-,-,Chicken and qeema kachori Recipe By Food Fusion,https://www.youtube.com/watch?v=uyiIV0J361U
Chicken and Qeema Pakora Recipes,Indian/Pakistani,1 channel,-,-,Chicken and Qeema Pakora Recipes by Food Fusion,https://www.youtube.com/watch?v=MhCJzKy0wVk
Chicken Angara kabab Recipe,Indian/Pakistani,1 channel,-,-,Chicken Angara kabab Recipe By Food Fusion,https://www.youtube.com/watch?v=vaqYIYMxTQQ
Chicken Angara Tikka Dum Pulao,Indian/Pakistani,1 channel,-,-,Chicken Angara Tikka Dum Pulao by Food Fusion,https://www.youtube.com/watch?v=xZ-WU1JHNbE
Chicken Badami Handi Recipe By Food Fusion (Eid Special),Indian/Pakistani,1 channel,-,-,Chicken Badami Handi Recipe By Food Fusion (Eid Special),https://www.youtube.com/watch?v=lio5N8uBL14
Chicken Balti Recipe,Indian/Pakistani,1 channel,-,-,Chicken Balti Recipe By Food Fusion,https://www.youtube.com/watch?v=A6GPq9vbdE4
Chicken Baskets in Air fryer Ramadan Special Recipe,Indian/Pakistani,1 channel,-,-,Chicken Baskets in Air fryer Ramadan Special Recipe by Food Fusion,https://www.youtube.com/watch?v=tPl2QXvXyIw
Chicken BBQ Rice Recipe,Indian/Pakistani,1 channel,-,-,Chicken BBQ Rice Recipe By Food Fusion,https://www.youtube.com/watch?v=OWSj9ZZLoIQ
Chicken Bihari Masala Ramadan Special Recipe,Indian/Pakistani,1 channel,-,-,Chicken Bihari Masala Ramadan Special Recipe by Food Fusion,https://www.youtube.com/watch?v=Cu8cfnt8sko
Chicken Black Pepper Karahi,Indian/Pakistani,1 channel,Chicken Black Pepper Karahi,https://www.youtube.com/watch?v=G7NWclQLGxk,-,-
Chicken Boneless Handi / Commercial Style Instant Easy Recipe /,Indian/Pakistani,1 channel,Chicken Boneless Handi / Commercial Style Instant Easy Recipe / Kun Foods,https://www.youtube.com/watch?v=ssYeq8ur8F4,-,-
Chicken Boneless Handi Recipe,Indian/Pakistani,1 channel,-,-,Chicken Boneless Handi Recipe By Food Fusion,https://www.youtube.com/watch?v=_dQ8ELx62_s
Chicken Boti 3 Delicious ways  Recipes,Indian/Pakistani,1 channel,-,-,Chicken Boti 3 Delicious ways  Recipes by Food Fusion,https://www.youtube.com/watch?v=zjyw8xvdrsU
Chicken Boti Roll,Indian/Pakistani,1 channel,Chicken Boti Roll Recipe | Mayo Garlic and Chutney Maza,https://www.youtube.com/watch?v=gDjTwcJGx9k,-,-
Chicken Box Patties with Instant Dough Wrappers,Indian/Pakistani,1 channel,Chicken Box Patties with Instant Dough Wrappers | Ramzan Special,https://www.youtube.com/watch?v=1OAJB5m_024,-,-
Chicken Bread Balls,Indian/Pakistani,1 channel,-,-,Chicken Bread Balls - Iftar Recipe by Food Fusion,https://www.youtube.com/watch?v=lzmRnKfw1UA
Chicken Bread Cake Recipe,Continental,1 channel,-,-,Chicken Bread Cake Recipe by Food Fusion,https://www.youtube.com/watch?v=TcAHGYlDz94
Chicken bread recipe,Indian/Pakistani,1 channel,-,-,Chicken bread recipe by Food Fusion,https://www.youtube.com/watch?v=blzvse35hJA
Chicken Bread Samosa Cones Recipe By Food Fusion (Ramzan Special),Indian/Pakistani,1 channel,-,-,Chicken Bread Samosa Cones Recipe By Food Fusion (Ramzan Special),https://www.youtube.com/watch?v=xCVla7HfmD8
Chicken Bread Samosa Parcels Recipe By Food Fusion (Ramzan Special),Indian/Pakistani,1 channel,-,-,Chicken Bread Samosa Parcels Recipe By Food Fusion (Ramzan Special),https://www.youtube.com/watch?v=Lhd2bKsQm2k
Chicken Bread Sandwich Cake / Swedish Smorgastarta Recipe,Continental,1 channel,-,-,Chicken Bread Sandwich Cake / Swedish Smorgastarta Recipe by Food Fusion,https://www.youtube.com/watch?v=TkB4KsJ-NWg
Chicken Broast KFC Style || How to freeze chicken broast after coating,Continental,1 channel,Chicken Broast KFC Style || How to freeze chicken broast after coating,https://www.youtube.com/watch?v=L1DvPeTAL10,-,-
Chicken Broast Piece without Frying,Indian/Pakistani,1 channel,Chicken Broast Piece without Frying,https://www.youtube.com/watch?v=y8iU0yDcVJI,-,-
Chicken Broast Recipe Not KFC but very tasty,Continental,1 channel,-,-,Chicken Broast Recipe Not KFC but very tasty By Food Fusion,https://www.youtube.com/watch?v=DqT2f4RtQX4
Chicken Broast Recipe Without Machine,Indian/Pakistani,1 channel,Chicken Broast Recipe Without Machine,https://www.youtube.com/watch?v=RgpHwypN8mc,-,-
Chicken Broast Recipe || Famous Broast Street Food Wala,Indian/Pakistani,1 channel,Chicken Broast Recipe || Famous Broast Street Food Wala,https://www.youtube.com/watch?v=1Hamao7X8I0,-,-
Chicken Buns Recipe,Indian/Pakistani,1 channel,-,-,Chicken Buns Recipe By Food Fusion,https://www.youtube.com/watch?v=4l9gOaDVu3Y
Chicken Burger Patty,Continental,1 channel,Chicken Burger Patty Recipe | McDonald's KFC Chicken Burger | Frozen Food Recipe | Kun Foods,https://www.youtube.com/watch?v=sCeY7E3XwW8,-,-
Chicken Candy Ramadan Special Recipe,Indian/Pakistani,1 channel,-,-,Chicken Candy Ramadan Special Recipe By Food Fusion,https://www.youtube.com/watch?v=tZJ24wQc3Bc
Chicken Casserole Recipe,Indian/Pakistani,1 channel,-,-,Chicken Casserole Recipe By Food Fusion,https://www.youtube.com/watch?v=VVPXL1EjguM
Chicken Changezi,Indian/Pakistani,1 channel,-,-,Chicken Changezi - An Amazing Everyday Chicken Recipe By Food Fusion,https://www.youtube.com/watch?v=2t09tyNcuM4
Chicken Chapli Burger Recipe,Continental,1 channel,-,-,Chicken Chapli Burger Recipe by Food Fusion,https://www.youtube.com/watch?v=01X8ix0SNBg
Chicken Chapli Kabab Recipe,Indian/Pakistani,1 channel,-,-,Chicken Chapli Kabab Recipe By Food Fusion,https://www.youtube.com/watch?v=Z7mcYrqXtWQ
Chicken Chatkhara Kabab Eid Special Recipe,Indian/Pakistani,1 channel,-,-,Chicken Chatkhara Kabab Eid Special Recipe by Food Fusion,https://www.youtube.com/watch?v=SX2rzurj3Cc
Chicken Cheese Bread Rolls Recipe By Food Fusion (Ramzan Special),Indian/Pakistani,1 channel,-,-,Chicken Cheese Bread Rolls Recipe By Food Fusion (Ramzan Special),https://www.youtube.com/watch?v=Tkja9-RMnKg
Chicken Cheese Burger,Continental,1 channel,Chicken Cheese Burger - Restaurant Quality Burger with Sauce,https://www.youtube.com/watch?v=xlvrODRVFuk,-,-
Chicken Cheese Cubes Recipe,Indian/Pakistani,1 channel,-,-,Chicken Cheese Cubes Recipe By Food Fusion,https://www.youtube.com/watch?v=hklz_OCbP-M
Chicken Cheese Dinner Rolls Recipe by Food Fusion (Ramzan Special Recipe),Indian/Pakistani,1 channel,-,-,Chicken Cheese Dinner Rolls Recipe by Food Fusion (Ramzan Special Recipe),https://www.youtube.com/watch?v=OTzXOYz0rw4
Chicken Cheese Drumsticks,Indian/Pakistani,1 channel,-,-,Chicken Cheese Drumsticks - Ramadan Special Recipe by Food Fusion,https://www.youtube.com/watch?v=5MgvoNRx7Tc
Chicken Cheese Fingers,Indian/Pakistani,1 channel,-,-,Chicken Cheese Fingers -  Make and Freeze  Recipe By Food Fusion (Iftar Ideas),https://www.youtube.com/watch?v=MxwnoCvJIDQ
Chicken Cheese Handi Restaurant Style,Indian/Pakistani,1 channel,Chicken Cheese Handi Restaurant Style - Dinner Idea,https://www.youtube.com/watch?v=j5qriSWV99A,-,-
Chicken Cheese Mushroom Sandwich Recipe Resturant Style,Continental,1 channel,-,-,Chicken Cheese Mushroom Sandwich Recipe Resturant Style By Food Fusion,https://www.youtube.com/watch?v=rniltU89fCI
Chicken Cheese Nachos Triangle 👉Make and Freeze Ramadan Special Recipe,Indian/Pakistani,1 channel,-,-,Chicken Cheese Nachos Triangle 👉Make and Freeze Ramadan Special Recipe by Food Fusion,https://www.youtube.com/watch?v=7AxwS5-8UxU
Chicken Cheese Nuggets Recipe,Indian/Pakistani,1 channel,-,-,Chicken Cheese Nuggets Recipe By Food Fusion,https://www.youtube.com/watch?v=tJ7kfLBn0tw
Chicken Cheese Open Sandwich Recipe,Continental,1 channel,-,-,Chicken Cheese Open Sandwich Recipe By Food fusion,https://www.youtube.com/watch?v=UL0p5mTD49k
Chicken cheese paratha Recipe,Indian/Pakistani,1 channel,-,-,Chicken cheese paratha Recipe By Food Fusion,https://www.youtube.com/watch?v=rXbWqm6-TXE
Chicken Cheese Paratha Roll Recipe,Indian/Pakistani,1 channel,-,-,Chicken Cheese Paratha Roll Recipe By Food Fusion,https://www.youtube.com/watch?v=ATGJQlciWBA
Chicken Cheese Pasta Roll Recipe,Continental,1 channel,-,-,Chicken Cheese Pasta Roll Recipe By Food Fusion,https://www.youtube.com/watch?v=8EKgx2b1YA8
Chicken Cheese Rolls (Make & Freeze) Ramzan Special Recipe,Indian/Pakistani,1 channel,-,-,Chicken Cheese Rolls (Make & Freeze) Ramzan Special Recipe by Food Fusion,https://www.youtube.com/watch?v=qpbnooQNkOg
Chicken Cheese Seekh Kabab Recipe,Indian/Pakistani,1 channel,-,-,Chicken Cheese Seekh Kabab Recipe By Food Fusion,https://www.youtube.com/watch?v=6s2T3LlpsUc
Chicken Cheese Stuffed Buns Recipe,Indian/Pakistani,1 channel,-,-,Chicken Cheese Stuffed Buns Recipe by Food Fusion,https://www.youtube.com/watch?v=SLRnNjGtH6I
Chicken Cheese White Karahi Recipe,Indian/Pakistani,1 channel,-,-,Chicken Cheese White Karahi Recipe by Food Fusion,https://www.youtube.com/watch?v=QebUXBvdd1I
Chicken Cheesy Pasta with Cauliflower Recipe,Continental,1 channel,-,-,Chicken Cheesy Pasta with Cauliflower Recipe By Food Fusion,https://www.youtube.com/watch?v=dDOqYijO9Ik
Chicken Chikar Choley Recipe,Indian/Pakistani,1 channel,-,-,Chicken Chikar Choley Recipe By Food Fusion,https://www.youtube.com/watch?v=NG3i_BwpZWg
Chicken Chilli Dry with Fried Rice Recipe,Chinese,1 channel,-,-,Chicken Chilli Dry with Fried Rice Recipe By Food Fusion,https://www.youtube.com/watch?v=MmqgrmfdYbY
Chicken Chilli with Fried Rice Recipe,Chinese,1 channel,-,-,Chicken Chilli with Fried Rice Recipe by Food Fusion,https://www.youtube.com/watch?v=sagyhWis6Xg
Chicken Chipotle Burrito Bowl Ramzan Special Recipe,Indian/Pakistani,1 channel,-,-,Chicken Chipotle Burrito Bowl Ramzan Special Recipe By Food Fusion,https://www.youtube.com/watch?v=hOnyNm3OQig
Chicken Chopsuey Recipe,Indian/Pakistani,1 channel,-,-,Chicken Chopsuey Recipe By Food Fusion,https://www.youtube.com/watch?v=2qY4jUVVyIg
Chicken Chow Mein Recipe,Chinese,1 channel,-,-,Chicken Chow Mein Recipe By Food Fusion,https://www.youtube.com/watch?v=mCys5ND7r7s
Chicken chowmien with homemade noodles,Indian/Pakistani,1 channel,Chicken chowmien with homemade noodles,https://www.youtube.com/watch?v=fNiiOBdEc-Y,-,-
Chicken Chutney Paratha Recipe,Indian/Pakistani,1 channel,-,-,Chicken Chutney Paratha Recipe by Food Fusion,https://www.youtube.com/watch?v=djpZoQPLAEY
Chicken Chutney Paratha Roll Recipe,Indian/Pakistani,1 channel,-,-,Chicken Chutney Paratha Roll Recipe By Food Fusion,https://www.youtube.com/watch?v=fceWV1X-ANo
Chicken Cigars / Pencil Sticks Lunchbox Friendly Recipe By Food Fusion (Ramazan Special),Indian/Pakistani,1 channel,-,-,Chicken Cigars / Pencil Sticks Lunchbox Friendly Recipe By Food Fusion (Ramazan Special),https://www.youtube.com/watch?v=XyGtGRdfT-k
Chicken Cihan Kebab Ramadan Special Recipe,Indian/Pakistani,1 channel,-,-,Chicken Cihan Kebab Ramadan Special Recipe by Food Fusion,https://www.youtube.com/watch?v=gtTAHCJWtIs
Chicken Cordon Bleu  with Sauce Recipe,Indian/Pakistani,1 channel,-,-,Chicken Cordon Bleu  with Sauce Recipe By Food Fusion,https://www.youtube.com/watch?v=7khnt_rwdAE
Chicken Coriander Soup Recipe,Indian/Pakistani,1 channel,-,-,Chicken Coriander Soup Recipe by Food Fusion,https://www.youtube.com/watch?v=RZkr1_OptGw
Chicken Corn Chowder Soup Recipe,Indian/Pakistani,1 channel,-,-,Chicken Corn Chowder Soup Recipe By Food Fusion,https://www.youtube.com/watch?v=0wCyoIY8v6E
Chicken Corn Soup,Chinese,1 channel,Chicken Corn Soup - Restaurant Authentic Recipe - Kun Foods,https://www.youtube.com/watch?v=HuWyBFjVu_o,-,-
Chicken Corn Soup 2 ways winter special Recipes,Chinese,1 channel,-,-,Chicken Corn Soup 2 ways winter special Recipes By Food Fusion,https://www.youtube.com/watch?v=JKyHkVkYQcA
Chicken Corn Soup Mix Recipe,Chinese,1 channel,-,-,Chicken Corn Soup Mix Recipe by Food Fusion,https://www.youtube.com/watch?v=2nIjjcMOJyE
Chicken Corn Soup Winter Special || Better Than Restaurant,Chinese,1 channel,Chicken Corn Soup Winter Special || Better Than Restaurant,https://www.youtube.com/watch?v=KcUmaPOzmI8,-,-
Chicken Corn Soup with Chilli Oil Recipe,Chinese,1 channel,-,-,Chicken Corn Soup with Chilli Oil Recipe by Food Fusion,https://www.youtube.com/watch?v=03YOZzm05yc
Chicken Corn soup with Homemade Chicken Stock Recipe,Chinese,1 channel,-,-,Chicken Corn soup with Homemade Chicken Stock Recipe By Food Fusion,https://www.youtube.com/watch?v=28FMuKoiYEQ
Chicken Crunch Tiles (Make & Freeze) Ramzan Special Recipe by Asad Memon,Indian/Pakistani,1 channel,-,-,Chicken Crunch Tiles (Make & Freeze) Ramzan Special Recipe by Asad Memon-Food Fusion,https://www.youtube.com/watch?v=kk7ECOhRtbU
Chicken Crusted Triangles / Tortilla Schnitzel,Indian/Pakistani,1 channel,-,-,Chicken Crusted Triangles / Tortilla Schnitzel | Make & Freeze Ramzan Special| Food Fusion,https://www.youtube.com/watch?v=S3fLeswf12Y
Chicken Cutlet Toast Recipe,Indian/Pakistani,1 channel,-,-,Chicken Cutlet Toast Recipe by Food Fusion,https://www.youtube.com/watch?v=10NZZANMDGs
Chicken Dabu Recipe || Special Dabo Fried Chicken,Indian/Pakistani,1 channel,Chicken Dabu Recipe || Special Dabo Fried Chicken,https://www.youtube.com/watch?v=33CiKffjg0A,-,-
Chicken Dahi Pakora,Indian/Pakistani,1 channel,Chicken Dahi Pakora Recipe | Magical and Tasty Fritters Ramzan Special,https://www.youtube.com/watch?v=rdmjw_DwJh0,-,-
Chicken Degi Korma Recipe,Indian/Pakistani,1 channel,-,-,Chicken Degi Korma Recipe by Food Fusion,https://www.youtube.com/watch?v=DwzUJAV-aoU
Chicken Do Pyaza Recipe,Indian/Pakistani,1 channel,-,-,Chicken Do Pyaza Recipe By Food Fusion,https://www.youtube.com/watch?v=CppX_81kOkc
CHICKEN DONUTS / Frozen Chicken Doughnuts Recipe / (Commercial),Indian/Pakistani,1 channel,CHICKEN DONUTS / Frozen Chicken Doughnuts Recipe / (Commercial),https://www.youtube.com/watch?v=2E50tY2cMkI,-,-
Chicken Drumstick,Indian/Pakistani,1 channel,Chicken Drumstick - Easy Drumstick Recipe - Ramzan Special - Kun Foods,https://www.youtube.com/watch?v=Z5WAv1shBb4,-,-
Chicken Drumstick Foil Steam Roast,Indian/Pakistani,1 channel,Chicken Drumstick Foil Steam Roast - Shadiyo Wala (Better) ||  without Steamer,https://www.youtube.com/watch?v=Pi-eNoTjNXk,-,-
chicken drumsticks original bakery style,Indian/Pakistani,1 channel,chicken drumsticks original bakery style | Ramzan Special,https://www.youtube.com/watch?v=x86RhTsoejo,-,-
Chicken Dry Masala with Tandoori Lacha Paratha,Indian/Pakistani,1 channel,Chicken Dry Masala with Tandoori Lacha Paratha,https://www.youtube.com/watch?v=vFQCGIgZtaU,-,-
Chicken Dry Roast Recipe,Indian/Pakistani,1 channel,-,-,Chicken Dry Roast Recipe By Food Fusion,https://www.youtube.com/watch?v=EKXpy5opH5M
Chicken Dumplings with Chilli Oil & Dumpling Sauce Recipe,Indian/Pakistani,1 channel,-,-,Chicken Dumplings with Chilli Oil & Dumpling Sauce Recipe by Food Fusion,https://www.youtube.com/watch?v=CFC82ec9ft4
Chicken Egg Burger,Continental,1 channel,Chicken Egg Burger | Commercial Street Style Chicken Burger,https://www.youtube.com/watch?v=u3P2VKjjJVw,-,-
Chicken Egg Paratha Roll Recipe,Indian/Pakistani,1 channel,-,-,Chicken Egg Paratha Roll Recipe By Food Fusion,https://www.youtube.com/watch?v=EqrFxEtlpuI
Chicken Egg Sandwich,Continental,1 channel,Chicken Egg Sandwich - Bakery Style Chicken Sandwiches for Iftar,https://www.youtube.com/watch?v=VkmyLWSb0Gk,-,-
"Chicken Egg Sandwich Recipe, Most Delicious Sandwich",Continental,1 channel,"Chicken Egg Sandwich Recipe, Most Delicious Sandwich",https://www.youtube.com/watch?v=KodhmTWqjj4,-,-
Chicken Empanadas,Indian/Pakistani,1 channel,Chicken Empanadas Recipe - Ramzan Special,https://www.youtube.com/watch?v=0dpvcg72pa0,-,-
Chicken Empanadas Ramzan Special Recipe,Indian/Pakistani,1 channel,-,-,Chicken Empanadas Ramzan Special Recipe by Food Fusion,https://www.youtube.com/watch?v=Ai0dTgnki9E
Chicken Enchiladas Recipe,Indian/Pakistani,1 channel,-,-,Chicken Enchiladas Recipe By Food Fusion,https://www.youtube.com/watch?v=0_XD_Cm8r3Y
Chicken Fajita Crunch Wraps Recipe,Indian/Pakistani,1 channel,-,-,Chicken Fajita Crunch Wraps Recipe by Food Fusion,https://www.youtube.com/watch?v=-Jy75YgYS5M
Chicken Fajita Pasta Recipe,Continental,1 channel,-,-,Chicken Fajita Pasta Recipe By Food Fusion,https://www.youtube.com/watch?v=E-rqG-2F9ks
Chicken Fajita Sandwich Recipe,Continental,1 channel,-,-,Chicken Fajita Sandwich Recipe By Food Fusion,https://www.youtube.com/watch?v=IxQYWl7nVn4
Chicken Fajita Thin Crust Pizza Recipe,Continental,1 channel,-,-,Chicken Fajita Thin Crust Pizza Recipe By Food Fusion,https://www.youtube.com/watch?v=mHipexNOAq4
Chicken Finger Taquitos with Corn Tortillas Recipe,Indian/Pakistani,1 channel,-,-,Chicken Finger Taquitos with Corn Tortillas Recipe By Food Fusion,https://www.youtube.com/watch?v=MRBE2tL3DI0
Chicken Fry,Indian/Pakistani,1 channel,Chicken Fry Recipe | Restaurant Naan Broast with Secret Spices,https://www.youtube.com/watch?v=AI1gdG_GY9o,-,-
Chicken Garlic Wonton Soup Recipe,Chinese,1 channel,-,-,Chicken Garlic Wonton Soup Recipe By Food Fusion,https://www.youtube.com/watch?v=_xJIsHmXeug
Chicken Ghotala Recipe,Indian/Pakistani,1 channel,-,-,Chicken Ghotala Recipe By Food Fusion,https://www.youtube.com/watch?v=cYr8VC-YqjY
Chicken Gola Kabab,Indian/Pakistani,1 channel,Chicken Gola Kabab | Best Homemade Gola Kabab without Grill (3 months Expiry),https://www.youtube.com/watch?v=LoXNXVVWF_c,-,-
Chicken Grill Burger with Secret Sauce at Home,Continental,1 channel,Chicken Grill Burger with Secret Sauce at Home,https://www.youtube.com/watch?v=jGN85-jUx4o,-,-
Chicken Gyro Recipe,Indian/Pakistani,1 channel,-,-,Chicken Gyro Recipe by Food Fusion,https://www.youtube.com/watch?v=IhyI4v4gIt8
Chicken Hakka Noodles Recipe Desi Chinese Version,Chinese,1 channel,-,-,Chicken Hakka Noodles Recipe Desi Chinese Version By Food Fusion,https://www.youtube.com/watch?v=KrejvDCM3mo
Chicken Haleeb || Half kg chicken and 1 cup milk || Delicious,Indian/Pakistani,1 channel,Chicken Haleeb || Half kg chicken and 1 cup milk || Delicious,https://www.youtube.com/watch?v=iVr9NRw5U6M,-,-
Chicken Haleem Recipe,Indian/Pakistani,1 channel,-,-,Chicken Haleem Recipe By Food Fusion,https://www.youtube.com/watch?v=8NnEogb5IuI
Chicken Handi Pulao,Indian/Pakistani,1 channel,Chicken Handi Pulao Recipe | Kun Foods,https://www.youtube.com/watch?v=McrG-zVbBDw,-,-
Chicken Hari Mirch,Indian/Pakistani,1 channel,Chicken Hari Mirch | Chicken Boneless Handi | Chicken Green Chilli | Restaurant Style Chicken Chilli,https://www.youtube.com/watch?v=1yehsQzyhEQ,-,-
Chicken Hariyali (Green Chicken) quick and easy Recipe,Indian/Pakistani,1 channel,-,-,Chicken Hariyali (Green Chicken) quick and easy Recipe by Food Fusion,https://www.youtube.com/watch?v=4RQI_yD-5Uc
Chicken Hot and Sour Soup,Chinese,1 channel,Chicken Hot and Sour Soup - Secret Authentic Commercial Recipe - Kun Foods,https://www.youtube.com/watch?v=o-N5qvzD2Ck,-,-
Chicken Hot and Sour Soup Secret Restaurant,Chinese,1 channel,Chicken Hot and Sour Soup Secret Restaurant Recipe - Kun Foods,https://www.youtube.com/watch?v=mrmpOpBCxLY,-,-
Chicken Hot Rods with Sweet Chili Sauce recipe,Indian/Pakistani,1 channel,-,-,Chicken Hot Rods with Sweet Chili Sauce recipe by Food Fusion,https://www.youtube.com/watch?v=zU9KbQOL7lc
Chicken Hummus Wraps Recipe,Arabic/Mediterranean,1 channel,-,-,Chicken Hummus Wraps Recipe By Food Fusion,https://www.youtube.com/watch?v=lNlCSCPI-RY
Chicken Jalapeno Naan Pizza without oven Recipe,Continental,1 channel,-,-,Chicken Jalapeno Naan Pizza without oven Recipe By Food Fusion,https://www.youtube.com/watch?v=Kq3p_e5RxC0
Chicken Jalapeno Ranch Calzone Recipe,Indian/Pakistani,1 channel,-,-,Chicken Jalapeno Ranch Calzone Recipe by Food Fusion,https://www.youtube.com/watch?v=QpqrUhjqd9o
Chicken Jalfrezi Recipe,Indian/Pakistani,1 channel,-,-,Chicken Jalfrezi Recipe By Food Fusion,https://www.youtube.com/watch?v=6zYCE6MbTZo
Chicken Jalfrezi Restaurant Style,Indian/Pakistani,1 channel,Chicken Jalfrezi Restaurant Style,https://www.youtube.com/watch?v=b4DoSKyiunU,-,-
Chicken Joojeh Kabab Recipe,Indian/Pakistani,1 channel,-,-,Chicken Joojeh Kabab Recipe By Food Fusion,https://www.youtube.com/watch?v=4G8BHJWvoX8
Chicken Kabab Nuggets Recipe,Indian/Pakistani,1 channel,-,-,Chicken Kabab Nuggets Recipe By Food Fusion,https://www.youtube.com/watch?v=awd77C7fb_8
Chicken Kabab Paratha Recipe By Food Fusion (Ramzan special Recipe),Indian/Pakistani,1 channel,-,-,Chicken Kabab Paratha Recipe By Food Fusion (Ramzan special Recipe),https://www.youtube.com/watch?v=LQH0FT1Z8tQ
Chicken Kabab Sticks Recipe,Indian/Pakistani,1 channel,-,-,Chicken Kabab Sticks Recipe By Food Fusion,https://www.youtube.com/watch?v=-poDGz_z8kg
Chicken Kachori Recipe,Indian/Pakistani,1 channel,-,-,Chicken Kachori Recipe By Food Fusion,https://www.youtube.com/watch?v=4ILOpNHaH1A
Chicken Kafta Salad with GM Salad Dressing,Indian/Pakistani,1 channel,-,-,Chicken Kafta Salad with GM Salad Dressing - Ramadan Special Recipe By Food Fusion,https://www.youtube.com/watch?v=tLEULXG0cLs
Chicken Karaage & Rice Bowl Recipe,Indian/Pakistani,1 channel,-,-,Chicken Karaage & Rice Bowl Recipe By Food Fusion,https://www.youtube.com/watch?v=5GmJhWtp87w
Chicken Karahi,Indian/Pakistani,1 channel,Chicken Karahi Recipe | Pakistani Street Food (Restaurant Style) By Kun Foods,https://www.youtube.com/watch?v=glpkwx1cqpc,-,-
Chicken Karahi (Black Pepper) Restaurant Style,Indian/Pakistani,1 channel,Chicken Karahi (Black Pepper) Restaurant Style,https://www.youtube.com/watch?v=H1nUEFk-MHQ,-,-
Chicken Karahi Qeema,Indian/Pakistani,1 channel,Chicken Karahi Qeema Recipe,https://www.youtube.com/watch?v=cjdbjMvyY2Q,-,-
Chicken Khao Soi Curry with Noodles Recipe,Indian/Pakistani,1 channel,-,-,Chicken Khao Soi Curry with Noodles Recipe by Food Fusion,https://www.youtube.com/watch?v=xUAMliQwe2s
Chicken Khaowsuey/khaow suey Recipe,Indian/Pakistani,1 channel,-,-,Chicken Khaowsuey/khaow suey Recipe by Food Fusion,https://www.youtube.com/watch?v=iUAQ6AZaAAI
Chicken Kofta Curry Recipe,Indian/Pakistani,1 channel,-,-,Chicken Kofta Curry Recipe By Food Fusion,https://www.youtube.com/watch?v=FfHmwL3GPdM
Chicken Koila Karahi Recipe,Indian/Pakistani,1 channel,-,-,Chicken Koila Karahi Recipe by Food Fusion,https://www.youtube.com/watch?v=hSiNpvk98-M
Chicken Kolhapuri Curry Ramadan Special Recipe,Indian/Pakistani,1 channel,-,-,Chicken Kolhapuri Curry Ramadan Special Recipe by Food Fusion,https://www.youtube.com/watch?v=JHFcmOuHuVQ
Chicken Korma Pasta Recipe,Continental,1 channel,-,-,Chicken Korma Pasta Recipe By Food Fusion,https://www.youtube.com/watch?v=1epkIJdJCds
Chicken Korma Recipe,Indian/Pakistani,1 channel,-,-,Chicken Korma Recipe by Food Fusion,https://www.youtube.com/watch?v=9jOH3TEB-NI
Chicken Lasagna with Creamy Sauce Recipe,Continental,1 channel,-,-,Chicken Lasagna with Creamy Sauce Recipe by Food Fusion,https://www.youtube.com/watch?v=OEVCrcv66MM
Chicken Lasagne,Indian/Pakistani,1 channel,-,-,Chicken Lasagne By Food Fusion,https://www.youtube.com/watch?v=BDFaPIZso68
Chicken Layered Paratha,Indian/Pakistani,1 channel,-,-,Chicken Layered Paratha By Food Fusion,https://www.youtube.com/watch?v=dVzj_2uPdN4
Chicken Lazeez Recipe,Indian/Pakistani,1 channel,-,-,Chicken Lazeez Recipe By Food Fusion,https://www.youtube.com/watch?v=tjqtrysFTdg
Chicken loaded fries with white sauce Recipe,Indian/Pakistani,1 channel,-,-,Chicken loaded fries with white sauce Recipe By Food Fusion,https://www.youtube.com/watch?v=gsBuKpkDw2w
Chicken Lollipops  a Lunchbox Special Recipe Make & Freeze,Indian/Pakistani,1 channel,-,-,Chicken Lollipops  a Lunchbox Special Recipe | Food Fusion Make & Freeze,https://www.youtube.com/watch?v=3m0JR27SjSk
Chicken Lollipops with spicy orange sauce Recipe,Indian/Pakistani,1 channel,-,-,Chicken Lollipops with spicy orange sauce Recipe By Food Fusion,https://www.youtube.com/watch?v=RzT_okQbysw
Chicken Mac and Cheese Recipe,Continental,1 channel,-,-,Chicken Mac and Cheese Recipe By Food Fusion,https://www.youtube.com/watch?v=HIF9jDczSlk
Chicken Macaroni in Desi Style,Continental,1 channel,Chicken Macaroni in Desi Style - Quick and Delicious Macaroni Recipe,https://www.youtube.com/watch?v=B5enzvIsTSc,-,-
Chicken Macaroni Salad Recipe,Continental,1 channel,-,-,Chicken Macaroni Salad Recipe By Food Fusion,https://www.youtube.com/watch?v=ZSTsdyaM0ZA
Chicken Makhni Achari Handi Recipe,Indian/Pakistani,1 channel,-,-,Chicken Makhni Achari Handi Recipe by Food Fusion,https://www.youtube.com/watch?v=OLQ297YjZFA
Chicken Makhni Kofta Gravy Recipe,Indian/Pakistani,1 channel,-,-,Chicken Makhni Kofta Gravy Recipe by Food Fusion,https://www.youtube.com/watch?v=HhYA3VuRPYo
Chicken Malai Boti Recipe,Indian/Pakistani,1 channel,-,-,Chicken Malai Boti Recipe by Food Fusion,https://www.youtube.com/watch?v=DL0w2dmBgTc
Chicken Malai Handi,Indian/Pakistani,1 channel,Chicken Malai Handi Recipe | Murgh Malai Curry Restaurant Style,https://www.youtube.com/watch?v=3sQqsg9jeMY,-,-
Chicken Malai Handi Recipe,Indian/Pakistani,1 channel,-,-,Chicken Malai Handi Recipe By Food Fusion,https://www.youtube.com/watch?v=jfzui5qqw0U
Chicken Malai Tikka Recipe,Indian/Pakistani,1 channel,-,-,Chicken Malai Tikka Recipe By Food Fusion,https://www.youtube.com/watch?v=EKL54D_KxPs
Chicken Manchurian Simplified Recipe By,Chinese,1 channel,-,-,Chicken Manchurian Simplified Recipe By - Food Fusion,https://www.youtube.com/watch?v=WM-i9wGT4zk
Chicken Manchurian with Chili Fried Rice,Chinese,1 channel,Chicken Manchurian with Chili Fried Rice - Restaurant Style,https://www.youtube.com/watch?v=9-56fb7aMvw,-,-
Chicken Mandi Recipe Arabic Style,Arabic/Mediterranean,1 channel,Chicken Mandi Recipe Arabic Style | Kun Foods,https://www.youtube.com/watch?v=lP9xQAeMKDo,-,-
Chicken Mandi Recipe By Food Fusion (Eid Special),Arabic/Mediterranean,1 channel,-,-,Chicken Mandi Recipe By Food Fusion (Eid Special),https://www.youtube.com/watch?v=I-2CBOa19tI
Chicken Mandi without Oven and Tandoor,Arabic/Mediterranean,1 channel,Chicken Mandi without Oven and Tandoor,https://www.youtube.com/watch?v=PGOX2L5HDVU,-,-
Chicken Maryland Recipe,Indian/Pakistani,1 channel,-,-,Chicken Maryland Recipe by Food Fusion,https://www.youtube.com/watch?v=WOyA8Ed-IWQ
Chicken Masala Biryani (Street Style),Indian/Pakistani,1 channel,-,-,Chicken Masala Biryani (Street Style) By Food Fusion,https://www.youtube.com/watch?v=Yx0BK2qwUlc
Chicken Masala Curry Recipe,Indian/Pakistani,1 channel,-,-,Chicken Masala Curry Recipe By Food Fusion,https://www.youtube.com/watch?v=vrVMgQ_ra_g
Chicken Masala Dosa Recipe,Indian/Pakistani,1 channel,-,-,Chicken Masala Dosa Recipe by Food Fusion,https://www.youtube.com/watch?v=9Aq2zdlnNtg
Chicken Masala Galawati Qeema Recipe By Foof Fusion,Indian/Pakistani,1 channel,-,-,Chicken Masala Galawati Qeema Recipe By Foof Fusion,https://www.youtube.com/watch?v=TOLMRF_ytxc
Chicken Masala Kaleji Recipe,Indian/Pakistani,1 channel,-,-,Chicken Masala Kaleji Recipe By Food Fusion,https://www.youtube.com/watch?v=rMYjPHajKyI
Chicken Masala kaleji with Onion and Green Chilies,Indian/Pakistani,1 channel,Chicken Masala kaleji with Onion and Green Chilies,https://www.youtube.com/watch?v=RyZ-_RXB7Gw,-,-
Chicken Mayo Chutney Paratha Roll Recipe,Indian/Pakistani,1 channel,-,-,Chicken Mayo Chutney Paratha Roll Recipe by Food Fusion,https://www.youtube.com/watch?v=xQX-HQstpQ0
Chicken Momos Recipe || How to wrap in 5 Classic Shapes,Indian/Pakistani,1 channel,Chicken Momos Recipe || How to wrap in 5 Classic Shapes,https://www.youtube.com/watch?v=Wfm-8pqd60w,-,-
Chicken Moti Handi Recipe,Indian/Pakistani,1 channel,-,-,Chicken Moti Handi Recipe by Food Fusion,https://www.youtube.com/watch?v=WJd0CPeSSl4
Chicken Mozzarella Sticks Recipe,Indian/Pakistani,1 channel,-,-,Chicken Mozzarella Sticks Recipe by Food Fusion,https://www.youtube.com/watch?v=roHcWWiIt-8
Chicken Mumtaz Recipe,Indian/Pakistani,1 channel,-,-,Chicken Mumtaz Recipe by Food Fusion,https://www.youtube.com/watch?v=BXMQKohoR9E
Chicken Musakhan Palestini,Indian/Pakistani,1 channel,-,-,Chicken Musakhan Palestini Recipe - by Food Fusion,https://www.youtube.com/watch?v=R9_wWeAx-KI
Chicken Naanza Fingers With Chutney Ramzan Special Recipe,Indian/Pakistani,1 channel,-,-,Chicken Naanza Fingers With Chutney Ramzan Special Recipe By Food Fusion,https://www.youtube.com/watch?v=HBEvm8AFOcg
Chicken Nihari,Indian/Pakistani,1 channel,Chicken Nihari Recipe | Restaurant Style Nihari,https://www.youtube.com/watch?v=0HSgwUk0DKs,-,-
Chicken Nihari Recipe,Indian/Pakistani,1 channel,-,-,Chicken Nihari Recipe By Food Fusion,https://www.youtube.com/watch?v=IChGmqJEwZo
Chicken Noodle Soup Recipe,Chinese,1 channel,-,-,Chicken Noodle Soup Recipe By Food Fusion,https://www.youtube.com/watch?v=EQO14M9-qYo
Chicken Noodles Kabab Recipe By Food Fusion (Ramzan Special Recipe),Indian/Pakistani,1 channel,-,-,Chicken Noodles Kabab Recipe By Food Fusion (Ramzan Special Recipe),https://www.youtube.com/watch?v=tkYRniOCtcA
Chicken Norani Kabab,Indian/Pakistani,1 channel,Chicken Norani Kabab,https://www.youtube.com/watch?v=HOsScUM_AOY,-,-
Chicken Nugget Sliders Recipe,Continental,1 channel,-,-,Chicken Nugget Sliders Recipe By Food Fusion,https://www.youtube.com/watch?v=zImSobp7R_s
Chicken Nuggets,Indian/Pakistani,1 channel,Chicken Nuggets Recipe - McDonalds Copy - Kun Foods,https://www.youtube.com/watch?v=9FtYQK2smNc,-,-
Chicken Nuggets Paratha Roll Recipe By Food Fusion (Ramzan Special),Indian/Pakistani,1 channel,-,-,Chicken Nuggets Paratha Roll Recipe By Food Fusion (Ramzan Special),https://www.youtube.com/watch?v=yHq12RVhupY
Chicken Nuggets Recipe learn how to make at home,Indian/Pakistani,1 channel,-,-,Chicken Nuggets Recipe learn how to make at home - By Food Fusion,https://www.youtube.com/watch?v=xCS7LAUsa1E
Chicken Oil Free Roast,Indian/Pakistani,1 channel,Chicken Oil Free Roast Recipe - Taste is Better than Oil,https://www.youtube.com/watch?v=H64E5TuXq9A,-,-
Chicken Pakora,Indian/Pakistani,1 channel,Chicken Pakora,https://www.youtube.com/watch?v=06Hga9QHGcM,-,-
Chicken Pakora Ramadan Special Recipe,Indian/Pakistani,1 channel,-,-,Chicken Pakora Ramadan Special Recipe by Food Fusion,https://www.youtube.com/watch?v=eLgzKmTxX0A
Chicken Pakora Recipe,Indian/Pakistani,1 channel,-,-,Chicken Pakora Recipe By Food Fusion,https://www.youtube.com/watch?v=spw7_ZAD3bI
Chicken Pakora Shadiyon Wala,Indian/Pakistani,1 channel,Chicken Pakora Shadiyon Wala - Popular Marriage Food of Pakistan,https://www.youtube.com/watch?v=iLHM-8zWGDg,-,-
Chicken Palak Boti Recipe,Indian/Pakistani,1 channel,-,-,Chicken Palak Boti Recipe By Food Fusion,https://www.youtube.com/watch?v=w-47Q636iN4
Chicken Paneer Reshmi Handi Recipe,Indian/Pakistani,1 channel,-,-,Chicken Paneer Reshmi Handi Recipe by Food Fusion,https://www.youtube.com/watch?v=Lmz1qDpI9RM
Chicken Panini Sandwich With Homemade Panini Bread Recipe,Continental,1 channel,-,-,Chicken Panini Sandwich With Homemade Panini Bread Recipe by Food Fusion,https://www.youtube.com/watch?v=OTob53eFRiQ
Chicken Paprikash Recipe,Indian/Pakistani,1 channel,-,-,Chicken Paprikash Recipe by Food Fusion,https://www.youtube.com/watch?v=cqFF1UBNPWo
Chicken Paratha,Indian/Pakistani,1 channel,Chicken Paratha Recipe,https://www.youtube.com/watch?v=vlROgJW5584,-,-
Chicken Pasta,Continental,1 channel,Chicken Pasta Recipe | Magical Spaghetti Pasta,https://www.youtube.com/watch?v=2bPsxaoqtX8,-,-
Chicken Patties and Puff Pastry with Ghee Recipe,Indian/Pakistani,1 channel,-,-,Chicken Patties and Puff Pastry with Ghee Recipe By Food Fusion,https://www.youtube.com/watch?v=vSDjJ7sY9pQ
Chicken Patties in Air Fryer Recipe,Indian/Pakistani,1 channel,-,-,Chicken Patties in Air Fryer Recipe by Food Fusion,https://www.youtube.com/watch?v=g3y-AvqdlZ4
Chicken Patties with Frozen Paratha  Recipe By Food Fusion (Ramzan Special),Indian/Pakistani,1 channel,-,-,Chicken Patties with Frozen Paratha  Recipe By Food Fusion (Ramzan Special),https://www.youtube.com/watch?v=yHP1MrBpF7s
Chicken Pesto Pasta Recipe,Continental,1 channel,-,-,Chicken Pesto Pasta Recipe By Food Fusion,https://www.youtube.com/watch?v=tPUbxtO69J4
Chicken Pickled Onion (Khattay Pyaz) Recipe,Indian/Pakistani,1 channel,-,-,Chicken Pickled Onion (Khattay Pyaz) Recipe By Food Fusion,https://www.youtube.com/watch?v=PoiLxybrSWo
Chicken Pizza Pasta Recipe,Continental,1 channel,-,-,Chicken Pizza Pasta Recipe By Food Fusion,https://www.youtube.com/watch?v=THtVZzPGfYM
Chicken Pizza Roll-ups Recipe,Continental,1 channel,-,-,Chicken Pizza Roll-ups Recipe By Food Fusion,https://www.youtube.com/watch?v=d2wmRa-dnPY
Chicken Pizza without Oven,Continental,1 channel,Chicken Pizza without Oven | Pizza Hut / Dominos Pizza Recipe | Pizza in Pot | Kun Foods,https://www.youtube.com/watch?v=VgAP5yUmRYY,-,-
Chicken Popcorn KFC Style,Continental,1 channel,Chicken Popcorn KFC Style - KFC Fried Chicken Recipe - Kun Foods,https://www.youtube.com/watch?v=whuXwm_MruE,-,-
Chicken Popsicle Kids Special,Indian/Pakistani,1 channel,Chicken Popsicle Kids Special | Easy Tiffin Box make and freeze,https://www.youtube.com/watch?v=8vyJTjwXgII,-,-
Chicken Pot Pie Recipe,Indian/Pakistani,1 channel,-,-,Chicken Pot Pie Recipe By Food Fusion,https://www.youtube.com/watch?v=OK6MP0FB0VQ
Chicken Potato Croquettes Recipe,Indian/Pakistani,1 channel,-,-,Chicken Potato Croquettes Recipe By Food Fusion,https://www.youtube.com/watch?v=QuAGHpbP4gU
Chicken Potato kabab Recipe,Indian/Pakistani,1 channel,-,-,Chicken Potato kabab Recipe By Food Fusion,https://www.youtube.com/watch?v=RG9-GVlH6qw
Chicken Potato Lachha Kabab Ramadan Special Recipe,Indian/Pakistani,1 channel,-,-,Chicken Potato Lachha Kabab Ramadan Special Recipe by Food Fusion,https://www.youtube.com/watch?v=YXGZB_WE_9w
Chicken Potato Sandwich Recipe,Continental,1 channel,-,-,Chicken Potato Sandwich Recipe By Food Fusion,https://www.youtube.com/watch?v=YU5Ugo9FUvw
Chicken Pulao,Indian/Pakistani,1 channel,Chicken Pulao Recipe | Explained Step By Step Recipe by Kun Foods,https://www.youtube.com/watch?v=SiOM1wzbGnI,-,-
Chicken Pulao with Shami Kabab Recipe,Indian/Pakistani,1 channel,-,-,Chicken Pulao with Shami Kabab Recipe By Food Fusion,https://www.youtube.com/watch?v=M_NeHa_88Ew
Chicken Pyaz Masala Paratha Ramadan Special Recipe,Indian/Pakistani,1 channel,-,-,Chicken Pyaz Masala Paratha Ramadan Special Recipe by Food Fusion,https://www.youtube.com/watch?v=ZEYqeTJoQwM
Chicken Pyramids Puffs Ramzan Special Recipe,Indian/Pakistani,1 channel,-,-,Chicken Pyramids Puffs Ramzan Special Recipe by Food Fusion,https://www.youtube.com/watch?v=a-X2wgN6JMo
Chicken Qeema Paratha recipe with cheese,Indian/Pakistani,1 channel,-,-,Chicken Qeema Paratha recipe with cheese by Food Fusion,https://www.youtube.com/watch?v=6_ZFUSItybA
Chicken Qeema Paratha Roll Recipe,Indian/Pakistani,1 channel,-,-,Chicken Qeema Paratha Roll Recipe By Food Fusion,https://www.youtube.com/watch?v=MwhEu9Orqwo
Chicken Qorma Authentic Style (1kg Recipe),Indian/Pakistani,1 channel,Chicken Qorma Authentic Style (1kg Recipe),https://www.youtube.com/watch?v=ZK6JXfPeeXA,-,-
Chicken Quesadillas Recipe,Indian/Pakistani,1 channel,-,-,Chicken Quesadillas Recipe By Food Fusion,https://www.youtube.com/watch?v=dvthZJyLQ3M
Chicken Quiche Recipe,Indian/Pakistani,1 channel,-,-,Chicken Quiche Recipe By Food Fusion,https://www.youtube.com/watch?v=kgSB2GB5d4s
Chicken Ranch Pasta Recipe,Continental,1 channel,-,-,Chicken Ranch Pasta Recipe By Food Fusion,https://www.youtube.com/watch?v=G6gkkjCuj_8
Chicken Resha Daal Recipe,Indian/Pakistani,1 channel,-,-,Chicken Resha Daal Recipe by Food Fusion,https://www.youtube.com/watch?v=XyPdNuYcZbI
Chicken Resha Naan Recipe,Indian/Pakistani,1 channel,-,-,Chicken Resha Naan Recipe By Food Fusion,https://www.youtube.com/watch?v=h_dpNP7JVpU
Chicken Reshmi Handi Recipe,Indian/Pakistani,1 channel,-,-,Chicken Reshmi Handi Recipe By Food Fusion,https://www.youtube.com/watch?v=43IGojUAkKg
Chicken Reshmi Kabab,Indian/Pakistani,2 channels,Chicken Reshmi Kabab - Soft and Juicy Kabab Recipe,https://www.youtube.com/watch?v=jRWvGCDbDK0,Chicken Reshmi Kabab By Food Fusion,https://www.youtube.com/watch?v=RBNe1ZlKfxA
Chicken Reshmi Kabab with Storage Ramzan Special Recipe,Indian/Pakistani,1 channel,-,-,Chicken Reshmi Kabab with Storage Ramzan Special Recipe By Food Fusion,https://www.youtube.com/watch?v=wTtOrpbNqlQ
Chicken Rezala Recipe,Indian/Pakistani,1 channel,-,-,Chicken Rezala Recipe By Food Fusion,https://www.youtube.com/watch?v=pTMO5Vy-gyY
Chicken Roast,Indian/Pakistani,1 channel,"Chicken Roast Recipe - No Oven, No Oil",https://www.youtube.com/watch?v=dCbQmT3KGtk,-,-
Chicken Roll,Chinese,1 channel,Chicken Roll Recipe - How to make Restaurant Style Spring Roll Ramzan Special,https://www.youtube.com/watch?v=RJsRf2l8Og0,-,-
Chicken roll aisy bnao,Indian/Pakistani,1 channel,"Chicken roll aisy bnao | If there is flour, salt and water at home, anyone can make this recipe",https://www.youtube.com/watch?v=FX6aLRrb-Us,-,-
Chicken Rolls with Liquid Dough Wrappers,Indian/Pakistani,1 channel,Chicken Rolls with Liquid Dough Wrappers | Ramzan Special,https://www.youtube.com/watch?v=MpYyAro4kYg,-,-
Chicken Roulade with Cheese Sauce Recipe,Indian/Pakistani,1 channel,-,-,Chicken Roulade with Cheese Sauce Recipe By Food Fusion,https://www.youtube.com/watch?v=KjpbMesgS_k
Chicken Samosa 2 Types for Iftar Party,Chinese,1 channel,Chicken Samosa 2 Types for Iftar Party - Malai Boti and Chinese Chicken Samosa,https://www.youtube.com/watch?v=lxz75vo0XwQ,-,-
Chicken Samosa Recipe Easy Chicken Without Samosas,Indian/Pakistani,1 channel,Chicken Samosa Recipe Easy Chicken Without Samosas,https://www.youtube.com/watch?v=tMdLeE9iSfQ,-,-
Chicken Samosas Recipe,Indian/Pakistani,1 channel,-,-,Chicken Samosas Recipe By Food Fusion,https://www.youtube.com/watch?v=0ENrbpyYp0E
Chicken Sausage,Indian/Pakistani,1 channel,Chicken Sausage Homemade | Perfect Poultry Sausage Recipe without machine | (6 months expiry),https://www.youtube.com/watch?v=572GRN7Mkts,-,-
Chicken Seekh Kabab,Indian/Pakistani,1 channel,Chicken Seekh Kabab - Secret Commercial Recipe with English Subtitles - Kun Foods,https://www.youtube.com/watch?v=AViuNhsKbXE,-,-
CHICKEN SEEKH KABAB / 3 Secret Spice Recipe on Restaurant (No Fail),Indian/Pakistani,1 channel,CHICKEN SEEKH KABAB / 3 Secret Spice Recipe on Restaurant (No Fail),https://www.youtube.com/watch?v=KOqIIHCy5uc,-,-
Chicken Seekh Kebab,Indian/Pakistani,1 channel,Chicken Seekh Kebab Homemade | Perfect Juicy Seekh Kebab without Grill (3 Months Expiry),https://www.youtube.com/watch?v=x8_OZ6qcKwo,-,-
Chicken Seekh Rara Recipe,Indian/Pakistani,1 channel,-,-,Chicken Seekh Rara Recipe by Food Fusion,https://www.youtube.com/watch?v=rW0e_1x9sIA
Chicken Shahjahani Korma Recipe,Indian/Pakistani,1 channel,-,-,Chicken Shahjahani Korma Recipe By Food Fusion,https://www.youtube.com/watch?v=4hw9qkxAYsY
Chicken Shakshuka Recipe By Food Fusion (Sehri Recipe by Food Fusion),Indian/Pakistani,1 channel,-,-,Chicken Shakshuka Recipe By Food Fusion (Sehri Recipe by Food Fusion),https://www.youtube.com/watch?v=3OmKspmRtxg
Chicken Shami Breakfast Sandwich Recipe,Continental,1 channel,-,-,Chicken Shami Breakfast Sandwich Recipe By Food Fusion,https://www.youtube.com/watch?v=yGyt3Nnx9eE
Chicken Shami Kabab,Indian/Pakistani,1 channel,Chicken Shami Kabab Recipe | شامی کباب بنانے کا طریقہ | Best Shami Kabab at Home (6 months expiry),https://www.youtube.com/watch?v=LgUqqvHKBz8,-,-
Chicken Shami Kabab Recipe,Indian/Pakistani,1 channel,-,-,Chicken Shami Kabab Recipe By Food Fusion,https://www.youtube.com/watch?v=PWN-RvjQnUE
Chicken Shashlik,Indian/Pakistani,1 channel,-,-,Chicken Shashlik Recipe - By Food Fusion,https://www.youtube.com/watch?v=Km79KMpjLYw
Chicken Shashlik with Gravy Recipe,Indian/Pakistani,1 channel,-,-,Chicken Shashlik with Gravy Recipe by Food Fusion,https://www.youtube.com/watch?v=yf_ZjAEh8Ls
Chicken Shawarma,Arabic/Mediterranean,2 channels,Chicken Shawarma Recipe - 10000% Commercial - Kun Foods,https://www.youtube.com/watch?v=p33pT-xba5Y,Chicken Shawarma | Home made Chicken shawarma Recipe By Food Fusion,https://www.youtube.com/watch?v=lq5weOcbyac
Chicken Shawarma Platter Recipe,Arabic/Mediterranean,1 channel,-,-,Chicken Shawarma Platter Recipe By Food Fusion,https://www.youtube.com/watch?v=uYFPSK1smMM
Chicken Shawarma with Lavash bread Recipe By Food Fusion (Ramazan Special),Arabic/Mediterranean,1 channel,-,-,Chicken Shawarma with Lavash bread Recipe By Food Fusion (Ramazan Special),https://www.youtube.com/watch?v=ScHz3f8oclI
Chicken Sizzler with Garlic Rice Recipe,Indian/Pakistani,1 channel,-,-,Chicken Sizzler with Garlic Rice Recipe By Food Fusion,https://www.youtube.com/watch?v=xZDHJAFaSvk
Chicken Sliders Recipe,Indian/Pakistani,1 channel,-,-,Chicken Sliders Recipe By Food Fusion,https://www.youtube.com/watch?v=6K1NCO9QH0o
Chicken Snacks for Iftar Time,Indian/Pakistani,1 channel,Chicken Snacks for Iftar Time,https://www.youtube.com/watch?v=Y5Ovif-SjKk,-,-
Chicken Spread Sandwich Recipe,Continental,1 channel,-,-,Chicken Spread Sandwich Recipe by Food Fusion,https://www.youtube.com/watch?v=gFv1nOAn57o
Chicken Spring Rolls,Indian/Pakistani,1 channel,-,-,Chicken Spring Rolls  - Make and Freeze Recipe by Food Fusion (Ramzan Special Recipe),https://www.youtube.com/watch?v=M328g44dEtE
Chicken Steam Piece in Pressure Cooker,Indian/Pakistani,1 channel,Chicken Steam Piece in Pressure Cooker,https://www.youtube.com/watch?v=Rr0usMz3o3g,-,-
Chicken Steam Roast Shadiyon wala I Restaurant Special Steam Roast,Indian/Pakistani,1 channel,Chicken Steam Roast Shadiyon wala I Restaurant Special Steam Roast,https://www.youtube.com/watch?v=V2-_cvdApYY,-,-
Chicken Steam Roast || Famous Recipe of Savour Foods,Indian/Pakistani,1 channel,Chicken Steam Roast || Famous Recipe of Savour Foods,https://www.youtube.com/watch?v=EuGPeouKWwE,-,-
Chicken Steam Samosa with Tomato Chutney,Indian/Pakistani,1 channel,Chicken Steam Samosa with Tomato Chutney | Quick and Magical Ramzan Recipe,https://www.youtube.com/watch?v=iU6AZN6xZqU,-,-
Chicken Stew,Continental,1 channel,Chicken Stew Recipe - Kun Foods,https://www.youtube.com/watch?v=eXgJudix8mM,-,-
Chicken sticks Recipe,Indian/Pakistani,1 channel,-,-,Chicken sticks Recipe By Food Fusion,https://www.youtube.com/watch?v=g7WNvJYoNU8
Chicken Stock,Indian/Pakistani,1 channel,-,-,Chicken Stock Recipe | How to make Chicken Stock by Food Fusion,https://www.youtube.com/watch?v=IE98ueZWaNY
Chicken Stroganoff Recipe,Indian/Pakistani,1 channel,-,-,Chicken Stroganoff Recipe By Food Fusion,https://www.youtube.com/watch?v=0ChMafcmZno
Chicken Stuffed Omelette Recipe By Food Fusion (Ramzan Special),Continental,1 channel,-,-,Chicken Stuffed Omelette Recipe By Food Fusion (Ramzan Special),https://www.youtube.com/watch?v=HuxMAIjdjbo
Chicken stuffed Potato Sandwich Recipe,Continental,1 channel,-,-,Chicken stuffed Potato Sandwich Recipe By Food Fusion,https://www.youtube.com/watch?v=t0fDkCU7qZc
Chicken Sukka with Leftover Naan Recipe,Indian/Pakistani,1 channel,-,-,Chicken Sukka with Leftover Naan Recipe by Food Fusion,https://www.youtube.com/watch?v=8jDqmlVLFF4
Chicken Tandoori Calzone Recipe,Indian/Pakistani,1 channel,-,-,Chicken Tandoori Calzone Recipe By Food Fusion,https://www.youtube.com/watch?v=nrbxnnHl9c0
Chicken Tandoori Rolls,Indian/Pakistani,1 channel,Chicken Tandoori Rolls | Street Style Kathi Rolls | Homemade Pratha Roll,https://www.youtube.com/watch?v=g1LfR9OG_FE,-,-
Chicken Tandoori Tikka Recipe,Indian/Pakistani,1 channel,-,-,Chicken Tandoori Tikka Recipe By Food Fusion,https://www.youtube.com/watch?v=5EAgEwjHaSk
Chicken Tenders with Sauce recipe,Indian/Pakistani,1 channel,-,-,Chicken Tenders with Sauce recipe By Food Fusion,https://www.youtube.com/watch?v=w38cXXUPqeM
Chicken Tenders  with vegetable and Cheesy Rice Recipe,Indian/Pakistani,1 channel,-,-,Chicken Tenders  with vegetable and Cheesy Rice Recipe by Food Fusion,https://www.youtube.com/watch?v=ct6BaM31bIM
Chicken Teriyaki Noodles Recipe,Japanese,1 channel,-,-,Chicken Teriyaki Noodles Recipe By Food Fusion,https://www.youtube.com/watch?v=-WsH2dL_PGo
Chicken Thai Noodles Recipe,Indian/Pakistani,1 channel,-,-,Chicken Thai Noodles Recipe by Food Fusion,https://www.youtube.com/watch?v=YjINvq0CwCA
Chicken Tikka Boti Recipe / Kalmi Tikka Restaurant Style /,Indian/Pakistani,1 channel,Chicken Tikka Boti Recipe / Kalmi Tikka Restaurant Style / Kun Foods,https://www.youtube.com/watch?v=Eqtb-PnTBEI,-,-
Chicken Tikka Bun kabab Recipe,Indian/Pakistani,1 channel,-,-,Chicken Tikka Bun kabab Recipe By Food Fusion,https://www.youtube.com/watch?v=Rp8iGlFMsBE
Chicken Tikka Chatti Pathiri Recipe By Food Fusion (Ramzan Special Recipe),Indian/Pakistani,1 channel,-,-,Chicken Tikka Chatti Pathiri Recipe By Food Fusion (Ramzan Special Recipe),https://www.youtube.com/watch?v=Wifp8Dievc0
Chicken Tikka Crepes Recipe,Indian/Pakistani,1 channel,-,-,Chicken Tikka Crepes Recipe By Food Fusion,https://www.youtube.com/watch?v=qUhGcf18akY
Chicken Tikka French Toast Ramzan Special Recipe,Indian/Pakistani,1 channel,-,-,Chicken Tikka French Toast Ramzan Special Recipe By Food Fusion,https://www.youtube.com/watch?v=zJsqQbDVv3Y
Chicken Tikka handi Recipe,Indian/Pakistani,1 channel,-,-,Chicken Tikka handi Recipe By Food Fusion,https://www.youtube.com/watch?v=ydWrp3S49M8
Chicken Tikka Masala Recipe,Indian/Pakistani,1 channel,-,-,Chicken Tikka Masala Recipe By Food Fusion,https://www.youtube.com/watch?v=Zk_auxm1j9k
Chicken Tikka Pura Recipe by Food Fusion (Ramzan Special),Indian/Pakistani,1 channel,-,-,Chicken Tikka Pura Recipe by Food Fusion (Ramzan Special),https://www.youtube.com/watch?v=V2qoDFJPlRU
Chicken Tikka Recipe,Indian/Pakistani,1 channel,-,-,Chicken Tikka Recipe By Food Fusion,https://www.youtube.com/watch?v=8HT9Gc8vtQE
Chicken Tikka Recipe Without Grill and Charcoal,Indian/Pakistani,1 channel,Chicken Tikka Recipe Without Grill and Charcoal,https://www.youtube.com/watch?v=z5H9eIXuu20,-,-
Chicken Tikka Resha Kabab By Food Fusion (Ramzan Special),Indian/Pakistani,1 channel,-,-,Chicken Tikka Resha Kabab By Food Fusion (Ramzan Special),https://www.youtube.com/watch?v=GQjlHlmiI84
Chicken Tikka Restaurant Style- BBQ Commercial,Indian/Pakistani,1 channel,Chicken Tikka Restaurant Style- BBQ Commercial Recipe - Kun Foods,https://www.youtube.com/watch?v=GeOD7aK7y0s,-,-
Chicken Tikka Sausages Recipe,Indian/Pakistani,1 channel,-,-,Chicken Tikka Sausages Recipe By Food Fusion,https://www.youtube.com/watch?v=OyUvVuqBF7Y
Chicken Tikka Vol au Vent/Patties Recipe,Indian/Pakistani,1 channel,-,-,Chicken Tikka Vol au Vent/Patties Recipe by Food Fusion,https://www.youtube.com/watch?v=1PuN0D3QCNM
Chicken Tikka with Garlic Cheese Sauce & Grilled Corn Recipe,Indian/Pakistani,1 channel,-,-,Chicken Tikka with Garlic Cheese Sauce & Grilled Corn Recipe by Food Fusion,https://www.youtube.com/watch?v=PfhvmtHKroU
Chicken Tikka without Grill,Indian/Pakistani,1 channel,Chicken Tikka without Grill | Juicy Tikka with Rice at Home,https://www.youtube.com/watch?v=xfyk4q-_VJ8,-,-
Chicken Vegi Cheese Samosas recipe,Indian/Pakistani,1 channel,-,-,Chicken Vegi Cheese Samosas recipe by Food Fusion,https://www.youtube.com/watch?v=P3ADQ5goZLo
Chicken Vermicelli Biryani Recipe,Indian/Pakistani,1 channel,-,-,Chicken Vermicelli Biryani Recipe By Food Fusion,https://www.youtube.com/watch?v=dF91y2f1KnM
Chicken Wellington Ramadan Special Recipe,Indian/Pakistani,1 channel,-,-,Chicken Wellington Ramadan Special Recipe By Food Fusion,https://www.youtube.com/watch?v=v98uO2U5GNQ
Chicken White Biryani Recipe,Indian/Pakistani,1 channel,-,-,Chicken White Biryani Recipe By Food Fusion,https://www.youtube.com/watch?v=tcyHEsFBot0
Chicken White Karahi Recipe,Indian/Pakistani,1 channel,-,-,Chicken White Karahi Recipe By Food Fusion,https://www.youtube.com/watch?v=CUSySy6XiwQ
Chicken White Karahi  || Restaurant Style White Pepper Karahi at Home |,Indian/Pakistani,1 channel,Chicken White Karahi  || Restaurant Style White Pepper Karahi at Home || Kun Foods,https://www.youtube.com/watch?v=nebFe8-wpRU,-,-
Chicken White Pulao Recipe By Food Fusion (Eid Special),Indian/Pakistani,1 channel,-,-,Chicken White Pulao Recipe By Food Fusion (Eid Special),https://www.youtube.com/watch?v=N4KQIhoJJDw
Chicken Wings with Kare-Kare Fusion Sauce Recipe,Continental,1 channel,-,-,Chicken Wings with Kare-Kare Fusion Sauce Recipe by Food Fusion,https://www.youtube.com/watch?v=t6CxQykR6bY
Chicken Wonton Recipe,Chinese,1 channel,-,-,Chicken Wonton Recipe By Food Fusion,https://www.youtube.com/watch?v=p2aNZrynJ8o
Chicken Wrap,Indian/Pakistani,1 channel,Chicken Wrap Recipe - Cheesy Mexican Burrito,https://www.youtube.com/watch?v=5eBxrqKKMnI,-,-
Chicken Wrap Using Roll Patti,Indian/Pakistani,1 channel,Chicken Wrap Using Roll Patti - Ramzan Special Quick and Easy Recipe,https://www.youtube.com/watch?v=haPNQxWGIFI,-,-
Chicken Yakhni Pulao Recipe By Food Fusion (Ramzan Special Recipe),Indian/Pakistani,1 channel,-,-,Chicken Yakhni Pulao Recipe By Food Fusion (Ramzan Special Recipe),https://www.youtube.com/watch?v=QaZWOGs82Nw
Chicken Yakhni Recipe Bazar Wali || Chicken Soup Winter Special,Indian/Pakistani,1 channel,Chicken Yakhni Recipe Bazar Wali || Chicken Soup Winter Special,https://www.youtube.com/watch?v=NNrShnNxiiQ,-,-
Chicken Zeera Bites Recipe,Indian/Pakistani,1 channel,-,-,Chicken Zeera Bites Recipe By Food Fusion,https://www.youtube.com/watch?v=rhf9L6HZ0hc
Chicken Zinger Fries Loaded With Cheese Sauce,Continental,1 channel,Chicken Zinger Fries Loaded With Cheese Sauce,https://www.youtube.com/watch?v=2v8CtnuNXBk,-,-
Chickpea Salad 2 Ways By Healthy,Indian/Pakistani,1 channel,-,-,Chickpea Salad 2 Ways By Healthy Food Fusion,https://www.youtube.com/watch?v=3VrRE6pUD60
Chikar choley Recipe By Food Fusion (Ramzan Special Recipe),Indian/Pakistani,1 channel,-,-,Chikar choley Recipe By Food Fusion (Ramzan Special Recipe),https://www.youtube.com/watch?v=f9Kl-1M6CU4
Chikki 4 ways with gur Recipe,Indian/Pakistani,1 channel,-,-,Chikki 4 ways with gur Recipe  by Food Fusion,https://www.youtube.com/watch?v=fAwmeMunwX4
Chikki with Puffed Rice/ Murmura Laddu Recipe,Indian/Pakistani,1 channel,-,-,Chikki with Puffed Rice/ Murmura Laddu Recipe By Food Fusion,https://www.youtube.com/watch?v=pXAdndv-jnc
"Chili Bites Recipe, Nandos calls them Peri Bites",Continental,1 channel,-,-,"Chili Bites Recipe, Nandos calls them Peri Bites - Food Fusion",https://www.youtube.com/watch?v=NAahAX62MZ0
Chili Chicken in Black Pepper Sauce,Indian/Pakistani,1 channel,Chili Chicken in Black Pepper Sauce | Restaurant Style Spicy Chili Chicken,https://www.youtube.com/watch?v=Tcyky6EtJ5U,-,-
Chili Crispy Rice,Indian/Pakistani,1 channel,Chili Crispy Rice | Chili Butter Rice with Spicy Chicken,https://www.youtube.com/watch?v=vJmn_YkCyx8,-,-
Chili Mili Chicken Wings Ramadan Special Recipe by Asad Memon,Continental,1 channel,-,-,Chili Mili Chicken Wings Ramadan Special Recipe by Asad Memon - Food Fusion,https://www.youtube.com/watch?v=PXaIFgh1zSU
Chili Stuffed Pakora Recipe,Indian/Pakistani,1 channel,-,-,Chili Stuffed Pakora Recipe By Food Fusion,https://www.youtube.com/watch?v=ti8MD3-kkMQ
Chilli Garlic Chicken Spicy Noodles Recipe,Indian/Pakistani,1 channel,-,-,Chilli Garlic Chicken Spicy Noodles Recipe by Food Fusion,https://www.youtube.com/watch?v=BL0yF7GvsjE
Chilli Garlic Corn Croquettes Ramzan Special Recipe,Indian/Pakistani,1 channel,-,-,Chilli Garlic Corn Croquettes Ramzan Special Recipe By Food Fusion,https://www.youtube.com/watch?v=NZNod_CYcrE
Chilli Mac & Cheese Recipe,Indian/Pakistani,1 channel,-,-,Chilli Mac & Cheese Recipe by Food Fusion,https://www.youtube.com/watch?v=zR2nmwl8LZ4
Chilli Tamarind Chicken Recipe,Indian/Pakistani,1 channel,-,-,Chilli Tamarind Chicken Recipe by Food Fusion,https://www.youtube.com/watch?v=dRE2ErShZxM
China Salt / Ajinomoto KI HAQEEQAT,Indian/Pakistani,1 channel,China Salt / Ajinomoto KI HAQEEQAT | Does ajinomoto cause Cancer??,https://www.youtube.com/watch?v=ufYeppug1CQ,-,-
Chinese BBQ Biryani Eid Special Recipe,Chinese,1 channel,-,-,Chinese BBQ Biryani Eid Special Recipe by Food Fusion,https://www.youtube.com/watch?v=1j2joal9A3c
Chinese Chicken Pulao || Shadio Waly Chinese Rice,Chinese,1 channel,Chinese Chicken Pulao || Shadio Waly Chinese Rice,https://www.youtube.com/watch?v=osOyOBFEQrM,-,-
Chinese Cones Recipe By Food Fusion (Ramzan Special Recipe),Chinese,1 channel,-,-,Chinese Cones Recipe By Food Fusion (Ramzan Special Recipe),https://www.youtube.com/watch?v=ZVzanbpTyI0
Chinese Crispy Salt & Pepper Wings Recipe,Chinese,1 channel,-,-,Chinese Crispy Salt & Pepper Wings Recipe by Food Fusion,https://www.youtube.com/watch?v=hLJrmT_tr_M
Chinese Egg Rolls,Chinese,1 channel,Chinese Egg Rolls - Ramzan Special Vegetable Egg Rolls Recipe,https://www.youtube.com/watch?v=jXfnjvXaRAk,-,-
Chinese Fried Rice,Chinese,1 channel,-,-,Chinese Fried Rice - restaurant style  Recipe By Food Fusion,https://www.youtube.com/watch?v=P2tIt4bZNmI
Chinese Fried Rice Shadiyon Walay,Chinese,1 channel,Chinese Fried Rice Shadiyon Walay - Pakistani Marriage Food -1,https://www.youtube.com/watch?v=JI6E4IdpMnE,-,-
Chinese pakora recipe by Food Fusion (Ramzan Special Recipe),Chinese,1 channel,-,-,Chinese pakora recipe by Food Fusion (Ramzan Special Recipe),https://www.youtube.com/watch?v=9lzv_ffM8WM
Chinese  Red Chili Paste Recipe,Chinese,1 channel,-,-,Chinese  Red Chili Paste Recipe By Food Fusion,https://www.youtube.com/watch?v=LI1OS8xhUJE
Chinese Rice Bowl,Chinese,1 channel,Chinese Rice Bowl - Crispy Honey Garlic Chicken with Rice,https://www.youtube.com/watch?v=by6JRvrStDU,-,-
Chinese Rolls Recipe By Food Fusion (Ramzan recipe),Chinese,1 channel,-,-,Chinese Rolls Recipe By Food Fusion (Ramzan recipe),https://www.youtube.com/watch?v=I6YM6ah8Eko
Chinese Sesame Chicken Recipe,Chinese,1 channel,-,-,Chinese Sesame Chicken Recipe By Food Fusion,https://www.youtube.com/watch?v=tc2hlrZ5nKI
Chinese Style Beef Kabab Ramadan Special Recipe,Chinese,1 channel,-,-,Chinese Style Beef Kabab Ramadan Special Recipe by Food Fusion,https://www.youtube.com/watch?v=nHJSXjtN_b8
Chinese Style Chicken Burger Recipe,Chinese,1 channel,-,-,Chinese Style Chicken Burger Recipe by Food Fusion,https://www.youtube.com/watch?v=BSnxGjfQ0h0
Chinese Style Tikka & Butter Fried Rice Ramadan Special Recipe,Chinese,1 channel,-,-,Chinese Style Tikka & Butter Fried Rice Ramadan Special Recipe by Food Fusion,https://www.youtube.com/watch?v=poLwbutD9IA
Chips Qeema Recipe By Food Fusion (Ramzan Special),Indian/Pakistani,1 channel,-,-,Chips Qeema Recipe By Food Fusion (Ramzan Special),https://www.youtube.com/watch?v=iqcHCMMtaU4
Chocoflan Recipe,Indian/Pakistani,1 channel,-,-,Chocoflan Recipe by Food Fusion,https://www.youtube.com/watch?v=qKkk-DZxnn8
Chocolate & Orange Dessert Recipe,Indian/Pakistani,1 channel,-,-,Chocolate & Orange Dessert Recipe By Food Fusion,https://www.youtube.com/watch?v=Nhs2fZ6ont8
Chocolate & Salted Caramel Pie Recipe,Continental,1 channel,-,-,Chocolate & Salted Caramel Pie Recipe By Food Fusion,https://www.youtube.com/watch?v=IXOUkEcthRU
Chocolate Apam Balik Crepes,Indian/Pakistani,1 channel,-,-,Chocolate Apam Balik Crepes - Famous Malaysian street Food Recipe by Food Fusion,https://www.youtube.com/watch?v=O7I0MEGN15g
Chocolate Banana Bread Recipe,Indian/Pakistani,1 channel,-,-,Chocolate Banana Bread Recipe by Food Fusion,https://www.youtube.com/watch?v=XP7OIwwAUew
Chocolate Barfi Recipe By Food Fusion (Eid Special),Indian/Pakistani,1 channel,-,-,Chocolate Barfi Recipe By Food Fusion (Eid Special),https://www.youtube.com/watch?v=MycjAJiydpw
Chocolate Bread Pudding,Indian/Pakistani,1 channel,-,-,Chocolate Bread Pudding - Ramadan Special Recipe by Food Fusion,https://www.youtube.com/watch?v=yuYQapEkkBs
Chocolate Brownie (Low Calorie) Recipe,Continental,1 channel,-,-,Chocolate Brownie (Low Calorie) Recipe By Food Fusion,https://www.youtube.com/watch?v=F5sCXu_B7WM
Chocolate Brownie Bakery Style,Continental,1 channel,Chocolate Brownie Bakery Style by Kun Foods,https://www.youtube.com/watch?v=kkZ-xep2GFM,-,-
Chocolate Brownie Cake Dessert Recipe,Continental,1 channel,-,-,Chocolate Brownie Cake Dessert Recipe by Food Fusion,https://www.youtube.com/watch?v=y8P9ztUSV9E
Chocolate Brownie Recipe,Continental,1 channel,-,-,Chocolate Brownie Recipe By Food Fusion,https://www.youtube.com/watch?v=uNsdP-md3MA
Chocolate Brownie With Milk Powder Recipe,Continental,1 channel,-,-,Chocolate Brownie With Milk Powder Recipe by Food Fusion,https://www.youtube.com/watch?v=8HlIQCwGk4w
Chocolate Cake Recipe,Continental,1 channel,-,-,Chocolate Cake Recipe By Food Fusion,https://www.youtube.com/watch?v=QKdJyaecCBo
Chocolate Cake without oven Recipe,Continental,1 channel,-,-,Chocolate Cake without oven Recipe By Food Fusion,https://www.youtube.com/watch?v=2V9EozgE8qY
Chocolate Chickpea Cake Recipe,Continental,1 channel,-,-,Chocolate Chickpea Cake Recipe by Food Fusion,https://www.youtube.com/watch?v=ntA2A9xAkBA
Chocolate Chip Cookie Bars Recipe,Continental,1 channel,-,-,Chocolate Chip Cookie Bars Recipe By Food Fusion,https://www.youtube.com/watch?v=vR2XOrhC5uM
Chocolate Choux au Craquelin (Chocolate Cream Puffs) Recipe,Indian/Pakistani,1 channel,-,-,Chocolate Choux au Craquelin (Chocolate Cream Puffs) Recipe by Food Fusion,https://www.youtube.com/watch?v=vZhhLTIyNp0
Chocolate Cream Puffs Recipe,Indian/Pakistani,1 channel,-,-,Chocolate Cream Puffs Recipe by Food Fusion,https://www.youtube.com/watch?v=20-yLpPDe8A
Chocolate Croissants with Monsalwa Frozen Paratha Recipe,Indian/Pakistani,1 channel,-,-,Chocolate Croissants with Monsalwa Frozen Paratha Recipe By Food Fusion,https://www.youtube.com/watch?v=izOPIwSaN-I
Chocolate Cupcakes Recipe,Indian/Pakistani,1 channel,-,-,Chocolate Cupcakes Recipe By Food Fusion,https://www.youtube.com/watch?v=t58dBkeXy-E
Chocolate Custard Cake Recipe,Continental,1 channel,-,-,Chocolate Custard Cake Recipe by Food Fusion,https://www.youtube.com/watch?v=y6X9rCfti5I
Chocolate Date Bites,Indian/Pakistani,1 channel,-,-,Chocolate Date Bites - Ramadan Special Recipe by Food Fusion,https://www.youtube.com/watch?v=XF_kDM4YJEY
Chocolate Dessert Box with Choco Lava Recipe,Indian/Pakistani,1 channel,-,-,Chocolate Dessert Box with Choco Lava Recipe by Food Fusion,https://www.youtube.com/watch?v=4ZSxRthcPhc
Chocolate Digestive Biscuits Recipe,Indian/Pakistani,1 channel,-,-,Chocolate Digestive Biscuits Recipe by Food Fusion,https://www.youtube.com/watch?v=jZFka0q4fWQ
Chocolate Dip Butter Cookies Without Oven Recipe,Indian/Pakistani,1 channel,-,-,Chocolate Dip Butter Cookies Without Oven Recipe By Food Fusion,https://www.youtube.com/watch?v=zjRKyFuS-fg
Chocolate Donuts Recipe,Continental,1 channel,-,-,Chocolate Donuts Recipe By Food Fusion,https://www.youtube.com/watch?v=enEJ7smngQM
Chocolate Dream Cake Eid Special Recipe,Continental,1 channel,-,-,Chocolate Dream Cake Eid Special Recipe by Food Fusion,https://www.youtube.com/watch?v=wXZdyuG2BJM
Chocolate Eclairs Dessert Recipe,Indian/Pakistani,1 channel,-,-,Chocolate Eclairs Dessert Recipe by Food Fusion,https://www.youtube.com/watch?v=Oip9ff196do
Chocolate Eclairs Recipe,Indian/Pakistani,1 channel,-,-,Chocolate Eclairs Recipe By Food Fusion,https://www.youtube.com/watch?v=nxtRqYfWS60
Chocolate Fudgy Brownie Recipe,Continental,1 channel,-,-,Chocolate Fudgy Brownie Recipe By Food Fusion,https://www.youtube.com/watch?v=KLz9lx2aOoM
Chocolate Gol Gappay Recipe By Food Fusion (Ramzan Special),Indian/Pakistani,1 channel,-,-,Chocolate Gol Gappay Recipe By Food Fusion (Ramzan Special),https://www.youtube.com/watch?v=-3O7XpFK1KE
Chocolate Lasagna Recipe,Continental,1 channel,-,-,Chocolate Lasagna Recipe By Food Fusion,https://www.youtube.com/watch?v=33oO3uk9Lbg
Chocolate Lava Cake Recipe,Continental,1 channel,-,-,Chocolate Lava Cake Recipe by Food Fusion,https://www.youtube.com/watch?v=fvphpRBWAEk
Chocolate Lava Pudding Recipe,Indian/Pakistani,1 channel,-,-,Chocolate Lava Pudding Recipe By Food Fusion,https://www.youtube.com/watch?v=uBRVMaF1hMw
Chocolate Malt Cake Recipe,Continental,1 channel,-,-,Chocolate Malt Cake Recipe by Food Fusion,https://www.youtube.com/watch?v=Ypjrd8Vt4PA
Chocolate Malt Ice Cream,Indian/Pakistani,1 channel,-,-,Chocolate Malt Ice Cream By Food Fusion,https://www.youtube.com/watch?v=c6zOdgkZ_mQ
Chocolate Milkshake & Ganache Recipe,Indian/Pakistani,1 channel,-,-,Chocolate Milkshake & Ganache Recipe By Food Fusion,https://www.youtube.com/watch?v=4mX-tz5kbrk
Chocolate Mocha Mousse Recipe,Indian/Pakistani,1 channel,-,-,Chocolate Mocha Mousse Recipe by Food Fusion,https://www.youtube.com/watch?v=I3Kid7y4gf0
Chocolate Mousse Cake Recipe,Continental,1 channel,-,-,Chocolate Mousse Cake Recipe By Food Fusion,https://www.youtube.com/watch?v=_wBqJEySfaA
Chocolate Mousse Cups Recipe,Indian/Pakistani,1 channel,-,-,Chocolate Mousse Cups Recipe by Food Fusion,https://www.youtube.com/watch?v=2JokE6qLOfU
Chocolate Mousse Recipe by Chef Mehboob on,Indian/Pakistani,1 channel,-,-,Chocolate Mousse Recipe by Chef Mehboob on Food Fusion,https://www.youtube.com/watch?v=xtcvgw11Wqg
Chocolate Mousse Trifle Recipe,Indian/Pakistani,1 channel,-,-,Chocolate Mousse Trifle Recipe By Food Fusion,https://www.youtube.com/watch?v=DGq7R0gnarU
Chocolate Mug Cake in Microwave recipe,Continental,1 channel,-,-,Chocolate Mug Cake in Microwave recipe By Food Fusion,https://www.youtube.com/watch?v=XvqVZV0zb3M
Chocolate Nuts Samosa Ramadan Special Recipe,Indian/Pakistani,1 channel,-,-,Chocolate Nuts Samosa Ramadan Special Recipe by Food Fusion,https://www.youtube.com/watch?v=HyMQfVFRkeo
Chocolate Peanut Butter Tart Recipe,Indian/Pakistani,1 channel,-,-,Chocolate Peanut Butter Tart Recipe By Food Fusion,https://www.youtube.com/watch?v=AWKtRgSspRA
Chocolate Popsicle Recipe By Haniya Asad,Indian/Pakistani,1 channel,-,-,Chocolate Popsicle Recipe By Haniya Asad-Food Fusion,https://www.youtube.com/watch?v=G23boRAzwrs
Chocolate Pot de Creme Recipe,Indian/Pakistani,1 channel,-,-,Chocolate Pot de Creme Recipe by Food Fusion,https://www.youtube.com/watch?v=s6gDWqzAiao
Chocolate Pudding Pie,Indian/Pakistani,1 channel,-,-,Chocolate Pudding Pie Recipe - By Food Fusion,https://www.youtube.com/watch?v=sw4VX3XcfNA
Chocolate Puff Rolls Bread Ramadan Special Recipe,Indian/Pakistani,1 channel,-,-,Chocolate Puff Rolls Bread Ramadan Special Recipe by Food Fusion,https://www.youtube.com/watch?v=pFqBBvzQEn4
Chocolate Rice Mousse Recipe,Indian/Pakistani,1 channel,-,-,Chocolate Rice Mousse Recipe by Food Fusion,https://www.youtube.com/watch?v=Y5uYDfmVi7A
Chocolate Souffle,Indian/Pakistani,1 channel,-,-,Chocolate Souffle - How to make Chocolate Souffle - Recipe By Food Fusion,https://www.youtube.com/watch?v=gtDJ-mxVIkg
Chocolate Swiss Roll Recipe,Indian/Pakistani,1 channel,-,-,Chocolate Swiss Roll Recipe By Food Fusion,https://www.youtube.com/watch?v=g10CZLRDtsI
Chocolate Three Milk Cake in Frying Pan (No fancy tools) Recipe,Continental,1 channel,-,-,Chocolate Three Milk Cake in Frying Pan (No fancy tools) Recipe by Food Fusion,https://www.youtube.com/watch?v=w1J8pYVSA24
Chocolate Tres Leches Cake Recipe,Continental,1 channel,-,-,Chocolate Tres Leches Cake Recipe By Food Fusion,https://www.youtube.com/watch?v=2rA9fS00p8s
Chocolate Truffles Recipe,Indian/Pakistani,1 channel,-,-,Chocolate Truffles Recipe By Food Fusion,https://www.youtube.com/watch?v=ckmDgIYsb8Q
Chocolate Waffles Recipe,Indian/Pakistani,1 channel,-,-,Chocolate Waffles Recipe by Food Fusion,https://www.youtube.com/watch?v=fF1x6zRJ3nk
"Cholay Kulchay Recipe || Kulchay on Tawa, Cholay with Salad, Chaat Masala",Indian/Pakistani,1 channel,"Cholay Kulchay Recipe || Kulchay on Tawa, Cholay with Salad, Chaat Masala",https://www.youtube.com/watch?v=-r5gOOZ1tkc,-,-
Choley ka Salan,Indian/Pakistani,1 channel,-,-,Choley ka Salan - (Channay ki tarkari ) For Halwa puri By Food Fusion,https://www.youtube.com/watch?v=wxgDmoiZP-I
Cholistani Chicken Qorma 1.5kg,Indian/Pakistani,1 channel,Cholistani Chicken Qorma 1.5kg Recipe,https://www.youtube.com/watch?v=mkLhyWsbQOU,-,-
Cholistani Kheer Recipe in Most Beautiful Mud House || Nomadic Life of Desert,Indian/Pakistani,1 channel,Cholistani Kheer Recipe in Most Beautiful Mud House || Nomadic Life of Desert,https://www.youtube.com/watch?v=TxhIiaaSjv8,-,-
Chopsuey with Crispy Fried Noodles Recipe,Indian/Pakistani,1 channel,-,-,Chopsuey with Crispy Fried Noodles Recipe By Food Fusion,https://www.youtube.com/watch?v=y532LX1pyRM
Chukandar Gosht Recipe,Indian/Pakistani,1 channel,-,-,Chukandar Gosht Recipe By Food Fusion,https://www.youtube.com/watch?v=xbRWI0JyOyw
Chur Chur Naan Recipe,Indian/Pakistani,1 channel,-,-,Chur Chur Naan Recipe By Food Fusion,https://www.youtube.com/watch?v=w6RO9VozeJo
Churros Disc with Rabri Topping Recipe,Indian/Pakistani,1 channel,-,-,Churros Disc with Rabri Topping Recipe by Food Fusion,https://www.youtube.com/watch?v=lOU8mhBO95Q
Churros Pudding Recipe,Indian/Pakistani,1 channel,-,-,Churros Pudding Recipe by Food Fusion,https://www.youtube.com/watch?v=BaNupinI6tA
Churros with Coffee Custard Sauce Recipe,Continental,1 channel,-,-,Churros with Coffee Custard Sauce Recipe By Food Fusion,https://www.youtube.com/watch?v=VZKDtzcdLts
Churros with Creamy Chocolate Dip Recipe,Indian/Pakistani,1 channel,-,-,Churros with Creamy Chocolate Dip Recipe by Food Fusion,https://www.youtube.com/watch?v=rTxWr3N1DkQ
Chutney 4 Ways,Indian/Pakistani,1 channel,-,-,Chutney 4 Ways - Recipes By Food Fusion,https://www.youtube.com/watch?v=OVfBIaMlvAs
Chutney Aloo Bharta with Masala Kachori Ramadan Special Recipe,Indian/Pakistani,1 channel,-,-,Chutney Aloo Bharta with Masala Kachori Ramadan Special Recipe by Food Fusion,https://www.youtube.com/watch?v=Wz6O-U7WJJs
Chutney Bhare Koftay Ramadan Special Recipe,Indian/Pakistani,1 channel,-,-,Chutney Bhare Koftay Ramadan Special Recipe By Food Fusion,https://www.youtube.com/watch?v=jBXBmKVpODY
Chutney Gosht Recipe,Indian/Pakistani,1 channel,-,-,Chutney Gosht Recipe By Food Fusion,https://www.youtube.com/watch?v=6xQeJa2JKqo
Cinnamon Bread Cereal Recipe,Indian/Pakistani,1 channel,-,-,Cinnamon Bread Cereal Recipe by Food Fusion,https://www.youtube.com/watch?v=Ok6aByPWciI
Cinnamon Butter French Toast Recipe,Indian/Pakistani,1 channel,-,-,Cinnamon Butter French Toast Recipe By Food Fusion,https://www.youtube.com/watch?v=eRqm652-C7E
Cinnamon Roll in Air fryer Recipe,Indian/Pakistani,1 channel,-,-,Cinnamon Roll in Air fryer Recipe by Food Fusion,https://www.youtube.com/watch?v=WETCN5MTeH8
Cinnamon rolls without oven recipe,Indian/Pakistani,1 channel,-,-,Cinnamon rolls without oven recipe by Food Fusion,https://www.youtube.com/watch?v=hrw_FoFCFIE
Citrus Iced Green Tea Recipe,Indian/Pakistani,1 channel,-,-,Citrus Iced Green Tea Recipe By Food Fusion,https://www.youtube.com/watch?v=7OUc-JK4wpg
Classic Béchamel Sauce Pasta Ramzan Special Recipe,Continental,1 channel,-,-,Classic Béchamel Sauce Pasta Ramzan Special Recipe By Food Fusion,https://www.youtube.com/watch?v=gy9jSrkAgxg
Classic Chicken Cobb Salad Recipe,Indian/Pakistani,1 channel,-,-,Classic Chicken Cobb Salad Recipe By Food Fusion,https://www.youtube.com/watch?v=6OXzPsYBE9A
Classic Chocolate Skillet Cookie Recipe,Continental,1 channel,-,-,Classic Chocolate Skillet Cookie Recipe By Food Fusion,https://www.youtube.com/watch?v=6ATrEjbiKro
Classic Coffee Cake Recipe Inspired by Bombay Bakery (Eid Special Recipe),Continental,1 channel,-,-,Classic Coffee Cake Recipe Inspired by Bombay Bakery - Food Fusion (Eid Special Recipe),https://www.youtube.com/watch?v=4ImuvGjDHjc
Classic Nihari Recipes by Food Fusion (Bakra Eid Special),Indian/Pakistani,1 channel,-,-,Classic Nihari Recipes by Food Fusion (Bakra Eid Special),https://www.youtube.com/watch?v=JtFKsqLIo7Y
Classic Smash Burger Recipe,Continental,1 channel,-,-,Classic Smash Burger Recipe By Food Fusion,https://www.youtube.com/watch?v=OK2d3XPDEfQ
Classic Tiramisu Recipe,Indian/Pakistani,1 channel,-,-,Classic Tiramisu Recipe by Food Fusion,https://www.youtube.com/watch?v=eZtnYgNkfSQ
Clean kitchen stove in 1 minute,Indian/Pakistani,1 channel,Clean kitchen stove in 1 minute,https://www.youtube.com/watch?v=8nd_guNdRuc,-,-
Clear Soup with Vegetables Recipe,Indian/Pakistani,1 channel,-,-,Clear Soup with Vegetables Recipe By Food Fusion,https://www.youtube.com/watch?v=spGRlMpKzW8
Club Sandwich recipe,Continental,1 channel,-,-,Club Sandwich recipe by Food Fusion,https://www.youtube.com/watch?v=0DCg40GpAOM
Cocoberry Paradise Mousse Recipe by Asad Memon (Bakra Eid Special),Indian/Pakistani,1 channel,-,-,Cocoberry Paradise Mousse Recipe by Asad Memon-Food Fusion (Bakra Eid Special),https://www.youtube.com/watch?v=vGnyrj9gnpA
Coconut Barfi Recipe,Indian/Pakistani,1 channel,-,-,Coconut Barfi Recipe By Food Fusion,https://www.youtube.com/watch?v=XbusOzvVyeg
Coconut Cake Recipe,Continental,1 channel,-,-,Coconut Cake Recipe By Food Fusion,https://www.youtube.com/watch?v=VYLuN3oTgUQ
Coconut Cheesecake Recipe,Continental,1 channel,-,-,Coconut Cheesecake Recipe by Food Fusion,https://www.youtube.com/watch?v=cGIuEEA7HTA
Coconut Chia Drink Ramadan Special Recipe,Indian/Pakistani,1 channel,-,-,Coconut Chia Drink Ramadan Special Recipe by Food Fusion,https://www.youtube.com/watch?v=AftW6umqV4M
Coconut Chicken Curry Recipe,Indian/Pakistani,1 channel,-,-,Coconut Chicken Curry Recipe By Food Fusion,https://www.youtube.com/watch?v=2Ml3dZFtQgA
Coconut Chicken Curry With Jali Roti Recipe By Food Fusion (Ramazan Special),Indian/Pakistani,1 channel,-,-,Coconut Chicken Curry With Jali Roti Recipe By Food Fusion (Ramazan Special),https://www.youtube.com/watch?v=u_bvnOZzvto
Coconut Chicken with Garlic Herb Rice Recipe,Indian/Pakistani,1 channel,-,-,Coconut Chicken with Garlic Herb Rice Recipe By Food Fusion,https://www.youtube.com/watch?v=2o-oWUVXUmc
Coconut Cream Brulèe Ramzan Special Recipe,Indian/Pakistani,1 channel,-,-,Coconut Cream Brulèe Ramzan Special Recipe By Food Fusion,https://www.youtube.com/watch?v=XsYBIs8Wkpw
Coconut Macaroons  Recipe,Indian/Pakistani,1 channel,-,-,Coconut Macaroons  Recipe By Food Fusion,https://www.youtube.com/watch?v=Clq0Z6IulQs
Coconut Sooji Halwa Recipe,Indian/Pakistani,1 channel,-,-,Coconut Sooji Halwa Recipe by Food Fusion,https://www.youtube.com/watch?v=__I2VD4SPeg
Coffaholic Dessert Recipe,Indian/Pakistani,1 channel,-,-,Coffaholic Dessert Recipe By Food Fusion,https://www.youtube.com/watch?v=aW_A86lYaq8
"Coffee 4 Ways (Cappuccino, Mocha, Chai Espresso, Cookie & Cream)  Recipes",Continental,1 channel,-,-,"Coffee 4 Ways (Cappuccino, Mocha, Chai Espresso, Cookie & Cream)  Recipes By Food Fusion",https://www.youtube.com/watch?v=O2uSCdOZhAQ
Coffee Bombs Recipe,Continental,1 channel,-,-,Coffee Bombs Recipe by Food Fusion,https://www.youtube.com/watch?v=uhsDgKgl6dU
Coffee Buns Recipe,Continental,1 channel,-,-,Coffee Buns Recipe By Food Fusion,https://www.youtube.com/watch?v=J8Y2kZ0jMrM
Coffee Cupcakes Recipe,Continental,1 channel,-,-,Coffee Cupcakes Recipe By Food Fusion,https://www.youtube.com/watch?v=N0wHnJ_U01A
Coffee Filled Donuts Recipe,Continental,1 channel,-,-,Coffee Filled Donuts Recipe by Food Fusion,https://www.youtube.com/watch?v=AxySJN4aMCg
Coffee Flan Recipe,Continental,1 channel,-,-,Coffee Flan Recipe by Food Fusion,https://www.youtube.com/watch?v=O84grdhIioA
Coffee Ganache Recipe,Continental,1 channel,-,-,Coffee Ganache Recipe By Food Fusion,https://www.youtube.com/watch?v=ZVvH7yG9sJ4
Coffee Mousse Cups Recipe,Continental,1 channel,-,-,Coffee Mousse Cups Recipe by Food Fusion,https://www.youtube.com/watch?v=y-0wkw81XX4
Coffee Nan Khatai Recipe,Continental,1 channel,-,-,Coffee Nan Khatai Recipe By Food Fusion,https://www.youtube.com/watch?v=HYruapyDYC4
Coffee Pistachio Cake Recipe,Continental,1 channel,-,-,Coffee Pistachio Cake Recipe by Food Fusion,https://www.youtube.com/watch?v=QoGmjNXbcCc
Coffee Punch Ramadan Special Recipe,Continental,1 channel,-,-,Coffee Punch Ramadan Special Recipe By Food Fusion,https://www.youtube.com/watch?v=-Vo-UQjyaXo
Coffee Toffee Recipe,Continental,1 channel,-,-,Coffee Toffee Recipe by Food Fusion,https://www.youtube.com/watch?v=NfQhKwibLq8
Cold Coffee,Continental,1 channel,Cold Coffee Recipe - Authentic Café Style Caramel Frappuccino,https://www.youtube.com/watch?v=VxidkRTDGLA,-,-
Cold Coffee Cake Recipe,Continental,1 channel,-,-,Cold Coffee Cake Recipe by Food Fusion,https://www.youtube.com/watch?v=ESVsjr_XPEQ
Cold Coffee Loaded with Coffee Jelly Recipe,Continental,1 channel,-,-,Cold Coffee Loaded with Coffee Jelly Recipe By Food Fusion,https://www.youtube.com/watch?v=H_xYstANB0Y
Cold Coffee Recipe,Continental,1 channel,-,-,Cold Coffee Recipe By Food Fusion,https://www.youtube.com/watch?v=xA_-m4EMjvs
Cold Sandwich Recipe,Continental,1 channel,-,-,Cold Sandwich Recipe by Food Fusion,https://www.youtube.com/watch?v=cBSUTq6T4Eg
Coleslaw recipe,Continental,1 channel,-,-,Coleslaw recipe by Food Fusion,https://www.youtube.com/watch?v=J1VKYHG4-BI
Commercial Hot Wings,Continental,1 channel,Commercial Hot Wings Recipe | KFC Style Chicken Hot Wings | Kun Foods,https://www.youtube.com/watch?v=iA_bb0tWfHs,-,-
Condensed Milk How To Make At Home With Only 2 ingredients,Indian/Pakistani,1 channel,Condensed Milk How To Make At Home With Only 2 ingredients - Condensed Milk Recipe - Afzaal Arshad,https://www.youtube.com/watch?v=XDsJv-6_aQw,-,-
Cone Papri Dahi Chaat Air Fried cones,Indian/Pakistani,1 channel,-,-,Cone Papri Dahi Chaat Air Fried cones - Iftar Special Recipe by Food Fusion,https://www.youtube.com/watch?v=_ilLqoYf3cY
Congratulations to All the winners for Food Food Fusion & Shan Competition,Indian/Pakistani,1 channel,-,-,Congratulations to All the winners for Food Food Fusion & Shan Competition,https://www.youtube.com/watch?v=IK9cp5uJEpc
Congratulations to All winners of Fusion Challenge 2019,Indian/Pakistani,1 channel,-,-,Congratulations to All winners of Fusion Challenge 2019,https://www.youtube.com/watch?v=NhP_kVPxIZ8
COOK CHICKEN WITH GREEN CHILIES,Indian/Pakistani,1 channel,COOK CHICKEN WITH GREEN CHILIES - Best Recipe of Pakistani Restaurants,https://www.youtube.com/watch?v=VkDHPROwoP8,-,-
Cookie Cup shots Recipe,Continental,1 channel,-,-,Cookie Cup shots Recipe By Food Fusion,https://www.youtube.com/watch?v=UL3feeVuqbA
Cookie Dough Croissants Recipe,Continental,1 channel,-,-,Cookie Dough Croissants Recipe by Food Fusion,https://www.youtube.com/watch?v=s0ikb8XuT7U
Cookie Mania Coffee Recipe,Continental,1 channel,-,-,Cookie Mania Coffee Recipe by Food Fusion,https://www.youtube.com/watch?v=c_yP4wmhXV4
Cookie Sticks Recipe,Continental,1 channel,-,-,Cookie Sticks Recipe by Food Fusion,https://www.youtube.com/watch?v=_U6clgpXT1o
Cookie Truffles Recipe,Continental,1 channel,-,-,Cookie Truffles Recipe by Food Fusion,https://www.youtube.com/watch?v=ynpvLifhezg
Cookies & Cream Parfait Recipe,Indian/Pakistani,1 channel,-,-,Cookies & Cream Parfait Recipe By Food Fusion,https://www.youtube.com/watch?v=EVRJwxL_wvQ
Cookies 3 ways Recipe by Asad Memon,Indian/Pakistani,1 channel,-,-,Cookies 3 ways Recipe by Asad Memon-Food Fusion,https://www.youtube.com/watch?v=HWjo7qZRxX8
Cooking Essentials,Indian/Pakistani,1 channel,-,-,"Cooking Essentials - Ginger Garlic , Papaya & Green Chili Paste -  Recipe by Food Fusion",https://www.youtube.com/watch?v=1ift665c83g
Cooking the MOST famous Arabic style rice,Arabic/Mediterranean,1 channel,Cooking the MOST famous Arabic style rice | Arabic Rice Recipe | Kun Foods,https://www.youtube.com/watch?v=cSlLtp0C_SA,-,-
Corn & Spinach Cheese Sandwich Recipe,Continental,1 channel,-,-,Corn & Spinach Cheese Sandwich Recipe by Food Fusion,https://www.youtube.com/watch?v=yJoAmyJko60
Corn Aloo Pakoda Recipe,Indian/Pakistani,1 channel,-,-,Corn Aloo Pakoda Recipe by Food Fusion,https://www.youtube.com/watch?v=zD4fzI06y4U
Corn Cheese Recipe,Indian/Pakistani,1 channel,-,-,Corn Cheese Recipe By Food Fusion,https://www.youtube.com/watch?v=kICrB4i96x4
Corn Cutlets Recipe By Food Fusion (Ramzan Special),Indian/Pakistani,1 channel,-,-,Corn Cutlets Recipe By Food Fusion (Ramzan Special),https://www.youtube.com/watch?v=hLoi4NFPgKM
Corn Soup with Spicy Tikka Chicken & Pickled Green Chillies Recipe,Chinese,1 channel,-,-,Corn Soup with Spicy Tikka Chicken & Pickled Green Chillies Recipe By Food Fusion,https://www.youtube.com/watch?v=Y_2TPSHUcvA
Cornflakes Crusted Finger Fish with Lemon Garlic Mayo Recipe,Indian/Pakistani,1 channel,-,-,Cornflakes Crusted Finger Fish with Lemon Garlic Mayo Recipe By Food Fusion,https://www.youtube.com/watch?v=FRFNGrohz2g
Cough Drops Recipe,Indian/Pakistani,1 channel,-,-,Cough Drops Recipe by Food Fusion,https://www.youtube.com/watch?v=Ny-YtxYljX0
Cowboy Butter Chicken Spaghetti Ramadan Special Recipe,Continental,1 channel,-,-,Cowboy Butter Chicken Spaghetti Ramadan Special Recipe By Food Fusion,https://www.youtube.com/watch?v=vHEwOSBKPwU
Cracker Board,Indian/Pakistani,1 channel,-,-,Cracker Board - Eid Special Recipe by Food Fusion,https://www.youtube.com/watch?v=9WapmXycPAc
Crazy Crust Pizza,Continental,1 channel,-,-,Crazy Crust Pizza - Pourable Liquid Crust Pizza  -  Recipe By Food Fusion,https://www.youtube.com/watch?v=taj6txyRDs4
Cream Cheese Alfredo Pasta Recipe,Continental,1 channel,-,-,Cream Cheese Alfredo Pasta Recipe By Food Fusion,https://www.youtube.com/watch?v=f97C_QII9Uo
Cream Cheese Swirl Brownies Recipe,Indian/Pakistani,1 channel,-,-,Cream Cheese Swirl Brownies Recipe By Food Fusion,https://www.youtube.com/watch?v=jyMHpDxAsos
Cream French Toast Casserole Recipe,Indian/Pakistani,1 channel,-,-,Cream French Toast Casserole Recipe By Food Fusion,https://www.youtube.com/watch?v=bf9xRBdbl6M
Cream of Chicken Soup Recipe,Indian/Pakistani,1 channel,-,-,Cream of Chicken Soup Recipe By Food Fusion,https://www.youtube.com/watch?v=Eab8UrnNRa0
Cream of Chicken Soup with Crispy Garlic Croutons Recipe,Indian/Pakistani,1 channel,-,-,Cream of Chicken Soup with Crispy Garlic Croutons Recipe By Food Fusion,https://www.youtube.com/watch?v=fan8dD274Go
Cream Of Mushroom Soup with Bread bowl Recipe,Indian/Pakistani,1 channel,-,-,Cream Of Mushroom Soup with Bread bowl Recipe By Food Fusion,https://www.youtube.com/watch?v=VxlpnjfSsD8
Cream of Spinach Soup Recipe,Indian/Pakistani,1 channel,-,-,Cream of Spinach Soup Recipe By Food Fusion,https://www.youtube.com/watch?v=M9JIC3jZ9sA
Creamy Almond Praline Halwa Jars Recipe,Indian/Pakistani,1 channel,-,-,Creamy Almond Praline Halwa Jars Recipe by Food Fusion,https://www.youtube.com/watch?v=UTjbmddnBUI
Creamy Banana Bread Pudding Recipe with Sarah Khan,Indian/Pakistani,1 channel,-,-,Creamy Banana Bread Pudding Recipe with Sarah Khan - Food Fusion,https://www.youtube.com/watch?v=9t_KK4k9tVA
Creamy BBQ Chicken Pasta Recipe by Food Fuison,Continental,1 channel,-,-,Creamy BBQ Chicken Pasta Recipe by Food Fuison,https://www.youtube.com/watch?v=-ZDKZoVWvF8
Creamy Beef Stuffed Wontons (Make & Freeze Ramzan Recipes) Recipe,Indian/Pakistani,1 channel,-,-,Creamy Beef Stuffed Wontons (Make & Freeze Ramzan Recipes) Recipe by Food fusion,https://www.youtube.com/watch?v=YmOL3TSvCUo
Creamy Beef Tikka Recipe,Indian/Pakistani,1 channel,-,-,Creamy Beef Tikka Recipe by Food Fusion,https://www.youtube.com/watch?v=pNVIXF7ecB0
Creamy Bread Kachori Recipe,Indian/Pakistani,1 channel,-,-,Creamy Bread Kachori Recipe By Food Fusion,https://www.youtube.com/watch?v=ehJCr9nB5Hc
Creamy Cajun Chicken Pasta Recipe,Continental,1 channel,-,-,Creamy Cajun Chicken Pasta Recipe By Food Fusion,https://www.youtube.com/watch?v=IhCnswKdqyg
Creamy Carbonara Spaghetti Recipe,Continental,1 channel,-,-,Creamy Carbonara Spaghetti Recipe by Food Fusion,https://www.youtube.com/watch?v=MQY4q19Ai_U
Creamy Cheddar Chicken Salad with Ranch Dressing Recipe,Indian/Pakistani,1 channel,-,-,Creamy Cheddar Chicken Salad with Ranch Dressing Recipe By Food Fusion,https://www.youtube.com/watch?v=PwqQ0GdIP7c
Creamy Cheese Samosa Recipe,Indian/Pakistani,1 channel,-,-,Creamy Cheese Samosa Recipe By Food Fusion,https://www.youtube.com/watch?v=RVV_6JVcI1w
Creamy Chicken & Dumpling Soup Recipe,Indian/Pakistani,1 channel,-,-,Creamy Chicken & Dumpling Soup Recipe by Food Fusion,https://www.youtube.com/watch?v=b4l3GfTFk6k
Creamy Chicken & Mushroom Soup,Indian/Pakistani,1 channel,-,-,Creamy Chicken & Mushroom Soup - Winter Special  Recipe By Food Fusion,https://www.youtube.com/watch?v=HP0Z8IF9zM4
Creamy Chicken & Mushroom Stuffed Crepes Recipe with Sarah Khan,Indian/Pakistani,1 channel,-,-,Creamy Chicken & Mushroom Stuffed Crepes Recipe with Sarah Khan - Food Fusion,https://www.youtube.com/watch?v=BffU-WXltTE
Creamy Chicken Baps Recipe,Indian/Pakistani,1 channel,-,-,Creamy Chicken Baps Recipe by Food Fusion,https://www.youtube.com/watch?v=PwyvjxRxR2U
Creamy Chicken Bread Recipe,Indian/Pakistani,1 channel,-,-,Creamy Chicken Bread Recipe by Food Fusion,https://www.youtube.com/watch?v=yUpF9bRSWY4
Creamy Chicken Cajun Croquettes Recipe,Indian/Pakistani,1 channel,-,-,Creamy Chicken Cajun Croquettes Recipe By Food Fusion,https://www.youtube.com/watch?v=XZ1CUM4rDsw
Creamy Chicken Corn Soup Recipe,Chinese,1 channel,-,-,Creamy Chicken Corn Soup Recipe by Food Fusion,https://www.youtube.com/watch?v=dlxrjtA7pSg
Creamy Chicken Crepes Recipe,Indian/Pakistani,1 channel,-,-,Creamy Chicken Crepes Recipe by Food Fusion,https://www.youtube.com/watch?v=_ND_GuUeZzg
Creamy Chicken Lifafa Samosa 👉 Ramazan Special Make and freeze Recipe,Indian/Pakistani,1 channel,-,-,Creamy Chicken Lifafa Samosa 👉 Ramazan Special Make and freeze Recipe by Food Fusion,https://www.youtube.com/watch?v=NC9lhAPO9Fg
Creamy Chicken Mayo Crepe Roll,Indian/Pakistani,1 channel,-,-,Creamy Chicken Mayo Crepe Roll | Make and Freeze Recipe By Food Fusion (Ramzan Special),https://www.youtube.com/watch?v=hx9DIeZospw
Creamy Chicken Paratha Recipe,Indian/Pakistani,1 channel,-,-,Creamy Chicken Paratha Recipe by Food Fusion,https://www.youtube.com/watch?v=SnSCzy_8jJA
Creamy Chicken Pita Sandwich Recipe Sarwat Gilani at,Arabic/Mediterranean,1 channel,-,-,Creamy Chicken Pita Sandwich Recipe Sarwat Gilani at Food Fusion,https://www.youtube.com/watch?v=rjKXgaY5Abs
Creamy Chicken Potato Samosa (Make and Freeze) Ramazan Special Recipe,Indian/Pakistani,1 channel,-,-,Creamy Chicken Potato Samosa (Make and Freeze) Ramazan Special Recipe By Food Fusion,https://www.youtube.com/watch?v=4zpj-1KRg8I
Creamy Chicken Samosa Pockets Recipe by Food Fusion (Ramzan Special Make and Freeze),Indian/Pakistani,1 channel,-,-,Creamy Chicken Samosa Pockets Recipe by Food Fusion (Ramzan Special Make and Freeze),https://www.youtube.com/watch?v=LuAVH_tjJgM
Creamy Chicken Sandwich Recipe,Continental,1 channel,-,-,Creamy Chicken Sandwich Recipe by Food Fusion,https://www.youtube.com/watch?v=E_WWU3DkPbE
Creamy Chicken Tikka Pizza 2 in 1 Recipe,Continental,1 channel,-,-,Creamy Chicken Tikka Pizza 2 in 1 Recipe By Food Fusion,https://www.youtube.com/watch?v=arTqfXyI-IA
Creamy Chicken Tikka Rice Soup Recipe,Indian/Pakistani,1 channel,-,-,Creamy Chicken Tikka Rice Soup Recipe By Food Fusion,https://www.youtube.com/watch?v=jN9IqYw2t5c
Creamy Chocolate Pudding Recipe,Indian/Pakistani,1 channel,-,-,Creamy Chocolate Pudding Recipe by Food Fusion,https://www.youtube.com/watch?v=oU1IC38pTZM
Creamy Cholay (Chickpeas)  Recipe,Indian/Pakistani,1 channel,-,-,Creamy Cholay (Chickpeas)  Recipe By Food Fusion,https://www.youtube.com/watch?v=3AEby4k-8xk
Creamy Coconut Kali Masoor Daal Recipe,Indian/Pakistani,1 channel,-,-,Creamy Coconut Kali Masoor Daal Recipe By Food Fusion,https://www.youtube.com/watch?v=yvD1t676Q18
Creamy Dahi Bhalla Chaat,Indian/Pakistani,1 channel,-,-,Creamy Dahi Bhalla Chaat - Secrets revealed Recipe By Food Fusion ( Iftar Ideas 2022),https://www.youtube.com/watch?v=w26FNwKBuJk
Creamy Dates Halwa Recipe,Indian/Pakistani,1 channel,-,-,Creamy Dates Halwa Recipe by Food Fusion,https://www.youtube.com/watch?v=nxYE4I1wyNs
Creamy Dill Pasta Recipe,Continental,1 channel,-,-,Creamy Dill Pasta Recipe by Food Fusion,https://www.youtube.com/watch?v=qf5LRy_0Q84
Creamy Egg Masala Gravy Ramadan Special Recipe,Indian/Pakistani,1 channel,-,-,Creamy Egg Masala Gravy Ramadan Special Recipe by Food Fusion,https://www.youtube.com/watch?v=mXK4iqO1oU8
Creamy Fettuccine Alfredo Recipe,Indian/Pakistani,1 channel,-,-,Creamy Fettuccine Alfredo Recipe By Food Fusion,https://www.youtube.com/watch?v=WpdvMQRSalg
Creamy Fruit Chaat Recipe By Food Fusion (Ramazan Special Recipe),Indian/Pakistani,1 channel,-,-,Creamy Fruit Chaat Recipe By Food Fusion (Ramazan Special Recipe),https://www.youtube.com/watch?v=iwQ9AYWoFNU
Creamy Fruit Salad  & Creamy Vegetable salad Recipes By Food Fusion (Ramazan Special),Indian/Pakistani,1 channel,-,-,Creamy Fruit Salad  & Creamy Vegetable salad Recipes By Food Fusion (Ramazan Special),https://www.youtube.com/watch?v=xVlaRBIdB4A
Creamy Garlic Beef Pasta Recipe,Continental,1 channel,-,-,Creamy Garlic Beef Pasta Recipe by Food Fusion,https://www.youtube.com/watch?v=48Fs2V1_GiI
Creamy Garlic Chicken Fettuccine Pasta Recipe,Continental,1 channel,-,-,Creamy Garlic Chicken Fettuccine Pasta Recipe By Food Fusion,https://www.youtube.com/watch?v=K_k7lPDfons
Creamy Garlic Chicken on Toast Recipe By Food Fusion (Ramzan Special),Indian/Pakistani,1 channel,-,-,Creamy Garlic Chicken on Toast Recipe By Food Fusion (Ramzan Special),https://www.youtube.com/watch?v=7Uz1nDJIG7I
Creamy Garlic Chickpea Soup Recipe,Indian/Pakistani,1 channel,-,-,Creamy Garlic Chickpea Soup Recipe by Food Fusion,https://www.youtube.com/watch?v=plJIJ71Ybic
Creamy Half Moon Pies 👉 Make and freeze Ramzan Special Recipe,Indian/Pakistani,1 channel,-,-,Creamy Half Moon Pies 👉 Make and freeze Ramzan Special Recipe by Food Fusion,https://www.youtube.com/watch?v=Ih6Jm8XmX_w
Creamy Kofta Curry Recipe,Indian/Pakistani,1 channel,-,-,Creamy Kofta Curry Recipe by Food Fusion,https://www.youtube.com/watch?v=5e1axls8eeg
Creamy Lassi with Lachha Paratha Ramadan Special Recipe,Indian/Pakistani,1 channel,-,-,Creamy Lassi with Lachha Paratha Ramadan Special Recipe by Food Fusion,https://www.youtube.com/watch?v=wixf770k_xc
Creamy Latte Cake Recipe,Continental,1 channel,-,-,Creamy Latte Cake Recipe by Food Fusion,https://www.youtube.com/watch?v=SsmL4qQ_VGI
Creamy Lemon Butter Chicken Pasta Recipe By Food Fusion (Ramzan Special),Continental,1 channel,-,-,Creamy Lemon Butter Chicken Pasta Recipe By Food Fusion (Ramzan Special),https://www.youtube.com/watch?v=KwsyG1pYyNE
Creamy Mango Agua Fresca Recipe,Indian/Pakistani,1 channel,-,-,Creamy Mango Agua Fresca Recipe By Food Fusion,https://www.youtube.com/watch?v=dnnwvnQ8x3Y
Creamy Mango Popsicles Recipe,Indian/Pakistani,1 channel,-,-,Creamy Mango Popsicles Recipe by Food Fusion,https://www.youtube.com/watch?v=RoMtETp9AtM
Creamy Mango Pudding Recipe,Indian/Pakistani,1 channel,-,-,Creamy Mango Pudding Recipe by Food Fusion,https://www.youtube.com/watch?v=Q0AS6oV31q4
Creamy Mango Sago Drink Recipe,Indian/Pakistani,1 channel,-,-,Creamy Mango Sago Drink Recipe by Food Fusion,https://www.youtube.com/watch?v=VqNl2A4c-XE
Creamy Mango Sticky Rice Dessert Recipe,Indian/Pakistani,1 channel,-,-,Creamy Mango Sticky Rice Dessert Recipe by Food Fusion,https://www.youtube.com/watch?v=1v_KN8X0B0s
Creamy Meethi Dahi Phulki Ramadan Special Recipe,Indian/Pakistani,1 channel,-,-,Creamy Meethi Dahi Phulki Ramadan Special Recipe by Food Fusion,https://www.youtube.com/watch?v=NtZ0y_vHXdw
Creamy Mushroom and Jalapeño Stuffed Chicken Recipe,Indian/Pakistani,1 channel,-,-,Creamy Mushroom and Jalapeño Stuffed Chicken Recipe By Food Fusion,https://www.youtube.com/watch?v=oa1gwgxh6kg
Creamy Mushroom Beef Rolls,Indian/Pakistani,1 channel,-,-,Creamy Mushroom Beef Rolls - Make and Freeze Recipe By Food Fusion (Ramzan Recipes),https://www.youtube.com/watch?v=hjl7x4XEWRg
Creamy Mushroom Pasta with chicken Recipe,Continental,1 channel,-,-,Creamy Mushroom Pasta with chicken Recipe  By Food Fusion,https://www.youtube.com/watch?v=vvu9J9yY5cY
Creamy Mustard Chicken Recipe,Indian/Pakistani,1 channel,-,-,Creamy Mustard Chicken Recipe by Food Fusion,https://www.youtube.com/watch?v=wFjGKGDWsQ4
Creamy Mutton Boti Fry Recipe,Indian/Pakistani,1 channel,-,-,Creamy Mutton Boti Fry Recipe by Food Fusion,https://www.youtube.com/watch?v=5zmTV8fHqkY
Creamy Pasta Salad Recipe By Food Fusion (Bakra Eid Special),Continental,1 channel,-,-,Creamy Pasta Salad Recipe By Food Fusion (Bakra Eid Special),https://www.youtube.com/watch?v=VxTEhhrGc-s
Creamy Pasta with Chicken Steak,Continental,1 channel,Creamy Pasta with Chicken Steak - Restaurant Style Recipe for Lifetime,https://www.youtube.com/watch?v=wPgFuZEs5ks,-,-
Creamy Pesto Pasta with Sun dried Tomatoes Recipe,Continental,1 channel,-,-,Creamy Pesto Pasta with Sun dried Tomatoes Recipe by Food Fusion,https://www.youtube.com/watch?v=86IgUdbQIkY
Creamy Potato Soup Recipe with Sarah Khan,Indian/Pakistani,1 channel,-,-,Creamy Potato Soup Recipe with Sarah Khan - Food Fusion,https://www.youtube.com/watch?v=dd63IntpLFw
Creamy Scrambled Eggs Recipe,Indian/Pakistani,1 channel,-,-,Creamy Scrambled Eggs Recipe by Food Fusion,https://www.youtube.com/watch?v=d-KzTh05nkA
Creamy Spinach Chicken Curry Recipe,Indian/Pakistani,1 channel,-,-,Creamy Spinach Chicken Curry Recipe by Food Fusion,https://www.youtube.com/watch?v=cJp-IK__XLw
Creamy Spinach Shakshuka Breakfast / Sehri Recipe with Sarah Khan,Indian/Pakistani,1 channel,-,-,Creamy Spinach Shakshuka Breakfast / Sehri Recipe with Sarah Khan - Food Fusion,https://www.youtube.com/watch?v=4d08G4VOSws
Creamy Steak Rice Platter Recipe,Continental,1 channel,-,-,Creamy Steak Rice Platter Recipe by Food Fusion,https://www.youtube.com/watch?v=zknRh_iQozE
Creamy Tikka Buns Recipe,Indian/Pakistani,1 channel,-,-,Creamy Tikka Buns Recipe by Food Fusion,https://www.youtube.com/watch?v=O7iKcM5cVNU
Creamy Tikka Reshmi Naan without oven Recipe,Indian/Pakistani,1 channel,-,-,Creamy Tikka Reshmi Naan without oven Recipe by Food Fusion,https://www.youtube.com/watch?v=TocBi1AkUAo
Creamy Tomato Chicken Pasta Recipe,Continental,1 channel,-,-,Creamy Tomato Chicken Pasta Recipe By Food Fusion,https://www.youtube.com/watch?v=wD18mT5TV7A
Creamy Tomato Soup Recipe,Indian/Pakistani,1 channel,-,-,Creamy Tomato Soup Recipe by Food Fusion,https://www.youtube.com/watch?v=70zs0ZtENho
Creamy Tortillas Triangles Recipe,Indian/Pakistani,1 channel,-,-,Creamy Tortillas Triangles Recipe by Food Fusion,https://www.youtube.com/watch?v=MYOMewgWMNU
Creamy White Chicken,Indian/Pakistani,1 channel,Creamy White Chicken Recipe - Easy Chicken Recipe,https://www.youtube.com/watch?v=NB5AlM45u3I,-,-
Creme Brulee Donuts Recipe,Continental,1 channel,-,-,Creme Brulee Donuts Recipe By Food Fusion,https://www.youtube.com/watch?v=A8s_4UqkCpI
Crinkle Top Dark Chocolate Brownie Recipe,Continental,1 channel,-,-,Crinkle Top Dark Chocolate Brownie Recipe By Food Fusion,https://www.youtube.com/watch?v=02VuxLwB_6w
Crispy Aloo Palak Pakora,Indian/Pakistani,1 channel,Crispy Aloo Palak Pakora - Rainy Day Snack,https://www.youtube.com/watch?v=f4jXz7oPT0o,-,-
Crispy Aloo Puri with Achari Aloo ki Tarkari Recipe By Food Fusion (Ramzan sehri special Recipe),Indian/Pakistani,1 channel,-,-,Crispy Aloo Puri with Achari Aloo ki Tarkari Recipe By Food Fusion (Ramzan sehri special Recipe),https://www.youtube.com/watch?v=zvmDPmPyTAo
Crispy Aloo Tikki Recipe By Food Fusion (Ramzan Special),Indian/Pakistani,1 channel,-,-,Crispy Aloo Tikki Recipe By Food Fusion (Ramzan Special),https://www.youtube.com/watch?v=_c6bl0U-tMY
Crispy Atta/ Digestive Biscuits Recipe,Indian/Pakistani,1 channel,-,-,Crispy Atta/ Digestive Biscuits Recipe by Food Fusion,https://www.youtube.com/watch?v=L0cjE699iho
Crispy Basmati Chips and Fry Naan,Indian/Pakistani,1 channel,Crispy Basmati Chips and Fry Naan - Potato Snacks Recipe,https://www.youtube.com/watch?v=FtemibAOLOQ,-,-
Crispy Beef Chilli in Air Fryer Recipe,Indian/Pakistani,1 channel,-,-,Crispy Beef Chilli in Air Fryer Recipe by Food Fusion,https://www.youtube.com/watch?v=TQjMbOrHlJk
Crispy Beef Qeema Paratha Recipe,Indian/Pakistani,1 channel,-,-,Crispy Beef Qeema Paratha Recipe by Food Fusion,https://www.youtube.com/watch?v=G0YG9re6jio
Crispy Beef Tacos Recipe,Indian/Pakistani,1 channel,-,-,Crispy Beef Tacos Recipe By Food Fusion,https://www.youtube.com/watch?v=qH7koVVFRZA
Crispy Beguni & Baingan Rollup Pakora Recipe,Indian/Pakistani,1 channel,-,-,Crispy Beguni & Baingan Rollup Pakora Recipe by Food Fusion,https://www.youtube.com/watch?v=R2z3Od-u_kE
Crispy Bhindi Rice Bowl Recipe,Indian/Pakistani,1 channel,-,-,Crispy Bhindi Rice Bowl Recipe By Food Fusion,https://www.youtube.com/watch?v=obmdAl_suFY
Crispy Bihari Cones Recipe By Food Fusion (Ramzan Special Recipes),Indian/Pakistani,1 channel,-,-,Crispy Bihari Cones Recipe By Food Fusion (Ramzan Special Recipes),https://www.youtube.com/watch?v=WrEPdDx2M3w
Crispy Box Patties Recipe By Food Fusion (Ramzan special recipe),Indian/Pakistani,1 channel,-,-,Crispy Box Patties Recipe By Food Fusion (Ramzan special recipe),https://www.youtube.com/watch?v=6rdvaYuqOsA
Crispy Buffalo Chicken Sandwich/Burger Recipe,Continental,1 channel,-,-,Crispy Buffalo Chicken Sandwich/Burger Recipe By Food Fusion,https://www.youtube.com/watch?v=gvRqSsSMbzU
Crispy Butterfly Drumsticks with Creamy Garlic Sauce Recipe,Indian/Pakistani,1 channel,-,-,Crispy Butterfly Drumsticks with Creamy Garlic Sauce Recipe by Food Fusion,https://www.youtube.com/watch?v=sP3AUt6ZzYg
Crispy Cheese Fried Egg Recipe,Indian/Pakistani,1 channel,-,-,Crispy Cheese Fried Egg Recipe by Food Fusion,https://www.youtube.com/watch?v=A9uWO2jO5Lk
Crispy Chicken Burger Patty,Continental,1 channel,Crispy Chicken Burger Patty -  Frozen Food for Lunch Box (Commercial Recipe),https://www.youtube.com/watch?v=-12dhMquPY0,-,-
Crispy Chicken Burger Recipe Its better than a Zinger,Continental,1 channel,-,-,Crispy Chicken Burger Recipe Its better than a Zinger  - Food Fusion,https://www.youtube.com/watch?v=hoM7Rs5Hrac
Crispy Chicken Cheese Patty Burger Recipe,Continental,1 channel,-,-,Crispy Chicken Cheese Patty Burger Recipe by Food Fusion,https://www.youtube.com/watch?v=YbBQrjKBOXQ
Crispy Chicken Crostini with Sesame Mayo Recipe By Food Fusion (Eid Special),Indian/Pakistani,1 channel,-,-,Crispy Chicken Crostini with Sesame Mayo Recipe By Food Fusion (Eid Special),https://www.youtube.com/watch?v=NzY2AmyNZ_k
Crispy chicken cutlets with serving ideas,Indian/Pakistani,1 channel,-,-,Crispy chicken cutlets with serving ideas - Recipe By Food Fusion,https://www.youtube.com/watch?v=-HUVBdztSOU
Crispy Chicken Flatbread Sliders Recipe,Indian/Pakistani,1 channel,-,-,Crispy Chicken Flatbread Sliders Recipe by Food Fusion,https://www.youtube.com/watch?v=oms5UMHbji4
Crispy Chicken Karaage,Indian/Pakistani,1 channel,-,-,Crispy Chicken Karaage | Japanese Style Fried Chicken Recipe by Food Fusion,https://www.youtube.com/watch?v=gfLl0Awtdeo
Crispy Chicken Paratha Roll Recipe By Food Fusion (Ramzan Special Recipe),Indian/Pakistani,1 channel,-,-,Crispy Chicken Paratha Roll Recipe By Food Fusion (Ramzan Special Recipe),https://www.youtube.com/watch?v=GCRRC8hSSRc
Crispy Chicken Pasta Recipe,Continental,1 channel,-,-,Crispy Chicken Pasta Recipe By Food Fusion,https://www.youtube.com/watch?v=YNl7ykg93is
"Crispy Chicken Roll Recipe, Best for Kids, Iftari & Sehri Recipe |",Indian/Pakistani,1 channel,"Crispy Chicken Roll Recipe, Best for Kids, Iftari & Sehri Recipe || Kun Foods",https://www.youtube.com/watch?v=NaPL3bMi_VI,-,-
crispy chicken samosa better than all frozen food brands,Indian/Pakistani,1 channel,crispy chicken samosa better than all frozen food brands | Ramzan Special,https://www.youtube.com/watch?v=Xz-bUxqh3pI,-,-
Crispy Chicken Sandwich (McChicken Style),Continental,1 channel,-,-,Crispy Chicken Sandwich (McChicken Style) - Make & Freeze Recipe By Food Fusion,https://www.youtube.com/watch?v=xQeYIHsEoTo
Crispy Chicken Skewers Recipe by Food Fusion (Ramzan Special Recipe),Indian/Pakistani,1 channel,-,-,Crispy Chicken Skewers Recipe by Food Fusion (Ramzan Special Recipe),https://www.youtube.com/watch?v=a6kJdbS8tsI
Crispy Chicken Strips in Air fryer Lunchbox Recipe,Indian/Pakistani,1 channel,-,-,Crispy Chicken Strips in Air fryer Lunchbox Recipe by Food Fusion,https://www.youtube.com/watch?v=DLtNHABOSjY
Crispy Chicken Strips/Tenders with Hot Mayo Sauce,Indian/Pakistani,1 channel,-,-,Crispy Chicken Strips/Tenders with Hot Mayo Sauce | Make & Freeze Ramzan Special Recipe- Food Fusion,https://www.youtube.com/watch?v=JinVKD7PO_A
Crispy Chicken Wings with 7up Recipe,Continental,1 channel,-,-,Crispy Chicken Wings with 7up Recipe By Food Fusion,https://www.youtube.com/watch?v=8C3fobLExXg
Crispy Chicken With Fried Rice Platter Recipe By Food Fusion (Dawat Special Recipe),Chinese,1 channel,-,-,Crispy Chicken With Fried Rice Platter Recipe By Food Fusion (Dawat Special Recipe),https://www.youtube.com/watch?v=TVN8IXCIHOQ
Crispy Chilli Beef with Egg & Vegetable Fried Rice Recipe,Chinese,1 channel,-,-,Crispy Chilli Beef with Egg & Vegetable Fried Rice Recipe by Food Fusion,https://www.youtube.com/watch?v=znA_qj9lIk8
Crispy Chunky Aloo Tikki Chaat -Ramzan Special Recipe,Indian/Pakistani,1 channel,-,-,Crispy Chunky Aloo Tikki Chaat -Ramzan Special Recipe By Food Fusion,https://www.youtube.com/watch?v=tVvzQNScrEE
Crispy Creamy Vegetable Rolls,Indian/Pakistani,1 channel,-,-,Crispy Creamy Vegetable Rolls - Make & Freeze Recipe by Food Fusion (Iftar Special),https://www.youtube.com/watch?v=or2gjSmjEOs
Crispy Egg Cheese Toast Recipe,Indian/Pakistani,1 channel,-,-,Crispy Egg Cheese Toast Recipe by Food Fusion,https://www.youtube.com/watch?v=QaQB65V4YO8
Crispy Eggplant Fries,Indian/Pakistani,1 channel,-,-,Crispy Eggplant Fries - Flower/Baingan Flower Recipe By Food Fusion (Iftar Ramadan Ideas),https://www.youtube.com/watch?v=jh11jBPaIzc
Crispy  Finger Fish Fry Recipe by Asad Memon,Indian/Pakistani,1 channel,-,-,Crispy  Finger Fish Fry Recipe by Asad Memon- Food Fusion,https://www.youtube.com/watch?v=RcBaewSchvg
Crispy Fish Burger Recipe,Continental,1 channel,-,-,Crispy Fish Burger Recipe By Food Fusion,https://www.youtube.com/watch?v=XpSsxfZqzw0
Crispy Fried Drumsticks with Spicy Potato Sauce Recipe,Indian/Pakistani,1 channel,-,-,Crispy Fried Drumsticks with Spicy Potato Sauce Recipe By Food Fusion,https://www.youtube.com/watch?v=DaCPchN2yV8
Crispy Fried Fish with Tartar Sauce Recipe,Continental,1 channel,-,-,Crispy Fried Fish with Tartar Sauce Recipe By Food Fusion,https://www.youtube.com/watch?v=q6HBsWN9Jus
Crispy Fried Potato Recipe,Indian/Pakistani,1 channel,-,-,Crispy Fried Potato Recipe By Food Fusion,https://www.youtube.com/watch?v=ICX6QA9PMMo
Crispy Fries without Oil in Pan By Chef Afzaal,Indian/Pakistani,1 channel,Crispy Fries without Oil in Pan By Chef Afzaal - Useful Method,https://www.youtube.com/watch?v=ZYN4m36paSM,-,-
Crispy Gnocchi Pasta with Cheese Sauce Recipe,Continental,1 channel,-,-,Crispy Gnocchi Pasta with Cheese Sauce Recipe By Food Fusion,https://www.youtube.com/watch?v=jhF89PnRW_8
Crispy Honey Chili Chicken Recipe,Indian/Pakistani,1 channel,-,-,Crispy Honey Chili Chicken Recipe By Food Fusion,https://www.youtube.com/watch?v=AVU2xlCFy-c
Crispy Lacha Aloo Tikki,Indian/Pakistani,1 channel,Crispy Lacha Aloo Tikki - Aloo Tikki Chaat with 2 Chutneys,https://www.youtube.com/watch?v=yNk73KAG0QI,-,-
Crispy Lachaydaar Pakora 2-ways Recipes By Food Fusion (Iftar Special),Indian/Pakistani,1 channel,-,-,Crispy Lachaydaar Pakora 2-ways Recipes By Food Fusion (Iftar Special),https://www.youtube.com/watch?v=eIW4v2o-fmU
Crispy Milk Donuts Recipe,Continental,1 channel,-,-,Crispy Milk Donuts Recipe By Food Fusion,https://www.youtube.com/watch?v=Ss9BClbBHYs
Crispy Mong Daal Paare Recipe,Indian/Pakistani,1 channel,-,-,Crispy Mong Daal Paare Recipe by Food Fusion,https://www.youtube.com/watch?v=wuQRBVGgNoE
Crispy Mooli ki Puri Recipe,Indian/Pakistani,1 channel,-,-,Crispy Mooli ki Puri Recipe By Food Fusion,https://www.youtube.com/watch?v=SIGSKx_zaKs
Crispy Mozzarella Cheese Balls Recipe,Indian/Pakistani,1 channel,-,-,Crispy Mozzarella Cheese Balls Recipe by Food Fusion,https://www.youtube.com/watch?v=zUUTMlNtt8Q
Crispy Mozzarella sticks and Crispy BBQ Chicken wings Recipes,Continental,1 channel,-,-,Crispy Mozzarella sticks and Crispy BBQ Chicken wings Recipes By Food Fusion,https://www.youtube.com/watch?v=J8RRWdDZ9ao
Crispy Mutton Fry Roast,Indian/Pakistani,1 channel,Crispy Mutton Fry Roast - 3kg Mutton Fry Recipe,https://www.youtube.com/watch?v=7nCEngxsACk,-,-
Crispy Onion Pakora Recipe,Indian/Pakistani,1 channel,-,-,Crispy Onion Pakora Recipe by Food Fusion,https://www.youtube.com/watch?v=ref4lsPJ_r4
Crispy Ouzi Pockets with Turkish Roasted Bell Pepper Salad Ramzan Special Recipe,Arabic/Mediterranean,1 channel,-,-,Crispy Ouzi Pockets with Turkish Roasted Bell Pepper Salad Ramzan Special Recipe By Food Fusion,https://www.youtube.com/watch?v=_1JWMBmr66w
Crispy Pakora Fries Recipe by Food Fusion (Ramazan Special Iftar idea),Indian/Pakistani,1 channel,-,-,Crispy Pakora Fries Recipe by Food Fusion (Ramazan Special Iftar idea),https://www.youtube.com/watch?v=XEHjdPjyky4
Crispy Pakoray,Indian/Pakistani,1 channel,Crispy Pakoray Recipe - 2020 IFTAR SPECIAL!! Aloo k Pakoray - Kun Foods,https://www.youtube.com/watch?v=cA5upV5ZqJU,-,-
Crispy Pakwan Chaat Ramzan Special Recipe,Indian/Pakistani,1 channel,-,-,Crispy Pakwan Chaat Ramzan Special Recipe By Food Fusion,https://www.youtube.com/watch?v=BL3GaSE0t2g
Crispy Pizza Bombs Recipe,Continental,1 channel,-,-,Crispy Pizza Bombs Recipe By Food Fusion,https://www.youtube.com/watch?v=ak29caJPcrY
Crispy Potato Cheese Sandwich Recipe,Continental,1 channel,-,-,Crispy Potato Cheese Sandwich Recipe By Food Fusion,https://www.youtube.com/watch?v=YxNeBQQB98Y
Crispy Potato Donuts Recipe By Food Fusion (Ramzan Special Recipe),Continental,1 channel,-,-,Crispy Potato Donuts Recipe By Food Fusion (Ramzan Special Recipe),https://www.youtube.com/watch?v=PykrHAHfBvA
Crispy Potato Fries Recipe || Besan Wali Bazari Aloo Fries,Indian/Pakistani,1 channel,Crispy Potato Fries Recipe || Besan Wali Bazari Aloo Fries,https://www.youtube.com/watch?v=D25cJGOtpbI,-,-
Crispy Potato Rings Recipe By Food Fusion (Iftar Ideas 2022),Indian/Pakistani,1 channel,-,-,Crispy Potato Rings Recipe By Food Fusion (Iftar Ideas 2022),https://www.youtube.com/watch?v=bpPLlmJk7WM
Crispy Potato Salad Recipe,Indian/Pakistani,1 channel,-,-,Crispy Potato Salad Recipe by Food Fusion,https://www.youtube.com/watch?v=0067obHJJD0
Crispy Potato Sticks Quick & Easy  Recipe,Indian/Pakistani,1 channel,-,-,Crispy Potato Sticks Quick & Easy  Recipe By Food Fusion,https://www.youtube.com/watch?v=hLIgykmAf1o
"Crispy Potato Tikki Recipe || Mix Chaat, Green Spicy Chutney, Paapri",Indian/Pakistani,1 channel,"Crispy Potato Tikki Recipe || Mix Chaat, Green Spicy Chutney, Paapri",https://www.youtube.com/watch?v=OSi-adjDuC0,-,-
Crispy Roti Egg Roll,Chinese,1 channel,-,-,Crispy Roti Egg Roll - Breakfast Recipe By Food Fusion,https://www.youtube.com/watch?v=OfnEqYcXDao
Crispy Seekh Kabab Roll Recipe,Indian/Pakistani,1 channel,-,-,Crispy Seekh Kabab Roll Recipe By Food Fusion,https://www.youtube.com/watch?v=sPbe6J59qTY
Crispy Shell Rolls 2 ways  Recipe,Indian/Pakistani,1 channel,-,-,Crispy Shell Rolls 2 ways  Recipe By Food Fusion,https://www.youtube.com/watch?v=47u2wOLDIsM
Crispy Shirmp Bombs Recipe,Indian/Pakistani,1 channel,-,-,Crispy Shirmp Bombs Recipe by Food Fusion,https://www.youtube.com/watch?v=7kIs2uLh0yo
Crispy Sushi Rice Bites Recipe,Japanese,1 channel,-,-,Crispy Sushi Rice Bites Recipe By Food Fusion,https://www.youtube.com/watch?v=hGmzCCxKUCs
Crispy Sweet Chilli Beef Rolls,Indian/Pakistani,1 channel,-,-,Crispy Sweet Chilli Beef Rolls - Make and Freeze Ramadan Recipe by Food Fusion,https://www.youtube.com/watch?v=NE1wGAsCmZE
Crispy Tandoori Pakoray With Amazing Tandoori Chutney,Indian/Pakistani,1 channel,-,-,Crispy Tandoori Pakoray With Amazing Tandoori Chutney  - Monsoon Special Recipe By Food Fusion,https://www.youtube.com/watch?v=cltIQ7s_Aac
Crispy Tawa Pakora Recipe For Ramadan,Indian/Pakistani,1 channel,-,-,Crispy Tawa Pakora Recipe For Ramadan by Food Fusion,https://www.youtube.com/watch?v=k4mZAavmEuQ
Crispy Thread Chicken Recipe By Food Fusion (Ramazan Special),Indian/Pakistani,1 channel,-,-,Crispy Thread Chicken Recipe By Food Fusion (Ramazan Special),https://www.youtube.com/watch?v=0v_hhYnCxB8
Crispy Veg & Chicken Pies / kachori (Make & Freeze) Ramzan Special-Recipe,Indian/Pakistani,1 channel,-,-,Crispy Veg & Chicken Pies / kachori (Make & Freeze) Ramzan Special-Recipe By Food Fusion,https://www.youtube.com/watch?v=o-SPLQKWbek
Crispy Veg Lollipops Recipe,Indian/Pakistani,1 channel,-,-,Crispy Veg Lollipops Recipe by Food Fusion,https://www.youtube.com/watch?v=GGuJ8RtAxB4
Crispy Vegetable Box patties Recipe,Indian/Pakistani,1 channel,-,-,Crispy Vegetable Box patties Recipe By Food Fusion,https://www.youtube.com/watch?v=ESnF6T7T3Is
Crispy Wontons 👉Make and Freeze Ramadan Special Recipe,Indian/Pakistani,1 channel,-,-,Crispy Wontons 👉Make and Freeze Ramadan Special Recipe by Food Fusion,https://www.youtube.com/watch?v=6YPpsdZRcxw
Croissant Breakfast Tikka Sandwich Recipe,Continental,1 channel,-,-,Croissant Breakfast Tikka Sandwich Recipe By Food Fusion,https://www.youtube.com/watch?v=UjMlsE8LglI
Croquette Balls Recipe,Indian/Pakistani,1 channel,-,-,Croquette Balls Recipe by Food Fusion,https://www.youtube.com/watch?v=MXuVkUZaagE
Crunch Burger Recipe,Continental,1 channel,-,-,Crunch Burger Recipe By Food Fusion,https://www.youtube.com/watch?v=DjZi4BkRdSE
Crunchy Lacha Pakora,Indian/Pakistani,1 channel,Crunchy Lacha Pakora,https://www.youtube.com/watch?v=axlvbqhmx28,-,-
Crunchy Potato Snacks,Indian/Pakistani,1 channel,Crunchy Potato Snacks - Ramzan Special Potato Snacks Only 2 Ingredients,https://www.youtube.com/watch?v=OAdMzwBerjo,-,-
Crunchy Vegetable Cutlets  Recipe By Food Fusion (Ramzan Special Recipe),Indian/Pakistani,1 channel,-,-,Crunchy Vegetable Cutlets  Recipe By Food Fusion (Ramzan Special Recipe),https://www.youtube.com/watch?v=WXSP7mQcpos
Cucumber Cooler Ramadan Special Recipe,Indian/Pakistani,1 channel,-,-,Cucumber Cooler Ramadan Special Recipe by Food Fusion,https://www.youtube.com/watch?v=wZpQD_K0i6o
Cucumber Lemonade Cooler Recipe By Food Fusion (Summer Special iftar drink),Indian/Pakistani,1 channel,-,-,Cucumber Lemonade Cooler Recipe By Food Fusion (Summer Special iftar drink),https://www.youtube.com/watch?v=ngjOr6hNjhw
Cucumber Salad 2 ways Recipe,Indian/Pakistani,1 channel,-,-,Cucumber Salad 2 ways Recipe By Food Fusion,https://www.youtube.com/watch?v=k9aLIr5cinM
Cupcake Decoration Ideas,Indian/Pakistani,1 channel,-,-,Cupcake Decoration Ideas - Do it like a pro-  Recipe by Food Fusion,https://www.youtube.com/watch?v=gZkRICrzJR8
Custard Badam Sharbat Recipe By Food Fusion (Ramzan Special Recipe),Indian/Pakistani,1 channel,-,-,Custard Badam Sharbat Recipe By Food Fusion (Ramzan Special Recipe),https://www.youtube.com/watch?v=XR8HmLyrMrs
Custard Barfi Recipe,Indian/Pakistani,1 channel,-,-,Custard Barfi Recipe By Food Fusion,https://www.youtube.com/watch?v=HVvxr62KEfg
Custard Filled Donuts Recipe,Continental,1 channel,-,-,Custard Filled Donuts Recipe By Food Fusion,https://www.youtube.com/watch?v=Hjy3j0m-aCI
Custard Ice Cream Recipe,Indian/Pakistani,1 channel,-,-,Custard Ice Cream Recipe By Food Fusion,https://www.youtube.com/watch?v=qxbeTGKi2UA
Custard Jelly Sharbat Recipe,Indian/Pakistani,1 channel,-,-,Custard Jelly Sharbat Recipe By Food Fusion,https://www.youtube.com/watch?v=WWbD8Vx48Ok
Custard Saviyan Recipe By Food Fusion (Ramzan Special Recipe),Indian/Pakistani,1 channel,-,-,Custard Saviyan Recipe By Food Fusion (Ramzan Special Recipe),https://www.youtube.com/watch?v=ozI1Ho12JOU
Cyprus Meatballs Keftedes,Continental,1 channel,-,-,Cyprus Meatballs Keftedes - Iftar Special Recipe by Food Fusion,https://www.youtube.com/watch?v=Nmuat7BGRDU
Daal Anda Bun Kabab Karachi Street Food Recipe,Indian/Pakistani,1 channel,-,-,Daal Anda Bun Kabab Karachi Street Food Recipe By Food Fusion,https://www.youtube.com/watch?v=zxkOvmzpcZw
Daal Chawal,Indian/Pakistani,1 channel,Daal Chawal,https://www.youtube.com/watch?v=EI2mDk6jkUY,-,-
"Daal Chawal Platter (Makhni Daal, Keri Achar & Chawal) Recipe",Indian/Pakistani,1 channel,-,-,"Daal Chawal Platter (Makhni Daal, Keri Achar & Chawal) Recipe by Food Fusion",https://www.youtube.com/watch?v=uQsjcnkquks
"Daal Chawal Platter with Crispy baingan, Chana daal & Keri Tamatar Chutney Recipe",Indian/Pakistani,1 channel,-,-,"Daal Chawal Platter with Crispy baingan, Chana daal & Keri Tamatar Chutney Recipe by Food Fusion",https://www.youtube.com/watch?v=h_j_qlJ2tAo
Daal Chawal with Kurkuri Bhindi Recipe by Food Fusion (Ramzan Special),Indian/Pakistani,1 channel,-,-,Daal Chawal with Kurkuri Bhindi Recipe by Food Fusion (Ramzan Special),https://www.youtube.com/watch?v=7YyIM8z5BcE
Daal Donut Pakora Recipe,Indian/Pakistani,1 channel,-,-,Daal Donut Pakora Recipe by Food Fusion,https://www.youtube.com/watch?v=dXMe7R6eggg
Daal Gosht Biryani Recipe,Indian/Pakistani,1 channel,-,-,Daal Gosht Biryani Recipe by Food Fusion,https://www.youtube.com/watch?v=PQdWb7mMhAE
Daal Gosht Handi Recipe,Indian/Pakistani,1 channel,-,-,Daal Gosht Handi Recipe By Food Fusion,https://www.youtube.com/watch?v=z6hbsj_BFeI
Daal Halwa 2 ways,Indian/Pakistani,1 channel,-,-,Daal Halwa 2 ways - Recipes by Food Fusion,https://www.youtube.com/watch?v=GEnaw6VaP4U
Daal Kachori Recipe By Food Fusion  (Ramzan Special),Indian/Pakistani,1 channel,-,-,Daal Kachori Recipe By Food Fusion  (Ramzan Special),https://www.youtube.com/watch?v=CGlQL7DpIdg
Daal Kachori With Aloo Ki Tarkari Recipe,Indian/Pakistani,1 channel,-,-,Daal Kachori With Aloo Ki Tarkari Recipe By Food Fusion,https://www.youtube.com/watch?v=N7RrnQ7Yxp8
Daal Kadhi Recipe,Indian/Pakistani,1 channel,-,-,Daal Kadhi Recipe By Food Fusion,https://www.youtube.com/watch?v=iIPWBEu7um0
Daal Mash Recipe of Pakistani Home,Indian/Pakistani,1 channel,Daal Mash Recipe of Pakistani Home - Urad Dal with Exact Measurements,https://www.youtube.com/watch?v=Q4C74-2j-e4,-,-
Daal Pakwan Recipe,Indian/Pakistani,1 channel,-,-,Daal Pakwan Recipe By Food Fusion,https://www.youtube.com/watch?v=kx6EJ3o0_bo
Daal Paratha with Tamatar ka Achar Ramadan Special Recipe,Indian/Pakistani,1 channel,-,-,Daal Paratha with Tamatar ka Achar Ramadan Special Recipe by Food Fusion,https://www.youtube.com/watch?v=WR2iJBlwGtg
Daal Samosa Recipe By Food Fusion (Make and freeze Ramzan Special Recipe),Indian/Pakistani,1 channel,-,-,Daal Samosa Recipe By Food Fusion (Make and freeze Ramzan Special Recipe),https://www.youtube.com/watch?v=dB6kwfvkPYM
Daal wali shami tikki,Indian/Pakistani,1 channel,Daal wali shami tikki | chicken mix dal kabab | Easy and tasty snack,https://www.youtube.com/watch?v=6HKZkE8UmVc,-,-
Daal with Zeera Chawal and Talli hui Mirchein recipe,Indian/Pakistani,1 channel,-,-,Daal with Zeera Chawal and Talli hui Mirchein recipe by Food Fusion,https://www.youtube.com/watch?v=rxggi5gBJng
Dabu Chicken,Indian/Pakistani,1 channel,Dabu Chicken - Simple Chicken Fry of Gujranwala,https://www.youtube.com/watch?v=4mGO0eNSgDI,-,-
Dabu Fry Chicken Recipe,Indian/Pakistani,1 channel,-,-,Dabu Fry Chicken Recipe By Food Fusion,https://www.youtube.com/watch?v=LzIZSr9O7uE
Daging Belengas with Rice Recipe,Indian/Pakistani,1 channel,-,-,Daging Belengas with Rice Recipe by Food Fusion,https://www.youtube.com/watch?v=M6p6lRuRQRE
Dahi Bade Jars Ramadan Special (Make & Freeze) Recipe,Indian/Pakistani,1 channel,-,-,Dahi Bade Jars Ramadan Special (Make & Freeze) Recipe By Food Fusion,https://www.youtube.com/watch?v=1d8wDoxMquk
Dahi Baingan Masala,Indian/Pakistani,1 channel,Dahi Baingan Masala - Gem of a Sabzi Recipe from Old Cookbooks (eggplants with yoghurt),https://www.youtube.com/watch?v=GhdkGghEkf4,-,-
Dahi Bara / Bhalla Chaat Recipe,Indian/Pakistani,1 channel,-,-,Dahi Bara / Bhalla Chaat Recipe By Food Fusion,https://www.youtube.com/watch?v=qYV50QvLPMs
Dahi bara Pockets Recipe By Food Fusion (Ramzan Special Recipe),Indian/Pakistani,1 channel,-,-,Dahi bara Pockets Recipe By Food Fusion (Ramzan Special Recipe),https://www.youtube.com/watch?v=Ev4f4jzbPWs
Dahi Baray Recipe,Indian/Pakistani,1 channel,Dahi Baray Recipe Kun Foods | Dahi Phulki Recipe | Ramzan Special Recipes,https://www.youtube.com/watch?v=yUJ_N8PWjZg,-,-
Dahi Beef Masala Recipe By Food Fusion (Bakra Eid Special),Indian/Pakistani,1 channel,-,-,Dahi Beef Masala Recipe By Food Fusion (Bakra Eid Special),https://www.youtube.com/watch?v=xtqyBp9P8XY
"Dahi Bhallay Better than Markeet || 3 Chutney, Soft Bhallay, Crunchy Phulki,",Indian/Pakistani,1 channel,"Dahi Bhallay Better than Markeet || 3 Chutney, Soft Bhallay, Crunchy Phulki,",https://www.youtube.com/watch?v=qwLnmaGweK4,-,-
Dahi Bhindi Masala Recipe,Indian/Pakistani,1 channel,-,-,Dahi Bhindi Masala Recipe By Food Fusion,https://www.youtube.com/watch?v=ILT5ZHoQ6TI
Dahi Bhindi Recipe,Indian/Pakistani,1 channel,-,-,Dahi Bhindi Recipe by Food Fusion,https://www.youtube.com/watch?v=X-vZS3NU1_0
Dahi Champ (Mutton Chops) Recipe,Indian/Pakistani,1 channel,-,-,Dahi Champ (Mutton Chops) Recipe By Food Fusion,https://www.youtube.com/watch?v=EdATiBstS3c
Dahi Chawal Recipe,Indian/Pakistani,1 channel,-,-,Dahi Chawal Recipe by Food Fusion,https://www.youtube.com/watch?v=cO9fl_fd3yY
Dahi chicken gravy,Indian/Pakistani,1 channel,Dahi chicken gravy,https://www.youtube.com/watch?v=MdepIh58DwI,-,-
Dahi Chicken with Green Chilies,Indian/Pakistani,1 channel,Dahi Chicken with Green Chilies | Better Than Chicken Karahi,https://www.youtube.com/watch?v=hylDMkhdp30,-,-
Dahi Kali Mirch Chicken Karahi Recipe,Indian/Pakistani,1 channel,-,-,Dahi Kali Mirch Chicken Karahi Recipe by Food Fusion,https://www.youtube.com/watch?v=uQ5Avo8TOHQ
Dahi Keema kabab,Indian/Pakistani,1 channel,Dahi Keema kabab - Kachay Keemay k Dahi walay Kabab Eid Special,https://www.youtube.com/watch?v=X-92-u0tzCc,-,-
Dahi Mirch Fry Recipe,Indian/Pakistani,1 channel,-,-,Dahi Mirch Fry Recipe By Food Fusion,https://www.youtube.com/watch?v=fQOsZ-afIzo
Dahi Phulki Chaat Recipe by Food Fusion (Iftar Ideas),Indian/Pakistani,1 channel,-,-,Dahi Phulki Chaat Recipe by Food Fusion (Iftar Ideas),https://www.youtube.com/watch?v=68k3KuhWE6k
Dahi Phulki Chaat with Storable Phulki Method Recipe,Indian/Pakistani,1 channel,-,-,Dahi Phulki Chaat with Storable Phulki Method Recipe by Food Fusion,https://www.youtube.com/watch?v=dgMB8ua_3SY
Dahi Phulkiyan Recipe By Food Fusion (Ramzan Special Recipe),Indian/Pakistani,1 channel,-,-,Dahi Phulkiyan Recipe By Food Fusion (Ramzan Special Recipe),https://www.youtube.com/watch?v=OiDm3af5FxI
Dahi Pudina Chutney [ Mint Yogurt Dip Sauce ],Indian/Pakistani,1 channel,Dahi Pudina Chutney [ Mint Yogurt Dip Sauce ],https://www.youtube.com/watch?v=JOrqRxN_G6c,-,-
Dahi Sev Puri Recipe By Food Fusion (Ramzan Special Recipe),Indian/Pakistani,1 channel,-,-,Dahi Sev Puri Recipe By Food Fusion (Ramzan Special Recipe),https://www.youtube.com/watch?v=xTh-kVuToxI
Dahi Shimla Mirch Recipe,Indian/Pakistani,1 channel,-,-,Dahi Shimla Mirch Recipe by Food Fusion,https://www.youtube.com/watch?v=7xDaObaMUBg
Dahi Tadka Green Beans Recipe,Indian/Pakistani,1 channel,-,-,Dahi Tadka Green Beans Recipe by Food Fusion,https://www.youtube.com/watch?v=lrqv3VfGk_M
Dahi Walay Aloo Recipe,Indian/Pakistani,1 channel,-,-,Dahi Walay Aloo Recipe By Food Fusion,https://www.youtube.com/watch?v=As0myPO2m7o
Dahi Walay Baingan,Indian/Pakistani,1 channel,Dahi Walay Baingan Recipe - Everyone will eat Eggplant now,https://www.youtube.com/watch?v=mPiYhjgEwE8,-,-
Dahi Walay Baingan Recipe,Indian/Pakistani,1 channel,-,-,Dahi Walay Baingan Recipe By Food Fusion,https://www.youtube.com/watch?v=GGbUwqHbPzk
Dahi Walay Chicken Kabab,Indian/Pakistani,1 channel,Dahi Walay Chicken Kabab - Diet Friendly Chicken Kabab Recipe (Freeze for 3 months),https://www.youtube.com/watch?v=MYkA2KudlME,-,-
Dal Chana Barfi || Sweet Dessert From Streets of Pakistan,Indian/Pakistani,1 channel,Dal Chana Barfi || Sweet Dessert From Streets of Pakistan,https://www.youtube.com/watch?v=o_umPqf6iSI,-,-
Dal Chawal || Masoor Dal with Steamed Rice,Indian/Pakistani,1 channel,Dal Chawal || Masoor Dal with Steamed Rice,https://www.youtube.com/watch?v=Q-Bk4pIAByI,-,-
Dal Dhokli Recipe,Indian/Pakistani,1 channel,-,-,Dal Dhokli Recipe By Food Fusion,https://www.youtube.com/watch?v=gqX5KgKjTBU
Dal Makhani Recipe,Indian/Pakistani,1 channel,-,-,Dal Makhani Recipe By Food Fusion,https://www.youtube.com/watch?v=bWr7P6WTWFE
Dal Pakora 3 ways recipes,Indian/Pakistani,1 channel,-,-,Dal Pakora 3 ways recipes by Food Fusion,https://www.youtube.com/watch?v=UwjCa6b_Ng4
Dal Paratha  Recipe,Indian/Pakistani,1 channel,-,-,Dal Paratha  Recipe by Food Fusion,https://www.youtube.com/watch?v=EFcQBKPWF_M
Daleeem 2 ways,Indian/Pakistani,1 channel,-,-,Daleeem 2 ways - Recipes by Food Fusion,https://www.youtube.com/watch?v=BNysFDyMFJI
Daleem Recipe,Indian/Pakistani,1 channel,-,-,Daleem Recipe By Food Fusion,https://www.youtube.com/watch?v=WyyZsHXXgoA
Dalgona Coffee Cream Dessert By Food Fusion (Ramzan Special),Continental,1 channel,-,-,Dalgona Coffee Cream Dessert By Food Fusion (Ramzan Special),https://www.youtube.com/watch?v=ndc5_5FzF-Q
Dalgona Mocha Coffee Recipe,Continental,1 channel,-,-,Dalgona Mocha Coffee Recipe By Food Fusion,https://www.youtube.com/watch?v=Pejvw50A-Bs
Danedaar Degi Chicken Korma Recipe By Asad Memon,Indian/Pakistani,1 channel,-,-,Danedaar Degi Chicken Korma Recipe By Asad Memon,https://www.youtube.com/watch?v=27j52ZirT3A
Dao Dao Soup (Hunza Special) Recipe By Food Fusion travel series recipe episode 5,Indian/Pakistani,1 channel,-,-,Dao Dao Soup (Hunza Special) Recipe By Food Fusion travel series recipe episode 5,https://www.youtube.com/watch?v=-tOfMLF1UwE
Darbari Gosht Recipe,Indian/Pakistani,1 channel,-,-,Darbari Gosht Recipe By Food Fusion,https://www.youtube.com/watch?v=faIZbrUHaIw
Dark Cocoa Mocha Recipe,Indian/Pakistani,1 channel,-,-,Dark Cocoa Mocha Recipe By Food Fusion,https://www.youtube.com/watch?v=FY8djSAp1vQ
Date Filled Cookies,Indian/Pakistani,1 channel,-,-,Date Filled Cookies - Ramadan Special Recipe by Food Fusion,https://www.youtube.com/watch?v=Jw1fG6Odzv4
Dates & Dry Fruit Matka Kulfi Recipe,Indian/Pakistani,1 channel,-,-,Dates & Dry Fruit Matka Kulfi Recipe by Food Fusion,https://www.youtube.com/watch?v=EZ5GEcY4gKY
Dawat Combo Recipes,Indian/Pakistani,1 channel,Dawat Combo Recipes - 3 Eid Special Mutton and Biryani Recipes,https://www.youtube.com/watch?v=_kP41gWQNvs,-,-
Dawat Special Chicken Chargha with Plain Rice,Indian/Pakistani,1 channel,"Dawat Special Chicken Chargha with Plain Rice - No Oven, No Grill",https://www.youtube.com/watch?v=3I3ty9cFuc8,-,-
Dawat Special Chicken Steam Roast,Indian/Pakistani,1 channel,Dawat Special Chicken Steam Roast - Tandoori Choocha Steam,https://www.youtube.com/watch?v=9vZBVlWt0Pc,-,-
Dawat Special Malai Handi Platter Recipe,Indian/Pakistani,1 channel,-,-,Dawat Special Malai Handi Platter Recipe By Food Fusion,https://www.youtube.com/watch?v=aeQc8ewcbZ4
Dawaton kay Khany || Beef Yakhni Pulao and Degi Qorma || Desi Chef Workflow,Indian/Pakistani,1 channel,Dawaton kay Khany || Beef Yakhni Pulao and Degi Qorma || Desi Chef Workflow,https://www.youtube.com/watch?v=D5zB49bNuJs,-,-
Day-5 Exploring Hunza Food Fusion travel,Indian/Pakistani,1 channel,-,-,Day-5 Exploring Hunza Food Fusion travel,https://www.youtube.com/watch?v=CVKtocrk-rU
Deconstructed Aalo Samosa Chaat Cups Ramzan Special Recipe,Indian/Pakistani,1 channel,-,-,Deconstructed Aalo Samosa Chaat Cups Ramzan Special Recipe By Food Fusion,https://www.youtube.com/watch?v=vLnX1ClNQBw
Deconstructed Samosa Platter Ramadan Special Recipe,Indian/Pakistani,1 channel,-,-,Deconstructed Samosa Platter Ramadan Special Recipe by Food Fusion,https://www.youtube.com/watch?v=rHWHDft6g1U
Deep Dish Cookie Recipe,Continental,1 channel,-,-,Deep Dish Cookie Recipe By Food Fusion,https://www.youtube.com/watch?v=rtDCl3HsOUM
Deep Dish Kabab Pizza Recipe,Continental,1 channel,-,-,Deep Dish Kabab Pizza Recipe By Food Fusion,https://www.youtube.com/watch?v=Xf5tLO3t62I
Deep Dish Pizza Recipe,Continental,1 channel,-,-,Deep Dish Pizza Recipe By Food Fusion,https://www.youtube.com/watch?v=57xWrQUBUhg
Deep Fried Burger Recipe,Continental,1 channel,-,-,Deep Fried Burger Recipe by Food Fusion,https://www.youtube.com/watch?v=SdX9__EhhdQ
Degi Achar Gosht Recipe,Indian/Pakistani,1 channel,-,-,Degi Achar Gosht Recipe by Food Fusion,https://www.youtube.com/watch?v=ThU7j6m_R5Y
Degi Aloo Chicken,Indian/Pakistani,1 channel,Degi Aloo Chicken Recipe - Recipe for Life,https://www.youtube.com/watch?v=2jjnQ2KEayk,-,-
Degi Aloo Gosht Recipe,Indian/Pakistani,1 channel,-,-,Degi Aloo Gosht Recipe by Food Fusion,https://www.youtube.com/watch?v=jHR_axwA3Cw
Degi Aloo Mutton Pulao,Indian/Pakistani,1 channel,-,-,Degi Aloo Mutton Pulao - Bakra Eid Special Recipe by Food Fusion,https://www.youtube.com/watch?v=Upf50u9PUps
Degi Chana Pulao Recipe,Indian/Pakistani,1 channel,-,-,Degi Chana Pulao Recipe by Food Fusion,https://www.youtube.com/watch?v=HPDmPxBxXG8
Degi Chargha Eid Special Recipe,Indian/Pakistani,1 channel,-,-,Degi Chargha Eid Special Recipe By Food Fusion,https://www.youtube.com/watch?v=z2k2QbtgV9A
Degi Chicken Curry,Indian/Pakistani,1 channel,1kg Degi Chicken Curry - Punjabi Desi Chicken Curry,https://www.youtube.com/watch?v=SIrp8SYmdio,-,-
Degi Chicken Daleem Recipe,Indian/Pakistani,1 channel,-,-,Degi Chicken Daleem Recipe by Food Fusion,https://www.youtube.com/watch?v=dTVgqXze8lU
Degi Chicken Recipe/ Shadio Wala Chicken (Traditional),Indian/Pakistani,1 channel,Degi Chicken Recipe/ Shadio Wala Chicken (Traditional),https://www.youtube.com/watch?v=feHbdFUFR_E,-,-
Degi Chicken Steam Roast in Pressure Cooker,Indian/Pakistani,1 channel,Degi Chicken Steam Roast in Pressure Cooker | Quick and Magical Recipe,https://www.youtube.com/watch?v=D5lvacEvxhg,-,-
Degi Haleem Recipe,Indian/Pakistani,1 channel,-,-,Degi Haleem Recipe by Food Fusion,https://www.youtube.com/watch?v=msNXcz5jV0I
Degi Kheer Recipe on Walima Ceremony,Indian/Pakistani,1 channel,Degi Kheer Recipe on Walima Ceremony by Kun Foods - Mega Cooking,https://www.youtube.com/watch?v=japPufixqtU,-,-
Degi Masala Biryani Recipe,Indian/Pakistani,1 channel,-,-,Degi Masala Biryani Recipe By Food Fusion,https://www.youtube.com/watch?v=LtFpdTYriIo
Degi Mutanjan Recipe by Food Fusion (Ramzan Special),Indian/Pakistani,1 channel,-,-,Degi Mutanjan Recipe by Food Fusion (Ramzan Special),https://www.youtube.com/watch?v=7lq71hWSDzY
Degi Mutton Pulao for Eid,Indian/Pakistani,1 channel,Degi Mutton Pulao for Eid - Perfect Quantities in Cups for Beginners,https://www.youtube.com/watch?v=55DXhFl5TU8,-,-
Degi Steam Roast Chargha in Pressure Cooker,Indian/Pakistani,1 channel,"Degi Steam Roast Chargha in Pressure Cooker | 10 minutes, One-pot",https://www.youtube.com/watch?v=IjrDqmvHHsY,-,-
Degi Style White Beef Biryani,Indian/Pakistani,1 channel,-,-,Degi Style White Beef Biryani -  Iftar Dinner Special Recipe by Food Fusion,https://www.youtube.com/watch?v=Gn9LnfbppX0
Degi Style Zarda,Indian/Pakistani,1 channel,Degi Style Zarda - Soft and Long Grain Rice,https://www.youtube.com/watch?v=sqVmeTzepHA,-,-
Degi Suji Halwa Shadiyo Wala,Indian/Pakistani,1 channel,Degi Suji Halwa Shadiyo Wala - Unique Suji Halwa Recipe,https://www.youtube.com/watch?v=xnhgO7A1Abg,-,-
Degi Yakhni Pulao,Indian/Pakistani,1 channel,Degi Yakhni Pulao Recipe - Zaiqa Yakhni Pulao without oil/Ghee,https://www.youtube.com/watch?v=G_O_6_hG7nQ,-,-
Degi Yakhni Pulao Recipe,Indian/Pakistani,1 channel,-,-,Degi Yakhni Pulao Recipe By Food Fusion,https://www.youtube.com/watch?v=OK0l6py9VP4
Degi Yakhni Pulao Shadio Wala,Indian/Pakistani,1 channel,Degi Yakhni Pulao Shadio Wala,https://www.youtube.com/watch?v=XL0BpsXeTAA,-,-
Degi Yakhni Pulao || Yakhni Pulao,Indian/Pakistani,1 channel,Degi Yakhni Pulao || Yakhni Pulao,https://www.youtube.com/watch?v=FmPKvQRM5Qw,-,-
Delhi Korma,Indian/Pakistani,1 channel,-,-,Delhi Korma - Eid Special Recipe by Food Fusion,https://www.youtube.com/watch?v=bEXO5X7Hxmo
Desert men cooking kyun ki? Jahan na koi banda na koi bandy ki zaat (vlog),Non-Recipe/Vlog,1 channel,Desert men cooking kyun ki? Jahan na koi banda na koi bandy ki zaat (vlog),https://www.youtube.com/watch?v=gk1Qd3G22rU,-,-
Desi Chicken (Murgh) Platter,Indian/Pakistani,1 channel,"Desi Chicken (Murgh) Platter | Steam Desi Chicken, Pulao Rice, Butter Fried Nuts",https://www.youtube.com/watch?v=QasvMgD-oBc,-,-
Desi Chicken Biryani Recipe,Indian/Pakistani,1 channel,-,-,Desi Chicken Biryani Recipe By Food Fusion,https://www.youtube.com/watch?v=DhKd9RwL4m8
Desi Chicken Fry,Indian/Pakistani,1 channel,Desi Chicken Fry - Shadiyon wala Chicken Fry in 10mins,https://www.youtube.com/watch?v=VGi5TOlx9z0,-,-
Desi Chicken Macaroni Shadiyon Wali,Continental,1 channel,Desi Chicken Macaroni Shadiyon Wali,https://www.youtube.com/watch?v=BWWyZ5I0hOU,-,-
Desi Ghee and Butter,Indian/Pakistani,1 channel,Desi Ghee and Butter Recipe | How to make Butter at home,https://www.youtube.com/watch?v=VJveABdPWq8,-,-
Desi Lunch,Indian/Pakistani,1 channel,Desi Lunch - Onion Besan roti and Adh-rirka (sour lassi),https://www.youtube.com/watch?v=2d57UYgRxfc,-,-
Desi Style Shawarma Roll Ramadan Special Recipe,Arabic/Mediterranean,1 channel,-,-,Desi Style Shawarma Roll Ramadan Special Recipe by Food Fusion,https://www.youtube.com/watch?v=RgD8a5HbjUQ
Desserts For Special Occasion,Indian/Pakistani,1 channel,-,-,Desserts For Special Occasion by Food Fusion,https://www.youtube.com/watch?v=rqbpfubWy20
Desserts in a Cup,Indian/Pakistani,1 channel,-,-,Desserts in a Cup - Recipes by Food Fusion,https://www.youtube.com/watch?v=VL_qayV3yHw
Detox Green Tea 3 Ways Recipe,Indian/Pakistani,1 channel,-,-,Detox Green Tea 3 Ways Recipe By Food Fusion,https://www.youtube.com/watch?v=NcrpizZp9pw
Detox Water 4 ways (For weight loss and healthy glowing skin) Recipe By Healthy,Indian/Pakistani,1 channel,-,-,Detox Water 4 ways (For weight loss and healthy glowing skin) Recipe By Healthy Food Fusion,https://www.youtube.com/watch?v=fgRRbAG21PE
Detroit Style Pepperoni Pizza Recipe,Continental,1 channel,-,-,Detroit Style Pepperoni Pizza Recipe by Food Fusion,https://www.youtube.com/watch?v=tsMmWu2J2jM
Dhaba Anda(Egg) Recipe,Indian/Pakistani,1 channel,-,-,Dhaba Anda(Egg) Recipe By Food Fusion,https://www.youtube.com/watch?v=sCJmfjSQWqI
Dhaba Karahi (Mutton) Recipe,Indian/Pakistani,1 channel,-,-,Dhaba Karahi (Mutton) Recipe By Food Fusion,https://www.youtube.com/watch?v=iGTSwoqz1Po
Dhaba Qeema Paratha Ramzan Special Recipe,Indian/Pakistani,1 channel,-,-,Dhaba Qeema Paratha Ramzan Special Recipe by Food Fusion,https://www.youtube.com/watch?v=b6BrvZq9BBw
Dhaba Style Aloo Keema Recipe,Indian/Pakistani,1 channel,-,-,Dhaba Style Aloo Keema Recipe By Food Fusion,https://www.youtube.com/watch?v=ewat8Dt52l8
Dhaba Style Aloo Paratha 👉 Make and Freeze Easy Ramzan Recipe,Indian/Pakistani,1 channel,-,-,Dhaba Style Aloo Paratha 👉 Make and Freeze Easy Ramzan Recipe by Food Fusion,https://www.youtube.com/watch?v=r3WcoTLE-zQ
Dhaba Style Chicken Masala Recipe,Indian/Pakistani,1 channel,-,-,Dhaba Style Chicken Masala Recipe By Food Fusion,https://www.youtube.com/watch?v=KnBMW-afVHk
Dhaba Style Chicken Shinwari Qeema,Indian/Pakistani,1 channel,-,-,Dhaba Style Chicken Shinwari Qeema - Sehri / Breakfast special Recipe by Food Fusion,https://www.youtube.com/watch?v=wdeCIJa0lw0
Dhaba Style Daal Chawal with Shami Kabab Recipe,Indian/Pakistani,1 channel,-,-,Dhaba Style Daal Chawal with Shami Kabab Recipe by Food Fusion,https://www.youtube.com/watch?v=vra6CfTfEks
Dhaba Style Mix Vegetable Recipe,Indian/Pakistani,1 channel,-,-,Dhaba Style Mix Vegetable Recipe By Food Fusion,https://www.youtube.com/watch?v=L7LXJ7FiRPA
Dhaba Style Tawa Kaleji Eid Special Recipe,Indian/Pakistani,1 channel,-,-,Dhaba Style Tawa Kaleji Eid Special Recipe by Food Fusion,https://www.youtube.com/watch?v=5PmDiDK5Xp4
Dhaga Bun Kabab Recipe By Food Fusion (Ramazan Special recipe),Indian/Pakistani,1 channel,-,-,Dhaga Bun Kabab Recipe By Food Fusion (Ramazan Special recipe),https://www.youtube.com/watch?v=17cSA1onGQc
Dhaga Kabab Recipe,Indian/Pakistani,1 channel,-,-,Dhaga Kabab Recipe By Food Fusion,https://www.youtube.com/watch?v=OCqUpbaOyY4
Dhaka Chicken Fried Tikka Recipe,Indian/Pakistani,1 channel,-,-,Dhaka Chicken Fried Tikka Recipe by Food Fusion,https://www.youtube.com/watch?v=cGTGzVPNWF8
Dhaka Chicken in Air fryer Recipe,Indian/Pakistani,1 channel,-,-,Dhaka Chicken in Air fryer Recipe by Food Fusion,https://www.youtube.com/watch?v=9F2Qz_iP4uo
Dhaka Fried Chicken,Indian/Pakistani,1 channel,-,-,Dhaka Fried Chicken,https://www.youtube.com/watch?v=nkj1yJOv20c
Dhaka Fried Fish Recipe,Indian/Pakistani,1 channel,-,-,Dhaka Fried Fish Recipe By Food Fusion,https://www.youtube.com/watch?v=fXadd_s5oFs
Dhamaka Samosa,Indian/Pakistani,1 channel,-,-,Dhamaka Samosa - Ramazan Special  Recipe by Food Fusion,https://www.youtube.com/watch?v=ysLaLWijYLo
Dhania Pakora Ramadan Special Recipe,Indian/Pakistani,1 channel,-,-,Dhania Pakora Ramadan Special Recipe by Food Fusion,https://www.youtube.com/watch?v=39g82b8JcU8
Dhuwan Gosht Recipe,Indian/Pakistani,1 channel,-,-,Dhuwan Gosht Recipe By Food Fusion,https://www.youtube.com/watch?v=UQ1fTS53NuQ
Dhuwandaar Chicken Koyla Karahi Highway Style Recipe By Asad Memon,Indian/Pakistani,1 channel,-,-,Dhuwandaar Chicken Koyla Karahi Highway Style Recipe By Asad Memon Food Fusion,https://www.youtube.com/watch?v=9a3JIX3z_Ps
Dips with ketchup & Mayo,Indian/Pakistani,1 channel,-,-,4 Amazing Dips with ketchup & Mayo - Recipes By Food Fusion,https://www.youtube.com/watch?v=2VUQmOhpLGE
Discover 4 Amazing Storable Chutney Recipes,Indian/Pakistani,1 channel,-,-,Discover 4 Amazing Storable Chutney Recipes - Ramazan Special by Food Fusion,https://www.youtube.com/watch?v=_bgijxL9i48
Do (دو) Milk Sharbat Recipes,Indian/Pakistani,1 channel,-,-,Do (دو) Milk Sharbat Recipes | Ramzan Special | Food Fusion,https://www.youtube.com/watch?v=gqM23C_qeps
DO NOT BUY CHICKEN,Indian/Pakistani,1 channel,"DO NOT BUY CHICKEN - Cook Rice with Green Chillies! Simple, Tasty, Cheap",https://www.youtube.com/watch?v=B2vMH_tMJlo,-,-
DON'T FRY CHICKEN,Indian/Pakistani,1 channel,DON'T FRY CHICKEN | Make this Oil Free Paper Chicken,https://www.youtube.com/watch?v=O766oxbaLvA,-,-
Don't go to restaurant! Cook rice with garlic chicken at home,Indian/Pakistani,1 channel,Don't go to restaurant! Cook rice with garlic chicken at home,https://www.youtube.com/watch?v=-kZBGB968Mw,-,-
DON'T GO TO RESTAURANT!! Make Tastiest Rice at Home ❗ Fajita Rice Perfect For Dinner,Indian/Pakistani,1 channel,DON'T GO TO RESTAURANT!! Make Tastiest Rice at Home ❗ Fajita Rice Perfect For Dinner,https://www.youtube.com/watch?v=Y0G8zLL4EJ0,-,-
Donating food to 150 Homes,Indian/Pakistani,1 channel,Donating food to 150 Homes | During Lock Down - Kun Foods,https://www.youtube.com/watch?v=de2YuSftISg,-,-
Doner Shawarma with Cream Sauce Recipe,Arabic/Mediterranean,1 channel,-,-,Doner Shawarma with Cream Sauce Recipe by Food Fusion,https://www.youtube.com/watch?v=6DCQNyKhNe8
Doner Shawarma with DIY Homemade Doner Shawarma Grill Recipe,Arabic/Mediterranean,1 channel,-,-,Doner Shawarma with DIY Homemade Doner Shawarma Grill Recipe By Food Fusion,https://www.youtube.com/watch?v=DUotXNsS3OE
DoNugs ( donut + nugget) Recipe,Continental,1 channel,-,-,DoNugs ( donut + nugget) Recipe by Food Fusion,https://www.youtube.com/watch?v=TNgvh1lZMnY
Donut Rolls Back to School,Indian/Pakistani,1 channel,-,-,Donut Rolls Back to School - Lunchbox Recipe by Food Fusion,https://www.youtube.com/watch?v=26_oTzbqpwE
Donuts Better than Bakery,Indian/Pakistani,1 channel,Donuts Better than Bakery - Step by Step Guide,https://www.youtube.com/watch?v=4aacbRlOEBA,-,-
DON’T BUY FRIES,Indian/Pakistani,1 channel,DON’T BUY FRIES | Make This at home | Potato Recipe,https://www.youtube.com/watch?v=HESzYXS24cc,-,-
Don’t Throw It Away! 2 Watermelon Rind Recipes,Indian/Pakistani,1 channel,-,-,Don’t Throw It Away! 2 Watermelon Rind Recipes by Food Fusion,https://www.youtube.com/watch?v=B2UYUF3V9VQ
Doodh Badam Katli Recipe,Indian/Pakistani,1 channel,-,-,Doodh Badam Katli Recipe by Food Fusion,https://www.youtube.com/watch?v=ro6cMoH4Xho
Doodh Badam Sharbat (Almond & milk drink) Recipe,Indian/Pakistani,1 channel,-,-,Doodh Badam Sharbat (Almond & milk drink) Recipe By Food Fusion,https://www.youtube.com/watch?v=-puspPhjnYw
Doodh Dulari Crispy Cups Recipe By Food Fusion (Eid Special),Indian/Pakistani,1 channel,-,-,Doodh Dulari Crispy Cups Recipe By Food Fusion (Eid Special),https://www.youtube.com/watch?v=9U49n33KBBA
Doodh Dulari Fruit & Jelly Trifle Ramzan Special Recipe,Indian/Pakistani,1 channel,-,-,Doodh Dulari Fruit & Jelly Trifle Ramzan Special Recipe By Food Fusion,https://www.youtube.com/watch?v=0aCKyJeaUGI
Doodh Dulari Recipe By Food Fusion (Ramzan/Eid Special Recipe),Indian/Pakistani,1 channel,-,-,Doodh Dulari Recipe By Food Fusion (Ramzan/Eid Special Recipe),https://www.youtube.com/watch?v=IhhA30gpvO4
Doodh Ka Halwa(Mawa) Recipe,Indian/Pakistani,1 channel,-,-,Doodh Ka Halwa(Mawa) Recipe By Food Fusion,https://www.youtube.com/watch?v=XeBJgx502VU
Doodh Ki thandi bottle Recipe,Indian/Pakistani,1 channel,-,-,Doodh Ki thandi bottle Recipe By Food Fusion,https://www.youtube.com/watch?v=K2caJv4LrdE
Doodh Sawaiyan Recipe By Food Fusion (Eid Special),Indian/Pakistani,1 channel,-,-,Doodh Sawaiyan Recipe By Food Fusion (Eid Special),https://www.youtube.com/watch?v=A4WT1tIV4o4
Doodh soda (Milk Soda) recipe,Indian/Pakistani,1 channel,-,-,Doodh soda (Milk Soda) recipe by Food Fusion,https://www.youtube.com/watch?v=3eoWfGKbsik
Doogh,Indian/Pakistani,1 channel,-,-,Doogh - Refreshing Persian Yogurt Drink Recipe By Food Fusion,https://www.youtube.com/watch?v=o62iv4krHM0
Double Ka Meetha Recipe,Indian/Pakistani,1 channel,-,-,Double Ka Meetha Recipe by food fusion,https://www.youtube.com/watch?v=Zoa8DNDbkvA
Double Melt Chicken Cheese Burger Recipe,Continental,1 channel,-,-,Double Melt Chicken Cheese Burger Recipe By Food Fusion,https://www.youtube.com/watch?v=ZoQHCvqNRuc
Double Patty Beef Burger with BBQ Burger Sauce Recipe,Continental,1 channel,-,-,Double Patty Beef Burger with BBQ Burger Sauce Recipe by Food Fusion,https://www.youtube.com/watch?v=io6dgoOqj1U
Doughnut Rolls with Cheese and Chocolate Recipe,Indian/Pakistani,1 channel,-,-,Doughnut Rolls with Cheese and Chocolate Recipe by Food Fusion,https://www.youtube.com/watch?v=PJgDOczuq3k
Dragon Chicken Pasta Recipe,Continental,1 channel,-,-,Dragon Chicken Pasta Recipe by Food Fusion,https://www.youtube.com/watch?v=BV81qYz6V38
Dragon Chicken Recipe,Indian/Pakistani,1 channel,-,-,Dragon Chicken Recipe By Food Fusion,https://www.youtube.com/watch?v=dgrEgO0nyQE
Dream Kitchen Build Episode 3,Indian/Pakistani,1 channel,-,-,Dream Kitchen Build Episode 3 - For Food Fusion By Fusion Crafts,https://www.youtube.com/watch?v=877W5ODPOuQ
Dream Outdoor Kitchen Build,Indian/Pakistani,1 channel,-,-,Dream Outdoor Kitchen Build - Episode 1 @FusionCraftsPK,https://www.youtube.com/watch?v=H9On0eI04eQ
Dream Outdoor Kitchen Build For Food Fusion- Episode 2 ‪@FusionCraftsPK‬,Indian/Pakistani,1 channel,-,-,Dream Outdoor Kitchen Build For Food Fusion- Episode 2 ‪@FusionCraftsPK‬,https://www.youtube.com/watch?v=NwcguOpdn80
Dry Aalo Bhindi Masala with Butter Paratha Recipe,Indian/Pakistani,1 channel,-,-,Dry Aalo Bhindi Masala with Butter Paratha Recipe by Food Fusion,https://www.youtube.com/watch?v=lherUtkAO-4
Dry Kachori Pops (Make & Store) Ramzan Special Recipe,Indian/Pakistani,1 channel,-,-,Dry Kachori Pops (Make & Store) Ramzan Special Recipe by Food Fusion,https://www.youtube.com/watch?v=pDTX4fWzvRs
Dry Mong Daal with Onion & Garlic Relish Recipe,Indian/Pakistani,1 channel,-,-,Dry Mong Daal with Onion & Garlic Relish Recipe by Food Fusion,https://www.youtube.com/watch?v=L_NXAgZle_g
Dubai's Viral Kunafa Chocolate Recipe Is Out,Arabic/Mediterranean,1 channel,-,-,Dubai's Viral Kunafa Chocolate Recipe Is Out by Food Fusion,https://www.youtube.com/watch?v=9Xt0mN0ioQE
Dum Aloo Recipe,Indian/Pakistani,1 channel,-,-,Dum Aloo Recipe By Food Fusion,https://www.youtube.com/watch?v=b23TFKL6WfQ
Dum Ka Keema Recipe,Indian/Pakistani,1 channel,-,-,Dum Ka Keema Recipe By Food Fusion,https://www.youtube.com/watch?v=TZLXY1BZazk
Dum Keema Biryani Recipe By Food Fusion Eid Special,Indian/Pakistani,1 channel,-,-,Dum Keema Biryani Recipe By Food Fusion Eid Special Recipe,https://www.youtube.com/watch?v=23fRSBarfLA
Dum Masala Chicken Ramzan Special Recipe,Indian/Pakistani,1 channel,-,-,Dum Masala Chicken Ramzan Special Recipe by Food Fusion,https://www.youtube.com/watch?v=SUWuBenVHfI
Dum Pukht Recipe || Shinwari Dam Pukht Eid Special |,Indian/Pakistani,1 channel,Dum Pukht Recipe || Shinwari Dam Pukht Eid Special || Kun Foods,https://www.youtube.com/watch?v=v2IiIL1mSMA,-,-
Dum Qeema Samosa Parcels Recipe by Food Fusion (Ramzan Special Recipe),Indian/Pakistani,1 channel,-,-,Dum Qeema Samosa Parcels Recipe by Food Fusion (Ramzan Special Recipe),https://www.youtube.com/watch?v=Dm7nsvEeFHQ
Dum wala Mutton Recipe,Indian/Pakistani,1 channel,-,-,Dum wala Mutton Recipe by Food Fusion,https://www.youtube.com/watch?v=q2rLZttsVsw
Dum wali White Chicken Gravy Recipe,Indian/Pakistani,1 channel,-,-,Dum wali White Chicken Gravy Recipe by Food Fusion,https://www.youtube.com/watch?v=YaMe75wydSs
Dynamite Chicken Paratha Roll Recipe,Indian/Pakistani,1 channel,-,-,Dynamite Chicken Paratha Roll Recipe by Food Fusion,https://www.youtube.com/watch?v=etESFHPKvL8
Dynamite Chicken Recipe,Indian/Pakistani,1 channel,-,-,Dynamite Chicken Recipe By Food Fusion,https://www.youtube.com/watch?v=VrYZsD9Oqp8
Dynamite Chicken Wrap Recipe,Indian/Pakistani,1 channel,-,-,Dynamite Chicken Wrap Recipe By Food Fusion,https://www.youtube.com/watch?v=bgOHSlZZzeE
Dynamite Chilli Bites with CoatingTrick Recipe By Food Fusion (Ramzan Special),Indian/Pakistani,1 channel,-,-,Dynamite Chilli Bites with CoatingTrick Recipe By Food Fusion (Ramzan Special),https://www.youtube.com/watch?v=DEVE1ga9pFM
Dynamite Fries & Chicken Recipe,Indian/Pakistani,1 channel,-,-,Dynamite Fries & Chicken Recipe By Food Fusion,https://www.youtube.com/watch?v=xDfONJ3jm7Y
Dynamite loaded fries Recipe By Food Fusion (Ramzan Special Recipe),Indian/Pakistani,1 channel,-,-,Dynamite loaded fries Recipe By Food Fusion (Ramzan Special Recipe),https://www.youtube.com/watch?v=SmOLjpxxW4s
"Dynamite Starters Chicken, Prawn & Cauliflower Recipe",Indian/Pakistani,1 channel,-,-,"Dynamite Starters Chicken, Prawn & Cauliflower Recipe by Food Fusion",https://www.youtube.com/watch?v=VW75GyuPLRM
Easiest Chicken Biryani ft New Kitchen,Indian/Pakistani,1 channel,Easiest Chicken Biryani ft New Kitchen,https://www.youtube.com/watch?v=raur9j_IQ58,-,-
Easy and Quick  Cream Fruit Chaat,Indian/Pakistani,1 channel,-,-,Easy and Quick  Cream Fruit Chaat Recipe - Food Fusion,https://www.youtube.com/watch?v=ZZosuUU4uCM
Easy and Quick Suji Ka Halwa || Halwai Style Soft Halwa || (Halwa Poori),Indian/Pakistani,1 channel,Easy and Quick Suji Ka Halwa || Halwai Style Soft Halwa || (Halwa Poori),https://www.youtube.com/watch?v=L3EzdlBkVSk,-,-
Easy and Simple Dal,Indian/Pakistani,1 channel,Easy and Simple Dal,https://www.youtube.com/watch?v=wnS7EhJO6XQ,-,-
Easy and Simple Green Chicken Karahi,Indian/Pakistani,1 channel,Easy and Simple Green Chicken Karahi | Street Food of Pakistan,https://www.youtube.com/watch?v=mXVsqNj6R4Y,-,-
Easy Anda bread Halwa,Indian/Pakistani,1 channel,-,-,Easy Anda bread Halwa - Winter Special Recipe By Food Fusion,https://www.youtube.com/watch?v=95Z4knJA5O4
Easy Bread Croissant Recipe,Continental,1 channel,-,-,Easy Bread Croissant Recipe By Food Fusion,https://www.youtube.com/watch?v=QbpuipYbvS8
Easy Bread Rasmalai Recipe,Indian/Pakistani,1 channel,-,-,Easy Bread Rasmalai Recipe by food Fusion,https://www.youtube.com/watch?v=OKlUe8kUcmg
Easy Breakfast Recipe Ideas,Indian/Pakistani,1 channel,-,-,Easy Breakfast Recipe Ideas by Food Fusion,https://www.youtube.com/watch?v=0cI97Cfphpc
Easy Cake recipe Ideas for Special Day,Continental,1 channel,-,-,Easy Cake recipe Ideas for Special Day By Food Fusion,https://www.youtube.com/watch?v=Y2mEWsmGmLs
Easy Chana Daal Pulao Recipe,Indian/Pakistani,1 channel,-,-,Easy Chana Daal Pulao Recipe By Food Fusion,https://www.youtube.com/watch?v=dNsLOoEBARg
Easy Cheesy Tomato Pasta Recipe,Continental,1 channel,-,-,Easy Cheesy Tomato Pasta Recipe by Food Fusion,https://www.youtube.com/watch?v=KPU2ZsuhhV0
Easy Chicken,Indian/Pakistani,1 channel,Easy Chicken Recipe,https://www.youtube.com/watch?v=-CacMtWsA_g,-,-
Easy Chicken Bread,Indian/Pakistani,1 channel,Easy Chicken Bread,https://www.youtube.com/watch?v=l2IJcF2Elek,-,-
Easy Chicken Breast Recipe for Body Building and Weight Loss,Indian/Pakistani,1 channel,Easy Chicken Breast Recipe for Body Building and Weight Loss - Boiled Chicken,https://www.youtube.com/watch?v=nZpeDDcMwkU,-,-
Easy Chicken Chow Mein Recipe,Chinese,1 channel,-,-,Easy Chicken Chow Mein Recipe by Food Fusion,https://www.youtube.com/watch?v=4wC-_4xqnlk
Easy Chicken Lasagna in Dawlance Convection Microwave Oven,Continental,1 channel,-,-,Easy Chicken Lasagna in Dawlance Convection Microwave Oven -  Recipe by Food Fusion,https://www.youtube.com/watch?v=Seexp1KxbdI
Easy Chicken Sandwich By Chef Afzaal,Continental,1 channel,Easy Chicken Sandwich By Chef Afzaal,https://www.youtube.com/watch?v=0hxUEOHprHE,-,-
"Easy Chicken Seekh Kabab recipe, Learn how to make these kebabs from",Indian/Pakistani,1 channel,-,-,"Easy Chicken Seekh Kabab recipe, Learn how to make these kebabs from  Food Fusion",https://www.youtube.com/watch?v=05SRDnPpj5c
Easy Chicken Tikka,Indian/Pakistani,1 channel,Easy Chicken Tikka,https://www.youtube.com/watch?v=xksBQcZGx4M,-,-
Easy Chocolate Cake Recipe,Continental,1 channel,-,-,Easy Chocolate Cake Recipe By Food Fusion,https://www.youtube.com/watch?v=Ae5FJUekGVU
Easy Club Sandwich Recipe / Restaurant Style Mayo Sandwich,Continental,1 channel,Easy Club Sandwich Recipe / Restaurant Style Mayo Sandwich | Afzaal Arshad,https://www.youtube.com/watch?v=5zFQmfmd980,-,-
Easy Creamy Fruit Chaat Iftar Special Recipe,Indian/Pakistani,1 channel,-,-,Easy Creamy Fruit Chaat Iftar Special Recipe by Food Fusion,https://www.youtube.com/watch?v=T9kJwnzrU_8
Easy Doodh wali Seviyan,Indian/Pakistani,1 channel,-,-,Easy Doodh wali Seviyan - Eid Special Recipe by Food Fusion,https://www.youtube.com/watch?v=VxUjCnw9id4
Easy Dum Biryani,Indian/Pakistani,1 channel,Easy Dum Biryani Recipe - Kun Foods (Original Recipe),https://www.youtube.com/watch?v=g6_nXjRNgxE,-,-
Easy Eid Special Honey Cake at Home || Impress your family at this Eid,Continental,1 channel,Easy Eid Special Honey Cake at Home || Impress your family at this Eid,https://www.youtube.com/watch?v=1UbTtwTPl4M,-,-
Easy Fish Fry,Indian/Pakistani,1 channel,-,-,Easy Fish Fry - Surmai Fish Fry Tikka  Recipe By Food Fusion | Air Fried Fish,https://www.youtube.com/watch?v=g-g6yH8hgiU
Easy Greek Mussaka Recipe,Indian/Pakistani,1 channel,-,-,Easy Greek Mussaka Recipe by Food Fusion,https://www.youtube.com/watch?v=BrT97UjAeNI
Easy Green Beans Sabzi Recipe for Lunch,Indian/Pakistani,1 channel,Easy Green Beans Sabzi Recipe for Lunch - Daily Routine Sabzi Recipe,https://www.youtube.com/watch?v=fXJkjIk6Z1E,-,-
Easy Grilled Chicken Salad Recipe,Indian/Pakistani,1 channel,-,-,Easy Grilled Chicken Salad Recipe By Food Fusion,https://www.youtube.com/watch?v=5cuHXD48nK8
Easy Gulab Jamun with Milk Powder Recipe By Food Fusion (Eid Special),Indian/Pakistani,1 channel,-,-,Easy Gulab Jamun with Milk Powder Recipe By Food Fusion (Eid Special),https://www.youtube.com/watch?v=otK7Ot9y7jU
Easy Home Remedies for Constipation Relief (Qabz Ka Ilaj) Recipe,Indian/Pakistani,1 channel,-,-,Easy Home Remedies for Constipation Relief (Qabz Ka Ilaj) Recipe by Food Fusion,https://www.youtube.com/watch?v=H7gHi3ZsmyI
Easy Hyderabadi Dum Biryani Recipe By Food Fusion (Ramazan Special),Indian/Pakistani,1 channel,-,-,Easy Hyderabadi Dum Biryani Recipe By Food Fusion (Ramazan Special),https://www.youtube.com/watch?v=_aysGZpvmnQ
Easy Kadhi Pakora Chawal Recipe,Indian/Pakistani,1 channel,-,-,Easy Kadhi Pakora Chawal Recipe by Food Fusion,https://www.youtube.com/watch?v=ToWY80OGD94
Easy Khajoor Recipe Ideas Ramzan Special,Indian/Pakistani,1 channel,-,-,Easy Khajoor Recipe Ideas Ramzan Special By Food Fusion,https://www.youtube.com/watch?v=K5RUDBJRqhE
Easy Khattay Aloo Ramzan Special Recipe,Indian/Pakistani,1 channel,-,-,Easy Khattay Aloo Ramzan Special Recipe by Food Fusion,https://www.youtube.com/watch?v=Nj6NrRXxGag
Easy Malka Masoor Biryani Recipe,Indian/Pakistani,1 channel,-,-,Easy Malka Masoor Biryani Recipe by Food Fusion,https://www.youtube.com/watch?v=y1aIrciccuU
Easy Malt Cake Recipe,Continental,1 channel,-,-,Easy Malt Cake Recipe by Food Fusion,https://www.youtube.com/watch?v=BsQLSRj1JSI
Easy Mango Ice cream Cake,Continental,1 channel,-,-,Easy Mango Ice cream Cake - Eid Special Recipe by Food Fusion,https://www.youtube.com/watch?v=HgAwNpUdajs
Easy Masala Tawa Kaleji Recipe by Asad Memon (Bakra Eid Special),Indian/Pakistani,1 channel,-,-,Easy Masala Tawa Kaleji Recipe by Asad Memon-Food Fusion (Bakra Eid Special),https://www.youtube.com/watch?v=DOcNzGxmAGA
Easy Murgh Cholay,Indian/Pakistani,1 channel,-,-,Easy Murgh Cholay - Chicken Cholay Recipe By Food Fusion,https://www.youtube.com/watch?v=SLyR6rfOpx0
Easy Mutton Leg Roast Recipe by Asad Memon (Bakra Eid Special),Indian/Pakistani,1 channel,-,-,Easy Mutton Leg Roast Recipe by Asad Memon-Food Fusion (Bakra Eid Special),https://www.youtube.com/watch?v=MJk071It0lo
Easy Mutton White Biryani Recipe,Indian/Pakistani,1 channel,-,-,Easy Mutton White Biryani Recipe By Food Fusion,https://www.youtube.com/watch?v=lYnBtgAgByQ
Easy No Bake Mango Cheesecake Recipe,Continental,1 channel,-,-,Easy No Bake Mango Cheesecake Recipe by Food Fusion,https://www.youtube.com/watch?v=rG7yr8InGZs
Easy One Pot Recipes,Indian/Pakistani,1 channel,-,-,Easy One Pot Recipes by Food Fusion,https://www.youtube.com/watch?v=JsCUbFPr6F8
Easy Potato Pancakes Recipe 3 ways,Indian/Pakistani,1 channel,-,-,Easy Potato Pancakes Recipe 3 ways by Food Fusion,https://www.youtube.com/watch?v=dAtTV4Zs0m0
Easy Potato Tea time Snack Recipe,Indian/Pakistani,1 channel,-,-,Easy Potato Tea time Snack Recipe by Food Fusion,https://www.youtube.com/watch?v=QFcqrbM0Idg
Easy Pulled Chicken Sandwich Recipe,Continental,1 channel,-,-,Easy Pulled Chicken Sandwich Recipe by Food Fusion,https://www.youtube.com/watch?v=uVay-zZillc
Easy Pumpkin Spice Latte (Hot & Cold),Indian/Pakistani,1 channel,-,-,Easy Pumpkin Spice Latte (Hot & Cold) By Food Fusion,https://www.youtube.com/watch?v=NXEV6j2txnY
Easy Resha Chicken Paratha Roll Recipe,Indian/Pakistani,1 channel,-,-,Easy Resha Chicken Paratha Roll Recipe by Food Fusion,https://www.youtube.com/watch?v=1U_0XZFT_NE
Easy Restaurant Chicken Chow Mein,Chinese,1 channel,Easy Restaurant Chicken Chow Mein Recipe - 3 Step Chow Mein Recipe,https://www.youtube.com/watch?v=ORkrKLaTzF0,-,-
Easy Steam Chicken Roast  Recipe,Indian/Pakistani,1 channel,-,-,Easy Steam Chicken Roast  Recipe by Food Fusion,https://www.youtube.com/watch?v=VcOhYxLxwa0
Easy Street Style Dahi Baray Recipe by Food Fusion (Iftar snacks /ideas),Indian/Pakistani,1 channel,-,-,Easy Street Style Dahi Baray Recipe by Food Fusion (Iftar snacks /ideas),https://www.youtube.com/watch?v=z1YmDU0Z4Sc
Easy Tadke wali Moong Dal Recipe by Food Fusion (How to Make authentic Moong Daal recipe with tarka),Indian/Pakistani,1 channel,-,-,Easy Tadke wali Moong Dal Recipe by Food Fusion (How to Make authentic Moong Daal recipe with tarka),https://www.youtube.com/watch?v=DYRdHTVVEuU
Easy Technique,Indian/Pakistani,1 channel,-,-,Easy Technique - Dahi Phulki Ramzan Recipe By Food Fusion,https://www.youtube.com/watch?v=RFGpZo2Gjd4
Eat this before you die!! Palak Chicken Recipe Restaurant style,Indian/Pakistani,1 channel,Eat this before you die!! Palak Chicken Recipe Restaurant style | Spinach Chicken | By Kun Foods,https://www.youtube.com/watch?v=WQqXnh-C0mw,-,-
Eclair Stuffed Cookies Recipe by Asad Memon,Indian/Pakistani,1 channel,-,-,Eclair Stuffed Cookies Recipe by Asad Memon-Food Fusion,https://www.youtube.com/watch?v=XzlbrwuUAG0
Egg & Cheese (Patties) Puff Triangles Recipe,Indian/Pakistani,1 channel,-,-,Egg & Cheese (Patties) Puff Triangles Recipe By Food Fusion,https://www.youtube.com/watch?v=jNHfp5VMDnw
Egg & Cheese Toast Recipe,Indian/Pakistani,1 channel,-,-,Egg & Cheese Toast Recipe by Food Fusion,https://www.youtube.com/watch?v=NwUVRozVXHo
Egg & Potato,Indian/Pakistani,1 channel,Egg & Potato Recipe,https://www.youtube.com/watch?v=CRN_qLGXcDQ,-,-
Egg & Veg Sandwich Back to School,Continental,1 channel,-,-,Egg & Veg Sandwich Back to School - Lunchbox Recipe by Food Fusion,https://www.youtube.com/watch?v=bzp8sMkc_dU
Egg and Bean Fusion Fried Rice Recipe,Chinese,1 channel,-,-,Egg and Bean Fusion Fried Rice Recipe By Food Fusion,https://www.youtube.com/watch?v=4NcdfC_QuHg
Egg Biryani Recipe,Indian/Pakistani,1 channel,-,-,Egg Biryani Recipe By Food Fusion,https://www.youtube.com/watch?v=aKXsWHxc4_0
Egg Chicken Croquettes 👉Make and Freeze Ramadan Special Recipe,Indian/Pakistani,1 channel,-,-,Egg Chicken Croquettes 👉Make and Freeze Ramadan Special Recipe by Food Fusion,https://www.youtube.com/watch?v=bA404zyVsHk
Egg Chops (Anda Chop) Ramadan Special Recipe,Indian/Pakistani,1 channel,-,-,Egg Chops (Anda Chop) Ramadan Special Recipe by Food Fusion,https://www.youtube.com/watch?v=NV9JXnKd_vg
Egg Croissant Sandwich Recipe,Continental,1 channel,-,-,Egg Croissant Sandwich Recipe by Food Fusion,https://www.youtube.com/watch?v=LdDE6Bf6Zew
Egg Curries,Indian/Pakistani,1 channel,-,-,4 Delicious Egg Curries - Recipes By Food Fusion,https://www.youtube.com/watch?v=AyqJih5BreY
Egg Korma Recipe,Indian/Pakistani,1 channel,-,-,Egg Korma Recipe by Food Fusion,https://www.youtube.com/watch?v=lW3ACep7US0
Egg Malai Masala Recipe,Indian/Pakistani,1 channel,-,-,Egg Malai Masala Recipe By Food Fusion,https://www.youtube.com/watch?v=gfq6Wovleys
Egg Mesub (Anday ka Mesub) Recipe,Indian/Pakistani,1 channel,-,-,Egg Mesub (Anday ka Mesub) Recipe By Food Fusion,https://www.youtube.com/watch?v=EWxcmUEySD8
Egg Pakora Recipe By Food Fusion (Ramzan Special),Indian/Pakistani,1 channel,-,-,Egg Pakora Recipe By Food Fusion (Ramzan Special),https://www.youtube.com/watch?v=6C9xvS0-tM8
Eggless Mousse Cake Recipe,Continental,1 channel,-,-,Eggless Mousse Cake Recipe by Food Fusion,https://www.youtube.com/watch?v=KGaq07OhiNw
Eggless Pav bread buns Recipe,Indian/Pakistani,1 channel,-,-,Eggless Pav bread buns Recipe By Food Fusion,https://www.youtube.com/watch?v=KaDhU1OdrUQ
Eggplant Lasagna Recipe By Food Fusion (Bakra Eid Special),Continental,1 channel,-,-,Eggplant Lasagna Recipe By Food Fusion (Bakra Eid Special),https://www.youtube.com/watch?v=RAybY04EkPw
Eggplant Shakshuka,Indian/Pakistani,1 channel,-,-,Eggplant Shakshuka - Breakfast/ Sehri Special Recipe By Food Fusion,https://www.youtube.com/watch?v=7iUS9a8XdWk
Eggtastic Sehri Recipe ideas,Indian/Pakistani,1 channel,-,-,Eggtastic Sehri Recipe ideas  by Food Fusion,https://www.youtube.com/watch?v=H00EinTdlD8
Egyptian Hawawshi (Crispy Meat Filled Bread Pockets)  Food Fusion Recipe Version,Indian/Pakistani,1 channel,-,-,Egyptian Hawawshi (Crispy Meat Filled Bread Pockets)  Food Fusion Recipe Version,https://www.youtube.com/watch?v=xDdt3UXEYZE
Eid 2022 Malai Steam Chicken Biryani Recipe,Indian/Pakistani,1 channel,-,-,Eid 2022 Malai Steam Chicken Biryani Recipe By Food Fusion,https://www.youtube.com/watch?v=l5Wisv32LK0
Eid Breakfast Recipes By Food Fusion (Eid Special Recipes),Indian/Pakistani,1 channel,-,-,Eid Breakfast Recipes By Food Fusion (Eid Special Recipes),https://www.youtube.com/watch?v=1Bd-32c2hB8
Eid Dawat Recipe Ideas Collection 5 by Food Fusion 2023,Indian/Pakistani,1 channel,-,-,Eid Dawat Recipe Ideas Collection 5 by Food Fusion 2023,https://www.youtube.com/watch?v=IZSof02lZwo
Eid Dawat Recipes,Indian/Pakistani,1 channel,-,-,Eid Dawat Recipes By Food Fusion,https://www.youtube.com/watch?v=edpjsgKiRDI
Eid Dawat Recipes Ideas Collection,Indian/Pakistani,1 channel,-,-,Eid Dawat Recipes Ideas Collection by Food Fusion,https://www.youtube.com/watch?v=i6e9KEXtveQ
Eid Dawat Special Recipes,Indian/Pakistani,1 channel,-,-,Eid Dawat Special Recipes By Food Fusion,https://www.youtube.com/watch?v=JONLzzmtWtk
Eid Day Special Recipes By Food Fusion (Bakra Eid Special),Indian/Pakistani,1 channel,-,-,Eid Day Special Recipes By Food Fusion (Bakra Eid Special),https://www.youtube.com/watch?v=81UBC39Fu98
Eid Dessert,Indian/Pakistani,1 channel,-,-,Eid Dessert Recipe - Strawberry & Fruit Custard Trifle by Food Fusion,https://www.youtube.com/watch?v=nFoHOD1DUUA
Eid Dessert Kulfi Trifle Recipe,Indian/Pakistani,1 channel,-,-,Eid Dessert Kulfi Trifle Recipe by Food Fusion,https://www.youtube.com/watch?v=Ih6LZpzdZb8
Eid Dessert Menu Collection,Indian/Pakistani,1 channel,-,-,Eid Dessert Menu Collection By Food Fusion,https://www.youtube.com/watch?v=Tr3ZmbWuW_M
Eid Dinner Ideas,Indian/Pakistani,1 channel,-,-,Eid Dinner Ideas - 5 Creamy Recipes by Food Fusion,https://www.youtube.com/watch?v=A9YgtYyzOhA
Eid Feast: Delicious Exquisite Rice Dishes,Indian/Pakistani,1 channel,-,-,Eid Feast: Delicious Exquisite Rice Dishes by Food Fusion,https://www.youtube.com/watch?v=IvOM_Vg7BEQ
Eid Goodness Menu,Indian/Pakistani,1 channel,-,-,Eid Goodness Menu by Food Fusion,https://www.youtube.com/watch?v=OUWPEmqVF8A
Eid Ke Special Meethay / Eid Special desserts,Indian/Pakistani,1 channel,-,-,Eid Ke Special Meethay / Eid Special desserts By Food Fusion,https://www.youtube.com/watch?v=-CEu3L6Q9B4
Eid Menu Collection 2024 Recipes,Indian/Pakistani,1 channel,-,-,Eid Menu Collection 2024 Recipes By Food Fusion,https://www.youtube.com/watch?v=PaCg2F9kYVQ
Eid Menu Ideas Collection 1,Indian/Pakistani,1 channel,-,-,Eid Menu Ideas Collection 1 By Food Fusion,https://www.youtube.com/watch?v=QdDEEJVY0d8
Eid Menu Ideas Collection 1 By Food Fusion (2026),Indian/Pakistani,1 channel,-,-,Eid Menu Ideas Collection 1 By Food Fusion (2026),https://www.youtube.com/watch?v=jwjw2ohwy_M
Eid Menu Ideas Collection 1 by Food Fusion 2023,Indian/Pakistani,1 channel,-,-,Eid Menu Ideas Collection 1 by Food Fusion 2023,https://www.youtube.com/watch?v=AFaBbyNKltk
Eid Menu Ideas Collection 2,Indian/Pakistani,1 channel,-,-,Eid Menu Ideas Collection 2 By Food Fusion,https://www.youtube.com/watch?v=i6W-BA12-bQ
Eid Menu Ideas Collection 2 By Food Fusion (2026),Indian/Pakistani,1 channel,-,-,Eid Menu Ideas Collection 2 By Food Fusion (2026),https://www.youtube.com/watch?v=MHZhQyVDvX8
Eid Menu Ideas Collection 3,Indian/Pakistani,1 channel,-,-,Eid Menu Ideas Collection 3 By Food Fusion,https://www.youtube.com/watch?v=is1_TKfqbec
Eid Menu Ideas Collection 3 By Food Fusion (2026),Indian/Pakistani,1 channel,-,-,Eid Menu Ideas Collection 3 By Food Fusion (2026),https://www.youtube.com/watch?v=3WXGIiJYJL0
Eid Menu Ideas Collection 4 2022 By Food Fusion (Ramazan Special),Indian/Pakistani,1 channel,-,-,Eid Menu Ideas Collection 4 2022 By Food Fusion (Ramazan Special),https://www.youtube.com/watch?v=fcYrGyhG1f4
Eid Menu Ideas Collection 5 2022 By Food Fusion (Ramazan Special),Indian/Pakistani,1 channel,-,-,Eid Menu Ideas Collection 5 2022 By Food Fusion (Ramazan Special),https://www.youtube.com/watch?v=H9uOt6FgS1c
Eid Mithai Recipes By Food Fusion (Eid Special Recipes 2019),Indian/Pakistani,1 channel,-,-,Eid Mithai Recipes By Food Fusion (Eid Special Recipes 2019),https://www.youtube.com/watch?v=-WFogbfZf_s
Eid Mubarak From,Indian/Pakistani,1 channel,-,-,Eid Mubarak From Food Fusion,https://www.youtube.com/watch?v=JFVe-M6EYx8
Eid Mubarak From Team,Indian/Pakistani,1 channel,-,-,Eid Mubarak From Team Food Fusion,https://www.youtube.com/watch?v=6UdmubnAG_I
Eid Mubarak to all our Fans. Bakra Eid Recipes,Indian/Pakistani,1 channel,-,-,Eid Mubarak to all our Fans. Bakra Eid Recipes,https://www.youtube.com/watch?v=zwbzGYrl0Rg
Eid Seviyan Recipes,Indian/Pakistani,1 channel,-,-,4 Delicious Eid Seviyan Recipes By Food Fusion,https://www.youtube.com/watch?v=xP2gb1p_eyA
Eid Snack Ideas By Food Fusion (Eid Special Recipes),Indian/Pakistani,1 channel,-,-,Eid Snack Ideas By Food Fusion (Eid Special Recipes),https://www.youtube.com/watch?v=030E-bh3770
Eid Special,Indian/Pakistani,1 channel,-,-,Eid Special - Chapli Kabab Melt Sliders Recipe by Food Fusion,https://www.youtube.com/watch?v=psLBI76fWIo
Eid Special BBQ Recipes,Indian/Pakistani,1 channel,-,-,Eid Special BBQ Recipes By Food Fusion,https://www.youtube.com/watch?v=4zAF1kXZYTw
Eid Special Beef Handi Recipe,Indian/Pakistani,1 channel,-,-,Eid Special Beef Handi Recipe by Food Fusion,https://www.youtube.com/watch?v=oERLP9iR55U
Eid Special Bombay Bakery Inspired Chocolate Cake Recipe,Continental,1 channel,-,-,Eid Special Bombay Bakery Inspired Chocolate Cake Recipe by Food Fusion,https://www.youtube.com/watch?v=cu9RUOedUNY
Eid Special Breakfast,Indian/Pakistani,1 channel,-,-,Eid Special Breakfast  - Qeema with Kachori Recipe by Food Fusion,https://www.youtube.com/watch?v=nMDLn93OQ88
Eid Special Breakfast Recipes,Indian/Pakistani,1 channel,-,-,Eid Special Breakfast Recipes - 2024 by Food Fusion,https://www.youtube.com/watch?v=Na3cTqCmj2E
Eid Special Caramel Shahi Tukray Lasagna Recipe,Continental,1 channel,-,-,Eid Special Caramel Shahi Tukray Lasagna Recipe by Food Fusion,https://www.youtube.com/watch?v=iadb_0hIaQU
Eid Special Cherry Crunch Dessert Recipe,Indian/Pakistani,1 channel,-,-,Eid Special Cherry Crunch Dessert Recipe By Food Fusion,https://www.youtube.com/watch?v=dfC87xQkBHw
Eid Special Chocolate Cake with Ganache Recipe,Continental,1 channel,-,-,Eid Special Chocolate Cake with Ganache Recipe by Food Fusion,https://www.youtube.com/watch?v=6tyVnsIZKaQ
Eid Special Custard Delight Recipe,Indian/Pakistani,1 channel,-,-,Eid Special Custard Delight Recipe by Food Fusion,https://www.youtube.com/watch?v=9Ro2f6avKmM
Eid Special Degi Mutton Biryani Recipe,Indian/Pakistani,1 channel,-,-,Eid Special Degi Mutton Biryani Recipe by Food Fusion,https://www.youtube.com/watch?v=hXO4UWQoDkM
Eid Special Dessert,Indian/Pakistani,1 channel,-,-,Eid Special Dessert - Black Forest Trifle Recipe 2023 by Food Fusion,https://www.youtube.com/watch?v=M4f9-JrzkNA
Eid Special Dessert Recipes By Food Fusion 2023,Indian/Pakistani,1 channel,-,-,Eid Special Dessert Recipes By Food Fusion 2023,https://www.youtube.com/watch?v=Gia1RH_c4FU
Eid Special Dessert with Leftover Samosa Patti Recipe,Indian/Pakistani,1 channel,-,-,Eid Special Dessert with Leftover Samosa Patti Recipe by Food Fusion,https://www.youtube.com/watch?v=ZIp_H4-kZU0
Eid Special Easy Custard Trifle Recipe,Indian/Pakistani,1 channel,-,-,Eid Special Easy Custard Trifle Recipe By Food Fusion,https://www.youtube.com/watch?v=xgZ7sIURaFY
Eid Special Easy Sheer Khurma Recipe,Indian/Pakistani,1 channel,-,-,Eid Special Easy Sheer Khurma Recipe By Food Fusion,https://www.youtube.com/watch?v=xMc7bFXDtzk
Eid Special Fruit Cake In Air Fryer Recipe,Continental,1 channel,-,-,Eid Special Fruit Cake In Air Fryer Recipe By Food Fusion,https://www.youtube.com/watch?v=wiZNa9pZq4Q
Eid Special Ghee Roast Biryani Recipe,Indian/Pakistani,1 channel,-,-,Eid Special Ghee Roast Biryani Recipe By Food Fusion,https://www.youtube.com/watch?v=40RrzZA6Hhg
Eid Special Halwa Puri & Chanay Recipe,Indian/Pakistani,1 channel,-,-,Eid Special Halwa Puri & Chanay Recipe By Food Fusion,https://www.youtube.com/watch?v=VMCj22_SewE
Eid Special Handi Dum Kabab Recipe,Indian/Pakistani,1 channel,-,-,Eid Special Handi Dum Kabab Recipe By Food Fusion,https://www.youtube.com/watch?v=oqJ2PotLVC0
Eid Special Ice Cream Cake Hico Recipe,Continental,1 channel,-,-,Eid Special Ice Cream Cake Hico Recipe By Food Fusion,https://www.youtube.com/watch?v=WJrekrGJKVM
Eid Special Kali mirch Tikka Masala Recipe,Indian/Pakistani,1 channel,-,-,Eid Special Kali mirch Tikka Masala Recipe by Food Fusion,https://www.youtube.com/watch?v=_zirinGAlPw
Eid Special Kheer Recipe,Indian/Pakistani,1 channel,-,-,Eid Special Kheer Recipe by Food Fusion,https://www.youtube.com/watch?v=jIRpsQOc-28
Eid Special Khoya Sawaiyan Recipe,Indian/Pakistani,1 channel,-,-,Eid Special Khoya Sawaiyan Recipe by Food Fusion,https://www.youtube.com/watch?v=vN6Hgwykz2Y
Eid Special Lab e Shireen Festive Recipe,Indian/Pakistani,1 channel,-,-,Eid Special Lab e Shireen Festive Recipe By Food Fusion,https://www.youtube.com/watch?v=QRmtcGHosMo
Eid Special Lamb Leg Roast with Chutney Recipe,Indian/Pakistani,1 channel,-,-,Eid Special Lamb Leg Roast with Chutney Recipe By Food Fusion,https://www.youtube.com/watch?v=VJROn6_VRRs
Eid Special Mango Doodh Seviyan Recipe,Indian/Pakistani,1 channel,-,-,Eid Special Mango Doodh Seviyan Recipe by Food Fusion,https://www.youtube.com/watch?v=XyavqRkv3qs
Eid Special Masala Tikka Boti Recipe,Indian/Pakistani,1 channel,-,-,Eid Special Masala Tikka Boti Recipe By Food Fusion,https://www.youtube.com/watch?v=LrmsTx3rGEQ
Eid Special Menu Collection 1 By Food Fusion (Bakra Eid Special),Indian/Pakistani,1 channel,-,-,Eid Special Menu Collection 1 By Food Fusion (Bakra Eid Special),https://www.youtube.com/watch?v=gHqxlhLvtvI
Eid Special Menu Collection 2 By Food Fusion (Bakra Eid Special),Indian/Pakistani,1 channel,-,-,Eid Special Menu Collection 2 By Food Fusion (Bakra Eid Special),https://www.youtube.com/watch?v=OxaEew1MeFQ
Eid Special Menu Collection 3 By Food Fusion (Bakra Eid Special),Indian/Pakistani,1 channel,-,-,Eid Special Menu Collection 3 By Food Fusion (Bakra Eid Special),https://www.youtube.com/watch?v=iSmMfGlTgjM
Eid Special Menu Ideas,Indian/Pakistani,1 channel,-,-,Eid Special Menu Ideas  - Recipe Collection 3 by Food Fusion,https://www.youtube.com/watch?v=A15WhV7ZY4A
Eid Special Mini Salted Caramel Cheesecake Recipe,Continental,1 channel,-,-,Eid Special Mini Salted Caramel Cheesecake Recipe by Food Fusion,https://www.youtube.com/watch?v=qbl655PwlcI
Eid Special Moist Chocolate Cake Recipe,Continental,1 channel,-,-,Eid Special Moist Chocolate Cake Recipe by Food Fusion,https://www.youtube.com/watch?v=sxGU3KclCLY
Eid Special Moti Biryani Recipe,Indian/Pakistani,1 channel,-,-,Eid Special Moti Biryani Recipe by Food Fusion,https://www.youtube.com/watch?v=R_cyW7RnGJU
Eid Special Muslim Biryani,Indian/Pakistani,1 channel,Eid Special Muslim Biryani | 1kg Perfect Kachay Gosht ki Biryani (Step by Step),https://www.youtube.com/watch?v=MDFsKGB9pQc,-,-
Eid Special Nawabi Seviyan Recipe,Indian/Pakistani,1 channel,-,-,Eid Special Nawabi Seviyan Recipe By Food Fusion,https://www.youtube.com/watch?v=1PaeG2BsTl0
Eid Special Nutella Crunch Ice cream Cake Recipe,Continental,1 channel,-,-,Eid Special Nutella Crunch Ice cream Cake Recipe by Food Fusion,https://www.youtube.com/watch?v=Wi4LehQqJyE
Eid Special Peri Peri Chicken Drumsticks Recipe,Continental,1 channel,-,-,Eid Special Peri Peri Chicken Drumsticks Recipe by Food Fusion,https://www.youtube.com/watch?v=BIFQVwLli1s
Eid Special Recipe Collection 4 Recipe,Indian/Pakistani,1 channel,-,-,Eid Special Recipe Collection 4 Recipe by Food Fusion,https://www.youtube.com/watch?v=zkG5ctaFEzw
Eid Special Recipe Menu Collection 1,Indian/Pakistani,1 channel,-,-,Eid Special Recipe Menu Collection 1 By Food Fusion,https://www.youtube.com/watch?v=f2FOeWFkKds
Eid Special Recipe Menu Collection 2,Indian/Pakistani,1 channel,-,-,Eid Special Recipe Menu Collection 2 By Food Fusion,https://www.youtube.com/watch?v=Q5JFlhcUDEs
Eid Special Recipe Menu collection 3,Indian/Pakistani,1 channel,-,-,Eid Special Recipe Menu collection 3 By Food Fusion,https://www.youtube.com/watch?v=FguIdWEzUpU
Eid Special Rose Milk Cake Recipe,Continental,1 channel,-,-,Eid Special Rose Milk Cake Recipe by Food Fusion,https://www.youtube.com/watch?v=_SRaLPvxaRo
Eid Special Sawaiyan Kheer Recipe,Indian/Pakistani,1 channel,-,-,Eid Special Sawaiyan Kheer Recipe By Food Fusion,https://www.youtube.com/watch?v=DcjdI-YfYfU
Eid Special Sawaiyan Recipes,Indian/Pakistani,1 channel,-,-,Eid Special Sawaiyan Recipes By Food Fusion,https://www.youtube.com/watch?v=c1QE2eX6VkA
Eid Special Seviyan Trifle,Indian/Pakistani,1 channel,-,-,Eid Special Seviyan Trifle - Eid Dessert Ideas by Food Fusion,https://www.youtube.com/watch?v=PDNogJYJjJk
Eid Special Sheer khurma with Date Mousse Disk Recipe,Indian/Pakistani,1 channel,-,-,Eid Special Sheer khurma with Date Mousse Disk Recipe by Food Fusion,https://www.youtube.com/watch?v=QI1p9d6r-8A
Eid Special Sheet Pan Seekh Kabab Recipe,Indian/Pakistani,1 channel,-,-,Eid Special Sheet Pan Seekh Kabab Recipe by Food Fusion,https://www.youtube.com/watch?v=3-EFQvJVPn0
Eid Special Smokey Malai Tikka Biryani Recipe,Indian/Pakistani,1 channel,-,-,Eid Special Smokey Malai Tikka Biryani Recipe by Food Fusion,https://www.youtube.com/watch?v=wOuVFKZXKi0
Eid Special Smoky Chicken Tikka Biryani Recipe,Indian/Pakistani,1 channel,-,-,Eid Special Smoky Chicken Tikka Biryani Recipe By Food Fusion,https://www.youtube.com/watch?v=9dCw54kAb-M
Eid Special Tandoori Club Sandwich Recipe,Continental,1 channel,-,-,Eid Special Tandoori Club Sandwich Recipe by Food Fusion,https://www.youtube.com/watch?v=CohIDoMwGbI
Eid Special Tangri Kabab Recipe,Indian/Pakistani,1 channel,-,-,Eid Special Tangri Kabab Recipe by Food Fusion,https://www.youtube.com/watch?v=uf17t3Gx-Ng
Eid Special The ultimate Mutton Ghilafi Pulao,Indian/Pakistani,1 channel,-,-,Eid Special The ultimate Mutton Ghilafi Pulao - Recipe by Food Fusion,https://www.youtube.com/watch?v=XwOO6mvvehs
Eid Special Turkish Chicken Recipe,Arabic/Mediterranean,1 channel,-,-,Eid Special Turkish Chicken Recipe by Food Fusion,https://www.youtube.com/watch?v=c2r6qqi5ItU
Eid Special Umm Ali Recipe,Indian/Pakistani,1 channel,-,-,Eid Special Umm Ali Recipe by Food Fusion,https://www.youtube.com/watch?v=47kBQQ8V_QI
Eid Special Zafrani Doodh Seviyan Recipe,Indian/Pakistani,1 channel,-,-,Eid Special Zafrani Doodh Seviyan Recipe by Food Fusion,https://www.youtube.com/watch?v=Hr9D0Ujx27k
Eid ul Adha Mutton Rice Recipes 2024,Indian/Pakistani,1 channel,-,-,Eid ul Adha Mutton Rice Recipes 2024 by Food Fusion,https://www.youtube.com/watch?v=iceB23FAj30
Eid ul Adha Special Beef Menu Collection 2024-,Indian/Pakistani,1 channel,-,-,Eid ul Adha Special Beef Menu Collection 2024- By Food Fusion,https://www.youtube.com/watch?v=y7mHZfNQ0mU
Eid ul Adha Special Mutton Lamb Menu 2024,Indian/Pakistani,1 channel,-,-,Eid ul Adha Special Mutton Lamb Menu 2024 - Recipes By Food Fusion,https://www.youtube.com/watch?v=KjrpjIkP_I8
Eid ul Azha Special Recipes,Indian/Pakistani,1 channel,-,-,Eid ul Azha Special Recipes By Food Fusion,https://www.youtube.com/watch?v=x6NPoYjym_c
Elaichi Ka Sharbat Recipe By Food Fusion  (Ramzan Special Drink Recipe),Indian/Pakistani,1 channel,-,-,Elaichi Ka Sharbat Recipe By Food Fusion  (Ramzan Special Drink Recipe),https://www.youtube.com/watch?v=DCpyk3pHiV8
Electric Lemonade Recipe,Indian/Pakistani,1 channel,-,-,Electric Lemonade Recipe by Food Fusion,https://www.youtube.com/watch?v=JWFEX64W2a4
Emergency Flood Relief Campaign,Indian/Pakistani,1 channel,-,-,Emergency Flood Relief Campaign - Food Fusion,https://www.youtube.com/watch?v=wULi9XbCahI
Emergency Flood Relief Efforts,Indian/Pakistani,1 channel,-,-,Emergency Flood Relief Efforts -  Food Fusion,https://www.youtube.com/watch?v=HfWrksckIIo
Energy Dates & Apricot Shake Recipes By Food Fusion (Ramzan Special),Indian/Pakistani,1 channel,-,-,Energy Dates & Apricot Shake Recipes By Food Fusion (Ramzan Special),https://www.youtube.com/watch?v=bWKOk69VPsU
Energy Milk with Homemade Powder Recipe,Indian/Pakistani,1 channel,-,-,Energy Milk with Homemade Powder Recipe By Food Fusion,https://www.youtube.com/watch?v=Grt-UYMik0A
Everyday Chicken & Mutton Recipes without Tomatoes,Indian/Pakistani,1 channel,-,-,Everyday Chicken & Mutton Recipes without Tomatoes By Food Fusion,https://www.youtube.com/watch?v=bzwlKdK5Yts
Everyday Chicken Recipes,Indian/Pakistani,1 channel,-,-,Everyday Chicken Recipes By Food Fusion,https://www.youtube.com/watch?v=K3XS8eHIWCM
Everyday Sabzi Recipes,Indian/Pakistani,1 channel,-,-,Everyday Sabzi Recipes by Food Fusion,https://www.youtube.com/watch?v=XskhZMswCpY
Everyone’s favorite 5 dip sauces Recipes,Indian/Pakistani,1 channel,-,-,Everyone’s favorite 5 dip sauces Recipes By Food Fusion,https://www.youtube.com/watch?v=eD_WcdlICYc
Extra Crispy Chicken Wings in Air Fryer Recipe,Continental,1 channel,-,-,Extra Crispy Chicken Wings in Air Fryer Recipe By Food Fusion,https://www.youtube.com/watch?v=nD7Dg_MtGLY
Extra Crispy Fried Chicken Recipe By Food Fusion (Ramzan Special),Indian/Pakistani,1 channel,-,-,Extra Crispy Fried Chicken Recipe By Food Fusion (Ramzan Special),https://www.youtube.com/watch?v=plREmdqJpDY
Extra Crispy Fried Chicken Wings Recipe,Continental,1 channel,-,-,Extra Crispy Fried Chicken Wings Recipe by Food Fusion,https://www.youtube.com/watch?v=9WIBSjkURJI
Extra Loaded Chilli Fries Recipe,Indian/Pakistani,1 channel,-,-,Extra Loaded Chilli Fries Recipe by Food Fusion,https://www.youtube.com/watch?v=UVrMerWpzSw
Extreme Chicken Biryani Recipe,Indian/Pakistani,1 channel,-,-,Extreme Chicken Biryani Recipe By Food Fusion,https://www.youtube.com/watch?v=40VJanswaAQ
Fajita Chicken Mac & Cheese Recipe,Indian/Pakistani,1 channel,-,-,Fajita Chicken Mac & Cheese Recipe by Food Fusion,https://www.youtube.com/watch?v=_y2tP-op4lw
Fajita Chicken Rice Bowl Recipe,Indian/Pakistani,1 channel,-,-,Fajita Chicken Rice Bowl Recipe by Food Fusion,https://www.youtube.com/watch?v=XRcSYFxXfXo
Fajita Platter,Indian/Pakistani,1 channel,-,-,Fajita Platter - Ramadan Special Recipe by Food Fusion,https://www.youtube.com/watch?v=CeZyblXcgc8
Fajita Rice Platter,Indian/Pakistani,1 channel,Fajita Rice Platter - Tastiest Rice Platter,https://www.youtube.com/watch?v=ZryLKBIu4OE,-,-
Fajita Skewers with Corn Feta Salad Recipe,Indian/Pakistani,1 channel,-,-,Fajita Skewers with Corn Feta Salad Recipe By Food Fusion,https://www.youtube.com/watch?v=USywrZxSNyc
Fajita Spaghetti Recipe,Continental,1 channel,-,-,Fajita Spaghetti Recipe By Food Fusion,https://www.youtube.com/watch?v=OAmzdY32uQ8
Falafel Pita Recipe,Arabic/Mediterranean,1 channel,-,-,Falafel Pita Recipe By Food Fusion,https://www.youtube.com/watch?v=lHWy7N4J3PQ
Falafel Recipe,Arabic/Mediterranean,1 channel,-,-,Falafel Recipe by Food Fusion,https://www.youtube.com/watch?v=JRCV-niIGSI
Falooda sev without machine Recipe,Indian/Pakistani,1 channel,-,-,Falooda sev without machine Recipe By Food Fusion,https://www.youtube.com/watch?v=Fo4eqBMZ--k
"Falooda with Homemade sev, noodles",Indian/Pakistani,1 channel,"Falooda with Homemade sev, noodles - Famous Rabri Falooda | Easy Recipe",https://www.youtube.com/watch?v=FV5zW6mfdJs,-,-
Falsa and Watermelon Fruit Popsicles Recipe By Food Fusion (Summer Special),Indian/Pakistani,1 channel,-,-,Falsa and Watermelon Fruit Popsicles Recipe By Food Fusion (Summer Special),https://www.youtube.com/watch?v=J4eM2LHekKc
Falsa Juice,Indian/Pakistani,1 channel,Falsa Juice | Falsay ka Sharbat by Kun Foods,https://www.youtube.com/watch?v=9XdO_p5uzFo,-,-
Falsa Mojito Recipe,Indian/Pakistani,1 channel,-,-,Falsa Mojito Recipe by Food Fusion,https://www.youtube.com/watch?v=jpwH8FYuljA
Falsa squash/Sharbat Recipe By Food Fusion (Grewia drink),Indian/Pakistani,1 channel,-,-,Falsa squash/Sharbat Recipe By Food Fusion (Grewia drink),https://www.youtube.com/watch?v=qVAselHPD2M
Family Size Calzone Ramadan Special Recipe,Indian/Pakistani,1 channel,-,-,Family Size Calzone Ramadan Special Recipe by Food Fusion,https://www.youtube.com/watch?v=dXd5U5WI4Z4
Famous Hyderabadi Biryani,Indian/Pakistani,1 channel,Famous Hyderabadi Biryani - Kachay Gosht Ki Biryani (Detailed) - Kun Foods,https://www.youtube.com/watch?v=jly1nr1Gd8A,-,-
Famous Imli Aloo Bukharay Ka Sharbat,Indian/Pakistani,1 channel,Famous Imli Aloo Bukharay Ka Sharbat Recipe | Original Street Style | Kun Foods,https://www.youtube.com/watch?v=DArOpIr81W8,-,-
Famous Karachi Beef Biryani Authentic (1kg Recipe),Indian/Pakistani,1 channel,Famous Karachi Beef Biryani Authentic (1kg Recipe),https://www.youtube.com/watch?v=_TrB-_tF_E8,-,-
Famous Karachi Biryani Authentic Style (1kg Recipe),Indian/Pakistani,1 channel,Famous Karachi Biryani Authentic Style (1kg Recipe),https://www.youtube.com/watch?v=3rZ9n-SZHqY,-,-
Famous Kasuri Falooda,Indian/Pakistani,1 channel,Famous Kasuri Falooda Recipe | Easy Rabri Wala Falooda aur Seviyan | Kun Foods,https://www.youtube.com/watch?v=-U8gkwJtReg,-,-
Famous Sindhi Biryani Recipe / Recipe of Biryani Shop / Commercial and,Indian/Pakistani,1 channel,Famous Sindhi Biryani Recipe / Recipe of Biryani Shop / Commercial and Detailed,https://www.youtube.com/watch?v=hsJuPC3KE28,-,-
Famous Street food Fries,Continental,1 channel,Famous Street food Fries - Simple Double Cheese Fries - Pizza Fries - Kun Foods Fries,https://www.youtube.com/watch?v=TETMIg3UoLc,-,-
Famous Tarbooz Ka Sharbat,Indian/Pakistani,1 channel,Famous Tarbooz Ka Sharbat | Watermelon Juice | Kun Foods,https://www.youtube.com/watch?v=-K9jI-NyKDU,-,-
Fanty Trifle Cups Recipe By Amani Asad,Indian/Pakistani,1 channel,-,-,Fanty Trifle Cups Recipe By Amani Asad-Food Fusion,https://www.youtube.com/watch?v=hKQFH1BGirE
Fast and Easy Beef Handi Recipe || Eid Special Boneless Handi |,Indian/Pakistani,1 channel,Fast and Easy Beef Handi Recipe || Eid Special Boneless Handi || Kun Foods,https://www.youtube.com/watch?v=DSBgOATp1SA,-,-
Fattoush Salad Recipe,Arabic/Mediterranean,1 channel,-,-,Fattoush Salad Recipe by Food Fusion,https://www.youtube.com/watch?v=EIHxNtAhjgk
Ferrero Rocher Mousse Cups,Indian/Pakistani,1 channel,-,-,Ferrero Rocher Mousse Cups - Eid Special Dessert Recipe by Food Fusion,https://www.youtube.com/watch?v=BVSVV2NcXwA
Festive Rice Recipes for Eid,Indian/Pakistani,1 channel,-,-,Festive Rice Recipes for Eid by Food Fusion,https://www.youtube.com/watch?v=_TS_Cp85GAo
Fettuccine with Creamy Chili Sauce Recipe,Indian/Pakistani,1 channel,-,-,Fettuccine with Creamy Chili Sauce Recipe By Food Fusion,https://www.youtube.com/watch?v=yCc__xsHjX4
Filipino Eggplant Omelette,Continental,1 channel,-,-,Filipino Eggplant Omelette - Sehri /Breakfast Recipe by Food Fusion,https://www.youtube.com/watch?v=nRaeSnpxaHo
Final Episode Dream Outdoor Kitchen Build For Food Fusion- Episode 4 ‪@FusionCraftsPK‬,Indian/Pakistani,1 channel,-,-,Final Episode Dream Outdoor Kitchen Build For Food Fusion- Episode 4 ‪@FusionCraftsPK‬,https://www.youtube.com/watch?v=sDiK0FjJJC0
Finger Fish Pie Recipe,Indian/Pakistani,1 channel,-,-,Finger Fish Pie Recipe By Food Fusion,https://www.youtube.com/watch?v=LpnCkgm75aU
Finger Fish with tzatziki sauce Recipe – make it at home like restaurants,Indian/Pakistani,1 channel,-,-,Finger Fish with tzatziki sauce Recipe – make it at home like restaurants - By Food Fusion,https://www.youtube.com/watch?v=21wQLz9zytg
Fire Chicken Karahi Recipe By Food Fusion (Eid Special Recipe),Indian/Pakistani,1 channel,-,-,Fire Chicken Karahi Recipe By Food Fusion (Eid Special Recipe),https://www.youtube.com/watch?v=T3pQmbC1GW4
Fire Tadka Daal Recipe,Indian/Pakistani,1 channel,-,-,Fire Tadka Daal Recipe by Food Fusion,https://www.youtube.com/watch?v=4iqrs3gFGCg
Fire Wings with Spicy Cheese Sauce Recipe,Indian/Pakistani,1 channel,-,-,Fire Wings with Spicy Cheese Sauce Recipe By Food Fusion,https://www.youtube.com/watch?v=W1Z8M_0tZvw
Firecracker Prawns Recipe,Indian/Pakistani,1 channel,-,-,Firecracker Prawns Recipe By Food Fusion,https://www.youtube.com/watch?v=OTF60Zrg2T0
Firni Tart Recipe By Food Fusion (Ramzan Special Dessert),Indian/Pakistani,1 channel,-,-,Firni Tart Recipe By Food Fusion (Ramzan Special Dessert),https://www.youtube.com/watch?v=m1ItU8Qe6qk
Fish Biryani Recipe,Indian/Pakistani,1 channel,-,-,Fish Biryani Recipe By Food Fusion,https://www.youtube.com/watch?v=igD00IUAluQ
Fish Burger,Continental,1 channel,Fish Burger Recipe | KFC Crispy Fish Burger | Kun Foods,https://www.youtube.com/watch?v=hpKmV5958u0,-,-
Fish Chilli Fry Recipe,Indian/Pakistani,1 channel,-,-,Fish Chilli Fry Recipe By Food Fusion,https://www.youtube.com/watch?v=OqWuNYQDz0Y
Fish Fried Rice Recipe,Chinese,1 channel,-,-,Fish Fried Rice Recipe By Food Fusion,https://www.youtube.com/watch?v=DsnbzNgyxWI
Fish Fry,Indian/Pakistani,1 channel,Fish Fry Recipe -  Orignal Lahori Restaurant Fish Fry - Kun Foods,https://www.youtube.com/watch?v=vjpvFHo4zvg,-,-
Fish Fry Recipe || Restaurant Style Fish Fry,Indian/Pakistani,1 channel,Fish Fry Recipe || Restaurant Style Fish Fry,https://www.youtube.com/watch?v=Nuq6awb6uKk,-,-
Fish Fry Restaurant Style,Indian/Pakistani,1 channel,Fish Fry Restaurant Style | Lahori Fish Fry Besan Wali,https://www.youtube.com/watch?v=tMfcK5Jjstk,-,-
Fish fry with masala (Fried Fish) recipe,Indian/Pakistani,1 channel,-,-,Fish fry with masala (Fried Fish) recipe by Food Fusion,https://www.youtube.com/watch?v=H_cXmLuccIs
Fish Hari Pyaz Kabab Recipe,Indian/Pakistani,1 channel,-,-,Fish Hari Pyaz Kabab Recipe By Food Fusion,https://www.youtube.com/watch?v=MIarUgHC8-s
Fish Haryali Biryani Recipe,Indian/Pakistani,1 channel,-,-,Fish Haryali Biryani Recipe By Food Fusion,https://www.youtube.com/watch?v=HA-uLuHmVm4
Fish in 2kg Salt without oven || Healthy Oil Free Fish Recipe for Diet,Indian/Pakistani,1 channel,Fish in 2kg Salt without oven || Healthy Oil Free Fish Recipe for Diet,https://www.youtube.com/watch?v=ukrCsN9IIIk,-,-
Fish Kabab and Croquettes  Recipes,Indian/Pakistani,1 channel,-,-,Fish Kabab and Croquettes  Recipes by Food Fusion,https://www.youtube.com/watch?v=8kgHQw9YuLE
Fish Karahi -Inspired by Rashid Seafood,Indian/Pakistani,1 channel,-,-,Fish Karahi -Inspired by Rashid Seafood - Food Fusion,https://www.youtube.com/watch?v=CRtLgEN399w
Fish Kebab with Green Chutney Recipe,Indian/Pakistani,1 channel,-,-,Fish Kebab with Green Chutney Recipe By Food Fusion,https://www.youtube.com/watch?v=dyfOejpRWvM
Fish Kofta Recipe,Indian/Pakistani,1 channel,-,-,Fish Kofta Recipe By Food Fusion,https://www.youtube.com/watch?v=tRHUC1_D42o
Fish Mandi Recipe,Arabic/Mediterranean,1 channel,-,-,Fish Mandi Recipe By Food Fusion,https://www.youtube.com/watch?v=Rsm4wbKK628
Fish Nuggets Recipe Inspired by AlBaik,Indian/Pakistani,1 channel,-,-,Fish Nuggets Recipe Inspired by AlBaik by Food Fusion,https://www.youtube.com/watch?v=aJfdmDcUL3M
Fish Pulao,Indian/Pakistani,1 channel,Fish Pulao,https://www.youtube.com/watch?v=TbBQ29unK8w,-,-
Fish Recipe Masala,Indian/Pakistani,1 channel,Fish Recipe Masala | 15 Spice Authentic fish fry recipe | Kun Foods,https://www.youtube.com/watch?v=lWtF-dZBsvs,-,-
Fish Sandwiches Recipe,Indian/Pakistani,1 channel,-,-,Fish Sandwiches Recipe By Food Fusion,https://www.youtube.com/watch?v=OQS0z8aSmY8
Fish Tacos Recipe,Indian/Pakistani,1 channel,-,-,Fish Tacos Recipe By Food Fusion,https://www.youtube.com/watch?v=aeZ5QcWAjPU
Fish Tikka Biryani Recipe,Indian/Pakistani,1 channel,-,-,Fish Tikka Biryani Recipe by Food Fusion,https://www.youtube.com/watch?v=Zj_JLz_12Sc
Fish Tikka Recipe,Indian/Pakistani,1 channel,-,-,Fish Tikka Recipe by Food Fusion,https://www.youtube.com/watch?v=CtKUyA4aS9Y
Fizzy Coffee Sparklers Recipe,Continental,1 channel,-,-,Fizzy Coffee Sparklers Recipe By Food Fusion,https://www.youtube.com/watch?v=kqkyzLd-3QQ
Flaky Layered Samosa with Creamy Veg Filling,Indian/Pakistani,1 channel,-,-,Flaky Layered Samosa with Creamy Veg Filling - Pre Ramadan preparation Recipe By Food Fusion,https://www.youtube.com/watch?v=fa0WgU5B16I
Flan in Jars Recipe,Continental,1 channel,-,-,Flan in Jars Recipe by Food Fusion,https://www.youtube.com/watch?v=vYXItCuAJjY
Flavored Butter 3-ways Recipe,Indian/Pakistani,1 channel,-,-,Flavored Butter 3-ways Recipe By Food Fusion,https://www.youtube.com/watch?v=MRr7Dxo1zy8
Flavour Packed Egg Recipes,Indian/Pakistani,1 channel,-,-,Flavour Packed Egg Recipes By Food Fusion,https://www.youtube.com/watch?v=b5YkrIxAAys
Fluffy Cheese Omelette,Continental,1 channel,-,-,Fluffy Cheese Omelette Recipe - Weekend Breakfast Ideas by Food Fusion,https://www.youtube.com/watch?v=j-aWFg4-bRk
Fluffy Soufflé Omelet Recipe [Breakfast] ❤️,Indian/Pakistani,1 channel,Fluffy Soufflé Omelet Recipe [Breakfast] ❤️,https://www.youtube.com/watch?v=tT7tdwr_B14,-,-
Focaccia Bread Recipe,Indian/Pakistani,1 channel,-,-,Focaccia Bread Recipe by Food Fusion,https://www.youtube.com/watch?v=65KRVFISpFs
"Fold Like a Pro: Step-by-Step Guide to Perfect Samosas, Rolls, and More",Indian/Pakistani,1 channel,-,-,"Fold Like a Pro: Step-by-Step Guide to Perfect Samosas, Rolls, and More by Food Fusion",https://www.youtube.com/watch?v=An2WTGz4c1w
Folded Chicken Cheese Paratha Recipe,Indian/Pakistani,1 channel,-,-,Folded Chicken Cheese Paratha Recipe By Food Fusion,https://www.youtube.com/watch?v=eXqqplbZJHs
Food Ag 2024 –,Indian/Pakistani,1 channel,-,-,Food Ag 2024 – Food Fusion,https://www.youtube.com/watch?v=jkNVs9B73V4
Food AG Pakistan 2023,Indian/Pakistani,1 channel,-,-,Food AG Pakistan 2023 - Presenting Pakistan to the World,https://www.youtube.com/watch?v=n3HgLD84R7A
"Food at Sultan Restaurant Capadocia, Turkey.",Indian/Pakistani,1 channel,-,-,"Food at Sultan Restaurant Capadocia, Turkey. Food Fusion",https://www.youtube.com/watch?v=9mwo3-ivQlM
Food Entrepreneurship Talk with Azad Chai Wala and Asad Memon on Fusion Talks,Indian/Pakistani,1 channel,-,-,Food Entrepreneurship Talk with Azad Chai Wala and Asad Memon on Fusion Talks,https://www.youtube.com/watch?v=lf97pS2XV3U
Food Fusion,Indian/Pakistani,1 channel,-,-,Food Fusion - Pakistan's Best Online Food Destination,https://www.youtube.com/watch?v=8z_Fiycx6v4
Food Fusion & Shan Competition 2018,Indian/Pakistani,1 channel,-,-,Food Fusion & Shan Competition 2018,https://www.youtube.com/watch?v=H0nj6xspUuI
Food Fusion (Digital Ammi) at Youtube Brandcast 2022,Indian/Pakistani,1 channel,-,-,Food Fusion (Digital Ammi) at Youtube Brandcast 2022 - Biggest Event Ever In Pakistan,https://www.youtube.com/watch?v=1jUu8PYSm6E
Food Fusion 2023 Travel Series Episode 1- Karachi to Islamabad,Indian/Pakistani,1 channel,-,-,Food Fusion 2023 Travel Series Episode 1- Karachi to Islamabad,https://www.youtube.com/watch?v=Palff1YXi-8
Food Fusion Celebrating Independence day,Indian/Pakistani,1 channel,-,-,Food Fusion Celebrating Independence day,https://www.youtube.com/watch?v=gP5zij9x2tE
Food Fusion Challenged by Zia Tabarak- Prawn Karahi Rashid Sea Food -@streetfoodpk,Indian/Pakistani,1 channel,-,-,Food Fusion Challenged by Zia Tabarak- Prawn Karahi Rashid Sea Food -@streetfoodpk,https://www.youtube.com/watch?v=DTO-hllxyfA
Food Fusion Fan Meetup in Lahore on 16 Oct Packages Mall,Indian/Pakistani,1 channel,-,-,Food Fusion Fan Meetup in Lahore on 16 Oct Packages Mall,https://www.youtube.com/watch?v=_1T9tHfyqGQ
Food Fusion First Anniversary Live transmission (Recorded Live),Indian/Pakistani,1 channel,-,-,Food Fusion First Anniversary Live transmission (Recorded Live),https://www.youtube.com/watch?v=htpLbWxuujo
Food Fusion Gets the Gold Play Button,Indian/Pakistani,1 channel,-,-,Food Fusion Gets the Gold Play Button - A Big Thank You To all,https://www.youtube.com/watch?v=Lf0lh5q3JA4
Food Fusion Goes For Ramadan Grocery Shopping,Indian/Pakistani,1 channel,-,-,Food Fusion Goes For Ramadan Grocery Shopping,https://www.youtube.com/watch?v=CO_5qz6ia1M
Food Fusion Internship Program 2018,Indian/Pakistani,1 channel,-,-,Food Fusion Internship Program 2018,https://www.youtube.com/watch?v=CL9Nb3afHns
Food Fusion is Ready to welcome you,Indian/Pakistani,1 channel,-,-,Food Fusion is Ready to welcome you,https://www.youtube.com/watch?v=amFSaJuOf4I
Food Fusion Ka Pakistan,Indian/Pakistani,1 channel,-,-,Food Fusion Ka Pakistan - Jashan e Azadi Mubarak,https://www.youtube.com/watch?v=QKM-2Gze3rA
Food Fusion Meet & Greet in Lahore,Indian/Pakistani,1 channel,-,-,Food Fusion Meet & Greet in Lahore,https://www.youtube.com/watch?v=8iIWvAT2XTY
Food Fusion Samosa Recipe Collection,Indian/Pakistani,1 channel,-,-,Food Fusion Samosa Recipe Collection,https://www.youtube.com/watch?v=mM1jaYWtmIs
Food Fusion Team Trying Weird Food Combinations,Indian/Pakistani,1 channel,-,-,Food Fusion Team Trying Weird Food Combinations - Don't Try This at Home!,https://www.youtube.com/watch?v=j7tQwgy_IG8
Food Fusion Travel Series 2019,Indian/Pakistani,1 channel,-,-,Food Fusion Travel Series 2019 - Trip Highlights #YeHaiHamaraPakistan,https://www.youtube.com/watch?v=W2SQE1sQCVI
Food Fusion will be at Karachi Street Food Festival,Indian/Pakistani,1 channel,-,-,Food Fusion will be at Karachi Street Food Festival,https://www.youtube.com/watch?v=iGC7SZm_Qdc
Food Fusion's First Ever DVC,Indian/Pakistani,1 channel,-,-,Food Fusion's First Ever DVC - Launch of Food Fusion Aluminium Foil and Cling Wrap,https://www.youtube.com/watch?v=jR-mlZ8UX7k
Foolproof Rasmalai Recipe By Food Fusion (Ramzan Special Recipe),Indian/Pakistani,1 channel,-,-,Foolproof Rasmalai Recipe By Food Fusion (Ramzan Special Recipe),https://www.youtube.com/watch?v=I1QJUhXAt_c
"FORGET PIZZA- Make a delicious dish from one potato! Simple, Cheap, Tasty",Continental,1 channel,"FORGET PIZZA- Make a delicious dish from one potato! Simple, Cheap, Tasty",https://www.youtube.com/watch?v=KZIWgKoo7cg,-,-
Foul Medames Arabic Breakfast Recipe,Arabic/Mediterranean,1 channel,-,-,Foul Medames Arabic Breakfast Recipe By Food Fusion,https://www.youtube.com/watch?v=0aY3PZwDY5U
Freezer Friendly Ramadan Recipes,Indian/Pakistani,1 channel,-,-,Freezer Friendly Ramadan Recipes By Food Fusion,https://www.youtube.com/watch?v=K8wBLgkSSrk
Freezing Strawberries & Making a Perfect Strawberry Shake Recipe,Indian/Pakistani,1 channel,-,-,Freezing Strawberries & Making a Perfect Strawberry Shake Recipe by Food Fusion,https://www.youtube.com/watch?v=jfpf6sg0-pI
French Fries,Continental,1 channel,French Fries Recipe - McDONALDS COPY - Kun Foods,https://www.youtube.com/watch?v=oZ_6JyXyyRE,-,-
French Fries 3 Flavorful ways,Continental,1 channel,-,-,French Fries 3 Flavorful ways - Recipes By Food Fusion,https://www.youtube.com/watch?v=1msMEDUVL1o
French Hot Chocolate Recipe,Indian/Pakistani,1 channel,-,-,French Hot Chocolate Recipe by Food Fusion,https://www.youtube.com/watch?v=ad65e-80CZ4
French Mille-Feuille Dessert Recipe,Indian/Pakistani,1 channel,-,-,French Mille-Feuille Dessert Recipe by Food Fusion,https://www.youtube.com/watch?v=6rvvhvJA498
French Omelette Recipe,Continental,1 channel,-,-,French Omelette Recipe By Food Fusion,https://www.youtube.com/watch?v=uluSbmtHHV0
French Silk Brownie Recipe,Continental,1 channel,-,-,French Silk Brownie Recipe by Food Fusion,https://www.youtube.com/watch?v=WtE00LIaFT0
French Toast Rolls & Nutella Stuffed French Toast Breakfast Recipe,Indian/Pakistani,1 channel,-,-,French Toast Rolls & Nutella Stuffed French Toast Breakfast Recipe By Food Fusion,https://www.youtube.com/watch?v=-BO4_TrbVck
Fresh & Refreshing Peach Lemonade,Indian/Pakistani,1 channel,-,-,Fresh & Refreshing Peach Lemonade Recipe - Food Fusion,https://www.youtube.com/watch?v=VnfY78MifMs
Fresh and Refreshing Watermelon Drink Recipe A type of lemonade or juice,Indian/Pakistani,1 channel,-,-,Fresh and Refreshing Watermelon Drink Recipe - Food Fusion A type of lemonade or juice,https://www.youtube.com/watch?v=8YxNwXQlzS4
Fresh Berries Cream Cake (No-Bake Dessert) Recipe,Continental,1 channel,-,-,Fresh Berries Cream Cake (No-Bake Dessert) Recipe by Food Fusion,https://www.youtube.com/watch?v=VDCTeSV_3no
Fresh Fruit Cream Icebox Dessert Recipe,Indian/Pakistani,1 channel,-,-,Fresh Fruit Cream Icebox Dessert Recipe by Food Fusion,https://www.youtube.com/watch?v=BzCdA9J_-p4
Fresh Juices 4 Cool Ways. Recipes,Indian/Pakistani,1 channel,-,-,Fresh Juices 4 Cool Ways. Recipes by Food Fusion,https://www.youtube.com/watch?v=aNfj90p5wRs
Fresh Turmeric Citrus Cooler,Indian/Pakistani,1 channel,-,-,Fresh Turmeric Citrus Cooler - Refreshing Iftar Drink Recipe by Food Fusion,https://www.youtube.com/watch?v=ykRGiIzjmMM
Fried Aloo Chaat Recipe,Indian/Pakistani,1 channel,-,-,Fried Aloo Chaat Recipe by Food Fusion,https://www.youtube.com/watch?v=lx0IRy4QLtU
Fried and Baked Wontons by Food Fusion (Ramzan Special),Indian/Pakistani,1 channel,-,-,Fried and Baked Wontons by Food Fusion (Ramzan Special),https://www.youtube.com/watch?v=8STvTsytNr0
Fried Beef Recipe,Indian/Pakistani,1 channel,-,-,Fried Beef Recipe By Food Fusion,https://www.youtube.com/watch?v=Y28v_6xe3Qk
Fried Chicken,Continental,1 channel,Fried Chicken Recipe | KFC Style Fried Chicken | KUN Foods,https://www.youtube.com/watch?v=t8U1JOEnGAE,-,-
Fried Chicken (Al-Baik Style) with special garlic sauce Recipe,Indian/Pakistani,1 channel,-,-,Fried Chicken (Al-Baik Style) with special garlic sauce Recipe By Food Fusion,https://www.youtube.com/watch?v=24xbhUbS5gg
Fried Chicken Dhaka Style (Crunchy and Soft),Indian/Pakistani,1 channel,Fried Chicken Dhaka Style (Crunchy and Soft),https://www.youtube.com/watch?v=4XaQlsaAYNI,-,-
Fried Chicken Shadio Wala- Easy Fried Chicken Recipe,Indian/Pakistani,1 channel,Fried Chicken Shadio Wala- Easy Fried Chicken Recipe by Kun Foods,https://www.youtube.com/watch?v=ZW93y3RqJiI,-,-
Fried Chicken Tikka Recipe,Indian/Pakistani,1 channel,-,-,Fried Chicken Tikka Recipe By Food Fusion,https://www.youtube.com/watch?v=xjG6Ef9aWYo
Fried chicken Tikka sandwich Recipe By Food Fusion (Ramzan Special Recipe),Continental,1 channel,-,-,Fried chicken Tikka sandwich Recipe By Food Fusion (Ramzan Special Recipe),https://www.youtube.com/watch?v=GfGPAU_PEkw
Fried Curry Chicken Pie Recipe by Food Fusion (Ramzan Special Recipe),Indian/Pakistani,1 channel,-,-,Fried Curry Chicken Pie Recipe by Food Fusion (Ramzan Special Recipe),https://www.youtube.com/watch?v=pbMNgfz1wuw
Fried Egg Salsa With,Indian/Pakistani,1 channel,-,-,Fried Egg Salsa With recipe- Food Fusion,https://www.youtube.com/watch?v=_EYpunjvs0k
Fried Fish Talapia,Indian/Pakistani,1 channel,-,-,Fried Fish Talapia - Winter Special Recipe By Food Fusion,https://www.youtube.com/watch?v=2hwjR9WDSEQ
Fried Mutton/Lamb Chops Recipe By Food Fusion (Eid Recipe),Indian/Pakistani,1 channel,-,-,Fried Mutton/Lamb Chops Recipe By Food Fusion (Eid Recipe),https://www.youtube.com/watch?v=gBqfx-zxfjo
Fried Potato (cheese) Stuffed Bread Balls Recipe,Indian/Pakistani,1 channel,-,-,Fried Potato (cheese) Stuffed Bread Balls Recipe By Food Fusion,https://www.youtube.com/watch?v=mTaJQ2-G9qc
Fried Rice / Chicken Shashlik,Chinese,1 channel,Fried Rice / Chicken Shashlik Recipe - Original Chinese Restaurant Style Recipe - Kun (Detailed),https://www.youtube.com/watch?v=kkS0l1lDbck,-,-
Fried Rice 3 Green Ways,Chinese,1 channel,-,-,Fried Rice 3 Green Ways By Food Fusion,https://www.youtube.com/watch?v=X1BO_24ukI0
Fried Rice Recipe,Chinese,1 channel,-,-,Fried Rice Recipe  By Food Fusion,https://www.youtube.com/watch?v=HUcmodfD7A8
Fried Rice With Chicken Mongolian Recipe,Chinese,1 channel,-,-,Fried Rice With Chicken Mongolian Recipe By Food Fusion,https://www.youtube.com/watch?v=1_0GYHrWEWs
From Simple to Special Bakra Eid Desserts Recipes,Indian/Pakistani,1 channel,-,-,From Simple to Special Bakra Eid Desserts Recipes by Food Fusion,https://www.youtube.com/watch?v=5XCVaP3u3AI
Frosted Lemonade Recipe,Indian/Pakistani,1 channel,-,-,Frosted Lemonade Recipe By Food Fusion,https://www.youtube.com/watch?v=7ZM7YlAlywQ
Frozen Aloo & Daal Paratha Recipes By Food Fusion (Ramazan Sehri Special),Indian/Pakistani,1 channel,-,-,Frozen Aloo & Daal Paratha Recipes By Food Fusion (Ramazan Sehri Special),https://www.youtube.com/watch?v=f-k1Byc_EE4
Frozen Cake Dessert,Continental,1 channel,-,-,Frozen Cake Dessert by Food Fusion,https://www.youtube.com/watch?v=g7vedrT7ymQ
Frozen Cheese cake Recipe,Continental,1 channel,-,-,Frozen Cheese cake Recipe By Food Fusion,https://www.youtube.com/watch?v=g2cSlzn25Gg
Frozen Cheese Paratha Recipe By Food fusion (Ramadan Sehri Special),Indian/Pakistani,1 channel,-,-,Frozen Cheese Paratha Recipe By Food fusion (Ramadan Sehri Special),https://www.youtube.com/watch?v=IRIjxs2qV1c
Frozen Creamy Tikka Paratha 👉 Ramazan Special Recipe,Indian/Pakistani,1 channel,-,-,Frozen Creamy Tikka Paratha 👉 Ramazan Special Recipe by Food Fusion,https://www.youtube.com/watch?v=Naa3dLoLkCM
Frozen Mango Margarita & Mango Pineapple Party Punch,Indian/Pakistani,1 channel,-,-,Frozen Mango Margarita & Mango Pineapple Party Punch By Food Fusion,https://www.youtube.com/watch?v=OF49twlGdhM
Frozen Mango Treats,Indian/Pakistani,1 channel,-,-,Frozen Mango Treats - Mango Week - Food Fusion,https://www.youtube.com/watch?v=-yoVHBDTXiA
Frozen Palak Paneer Paratha Recipe By Food fusion (Ramadan Sehri Special),Indian/Pakistani,1 channel,-,-,Frozen Palak Paneer Paratha Recipe By Food fusion (Ramadan Sehri Special),https://www.youtube.com/watch?v=6X7wG9rxnDA
Frozen Paratha Recipe / Restaurant Style Pratha / Afzaal Arshad,Indian/Pakistani,1 channel,Frozen Paratha Recipe / Restaurant Style Pratha / Afzaal Arshad,https://www.youtube.com/watch?v=rOBPK8j4r5M,-,-
Fruit Cream Dessert Recipe by Food Fusion (Ramzan Special),Indian/Pakistani,1 channel,-,-,Fruit Cream Dessert Recipe by Food Fusion (Ramzan Special),https://www.youtube.com/watch?v=hMs6BhSMGbo
Fruit Cream With Trio Ice Cream Recipe,Indian/Pakistani,1 channel,-,-,Fruit Cream With Trio Ice Cream Recipe By Food Fusion,https://www.youtube.com/watch?v=MX5pAnEbPxU
Fruit Custard Tart Recipe By Food Fusion (Eid Special),Indian/Pakistani,1 channel,-,-,Fruit Custard Tart Recipe By Food Fusion (Eid Special),https://www.youtube.com/watch?v=eBHpIKmm1A8
Fruit Custard Trifle,Indian/Pakistani,1 channel,Fruit Custard Trifle - Perfect 1 litter milk custard,https://www.youtube.com/watch?v=jcOYmyzeEBE,-,-
Fruit Custard Trifle Recipe By Food Fusion (Eid Special Recipe),Indian/Pakistani,1 channel,-,-,Fruit Custard Trifle Recipe By Food Fusion (Eid Special Recipe),https://www.youtube.com/watch?v=Gz0FjmjTIh8
Fruit Filled Paratha Recipe,Indian/Pakistani,1 channel,-,-,Fruit Filled Paratha Recipe By Food Fusion,https://www.youtube.com/watch?v=DsfEvRcXRW0
Fruit popsicles with 7up Recipe,Indian/Pakistani,1 channel,-,-,Fruit popsicles with 7up Recipe By Food Fusion,https://www.youtube.com/watch?v=HldCQAjascc
Fruit Sago Kulfi Delight Recipe,Indian/Pakistani,1 channel,-,-,Fruit Sago Kulfi Delight Recipe By Food Fusion,https://www.youtube.com/watch?v=BVlssWSMmko
Fruit Salad Restaurant Style,Indian/Pakistani,1 channel,Fruit Salad Restaurant Style | Healthy Honey Fruit Salad | Kun Foods,https://www.youtube.com/watch?v=HQR5cFXC8mI,-,-
Fruity Popsicles Recipe,Indian/Pakistani,1 channel,-,-,Fruity Popsicles Recipe by Food Fusion,https://www.youtube.com/watch?v=30FjNUqCwAs
Fry Beef Boti with Mashed Potato & Chimichurri Sauce Recipe,Indian/Pakistani,1 channel,-,-,Fry Beef Boti with Mashed Potato & Chimichurri Sauce Recipe by Food Fusion,https://www.youtube.com/watch?v=1woVOqCN0-Q
Fry Bread Recipe,Indian/Pakistani,1 channel,-,-,Fry Bread Recipe By Food Fusion,https://www.youtube.com/watch?v=WtLSmSlMP1Q
Fry Chicken with Green Chillies,Indian/Pakistani,1 channel,"Fry Chicken with Green Chillies | Easy, Simple Better Than Fried Chicken",https://www.youtube.com/watch?v=Zi1yMeL79gw,-,-
Fry Daal Mash Street Style || Commercial White Daal,Indian/Pakistani,1 channel,Fry Daal Mash Street Style || Commercial White Daal Recipe | Urad Daal Fry,https://www.youtube.com/watch?v=2szhd8HlVOs,-,-
Fry Kaleji Masala Recipe By Food Fusion (Eid Recipe),Indian/Pakistani,1 channel,-,-,Fry Kaleji Masala Recipe By Food Fusion (Eid Recipe),https://www.youtube.com/watch?v=xCYx0FpUfdE
Fry Masala Boti Recipe By Food Fusion (Eid Recipe),Indian/Pakistani,1 channel,-,-,Fry Masala Boti Recipe By Food Fusion (Eid Recipe),https://www.youtube.com/watch?v=MjayzWhPaEw
Fry Mash Daal Recipe,Indian/Pakistani,1 channel,-,-,Fry Mash Daal Recipe by Food Fusion,https://www.youtube.com/watch?v=K3erpcYpjIw
Fry Mirchi,Indian/Pakistani,1 channel,Fry Mirchi Recipe - Dahi Wali Mirchi ka Salan,https://www.youtube.com/watch?v=VZytrDIrBQA,-,-
Fudgy Almond brownie sizzler with Belgian chocolate ice-cream Eid Special Recipe,Continental,1 channel,-,-,Fudgy Almond brownie sizzler with Belgian chocolate ice-cream Eid Special Recipe by Food Fusion,https://www.youtube.com/watch?v=YK1-4hVt7Ug
Fudgy Brownie Recipe very simple very easy,Continental,1 channel,-,-,Fudgy Brownie Recipe very simple very easy  - Food Fusion,https://www.youtube.com/watch?v=_CX4pQ5-ick
Full Creamy Karachi Dahi Bhallay Ramzan Special Recipe,Indian/Pakistani,1 channel,-,-,Full Creamy Karachi Dahi Bhallay Ramzan Special Recipe by Food Fusion,https://www.youtube.com/watch?v=6ieT9NiYSHI
Full Goat in Wood Tandoor,Indian/Pakistani,1 channel,Full Goat in Wood Tandoor Recipe | Full Dumba Dum pukht with Kabuli Pulao | Kun Foods,https://www.youtube.com/watch?v=livHIJSEI0c,-,-
Fully Automatic Mega Kitchen of Pakistan,Indian/Pakistani,1 channel,"Fully Automatic Mega Kitchen of Pakistan | Biggest Commercial Kitchen | 20,000 meals/day",https://www.youtube.com/watch?v=cID-nwg3MB8,-,-
Fusion Chapli Seekhab Roll,Indian/Pakistani,1 channel,-,-,Fusion Chapli Seekhab Roll - Make and Freeze Ramadan Special Recipe by Food Fusion,https://www.youtube.com/watch?v=od0VUfYQ_ug
Fusion Chocotorta Eid Special Dessert Recipe,Indian/Pakistani,1 channel,-,-,Fusion Chocotorta Eid Special Dessert Recipe by Food Fusion,https://www.youtube.com/watch?v=IJ5iwddp8BM
Fusion Fire Chicken Recipe,Indian/Pakistani,1 channel,-,-,Fusion Fire Chicken Recipe By Food Fusion,https://www.youtube.com/watch?v=Sibnm1zZjR8
Fusion Fire Paratha Recipe,Indian/Pakistani,1 channel,-,-,Fusion Fire Paratha Recipe By Food Fusion,https://www.youtube.com/watch?v=tVwklExwsTA
Fusion Fried Rice 3 Ways,Chinese,1 channel,-,-,Fusion Fried Rice 3 Ways - Recipe By Food Fusion,https://www.youtube.com/watch?v=tNTs3-UoD8c
Fusion Japanese Gyoza (Dumplings) Recipe,Japanese,1 channel,-,-,Fusion Japanese Gyoza (Dumplings) Recipe by Food Fusion,https://www.youtube.com/watch?v=S3PDL_hq3nw
Fusion Khaowsuey (KhaowSay) Recipe,Indian/Pakistani,1 channel,-,-,Fusion Khaowsuey (KhaowSay) Recipe By Food Fusion,https://www.youtube.com/watch?v=xolNFO7FQYA
Fusion Patakha Chicken Recipe Travel Series 2023,Indian/Pakistani,1 channel,-,-,Fusion Patakha Chicken Recipe - Food Fusion Travel Series 2023 - Nathia Gali Special,https://www.youtube.com/watch?v=7YiaJ69NU2A
Fusion pinwheels with rice  Recipe,Indian/Pakistani,1 channel,-,-,Fusion pinwheels with rice  Recipe by Food Fusion,https://www.youtube.com/watch?v=jUNnMQSPIQo
Fusion Salad Recipe and dressing recipe,Indian/Pakistani,1 channel,-,-,Fusion Salad Recipe and dressing recipe by Food Fusion,https://www.youtube.com/watch?v=hKZCM2VHBh8
Fusion Shakshuka Sehri / Breakfast  Special Recipe,Indian/Pakistani,1 channel,-,-,Fusion Shakshuka Sehri / Breakfast  Special Recipe By Food Fusion,https://www.youtube.com/watch?v=yhgmyyT1-Xs
Fusion Shortcut Sauce (Time saving cooking ) Recipe,Indian/Pakistani,1 channel,-,-,Fusion Shortcut Sauce (Time saving cooking ) Recipe by Food Fusion,https://www.youtube.com/watch?v=SgSVoDtbgNQ
Gajar Gulab Jamun / Carrot Dessert Ramadan Special Recipe,Indian/Pakistani,1 channel,-,-,Gajar Gulab Jamun / Carrot Dessert Ramadan Special Recipe By Food Fusion,https://www.youtube.com/watch?v=gscQFoiG8zU
Gajar Halwa Shots 🥕👉Ramadan Special Recipe,Indian/Pakistani,1 channel,-,-,Gajar Halwa Shots 🥕👉Ramadan Special Recipe By Food Fusion,https://www.youtube.com/watch?v=SWf-X63HNnk
Gajar Halwa with Measurements,Indian/Pakistani,1 channel,1kg Gajar Halwa with Measurements - Halwai Style NO MILK Halwa,https://www.youtube.com/watch?v=A0bu87-1G_Q,-,-
Gajar Ka Halwa,Indian/Pakistani,1 channel,Gajar Ka Halwa | Gajrela Street Food Recipe | Kun Foods,https://www.youtube.com/watch?v=ZATiY2xz47k,-,-
Gajar Ka Halwa and Gajar Ki Barfi Recipes,Indian/Pakistani,1 channel,-,-,Gajar Ka Halwa and Gajar Ki Barfi Recipes By Food Fusion,https://www.youtube.com/watch?v=4bX9qC9sxD0
Gajar Ka Halwa Quick & Easy Shortcut Method and Tips,Indian/Pakistani,1 channel,-,-,Gajar Ka Halwa Quick & Easy Shortcut Method and Tips - Recipe by Food Fusion,https://www.youtube.com/watch?v=6HFjhDqDzAg
Gajar Ka Halwa Recipe,Indian/Pakistani,1 channel,-,-,Gajar Ka Halwa Recipe By Food Fusion,https://www.youtube.com/watch?v=JTUB_HxUsCM
Gajar ka Halwa with 6 Months Storage method Recipe,Indian/Pakistani,1 channel,-,-,Gajar ka Halwa with 6 Months Storage method Recipe by Food Fusion,https://www.youtube.com/watch?v=bW_uOX8DThk
Gajar ka Murabba Recipe,Indian/Pakistani,1 channel,-,-,Gajar ka Murabba Recipe By Food Fusion,https://www.youtube.com/watch?v=UUvzQaL56SI
Gajar Ki Barfi Recipe,Indian/Pakistani,1 channel,-,-,Gajar Ki Barfi Recipe By Food Fusion,https://www.youtube.com/watch?v=Gy383J6cWIE
Gajar ki Nawabi Kheer Recipe,Indian/Pakistani,1 channel,-,-,Gajar ki Nawabi Kheer Recipe By Food Fusion,https://www.youtube.com/watch?v=tj6Se7HVhPo
Gajar/carrot Gur ka Meetha Paratha Recipe,Indian/Pakistani,1 channel,-,-,Gajar/carrot Gur ka Meetha Paratha Recipe By Food Fusion,https://www.youtube.com/watch?v=X2V7MHPcHbc
Gajrela Recipe,Indian/Pakistani,1 channel,-,-,Gajrela Recipe By Food Fusion,https://www.youtube.com/watch?v=no2OABEwsKo
Galawati Boti Gravy with Garlic Burnt Rice Recipe,Indian/Pakistani,1 channel,-,-,Galawati Boti Gravy with Garlic Burnt Rice Recipe by Food Fusion,https://www.youtube.com/watch?v=tKl4B38u0Dw
Galawati Kabab Recipe,Indian/Pakistani,1 channel,-,-,Galawati Kabab Recipe by Food Fusion,https://www.youtube.com/watch?v=Dqi2jQVmzfY
Galaxy Lemonade Recipe,Indian/Pakistani,1 channel,-,-,Galaxy Lemonade Recipe by Food Fusion,https://www.youtube.com/watch?v=BV-gD23OzVg
Game Changing Pizza recipes,Continental,1 channel,-,-,Game Changing Pizza recipes By Food Fusion,https://www.youtube.com/watch?v=K2XCULRlZlc
Garam Masala Recipe/ 8 Spice Mix Garam Masala / kun Foods (Commercial),Indian/Pakistani,1 channel,Garam Masala Recipe/ 8 Spice Mix Garam Masala / kun Foods (Commercial),https://www.youtube.com/watch?v=keYtjBMExeQ,-,-
Garlic Bread Knots Recipe,Indian/Pakistani,1 channel,-,-,Garlic Bread Knots Recipe by Food Fusion,https://www.youtube.com/watch?v=2wNKiTjEeuk
"Garlic Bread Recipe, Plain and Cheesy",Indian/Pakistani,1 channel,-,-,"Garlic Bread Recipe, Plain and Cheesy By Food Fusion",https://www.youtube.com/watch?v=GoO4aRgH84w
Garlic Bread two Beautiful ways,Indian/Pakistani,1 channel,-,-,Garlic Bread two Beautiful ways By Food Fusion,https://www.youtube.com/watch?v=ooF7NWLzl_A
Garlic Butter Cheese Pasta Recipe,Continental,1 channel,-,-,Garlic Butter Cheese Pasta Recipe by Food Fusion,https://www.youtube.com/watch?v=X6pZ6hIw81A
Garlic Butter Chicken Tenders Recipe,Indian/Pakistani,1 channel,-,-,Garlic Butter Chicken Tenders Recipe by Food Fusion,https://www.youtube.com/watch?v=IEpZkp2yxYw
Garlic Butter Wings Pan fried & Air Fried Recipe,Indian/Pakistani,1 channel,-,-,Garlic Butter Wings Pan fried & Air Fried Recipe by Food Fusion,https://www.youtube.com/watch?v=NDhjvKfrRk0
Garlic Cheese Bombs/Buns Recipe,Indian/Pakistani,1 channel,-,-,Garlic Cheese Bombs/Buns Recipe By Food Fusion,https://www.youtube.com/watch?v=eUPv4ffJCpM
Garlic Chicken Thighs with Creamy Sauce Recipe,Indian/Pakistani,1 channel,-,-,Garlic Chicken Thighs with Creamy Sauce Recipe by Food Fusion,https://www.youtube.com/watch?v=wNHof6taMBE
Garlic Cream Sauce Pasta With Grilled Chicken Recipe,Continental,1 channel,-,-,Garlic Cream Sauce Pasta With Grilled Chicken Recipe by Food Fusion,https://www.youtube.com/watch?v=5cJinMK5N8A
Garlic Herb Pull Apart Bread Recipe,Indian/Pakistani,1 channel,-,-,Garlic Herb Pull Apart Bread Recipe by Food Fusion,https://www.youtube.com/watch?v=aq3_2Tb8wYU
Garlic Mashed potatoes & Chicken Nuggets bowl Recipe,Indian/Pakistani,1 channel,-,-,Garlic Mashed potatoes & Chicken Nuggets bowl Recipe By Food Fusion,https://www.youtube.com/watch?v=eGVPmiTmwPg
Garlic Sauce,Indian/Pakistani,1 channel,Garlic Sauce Recipe - Albaik Style Authentic Garlic Sauce,https://www.youtube.com/watch?v=GcPge_kdy1g,-,-
Garlic Soup,Indian/Pakistani,1 channel,-,-,Garlic Soup - Winter Special Recipe By Food Fusion,https://www.youtube.com/watch?v=0Oyak-e4_3o
Gas Load Shedding Solution,Indian/Pakistani,1 channel,-,-,Gas Load Shedding Solution - New Best Portable Electric Stove/burner Review - Food Fusion x Glam Gas,https://www.youtube.com/watch?v=hevZTvZu4xA
Gas Shortage Solution 2024,Indian/Pakistani,1 channel,-,-,Gas Shortage Solution 2024 - New Must Have Ceramic Cooker -  Food Fusion Reviews,https://www.youtube.com/watch?v=VmTiglIXEAI
General TSO Chicken Recipe By Food Fusion (Ramzan Special),Indian/Pakistani,1 channel,-,-,General TSO Chicken Recipe By Food Fusion (Ramzan Special),https://www.youtube.com/watch?v=t5fq-hy1uT4
Ghee Cake Recipe,Continental,1 channel,-,-,Ghee Cake Recipe by Food Fusion,https://www.youtube.com/watch?v=jD0SxJBuLZE
Giant Chapli Kabab Pro Max with Hari BBQ Chutney Recipe,Indian/Pakistani,1 channel,-,-,Giant Chapli Kabab Pro Max with Hari BBQ Chutney Recipe by Food Fusion,https://www.youtube.com/watch?v=vcEayMXXhtA
Giant Cheese Kabab Naan Sandwich Recipe,Continental,1 channel,-,-,Giant Cheese Kabab Naan Sandwich Recipe By Food Fusion,https://www.youtube.com/watch?v=H7NW3NdxI7w
Gilafi Kabab Recipe,Indian/Pakistani,1 channel,-,-,Gilafi Kabab Recipe By Food Fusion,https://www.youtube.com/watch?v=7FfmqlOs2i8
Ginger Chicken Recipe,Indian/Pakistani,1 channel,-,-,Ginger Chicken Recipe By Food Fusion,https://www.youtube.com/watch?v=GtIss59aCc4
Ginger Chilli Garlic Pickle Recipe,Indian/Pakistani,1 channel,-,-,Ginger Chilli Garlic Pickle Recipe by Food Fusion,https://www.youtube.com/watch?v=y73RBOAb6is
Ginger Garlic Paste Recipe (Homemade),Indian/Pakistani,1 channel,-,-,Ginger Garlic Paste Recipe (Homemade) By Food Fusion,https://www.youtube.com/watch?v=mP_jP4njw3Q
Ginger Mint Lemonade Recipe,Indian/Pakistani,1 channel,-,-,Ginger Mint Lemonade Recipe by Food Fusion,https://www.youtube.com/watch?v=QiwXtShGGz4
Goat Cutting Skills,Indian/Pakistani,1 channel,Goat Cutting Skills | How to store meat properly (full Guide),https://www.youtube.com/watch?v=dRHGNU6-rzs,-,-
Goat Slaughter Amazing Skill / Mutton Cutting Skills by 60 year old Local Butcher ( Explained),Indian/Pakistani,1 channel,Goat Slaughter Amazing Skill / Mutton Cutting Skills by 60 year old Local Butcher ( Explained),https://www.youtube.com/watch?v=77ttYwW9F00,-,-
Gobhi Musallam Recipe,Indian/Pakistani,1 channel,-,-,Gobhi Musallam Recipe by Food Fusion,https://www.youtube.com/watch?v=vWbAIA4J6zI
Gola Kabab,Indian/Pakistani,1 channel,Gola Kabab Recipe,https://www.youtube.com/watch?v=YEpzVX7rGdQ,-,-
Gola Kabab Masala Recipe,Indian/Pakistani,1 channel,-,-,Gola Kabab Masala Recipe By Food Fusion,https://www.youtube.com/watch?v=lEWvyenPWck
Gola Kabab Recipe,Indian/Pakistani,1 channel,-,-,Gola Kabab Recipe By Food Fusion,https://www.youtube.com/watch?v=MIJxW1Jj3Pg
Golden Daal Platter with Karelay ke Chips Recipe,Indian/Pakistani,1 channel,-,-,Golden Daal Platter with Karelay ke Chips Recipe by Food Fusion,https://www.youtube.com/watch?v=gD7MsWwnmtc
Golden Milk -Turmeric Milk,Indian/Pakistani,1 channel,-,-,Golden Milk -Turmeric Milk - Haldi Doodh  (Best for Winter) Recipe By Food Fusion,https://www.youtube.com/watch?v=SRYIAEQ7HLs
Golgappa Chaat Recipe,Indian/Pakistani,1 channel,-,-,Golgappa Chaat Recipe By Food Fusion,https://www.youtube.com/watch?v=pZLHhcKWG3o
Gond ke Laddu (Edible Gum Laddu) Recipe,Indian/Pakistani,1 channel,-,-,Gond ke Laddu (Edible Gum Laddu) Recipe By Food Fusion,https://www.youtube.com/watch?v=1KVIBO2bDhs
Gooey Chocolate Cake Recipe,Continental,1 channel,-,-,Gooey Chocolate Cake Recipe by Food Fusion,https://www.youtube.com/watch?v=Ign_py5QFIU
Gosht ka Achar Recipe,Indian/Pakistani,1 channel,-,-,Gosht ka Achar Recipe By Food Fusion,https://www.youtube.com/watch?v=ZrWmdHI9sr4
Gosht ka Achar Recipe (Traditional Meat Pickle),Indian/Pakistani,1 channel,Gosht ka Achar Recipe (Traditional Meat Pickle),https://www.youtube.com/watch?v=01NsPyHSLvA,-,-
Gosht ki Kadhi Recipe,Indian/Pakistani,1 channel,-,-,Gosht ki Kadhi Recipe By Food Fusion,https://www.youtube.com/watch?v=KmixvX-5Yes
Gosht Lababdar Recipe By Food Fusion (Bakra Eid Special),Indian/Pakistani,1 channel,-,-,Gosht Lababdar Recipe By Food Fusion (Bakra Eid Special),https://www.youtube.com/watch?v=jV8NDubh7PU
Gram flour Wraps with mince filling recipe,Indian/Pakistani,1 channel,-,-,Gram flour Wraps with mince filling recipe by Food Fusion,https://www.youtube.com/watch?v=gw5wssleaR8
Granola Bars 4 exciting ways Recipe,Indian/Pakistani,1 channel,-,-,Granola Bars 4 exciting ways Recipe By Food Fusion,https://www.youtube.com/watch?v=AV0jg6-SHmU
Grapes Chicken Fusion Recipe,Indian/Pakistani,1 channel,-,-,Grapes Chicken Fusion Recipe By Food Fusion,https://www.youtube.com/watch?v=t7pey2pLyGA
Grapes Mojito & Berry Peach Mojito Recipe,Indian/Pakistani,1 channel,-,-,Grapes Mojito & Berry Peach Mojito Recipe by Food Fusion,https://www.youtube.com/watch?v=5s5OzoHJ4-U
Greek Chicken Gyro with Tzatziki sauce Recipe,Indian/Pakistani,1 channel,-,-,Greek Chicken Gyro with Tzatziki sauce Recipe By Food Fusion,https://www.youtube.com/watch?v=iD9uIdxsOpM
Greek Chicken Souvlaki With Yogurt Sauce,Indian/Pakistani,1 channel,-,-,Greek Chicken Souvlaki With Yogurt Sauce - Ramadan Special Recipe by Food Fusion,https://www.youtube.com/watch?v=77gqDamW-Uk
Green Chicken Hot Shots Recipe,Indian/Pakistani,1 channel,-,-,Green Chicken Hot Shots Recipe By Food Fusion,https://www.youtube.com/watch?v=Z2rfaGyXiXk
Green Chili Aloo Katliyan,Indian/Pakistani,1 channel,Green Chili Aloo Katliyan - Quick and Magical For Breakfast,https://www.youtube.com/watch?v=HlklhpM4M8U,-,-
Green Chili Matar Pulao,Indian/Pakistani,1 channel,"Green Chili Matar Pulao - No Onion No Tomato , Easy and Magical Recipe",https://www.youtube.com/watch?v=FBS_i5c1K4Y,-,-
Green Chilli,Indian/Pakistani,1 channel,Green Chilli Recipe | Fried Green Chillies with Yoghurt | Easy and Affordable,https://www.youtube.com/watch?v=QzRYWWKANPE,-,-
Green Chilli Oil Egg Noodles Recipe,Indian/Pakistani,1 channel,-,-,Green Chilli Oil Egg Noodles Recipe by Food Fusion,https://www.youtube.com/watch?v=iXCB3wIaBm8
Green Day Special Recipes by Food Fusion (Independence Day Special),Indian/Pakistani,1 channel,-,-,Green Day Special Recipes by Food Fusion (Independence Day Special),https://www.youtube.com/watch?v=SqDm6s_ztVY
Green Herb Masala Paratha Recipe,Indian/Pakistani,1 channel,-,-,Green Herb Masala Paratha Recipe by Food Fusion,https://www.youtube.com/watch?v=GwB99ceWHYQ
Green Stuffed Paratha Recipe,Indian/Pakistani,1 channel,-,-,Green Stuffed Paratha Recipe By Food Fusion,https://www.youtube.com/watch?v=aGeIl6wHTbY
Green Tea Cucumber & Mint Cooler Recipe,Indian/Pakistani,1 channel,-,-,Green Tea Cucumber & Mint Cooler Recipe by Food Fusion,https://www.youtube.com/watch?v=qwKLqELXKeg
Green Tikka Masala Recipe,Indian/Pakistani,1 channel,-,-,Green Tikka Masala Recipe By Food Fusion,https://www.youtube.com/watch?v=qQTyDbkx7vg
Green Tikka Tenders  Recipe by Food Fusion (Ramzan Special),Indian/Pakistani,1 channel,-,-,Green Tikka Tenders  Recipe by Food Fusion (Ramzan Special),https://www.youtube.com/watch?v=yFiKnO__rJk
Green Velvet Cake Recipe By Food Fusion (Independence Day Special),Continental,1 channel,-,-,Green Velvet Cake Recipe By Food Fusion (Independence Day Special),https://www.youtube.com/watch?v=Uo6G3-3--eI
Green Velvet Swirl Brownies Recipe by food Fusion (Independence Day Special),Indian/Pakistani,1 channel,-,-,Green Velvet Swirl Brownies Recipe by food Fusion (Independence Day Special),https://www.youtube.com/watch?v=6tZA-wkM8-s
GRILL BURGER RECIPE!!,Continental,1 channel,GRILL BURGER RECIPE!! - Original Commercial - Kun Foods,https://www.youtube.com/watch?v=JqnAjKA3Ve4,-,-
Grill Fish Restaurant Complete,Indian/Pakistani,1 channel,Grill Fish Restaurant Complete Recipe,https://www.youtube.com/watch?v=hppwiU3qqCA,-,-
Grilled BBQ Chicken Cheese Samosa Recipe,Indian/Pakistani,1 channel,-,-,Grilled BBQ Chicken Cheese Samosa Recipe by Food Fusion,https://www.youtube.com/watch?v=wlwHKoSjRuQ
Grilled Cheeseburger Wraps Recipe,Indian/Pakistani,1 channel,-,-,Grilled Cheeseburger Wraps Recipe by Food Fusion,https://www.youtube.com/watch?v=iEutluNaCCA
Grilled Chicken at Home Without Oven (Al Faham Arabic),Arabic/Mediterranean,1 channel,Grilled Chicken at Home Without Oven (Al Faham Arabic),https://www.youtube.com/watch?v=qpI0grlRRwE,-,-
Grilled Chicken Burger Recipe || Direct from Grill House,Continental,1 channel,Grilled Chicken Burger Recipe || Direct from Grill House,https://www.youtube.com/watch?v=HD9SnnzdOcI,-,-
Grilled Chicken Chapli Burger Recipe,Continental,1 channel,-,-,Grilled Chicken Chapli Burger Recipe By Food Fusion,https://www.youtube.com/watch?v=I1wZ3pcdIeU
Grilled Chicken Sandwich Recipe,Continental,1 channel,-,-,Grilled Chicken Sandwich Recipe By Food Fusion,https://www.youtube.com/watch?v=Ag3VAQbQKHs
Grilled chicken shawarma with Lebanese style pita bread Recipe,Arabic/Mediterranean,1 channel,-,-,Grilled chicken shawarma with Lebanese style pita bread Recipe By Food Fusion,https://www.youtube.com/watch?v=Axh8s5f9mbM
Grilled Chicken with Chimichurri Sauce Recipe,Indian/Pakistani,1 channel,-,-,Grilled Chicken with Chimichurri Sauce Recipe By Food Fusion,https://www.youtube.com/watch?v=ZH8YxlHfeOk
"Grilled Chicken with Mushroom Sauce, resturant quality recipe",Indian/Pakistani,1 channel,-,-,"Grilled Chicken with Mushroom Sauce, resturant quality recipe  By Food Fusion",https://www.youtube.com/watch?v=FfuoTUHEDzw
Grilled Chicken with Tarragon Sauce Recipe,Indian/Pakistani,1 channel,-,-,Grilled Chicken with Tarragon Sauce Recipe by Food Fusion,https://www.youtube.com/watch?v=kjKdZJ0ZjHk
Grilled Fish Recipe,Indian/Pakistani,1 channel,-,-,Grilled Fish Recipe By Food Fusion,https://www.youtube.com/watch?v=boR_pERwg-k
Grilled Fish || Original Restaurant Special,Indian/Pakistani,1 channel,Grilled Fish || Original Restaurant Special Recipe,https://www.youtube.com/watch?v=OnKJUx66Bk8,-,-
Grilled Greek Chicken Recipe,Indian/Pakistani,1 channel,-,-,Grilled Greek Chicken Recipe by Food Fusion,https://www.youtube.com/watch?v=_zQLl3_Sf0s
Grilled Kabab Platter 👉Make and Freeze Ramadan Special Recipe,Indian/Pakistani,1 channel,-,-,Grilled Kabab Platter 👉Make and Freeze Ramadan Special Recipe by Food Fusion,https://www.youtube.com/watch?v=u8BLnys4l5o
Grilled Pizza Sandwich Recipe,Continental,1 channel,-,-,Grilled Pizza Sandwich Recipe  By Food Fusion,https://www.youtube.com/watch?v=mAZjgqk87gk
Grilled Roast Beef Sandwich Recipe,Continental,1 channel,-,-,Grilled Roast Beef Sandwich Recipe by Food Fusion,https://www.youtube.com/watch?v=isHCp9AfXxc
Grilled Sandwich with chicken & Cheese Recipe,Continental,1 channel,-,-,Grilled Sandwich with chicken & Cheese Recipe By Food Fusion,https://www.youtube.com/watch?v=I04iZQ3jBjI
Grilled Sandwiches 2 ways Recipes,Indian/Pakistani,1 channel,-,-,Grilled Sandwiches 2 ways Recipes by food fusion,https://www.youtube.com/watch?v=Ceh21WCg0jk
Grilled Teriyaki Chicken Recipe,Japanese,1 channel,-,-,Grilled Teriyaki Chicken Recipe by Food Fusion,https://www.youtube.com/watch?v=S6rohuPdvC8
Guar Ki phali Recipe,Indian/Pakistani,1 channel,-,-,Guar Ki phali Recipe By Food Fusion,https://www.youtube.com/watch?v=JJxyj5tQek4
Gul e Firdaus Recipe By Food Fusion (Ramadan Special Dessert),Indian/Pakistani,1 channel,-,-,Gul e Firdaus Recipe By Food Fusion (Ramadan Special Dessert),https://www.youtube.com/watch?v=zs9Y8xmxpgw
GULAB JAMUN,Indian/Pakistani,1 channel,GULAB JAMUN RECIPE | Kun Foods,https://www.youtube.com/watch?v=Jrs6GV9B_-g,-,-
Gulab Jamun  2 Ways,Indian/Pakistani,1 channel,-,-,Gulab Jamun  2 Ways By Food Fusion,https://www.youtube.com/watch?v=Ei712LoIHOw
"Gulab Jamun quick, easy & authentic Recipe learn how to make at home",Indian/Pakistani,1 channel,-,-,"Gulab Jamun quick, easy & authentic Recipe learn how to make at home By Food Fusion",https://www.youtube.com/watch?v=5MUQ840KTHY
Gulab Jamun Recipe by Asad Memon,Indian/Pakistani,1 channel,-,-,Gulab Jamun Recipe by Asad Memon - Food Fusion | Independence Day Special,https://www.youtube.com/watch?v=KpYVUZeTBzI
Gulab Jamun with Milk Powder Recipe,Indian/Pakistani,1 channel,-,-,Gulab Jamun with Milk Powder Recipe By Food Fusion,https://www.youtube.com/watch?v=wIZnOwqbyAU
Gulabi Colada & Lal sharbat Ice cream Recipe,Indian/Pakistani,1 channel,-,-,Gulabi Colada & Lal sharbat Ice cream Recipe By Food Fusion,https://www.youtube.com/watch?v=DUgLlzJXOOw
Gulabi Colada Recipe By Food Fusion (Ramzan Special),Indian/Pakistani,1 channel,-,-,Gulabi Colada Recipe By Food Fusion (Ramzan Special),https://www.youtube.com/watch?v=gtFf9kxqNrw
Gulabi Pheni Ka Meetha,Indian/Pakistani,1 channel,-,-,Gulabi Pheni Ka Meetha - Ramadan Special  Recipe by Food Fusion,https://www.youtube.com/watch?v=PtL4yBAf0XE
Gulabi Tukra Recipe By Food Fusion (Ramzan Special),Indian/Pakistani,1 channel,-,-,Gulabi Tukra Recipe By Food Fusion (Ramzan Special),https://www.youtube.com/watch?v=YAC-2WCsc5w
Gur Chikki 3 Ways Recipe,Indian/Pakistani,1 channel,-,-,Gur Chikki 3 Ways Recipe by Food Fusion,https://www.youtube.com/watch?v=e6KNCi-bRqI
Gur ka sharbat (Jaggery summer drink) Recipe,Indian/Pakistani,1 channel,-,-,Gur ka sharbat (Jaggery summer drink) Recipe By Food Fusion,https://www.youtube.com/watch?v=tXQch8IiV1w
Gur Ke chawal Recipe,Indian/Pakistani,1 channel,-,-,Gur Ke chawal Recipe by Food Fusion,https://www.youtube.com/watch?v=IzxQSVvpe_A
Gur Ki Chikki Basics,Indian/Pakistani,1 channel,-,-,Gur Ki Chikki Basics - Tips by Asad Memon Recipe By Food Fusion,https://www.youtube.com/watch?v=KS_86C43KOg
Gur Mint Sharbat Recipe By Food Fusion (Ramzan/Summer Special),Indian/Pakistani,1 channel,-,-,Gur Mint Sharbat Recipe By Food Fusion (Ramzan/Summer Special),https://www.youtube.com/watch?v=PXJXd88dUS8
Gur Papdi,Indian/Pakistani,1 channel,-,-,Gur Papdi - Winter Special Recipe By Food Fusion,https://www.youtube.com/watch?v=NvTcKXKNvsI
Gur Walay Chawal Recipe By Food Fusion (Eid Special),Indian/Pakistani,1 channel,-,-,Gur Walay Chawal Recipe By Food Fusion (Eid Special),https://www.youtube.com/watch?v=eqtnmONU4PQ
Guramba Recipe,Indian/Pakistani,1 channel,-,-,Guramba Recipe By Food Fusion,https://www.youtube.com/watch?v=_ymC7YNS0fQ
Gurday Kaleji Masala Recipe By Food Fusion (Bakra Eid Special),Indian/Pakistani,1 channel,-,-,Gurday Kaleji Masala Recipe By Food Fusion (Bakra Eid Special),https://www.youtube.com/watch?v=ig7qYNpaR70
Gurr ki Panjeeri Recipe,Indian/Pakistani,1 channel,-,-,Gurr ki Panjeeri Recipe by Food Fusion,https://www.youtube.com/watch?v=xa3bcoPcntc
Gurr Walay Chawal,Indian/Pakistani,1 channel,Gurr Walay Chawal Recipe - Easy and Magical Sweet Jaggery Rice,https://www.youtube.com/watch?v=NFuvbLbB76s,-,-
Gurr wali chai || Jaggery (Gurr) Tea,Indian/Pakistani,1 channel,Gurr wali chai || Jaggery (Gurr) Tea Recipe,https://www.youtube.com/watch?v=bQmD6qvub2k,-,-
Hakka Noodles with Shrimps Recipe,Chinese,1 channel,-,-,Hakka Noodles with Shrimps Recipe By Food Fusion,https://www.youtube.com/watch?v=f34Io7eNQ6Y
Hakka Style Chicken Chili Recipe By Food Fusion  (Eid Special),Chinese,1 channel,-,-,Hakka Style Chicken Chili Recipe By Food Fusion  (Eid Special),https://www.youtube.com/watch?v=8cINCDQm-1E
Haleem 2 Ways,Indian/Pakistani,1 channel,-,-,Haleem 2 Ways | Beef Haleem & Chicken Haleem Recipes by Food Fusion,https://www.youtube.com/watch?v=qtqdVNE6ncc
Haleem or Daleem at Home (Grains cooked with meat),Indian/Pakistani,1 channel,Haleem or Daleem at Home (Grains cooked with meat),https://www.youtube.com/watch?v=0g2u2moEqIU,-,-
Haleem Style Beef Dalia By Food Fusion (Bakra Eid Special),Indian/Pakistani,1 channel,-,-,Haleem Style Beef Dalia By Food Fusion (Bakra Eid Special),https://www.youtube.com/watch?v=Rqw3r18yZX0
Halwa & Puri Recipe (Sooji ka Halwa & Puri),Indian/Pakistani,1 channel,-,-,Halwa & Puri Recipe (Sooji ka Halwa & Puri) By Food Fusion,https://www.youtube.com/watch?v=LzSnn94ihi8
Halwa Kaddu Gosht (Kashmiri Special) Recipe,Indian/Pakistani,1 channel,-,-,Halwa Kaddu Gosht (Kashmiri Special) Recipe By Food Fusion,https://www.youtube.com/watch?v=LIn5zIS1NHQ
Halwa Stuffed Puri Recipe,Indian/Pakistani,1 channel,-,-,Halwa Stuffed Puri Recipe By Food Fusion,https://www.youtube.com/watch?v=bmLCz61hhp8
Halwai Style Anday ka Halwa Recipe,Indian/Pakistani,1 channel,-,-,Halwai Style Anday ka Halwa Recipe By Food Fusion,https://www.youtube.com/watch?v=c_FAtvYGqBo
Halwai Style Balushahi Recipe,Indian/Pakistani,1 channel,-,-,Halwai Style Balushahi Recipe By Food Fusion,https://www.youtube.com/watch?v=IPVZQRQy4qw
Halwai Style Gajar Ka Halwa Recipe,Indian/Pakistani,1 channel,-,-,Halwai Style Gajar Ka Halwa Recipe By Food Fusion,https://www.youtube.com/watch?v=MnjQg8iz0Ec
Halwai Style Lauki Ka Halwa Recipe,Indian/Pakistani,1 channel,-,-,Halwai Style Lauki Ka Halwa Recipe By Food Fusion,https://www.youtube.com/watch?v=4_VVrvOi2BM
Halwapuri walay chany bazar se behtar,Indian/Pakistani,1 channel,Halwapuri walay chany bazar se behtar | Lahori cholay recipe,https://www.youtube.com/watch?v=DumtN6fgAsk,-,-
Halwapuri wali Aloo Bhujia Authentic,Indian/Pakistani,1 channel,Halwapuri wali Aloo Bhujia Authentic Recipe - Halwa poori wali Aloo Tarkari,https://www.youtube.com/watch?v=t8pUWMfOgnc,-,-
Hamara Store Ban Gaya!! Kun Foods Store Launch,Indian/Pakistani,1 channel,Hamara Store Ban Gaya!! Kun Foods Store Launch,https://www.youtube.com/watch?v=jNQdMRD4oMw,-,-
Hand Beaten Foamy Coffee,Continental,1 channel,-,-,Hand Beaten Foamy Coffee Recipe | No fancy tools by Food Fusion,https://www.youtube.com/watch?v=7RMjjYLq-Bg
Handi Dum Biryani Recipe,Indian/Pakistani,1 channel,-,-,Handi Dum Biryani Recipe By Food Fusion,https://www.youtube.com/watch?v=N08T9zhVIKQ
Handi Recipes,Indian/Pakistani,1 channel,-,-,4 Amazing Handi Recipes By Food Fusion,https://www.youtube.com/watch?v=sIqs6c0MQgk
Happy Birthday Food Fusion (Recorded Live 9th May 2018),Indian/Pakistani,1 channel,-,-,Happy Birthday Food Fusion (Recorded Live 9th May 2018),https://www.youtube.com/watch?v=p2X9QJzyJOY
Happy New Year 2017 from the Food Fusion Family,Indian/Pakistani,1 channel,-,-,Happy New Year 2017 from the Food Fusion Family,https://www.youtube.com/watch?v=a-QVKPh3d3o
Happy New Year 2019 from,Indian/Pakistani,1 channel,-,-,Happy New Year 2019 from Food Fusion,https://www.youtube.com/watch?v=4vZi1K0nzCs
Hara Bhara Achari Qeema Recipe,Indian/Pakistani,1 channel,-,-,Hara Bhara Achari Qeema Recipe By Food Fusion,https://www.youtube.com/watch?v=W_qRpAbOC3w
Hara Bhara Brain Masala Recipe By Food Fusion (Bakra Eid Special Recipe),Indian/Pakistani,1 channel,-,-,Hara Bhara Brain Masala Recipe By Food Fusion (Bakra Eid Special Recipe),https://www.youtube.com/watch?v=NMygYt6nvN0
Hara Bhara Chutney Samosa Make and Freeze Recipe By Food Fusion (Ramzan Special),Indian/Pakistani,1 channel,-,-,Hara Bhara Chutney Samosa Make and Freeze Recipe By Food Fusion (Ramzan Special),https://www.youtube.com/watch?v=V02gwEK5iAs
Hara Bhara Kabab,Indian/Pakistani,1 channel,-,-,Hara Bhara Kabab | Hare Bhare Chicken Kebab Recipe By Food Fusion,https://www.youtube.com/watch?v=nyxI5hvkysI
Hara Lehsun paratha Recipe,Indian/Pakistani,1 channel,-,-,Hara Lehsun paratha Recipe By Food Fusion,https://www.youtube.com/watch?v=HdK7xYpvdBc
Hara Masala Aloo Paratha Ramadan Special Recipe,Indian/Pakistani,1 channel,-,-,Hara Masala Aloo Paratha Ramadan Special Recipe by Food Fusion,https://www.youtube.com/watch?v=u3E9j96XkLs
Hara Masala Biryani Recipe,Indian/Pakistani,1 channel,-,-,Hara Masala Biryani Recipe By Food Fusion,https://www.youtube.com/watch?v=axj2bWtw4SU
Hara Masala Butter Chicken Recipe By Food Fusion (Eid Special),Indian/Pakistani,1 channel,-,-,Hara Masala Butter Chicken Recipe By Food Fusion (Eid Special),https://www.youtube.com/watch?v=WssNwMuMctc
Hara Masala Channa Pulao Recipe,Indian/Pakistani,1 channel,-,-,Hara Masala Channa Pulao Recipe By Food Fusion,https://www.youtube.com/watch?v=Xk7mXEELx4E
Hara masala Egg Curry Recipe,Indian/Pakistani,1 channel,-,-,Hara masala Egg Curry Recipe By Food Fusion,https://www.youtube.com/watch?v=FqpKLdTsVXE
Hara Masala Fish Curry Recipe,Indian/Pakistani,1 channel,-,-,Hara Masala Fish Curry Recipe By Food Fusion,https://www.youtube.com/watch?v=0DMSXMiaJg4
Hara Masala Mutton Karhai Recipe,Indian/Pakistani,1 channel,-,-,Hara Masala Mutton Karhai Recipe By Food Fusion,https://www.youtube.com/watch?v=gl2_VQby7Tc
Hara masala Tawa kaleji Recipe By Food Fusion (Bakra Eid Special),Indian/Pakistani,1 channel,-,-,Hara masala Tawa kaleji Recipe By Food Fusion (Bakra Eid Special),https://www.youtube.com/watch?v=7QwtVNWIDpE
Hara Pyaz Lacha/Thread Paratha with Kathiawari Chutney Recipe,Indian/Pakistani,1 channel,-,-,Hara Pyaz Lacha/Thread Paratha with Kathiawari Chutney Recipe By Food Fusion,https://www.youtube.com/watch?v=7y1asN1ytng
Haray bharay seekh kabab Recipe,Indian/Pakistani,1 channel,-,-,Haray bharay seekh kabab Recipe By Food Fusion,https://www.youtube.com/watch?v=BWl7hx4NyBo
Haray Lehsan ki Besani Roti,Indian/Pakistani,1 channel,-,-,Haray Lehsan ki Besani Roti - Winter Special Recipe By Food Fusion,https://www.youtube.com/watch?v=T9M9StKL8CA
Hari Mirch Anda Qeema Recipe By Asad Memon,Indian/Pakistani,1 channel,-,-,Hari Mirch Anda Qeema Recipe By Asad Memon-Food Fusion,https://www.youtube.com/watch?v=pT9U6uP54MM
Hari Mirch keema Recipe,Indian/Pakistani,1 channel,-,-,Hari Mirch keema Recipe By Food Fusion,https://www.youtube.com/watch?v=x01BeWiX3vA
Hari Moong Daal Pakora with Chutney,Indian/Pakistani,1 channel,-,-,Hari Moong Daal Pakora with Chutney - Ramadan Special Recipe by Food Fusion,https://www.youtube.com/watch?v=gWnvel8jLig
Hari Moong Daal Shola (Moong Daal Gosht) Recipe,Indian/Pakistani,1 channel,-,-,Hari Moong Daal Shola (Moong Daal Gosht) Recipe by Food Fusion,https://www.youtube.com/watch?v=aO0fPzyapl8
Hari Moong dal Khichdi (Green Mong Dal Lentil Khichdi) Recipe,Indian/Pakistani,1 channel,-,-,Hari Moong dal Khichdi (Green Mong Dal Lentil Khichdi) Recipe By Food Fusion,https://www.youtube.com/watch?v=pkSgODBKzdI
Harrisa Chicken Mushroom Flat Bread Recipe,Indian/Pakistani,1 channel,-,-,Harrisa Chicken Mushroom Flat Bread Recipe by Food Fusion,https://www.youtube.com/watch?v=JClKtH8Swgg
Haryali Chops Recipe By Food Fusion (Bakra Eid Special),Indian/Pakistani,1 channel,-,-,Haryali Chops Recipe By Food Fusion (Bakra Eid Special),https://www.youtube.com/watch?v=hrlNnhhAqho
Hash Brown 2 Ways Recipe,Indian/Pakistani,1 channel,-,-,Hash Brown 2 Ways Recipe By Food Fusion,https://www.youtube.com/watch?v=2vansTBRAhA
Hash Brown Cheese omelette Recipe By Food Fusion (Ramzan Special Recipe),Continental,1 channel,-,-,Hash Brown Cheese omelette Recipe By Food Fusion (Ramzan Special Recipe),https://www.youtube.com/watch?v=DR68e1aUvyo
Hash Brown Recipe,Indian/Pakistani,1 channel,-,-,Hash Brown Recipe By Food Fusion,https://www.youtube.com/watch?v=K8N1ukhT90k
Healthy & Delicious High Protein Breakfast Wrap,Indian/Pakistani,1 channel,-,-,Healthy & Delicious High Protein Breakfast Wrap Recipe - Hemani x Food Fusion,https://www.youtube.com/watch?v=-A-38XMUwQY
Healthy ABC Juice recipe from Juices Island at Packages Mall,Indian/Pakistani,1 channel,-,-,Healthy ABC Juice recipe from Juices Island at Packages Mall,https://www.youtube.com/watch?v=3fSBbqwBJlQ
Healthy BBQ Chicken Salad Recipe,Indian/Pakistani,1 channel,-,-,Healthy BBQ Chicken Salad Recipe By Food Fusion,https://www.youtube.com/watch?v=jFDIDd7NIWs
Healthy Blood Juice || Best for Skin Glow and Cholesterol,Indian/Pakistani,1 channel,Healthy Blood Juice || Best for Skin Glow and Cholesterol,https://www.youtube.com/watch?v=tramNBk2kBQ,-,-
Healthy Breakfast with Overnight Oats 2 Ways Recipes,Indian/Pakistani,1 channel,-,-,Healthy Breakfast with Overnight Oats 2 Ways Recipes by Food Fusion,https://www.youtube.com/watch?v=aN6amG2gyKY
Healthy Chicken Panja Yakhni,Indian/Pakistani,1 channel,-,-,Healthy Chicken Panja Yakhni | Chicken Feet Soup Winter Special Recipe By Food Fusion,https://www.youtube.com/watch?v=sp6mNfalgG4
Healthy Club Sandwich – Ramadan Special Recipe by Asad Memon,Continental,1 channel,-,-,Healthy Club Sandwich – Ramadan Special Recipe by Asad Memon | Food Fusion,https://www.youtube.com/watch?v=5FohQo2pxDI
Healthy Cottage Cheese Omelette 2 ways,Continental,1 channel,-,-,Healthy Cottage Cheese Omelette 2 ways - Recipe by Food Fusion,https://www.youtube.com/watch?v=LlbK_wS7EPo
Healthy Crisp Smash Salad Tacos Ramzan Special Recipe,Indian/Pakistani,1 channel,-,-,Healthy Crisp Smash Salad Tacos Ramzan Special Recipe By Food Fusion,https://www.youtube.com/watch?v=DQSYY5XtZUA
Healthy Fattoush Salad with Chicken Skewers Recipe By Food Fusion (Ramadan Special),Arabic/Mediterranean,1 channel,-,-,Healthy Fattoush Salad with Chicken Skewers Recipe By Food Fusion (Ramadan Special),https://www.youtube.com/watch?v=T96SxOZz3Fs
Healthy High Protein Chicken & Hummus Platter Ramzan Special Recipe,Arabic/Mediterranean,1 channel,-,-,Healthy High Protein Chicken & Hummus Platter Ramzan Special Recipe By Food Fusion,https://www.youtube.com/watch?v=3km73kVRVVE
Healthy Iftar Recipes By Healthy,Indian/Pakistani,1 channel,-,-,Healthy Iftar Recipes By Healthy Food Fusion,https://www.youtube.com/watch?v=HX1c540gN6k
Healthy Mango Fusion Salad Recipe,Indian/Pakistani,1 channel,-,-,Healthy Mango Fusion Salad Recipe By Food Fusion,https://www.youtube.com/watch?v=pbBdl7I78us
Healthy Protein Pink Chaat,Indian/Pakistani,1 channel,-,-,Healthy Protein Pink Chaat - Ramadan Special Recipe By Food Fusion,https://www.youtube.com/watch?v=H7gT5vy-nNM
Healthy Protein Salad,Indian/Pakistani,1 channel,-,-,Healthy Protein Salad - Lemon Herb Grilled Chicken & Chickpea Salad Recipe by Food Fusion,https://www.youtube.com/watch?v=CKYDabP62m4
Healthy Refreshing Drink Low Cost For Ramzan,Indian/Pakistani,1 channel,Healthy Refreshing Drink Low Cost For Ramzan | Natural Drink by Kun Foods,https://www.youtube.com/watch?v=ZKBCLN-hhgE,-,-
Healthy Salad Meal,Indian/Pakistani,1 channel,-,-,Healthy Salad Meal - Orange Beetroot & Pomegranate Garden Salad Recipe by Food Fusion,https://www.youtube.com/watch?v=rk5QRMhfVeM
Healthy Sehri Recipes By Healthy Food Fusion ( Ramzan Special Recipes 2019),Indian/Pakistani,1 channel,-,-,Healthy Sehri Recipes By Healthy Food Fusion ( Ramzan Special Recipes 2019),https://www.youtube.com/watch?v=f5lAfT-UiiY
Healthy Snacks for Anytime,Indian/Pakistani,1 channel,-,-,Healthy Snacks for Anytime by Food Fusion,https://www.youtube.com/watch?v=8dZKLBC-Ljk
Healthy Spinach Omelette Recipe By Healthy Fusion,Continental,1 channel,-,-,Healthy Spinach Omelette Recipe By Healthy Fusion,https://www.youtube.com/watch?v=TR-sWI3dnJQ
Herb Crusted Grilled Cheese Sandwich Recipe,Continental,1 channel,-,-,Herb Crusted Grilled Cheese Sandwich Recipe by Food Fusion,https://www.youtube.com/watch?v=2nLmR766rFM
Herb Fried Rice Recipe,Chinese,1 channel,-,-,Herb Fried Rice Recipe By Food Fusion,https://www.youtube.com/watch?v=WnUz2L6YmvU
Here is how our new Food Fusion office looks like. Sad reality,Indian/Pakistani,1 channel,-,-,Here is how our new Food Fusion office looks like. Sad reality,https://www.youtube.com/watch?v=hAHOJ-rfVBo
Here's what happend at the Karachi Street Food Festival 2018,Indian/Pakistani,1 channel,-,-,Here's what happend at the Karachi Street Food Festival 2018,https://www.youtube.com/watch?v=gp4VfaSStds
Hi Tea Party Snacks,Chinese,1 channel,Hi Tea Party Snacks - Quick and Easy Chinese Rolls for party,https://www.youtube.com/watch?v=r5S-s6juuqQ,-,-
Hidden Vegetable Pasta Recipe,Continental,1 channel,-,-,Hidden Vegetable Pasta Recipe by Food Fusion,https://www.youtube.com/watch?v=97tQbMyWijE
Hidden Vegetable Soup Recipe,Indian/Pakistani,1 channel,-,-,Hidden Vegetable Soup Recipe by Food Fusion,https://www.youtube.com/watch?v=5Luq88lDONM
High Protein Chickpea Salad/chaat,Indian/Pakistani,1 channel,-,-,High Protein Chickpea Salad/chaat - Iftar Special By Food Fusion,https://www.youtube.com/watch?v=anD5SJZrxy0
High Protein Crispy Chicken Sandwich Recipe,Continental,1 channel,-,-,High Protein Crispy Chicken Sandwich Recipe by Food Fusion,https://www.youtube.com/watch?v=m_eRegb2Om4
High Protein Dates Sharbat Ramadan Special Recipe,Indian/Pakistani,1 channel,-,-,High Protein Dates Sharbat Ramadan Special Recipe by Food Fusion,https://www.youtube.com/watch?v=w4LtYaWuojc
High Protein Gluten free Lentil Bread Recipe,Indian/Pakistani,1 channel,-,-,High Protein Gluten free Lentil Bread Recipe by Food Fusion,https://www.youtube.com/watch?v=HtbeEXYVAQU
Highway Style Afghani Chicken Karahi Recipe By Food Fusion (Ramazan Special),Arabic/Mediterranean,1 channel,-,-,Highway Style Afghani Chicken Karahi Recipe By Food Fusion (Ramazan Special),https://www.youtube.com/watch?v=3d6DrdOEuY4
Highway style chicken karahi recipe,Indian/Pakistani,1 channel,-,-,Highway style chicken karahi recipe by food fusion,https://www.youtube.com/watch?v=DiEv4eqfAQw
Highway Style Mutton Koyla Karahi Recipe,Indian/Pakistani,1 channel,-,-,Highway Style Mutton Koyla Karahi Recipe By Food Fusion,https://www.youtube.com/watch?v=XlWKRvaidEs
Highway Style White Chicken Karahi Ramzan Special Recipe,Indian/Pakistani,1 channel,-,-,Highway Style White Chicken Karahi Ramzan Special Recipe By Food Fusion,https://www.youtube.com/watch?v=dZJ76Xuzq9c
Holiday Fruit Cake Recipe,Continental,1 channel,-,-,Holiday Fruit Cake Recipe By Food Fusion,https://www.youtube.com/watch?v=TqyiacAET5Y
Home Made Cold coffee Without Blender,Continental,1 channel,Home Made Cold coffee Without Blender | Easy Cold Coffee By Kun Foods,https://www.youtube.com/watch?v=nAAqkvKhabg,-,-
Homemade Biryani and Korma Masala Recipes,Indian/Pakistani,1 channel,-,-,Homemade Biryani and Korma Masala Recipes By Food Fusion,https://www.youtube.com/watch?v=f7kHfp2OWF4
Homemade Bread Crumbs 2 Ways Recipe,Indian/Pakistani,1 channel,-,-,Homemade Bread Crumbs 2 Ways Recipe By Food Fusion,https://www.youtube.com/watch?v=lBcQKqVBVp4
Homemade Butter & Desi Ghee Recipes By Food Fusion,Indian/Pakistani,1 channel,-,-,Homemade Butter & Desi Ghee Recipes By Food Fusion Detailed,https://www.youtube.com/watch?v=G43ARXmCGag
Homemade Chaat Masala Recipe By Food Fusion (Ramzan Special Recipe),Indian/Pakistani,1 channel,-,-,Homemade Chaat Masala Recipe By Food Fusion (Ramzan Special Recipe),https://www.youtube.com/watch?v=-6Wf1dv7WzU
Homemade Cherry Jam Recipe,Indian/Pakistani,1 channel,-,-,Homemade Cherry Jam Recipe By Food Fusion,https://www.youtube.com/watch?v=Hh0BjecSKPA
Homemade Chicken Burger Patty,Continental,1 channel,-,-,Homemade Chicken Burger Patty - Make and Freeze Recipe By Food Fusion,https://www.youtube.com/watch?v=rBz09o1DYZU
Homemade Chicken Chunks Recipe,Indian/Pakistani,1 channel,-,-,Homemade Chicken Chunks Recipe By Food Fusion,https://www.youtube.com/watch?v=L56PUyl7jcc
Homemade Chicken Nuggets Recipe  By Food Fusion,Indian/Pakistani,1 channel,-,-,Homemade Chicken Nuggets Recipe  By Food Fusion Detailed,https://www.youtube.com/watch?v=W3YKp8NntVc
Homemade Chicken Spread Recipe,Indian/Pakistani,1 channel,-,-,Homemade Chicken Spread Recipe By Food Fusion,https://www.youtube.com/watch?v=VBb5W564hVA
Homemade Chicken Tikka Spread Recipe,Indian/Pakistani,1 channel,-,-,Homemade Chicken Tikka Spread Recipe by Food Fusion,https://www.youtube.com/watch?v=xYMqIYg8y-k
Homemade Chilli Garlic Sauce Recipe,Indian/Pakistani,1 channel,-,-,Homemade Chilli Garlic Sauce Recipe By Food Fusion,https://www.youtube.com/watch?v=32kx57aZ9as
Homemade Chocolate Donuts,Continental,1 channel,-,-,Homemade Chocolate Donuts Recipe | doughnut recipe  By Food Fusion,https://www.youtube.com/watch?v=QkFZ4TvWVI0
Homemade Chocolate Peanut Butter Recipe,Indian/Pakistani,1 channel,-,-,Homemade Chocolate Peanut Butter Recipe by Food Fusion,https://www.youtube.com/watch?v=DR_v2TzVyUA
Homemade Chocolate Protein Powder Recipe,Indian/Pakistani,1 channel,-,-,Homemade Chocolate Protein Powder Recipe by Food Fusion,https://www.youtube.com/watch?v=cNgpO-xI88M
Homemade Condensed Milk,Indian/Pakistani,1 channel,-,-,Homemade Condensed Milk - Ramazan Special Recipe by Food Fusion,https://www.youtube.com/watch?v=zAySySSTPnY
Homemade Condensed Milk Recipe,Indian/Pakistani,1 channel,-,-,Homemade Condensed Milk Recipe By Food Fusion,https://www.youtube.com/watch?v=G5zVQiIkZe4
Homemade Cream Cheese Sauces 4-ways Recipes,Indian/Pakistani,1 channel,-,-,Homemade Cream Cheese Sauces 4-ways Recipes By Food Fusion,https://www.youtube.com/watch?v=h9Lite0whyI
Homemade Dahi Bara Masala Recipe By Food Fusion (Ramzan Special Recipe),Indian/Pakistani,1 channel,-,-,Homemade Dahi Bara Masala Recipe By Food Fusion (Ramzan Special Recipe),https://www.youtube.com/watch?v=BC7FYBp662U
Homemade Dahi/Yogurt Recipe By Food Fusion (Ramzan Special Recipe),Indian/Pakistani,1 channel,-,-,Homemade Dahi/Yogurt Recipe By Food Fusion (Ramzan Special Recipe),https://www.youtube.com/watch?v=pjIMLMiJp9E
Homemade easy tomato puree recipe,Indian/Pakistani,1 channel,-,-,Homemade easy tomato puree recipe by Food Fusion,https://www.youtube.com/watch?v=aZvQaRX8_rA
Homemade Firecracker Chicken Recipe,Indian/Pakistani,1 channel,-,-,Homemade Firecracker Chicken Recipe By Food Fusion,https://www.youtube.com/watch?v=pZ1Vrfq_d9M
Homemade Frozen Daal Kachori,Indian/Pakistani,1 channel,-,-,Homemade Frozen Daal Kachori - Make and Freeze Ramadan Recipe by Food Fusion,https://www.youtube.com/watch?v=m2nxN2I9UAE
Homemade Frozen Fruit Yogurt Recipe,Indian/Pakistani,1 channel,-,-,Homemade Frozen Fruit Yogurt Recipe By Food Fusion,https://www.youtube.com/watch?v=q_crSXF6suA
Homemade Frozen Poori: How to make and freeze,Indian/Pakistani,1 channel,-,-,Homemade Frozen Poori: How to make and freeze - Ramzan Recipe by Food Fusion,https://www.youtube.com/watch?v=Ca_pG1qxBHg
Homemade Gajar Ka Achar Recipe,Indian/Pakistani,1 channel,-,-,Homemade Gajar Ka Achar Recipe By Food Fusion,https://www.youtube.com/watch?v=lCmwH0SMhXg
Homemade Garam Masala Powder Recipe,Indian/Pakistani,1 channel,-,-,Homemade Garam Masala Powder Recipe By Food Fusion,https://www.youtube.com/watch?v=RJjtt0EZDrY
"Homemade Garlic, Ginger and Onion Powder Recipe",Indian/Pakistani,1 channel,-,-,"Homemade Garlic, Ginger and Onion Powder Recipe By Food Fusion",https://www.youtube.com/watch?v=2rrdC_PGV7g
Homemade Golden Milk Premix Recipe,Indian/Pakistani,1 channel,-,-,Homemade Golden Milk Premix Recipe by Food Fusion,https://www.youtube.com/watch?v=h1pC_-a4Gj8
Homemade Hot Chocolate Mix,Indian/Pakistani,1 channel,-,-,Homemade Hot Chocolate Mix - Winter Special Recipe By Food Fusion,https://www.youtube.com/watch?v=vFHDKopMe9s
Homemade Hot Chocolate Recipe,Indian/Pakistani,1 channel,-,-,Homemade Hot Chocolate Recipe by Food Fusion,https://www.youtube.com/watch?v=HttKTTjyWtc
Homemade ice cream cones,Indian/Pakistani,1 channel,-,-,Homemade ice cream cones,https://www.youtube.com/watch?v=7tRog8I-sVE
Homemade Instant Daal Premix,Indian/Pakistani,1 channel,-,-,Homemade Instant Daal Premix - 👉Make and store Recipe by Food Fusion,https://www.youtube.com/watch?v=qTgxxGkyKpQ
Homemade Instant Kheer Mix Recipe By Food Fusion (Ramzan Special Recipe),Indian/Pakistani,1 channel,-,-,Homemade Instant Kheer Mix Recipe By Food Fusion (Ramzan Special Recipe),https://www.youtube.com/watch?v=5YdUcAK19BU
Homemade Instant Limo Pani Mix 👉 Make & Store Recipe,Indian/Pakistani,1 channel,-,-,Homemade Instant Limo Pani Mix 👉 Make & Store Recipe by Food Fusion,https://www.youtube.com/watch?v=82lyI1TwZEc
Homemade Instant Sheer Khurma Mix Recipe By Food Fusion (Eid Special),Indian/Pakistani,1 channel,-,-,Homemade Instant Sheer Khurma Mix Recipe By Food Fusion (Eid Special),https://www.youtube.com/watch?v=KAezf-8UFt4
Homemade Italian Sausages Recipe,Indian/Pakistani,1 channel,-,-,Homemade Italian Sausages Recipe By Food Fusion,https://www.youtube.com/watch?v=_ut_W93RDqE
Homemade Kataifi Pastry (Kunafa Dough) Recipe,Arabic/Mediterranean,1 channel,-,-,Homemade Kataifi Pastry (Kunafa Dough) Recipe by Food Fusion,https://www.youtube.com/watch?v=akyyf_XkbVs
Homemade Khoya 2 Ways Recipe,Indian/Pakistani,1 channel,-,-,Homemade Khoya 2 Ways Recipe By Food Fusion,https://www.youtube.com/watch?v=XwQb8DDFQMI
Homemade Khoya Recipe,Indian/Pakistani,1 channel,-,-,Homemade Khoya Recipe by Food Fusion,https://www.youtube.com/watch?v=hN693Dm2Wdo
Homemade Mascarpone Cheese Recipe,Indian/Pakistani,1 channel,-,-,Homemade Mascarpone Cheese Recipe By Food Fusion,https://www.youtube.com/watch?v=GqshX6O2qzU
Homemade Mayonnaise with pasteurized eggs Recipe,Continental,1 channel,-,-,Homemade Mayonnaise with pasteurized eggs Recipe By Food Fusion,https://www.youtube.com/watch?v=l96s8INWq2U
Homemade Milk Bread Recipe,Indian/Pakistani,1 channel,-,-,Homemade Milk Bread Recipe by Food Fusion,https://www.youtube.com/watch?v=rkMZaRw4khs
Homemade Naan Recipe,Indian/Pakistani,1 channel,-,-,Homemade Naan Recipe By Food Fusion,https://www.youtube.com/watch?v=qoZ_mqQLIOw
Homemade Nihari and Daleem Masala Recipe,Indian/Pakistani,1 channel,-,-,Homemade Nihari and Daleem Masala Recipe By Food Fusion,https://www.youtube.com/watch?v=tAsPtd5JfUQ
Homemade Pancake Mix Recipe,Continental,1 channel,-,-,Homemade Pancake Mix Recipe By Food Fusion,https://www.youtube.com/watch?v=0CTDTBbKCbg
Homemade Peanut Butter Recipe,Indian/Pakistani,1 channel,-,-,Homemade Peanut Butter Recipe by Food Fusion,https://www.youtube.com/watch?v=M4h9Io20zkI
Homemade Peshawari Mango Ice cream Recipe,Indian/Pakistani,1 channel,-,-,Homemade Peshawari Mango Ice cream Recipe by Food Fusion,https://www.youtube.com/watch?v=AN71uqRuKI0
Homemade Pita Bun with Crispy Chicken Back to School,Arabic/Mediterranean,1 channel,-,-,Homemade Pita Bun with Crispy Chicken Back to School - Lunchbox Recipe by Food Fusion,https://www.youtube.com/watch?v=SFRcF45q3ag
Homemade Pizza Sauce🍕 Make and Store Recipe,Continental,1 channel,-,-,Homemade Pizza Sauce🍕 Make and Store Recipe by Food Fusion,https://www.youtube.com/watch?v=FSpJDPmCXJY
Homemade Puff Pastry Recipe,Indian/Pakistani,1 channel,-,-,Homemade Puff Pastry Recipe by Food Fusion,https://www.youtube.com/watch?v=RgA5mp4EOhA
Homemade Quick Lal Sharbat Recipe By Food Fusion (Ramzan Special),Indian/Pakistani,1 channel,-,-,Homemade Quick Lal Sharbat Recipe By Food Fusion (Ramzan Special),https://www.youtube.com/watch?v=KUTHSF9b2Sc
"Homemade Remedy for Computer Mind, Sharp Eyes, Back Pain",Indian/Pakistani,1 channel,"Homemade Remedy for Computer Mind, Sharp Eyes, Back Pain",https://www.youtube.com/watch?v=E85GyPyq6wg,-,-
Homemade Samosa Patti and Roll Patti recipes by Food Fusion (Ramzan Recipe),Indian/Pakistani,1 channel,-,-,Homemade Samosa Patti and Roll Patti recipes by Food Fusion (Ramzan Recipe),https://www.youtube.com/watch?v=qXj7y2eJrBI
Homemade Samosa/Manda Patti with Iron & Tawa,Indian/Pakistani,1 channel,-,-,Homemade Samosa/Manda Patti with Iron & Tawa  -  Ramadan Special Recipe By Food Fusion,https://www.youtube.com/watch?v=DpfdMiCcf74
Homemade Sloppy Joe Sandwich Recipe,Continental,1 channel,-,-,Homemade Sloppy Joe Sandwich Recipe By Food Fusion,https://www.youtube.com/watch?v=rO_k9lNVSRM
Homemade Storable Pizza Crust(Dough) No yeast No Oven Recipe,Continental,1 channel,-,-,Homemade Storable Pizza Crust(Dough) No yeast No Oven Recipe By Food Fusion,https://www.youtube.com/watch?v=kgZNadGoyGk
Homemade Strawberry Ice Cream Recipe,Indian/Pakistani,1 channel,-,-,Homemade Strawberry Ice Cream Recipe By Food Fusion,https://www.youtube.com/watch?v=2yBj2zh69E8
Homemade strawberry Jam and Syrup Recipes,Indian/Pakistani,1 channel,-,-,Homemade strawberry Jam and Syrup Recipes By Food Fusion,https://www.youtube.com/watch?v=g64qNFISfdA
Homemade Super Tonic for Sharp Eyes and Powerful  Mind,Indian/Pakistani,1 channel,Homemade Super Tonic for Sharp Eyes and Powerful  Mind - For all Ages,https://www.youtube.com/watch?v=gjCVl09WxSE,-,-
Homemade Talbina Mix 👉 Make & Store Recipe,Indian/Pakistani,1 channel,-,-,Homemade Talbina Mix 👉 Make & Store Recipe by Food Fusion,https://www.youtube.com/watch?v=v0CCuQqtP2M
Homemade Tandoori Tikka Masala Recipe,Indian/Pakistani,1 channel,-,-,Homemade Tandoori Tikka Masala Recipe By Food Fusion,https://www.youtube.com/watch?v=Jw_Au6s_3WQ
Homemade Tikka Masala Cooking Sauce (Make & Store) Recipe,Indian/Pakistani,1 channel,-,-,Homemade Tikka Masala Cooking Sauce (Make & Store) Recipe by Food Fusion,https://www.youtube.com/watch?v=DBYIKHOkV60
Homemade Til Rewari Recipe,Indian/Pakistani,1 channel,-,-,Homemade Til Rewari Recipe by Food Fusion,https://www.youtube.com/watch?v=BGESMsNygiU
Homemade tomato Essentials Make & Store Recipes,Indian/Pakistani,1 channel,-,-,Homemade tomato Essentials Make & Store Recipes By Food Fusion,https://www.youtube.com/watch?v=4TQvnEecvf0
Homemade Tomato Ketchup and Tomato Paste Recipes,Indian/Pakistani,1 channel,-,-,Homemade Tomato Ketchup and Tomato Paste Recipes By Food Fusion,https://www.youtube.com/watch?v=jQcUi7BNWPw
Homemade Tomato Paste Recipe,Indian/Pakistani,1 channel,-,-,Homemade Tomato Paste Recipe By Food Fusion,https://www.youtube.com/watch?v=vT0E8clCqcg
Homemade Tutti Frutti with Watermelon Rind Recipe,Indian/Pakistani,1 channel,-,-,Homemade Tutti Frutti with Watermelon Rind Recipe by Food Fusion,https://www.youtube.com/watch?v=tyJuXRnrbAM
Homemade Winter Special Snacks Recipes,Indian/Pakistani,1 channel,-,-,Homemade Winter Special Snacks Recipes By Food Fusion,https://www.youtube.com/watch?v=bpkCUhRL_AE
Homemade Zafrani Kheer Mix Recipe By Food Fusion (Ramazan Special Recipe),Indian/Pakistani,1 channel,-,-,Homemade Zafrani Kheer Mix Recipe By Food Fusion (Ramazan Special Recipe),https://www.youtube.com/watch?v=G_0EOJ_G2IA
Honey BBQ Chicken Bao buns Recipe from scratch,Indian/Pakistani,1 channel,-,-,Honey BBQ Chicken Bao buns Recipe from scratch - Food Fusion,https://www.youtube.com/watch?v=1EjzUSdlrRU
Honey BBQ Chicken Wings Recipe,Continental,1 channel,-,-,Honey BBQ Chicken Wings Recipe By Food Fusion,https://www.youtube.com/watch?v=GK6P3sZLAWM
Honey Cake Recipe,Continental,1 channel,-,-,Honey Cake Recipe by Food Fusion,https://www.youtube.com/watch?v=xDzCJex--LI
Honey Cinnamon Pancakes Recipe,Indian/Pakistani,1 channel,-,-,Honey Cinnamon Pancakes Recipe By Food Fusion,https://www.youtube.com/watch?v=w68ODiwJFK8
Honey Garlic Chicken Tenders,Indian/Pakistani,1 channel,-,-,Honey Garlic Chicken Tenders By Food Fusion,https://www.youtube.com/watch?v=xjuoEiPiuUw
Honey Sriracha Crispy Chicken Rice Bowl Recipe,Indian/Pakistani,1 channel,-,-,Honey Sriracha Crispy Chicken Rice Bowl Recipe by Food Fusion,https://www.youtube.com/watch?v=yUnWj95vyM4
Hot & Sour Noodle Soup Recipe,Chinese,1 channel,-,-,Hot & Sour Noodle Soup Recipe By Food Fusion,https://www.youtube.com/watch?v=70lugjxvoAs
Hot & Sour Soup (Chicken) Recipe,Indian/Pakistani,1 channel,-,-,Hot & Sour Soup (Chicken) Recipe By Food Fusion,https://www.youtube.com/watch?v=eZKbddlY4aQ
Hot & Sour Soup in Minutes,Indian/Pakistani,1 channel,-,-,Hot & Sour Soup in Minutes | Storable Soup Base Recipe By Food Fusion,https://www.youtube.com/watch?v=9eRed6PNgqQ
Hot & Spicy Beef recipe,Indian/Pakistani,1 channel,-,-,Hot & Spicy Beef recipe by food fusion,https://www.youtube.com/watch?v=Nb7RWOvDmJ8
Hot & spicy jalfrezi Recipe By Food Fusion (Ramzan Special),Indian/Pakistani,1 channel,-,-,Hot & spicy jalfrezi Recipe By Food Fusion (Ramzan Special),https://www.youtube.com/watch?v=GtEU_C6x-n0
Hot and Sour Vegetable Soup  Recipe,Indian/Pakistani,1 channel,-,-,Hot and Sour Vegetable Soup  Recipe By Food Fusion,https://www.youtube.com/watch?v=5WoqoOJ9jpA
Hot Chilli Chicken with Airfried Bun Pockets Recipe,Indian/Pakistani,1 channel,-,-,Hot Chilli Chicken with Airfried Bun Pockets Recipe By Food Fusion,https://www.youtube.com/watch?v=y0RdIyS6KAM
Hot Chocolate 2 ways (Peanut butter & Caramel) Recipe,Continental,1 channel,-,-,Hot Chocolate 2 ways (Peanut butter & Caramel) Recipe by Food Fusion,https://www.youtube.com/watch?v=Tx0XWfp4--s
Hot Chocolate 3 ways,Indian/Pakistani,1 channel,-,-,Hot Chocolate 3 ways - | Our best | - Recipes By Food Fusion,https://www.youtube.com/watch?v=aYHIqJJ5n6o
Hot Chocolate Milk Cake Recipe,Continental,1 channel,-,-,Hot Chocolate Milk Cake Recipe by Food Fusion,https://www.youtube.com/watch?v=Wd1voO5xGdw
Hot Chocolate on Stick Recipe,Indian/Pakistani,1 channel,-,-,Hot Chocolate on Stick Recipe by Food Fusion,https://www.youtube.com/watch?v=Bd-UgQbeCGA
Hot Chocolate quick and simple Recipe,Indian/Pakistani,1 channel,-,-,Hot Chocolate quick and simple Recipe by Food Fusion,https://www.youtube.com/watch?v=T4dPdXHIIlo
Hot Garlic Chicken Sizzler Recipe,Indian/Pakistani,1 channel,-,-,Hot Garlic Chicken Sizzler Recipe by Food Fusion,https://www.youtube.com/watch?v=SL5_gg8LFwA
Hot Honey Sliders Ramadan Special Recipe,Indian/Pakistani,1 channel,-,-,Hot Honey Sliders Ramadan Special Recipe By Food Fusion,https://www.youtube.com/watch?v=FSsllNmhe9A
How Did Food Fusion Adapt To The Changing Circumstances,Indian/Pakistani,1 channel,-,-,How Did Food Fusion Adapt To The Changing Circumstances,https://www.youtube.com/watch?v=c1OxdGs-m-s
How to Boil and Store Pasta/Spaghetti,Continental,1 channel,-,-,How to Boil and Store Pasta/Spaghetti | By Food Fusion,https://www.youtube.com/watch?v=EsZtYkiWYWQ
How to Clean Dirty Black Cooking Oil,Indian/Pakistani,1 channel,How to Clean Dirty Black Cooking Oil - Trick to clean and reuse frying oil,https://www.youtube.com/watch?v=hVH_lmUJZG0,-,-
How to Cook Broken Rice Perfectly,Indian/Pakistani,1 channel,How to Cook Broken Rice Perfectly - White Matar Pulao using tota rice,https://www.youtube.com/watch?v=BrQcqqetJLA,-,-
How to Cut a Watermelon,Indian/Pakistani,1 channel,-,-,How to Cut a Watermelon - 10 Easy & Artistic Ways  By Food Fusion,https://www.youtube.com/watch?v=RaC1plhox_s
How to grow Kakri (Long Melon) at home Kitchen Garden,Indian/Pakistani,1 channel,-,-,How to grow Kakri (Long Melon) at home - Food Fusion Kitchen Garden,https://www.youtube.com/watch?v=i4Ln0prFyeQ
How to make a Pakora Platter 7 in 1,Indian/Pakistani,1 channel,-,-,How to make a Pakora Platter 7 in 1 recipe - Food Fusion,https://www.youtube.com/watch?v=1OnuYpiAMwU
How to make a WaterMelon Basket,Indian/Pakistani,1 channel,-,-,How to make a WaterMelon Basket - Food Fusion,https://www.youtube.com/watch?v=jQqH5xeTiCs
How to make Baked Egg,Indian/Pakistani,1 channel,-,-,How to make Baked Egg - Food Fusion,https://www.youtube.com/watch?v=9tBTUuNdOig
How to Make Best Beef Nihari with Homemade Nihari Masala Bakra Eid Special Recipe,Indian/Pakistani,1 channel,-,-,How to Make Best Beef Nihari with Homemade Nihari Masala Bakra Eid Special Recipe by Food Fusion,https://www.youtube.com/watch?v=1Kd3mhopYaE
How to make Best Hummus,Arabic/Mediterranean,1 channel,How to make Best Hummus | Hummus and Tahini Recipe  | 2 in 1,https://www.youtube.com/watch?v=NhzKYfd3DU4,-,-
How To Make Butter Chicken At Home,Indian/Pakistani,1 channel,How To Make Butter Chicken At Home | Restaurant Style Recipe | Pakistani Chef Afzal Arshad,https://www.youtube.com/watch?v=hqYQeB_02_o,-,-
How To Make Chicken Macaroni,Continental,1 channel,How To Make Chicken Macaroni - Quick and Delicious Macaroni Recipe by Kun Foods,https://www.youtube.com/watch?v=ZYNyTqUR_ws,-,-
How to make Chicken Tikka Club Sandwich Recipe,Continental,1 channel,-,-,How to make Chicken Tikka Club Sandwich Recipe by Food Fusion,https://www.youtube.com/watch?v=vxGc_WqvP2g
How To make easy Kimchi at home,Indian/Pakistani,1 channel,-,-,How To make easy Kimchi at home - Korean Kimchi Recipe by Food Fusion,https://www.youtube.com/watch?v=VE4vAhnVPDU
How to make Garlic Mayo  / Restaurant Style Shawarma Sauces and Pickle Recipe /,Arabic/Mediterranean,1 channel,How to make Garlic Mayo  / Restaurant Style Shawarma Sauces and Pickle Recipe / Kun Foods,https://www.youtube.com/watch?v=ePYu2ffBpQQ,-,-
How To Make Granola Without Oven /Stove Top  Recipe,Indian/Pakistani,1 channel,-,-,How To Make Granola Without Oven /Stove Top  Recipe By Food Fusion,https://www.youtube.com/watch?v=t9oFgHO2SJY
How To Make Malai Boti in Air Fryer Recipe,Indian/Pakistani,1 channel,-,-,How To Make Malai Boti in Air Fryer Recipe By Food Fusion,https://www.youtube.com/watch?v=OlQKUUl4TRo
How to make perfect Tea (Quetta Hotel Chai),Indian/Pakistani,1 channel,How to make perfect Tea (Quetta Hotel Chai),https://www.youtube.com/watch?v=huT9NXE2mtQ,-,-
How to make pizza,Continental,1 channel,How to make pizza | Restaurant Style Pizza EP-01 | KUN Foods,https://www.youtube.com/watch?v=xgGLCOOe8E0,-,-
How to make pizza chicken,Continental,1 channel,How to make pizza chicken |  Restaurant Style Pizza EP-03 | KUN Foods,https://www.youtube.com/watch?v=LBAA3c5wIIg,-,-
How to make pizza Sauce,Continental,1 channel,How to make pizza Sauce | Restaurant Style Pizza EP-02 | KUN Foods,https://www.youtube.com/watch?v=BgpoWjziDqs,-,-
How to make Simple and easy Lasagna ‪Recipe,Continental,1 channel,-,-,How to make Simple and easy Lasagna ‪Recipe By Food Fusion,https://www.youtube.com/watch?v=khwWnVHuPEU
How To Make Storable Steam Chicken Kofta (Make and Freeze) Recipe,Indian/Pakistani,1 channel,-,-,How To Make Storable Steam Chicken Kofta (Make and Freeze) Recipe Food Fusion,https://www.youtube.com/watch?v=U58uvLHUsPM
"How to make Sweet  Nutella, Sugar and Gurr Paratha (Busri)",Indian/Pakistani,1 channel,-,-,"How to make Sweet  Nutella, Sugar and Gurr Paratha (Busri) - Food Fusion",https://www.youtube.com/watch?v=Pd1C_dThyLA
How to make Traditional Automatic Gas Tandoor,Indian/Pakistani,1 channel,How to make Traditional Automatic Gas Tandoor | (Home Use),https://www.youtube.com/watch?v=vsU0yjZC0ME,-,-
How to operate Frying Machine,Non-Recipe/Vlog,1 channel,How to operate Frying Machine - Commercial Fryer - Kun Foods,https://www.youtube.com/watch?v=OGCxAemtlIQ,-,-
How to perfectly fold a samosa With Homemade Samosa Patti,Indian/Pakistani,1 channel,-,-,How to perfectly fold a samosa With Homemade Samosa Patti By Food Fusion,https://www.youtube.com/watch?v=Y_Dp_pQuIi8
"How to Store Fish || Wash, Marinate and Store Fish for 6 months",Indian/Pakistani,1 channel,"How to Store Fish || Wash, Marinate and Store Fish for 6 months",https://www.youtube.com/watch?v=yjeupzLcces,-,-
How to store mangoes,Indian/Pakistani,1 channel,-,-,How to store mangoes - Mango Shake in December By Food Fusion,https://www.youtube.com/watch?v=czNa2KiEhB0
How to store seasonal vegetables for longer duration,Indian/Pakistani,1 channel,-,-,How to store seasonal vegetables for longer duration By Food Fusion,https://www.youtube.com/watch?v=LX-ytDob7sc
How to store tomatoes Method,Indian/Pakistani,1 channel,-,-,How to store tomatoes Method By Food Fusion,https://www.youtube.com/watch?v=9DFq55EKwQg
How to Store Vegetables,Indian/Pakistani,1 channel,-,-,How to Store Vegetables - Methods by Food Fusion,https://www.youtube.com/watch?v=r0spMs9xwfs
How to Wrap a Dumpling/Wonton,Chinese,1 channel,-,-,How to Wrap a Dumpling/Wonton - Styles and techniques Recipe By Food Fusion,https://www.youtube.com/watch?v=cX8hgX5YVEU
HQ BLOKUS Organizer By @fusionhomepk,Indian/Pakistani,1 channel,-,-,HQ BLOKUS Organizer By @fusionhomepk,https://www.youtube.com/watch?v=ZHwfTg2FFs0
Hube Air Fryer Reviewed,Indian/Pakistani,1 channel,-,-,Hube Air Fryer Reviewed - Best Value For Money - Asad Memon From Food Fusion,https://www.youtube.com/watch?v=NPUaq8KCV9A
Hummus & Baba Ghanoush Dips Recipes,Arabic/Mediterranean,1 channel,-,-,Hummus & Baba Ghanoush Dips Recipes By Food Fusion,https://www.youtube.com/watch?v=6ryHFG7lkno
Hummus & Falafel Wraps Recipe By Food Fusion (Ramzan Special),Arabic/Mediterranean,1 channel,-,-,Hummus & Falafel Wraps Recipe By Food Fusion (Ramzan Special),https://www.youtube.com/watch?v=PRciaYxo9JI
Hummus Chickpea Masala Recipe,Arabic/Mediterranean,1 channel,-,-,Hummus Chickpea Masala Recipe by Food Fusion,https://www.youtube.com/watch?v=EgKZyuE70jk
Hunger & Disease Persists,Indian/Pakistani,1 channel,-,-,Hunger & Disease Persists - Khipro - 1200 Families Reached Food Fusion Flood Relief Update 7,https://www.youtube.com/watch?v=_-3Dc0_acNY
Hunza Zardig Chicken Recipe,Indian/Pakistani,1 channel,-,-,Hunza Zardig Chicken Recipe By Food Fusion,https://www.youtube.com/watch?v=fr8cOi4q2QI
Hunzai Cashew Qeema Ramzan Special Recipe,Indian/Pakistani,1 channel,-,-,Hunzai Cashew Qeema Ramzan Special Recipe By Food Fusion,https://www.youtube.com/watch?v=mOUTIHRlKjs
Hunzai Chicken Handi Recipe,Indian/Pakistani,1 channel,-,-,Hunzai Chicken Handi Recipe by Food Fusion,https://www.youtube.com/watch?v=dm92ecyoaEQ
Hunzai Chicken Seekh Kabab,Indian/Pakistani,1 channel,-,-,Hunzai Chicken Seekh Kabab - Make and Store Recipe By Food Fusion,https://www.youtube.com/watch?v=HPD3pa9bI1g
Hyderabadi Dahi Baray Recipe By Food Fusion (Ramazan Special Recipe),Indian/Pakistani,1 channel,-,-,Hyderabadi Dahi Baray Recipe By Food Fusion (Ramazan Special Recipe),https://www.youtube.com/watch?v=Y1Ts20yzWx4
Hyderabadi Degi Chana Pulao,Indian/Pakistani,1 channel,Hyderabadi Degi Chana Pulao,https://www.youtube.com/watch?v=6c0NUYs2ThU,-,-
Hyderabadi Dum Chicken Recipe,Indian/Pakistani,1 channel,-,-,Hyderabadi Dum Chicken Recipe By Food Fusion,https://www.youtube.com/watch?v=NaP2S-A_230
Hyderabadi Dum Ke Bagarey Baingan,Indian/Pakistani,1 channel,Hyderabadi Dum Ke Bagarey Baingan - Pakistani Chef Recipe,https://www.youtube.com/watch?v=jb_yzJ4Z1KA,-,-
Hyderabadi Fruit Cream Chaat,Indian/Pakistani,1 channel,-,-,Hyderabadi Fruit Cream Chaat  - Iftar Special Recipe by Food Fusion,https://www.youtube.com/watch?v=KRftigqDgAs
Hyderabadi Kofta Curry Recipe By Food Fusion (Ramzan Special Recipe),Indian/Pakistani,1 channel,-,-,Hyderabadi Kofta Curry Recipe By Food Fusion (Ramzan Special Recipe),https://www.youtube.com/watch?v=BBmhnrdU96A
Hyderabadi Mirchon ka Salan Recipe,Indian/Pakistani,1 channel,-,-,Hyderabadi Mirchon ka Salan Recipe By Food Fusion,https://www.youtube.com/watch?v=5a9c6YKCOuk
Hyderabadi Mutton keema Recipe,Indian/Pakistani,1 channel,-,-,Hyderabadi Mutton keema Recipe By Food Fusion,https://www.youtube.com/watch?v=GfvHH7DnIt4
Hyderabadi Red Chicken Recipe,Indian/Pakistani,1 channel,-,-,Hyderabadi Red Chicken Recipe by Food Fusion,https://www.youtube.com/watch?v=hz-OFYlVuRw
Hyderabadi Restaurant Style Biryani Recipe,Indian/Pakistani,1 channel,-,-,Hyderabadi Restaurant Style Biryani Recipe By Food Fusion,https://www.youtube.com/watch?v=D5ym5TKaD5o
Hyderabadi Saadi Biryani Recipe ( Quick and Easy),Indian/Pakistani,1 channel,-,-,Hyderabadi Saadi Biryani Recipe ( Quick and Easy) By Food Fusion,https://www.youtube.com/watch?v=psm4d3F5aQM
Hyderabadi Style Qubooli Rice Recipe,Indian/Pakistani,1 channel,-,-,Hyderabadi Style Qubooli Rice Recipe By Food Fusion,https://www.youtube.com/watch?v=ZOlf2-6Hz2o
Hyderabadi Style Shahi Malai Paya Recipe by Food Fusion (Bakra Eid Special),Indian/Pakistani,1 channel,-,-,Hyderabadi Style Shahi Malai Paya Recipe by Food Fusion (Bakra Eid Special),https://www.youtube.com/watch?v=Y3V60yrIBZo
Hyderabadi Vegetable Biryani Recipe,Indian/Pakistani,1 channel,-,-,Hyderabadi Vegetable Biryani Recipe by Food Fusion,https://www.youtube.com/watch?v=Z4hvzSstsnI
Hyderabadi Yakhni Biryani Ramadan Special Recipe,Indian/Pakistani,1 channel,-,-,Hyderabadi Yakhni Biryani Ramadan Special Recipe by Food Fusion,https://www.youtube.com/watch?v=67ugM2Ht1TM
I CAME PAKISTAN AFTER ONE YEAR !!,Non-Recipe/Vlog,1 channel,I CAME PAKISTAN AFTER ONE YEAR !!,https://www.youtube.com/watch?v=LQqWUUIp_ek,-,-
I Cooked Biryani For My Family,Indian/Pakistani,1 channel,I Cooked Biryani For My Family | Chicken Biryani Recipe | Kun Foods,https://www.youtube.com/watch?v=o93Vgo-uWgU,-,-
I Cooked for Whole Family,Indian/Pakistani,1 channel,"I Cooked for Whole Family - Mutton Korma, Vegetable Pulao, Steam Chicken BBQ (Dawat Menu)",https://www.youtube.com/watch?v=DHzlosVG-nE,-,-
I made Bread at Home,Indian/Pakistani,1 channel,I made Bread at Home - Better Than Bakery - Homemade Sliced Bread Recipe,https://www.youtube.com/watch?v=XZXOY_Pmz2s,-,-
Ice Cream,Indian/Pakistani,1 channel,"Ice Cream homemade | NO MACHINE || 3 Ingredients, better than store",https://www.youtube.com/watch?v=doU_wheZ3ZQ,-,-
Ice Cream Cake shakes 2 ways Recipes By Food Fusion (Ramazan Special),Continental,1 channel,-,-,Ice Cream Cake shakes 2 ways Recipes By Food Fusion (Ramazan Special),https://www.youtube.com/watch?v=HomKeriuazA
Ice cream Falooda Recipe,Indian/Pakistani,1 channel,-,-,Ice cream Falooda Recipe by Food Fusion,https://www.youtube.com/watch?v=rGUD9buuK3M
Ice cream Lal Sharbet Recipe By Food Fusion (Ramzan Special),Indian/Pakistani,1 channel,-,-,Ice cream Lal Sharbet Recipe By Food Fusion (Ramzan Special),https://www.youtube.com/watch?v=t98ZlsbNgz0
Ice Cream Poke Cake Recipe By Food Fusion (Eid Special Dessert),Continental,1 channel,-,-,Ice Cream Poke Cake Recipe By Food Fusion (Eid Special Dessert),https://www.youtube.com/watch?v=E2W3Ed9FHk8
Ice Cream Soda Floats 3-ways Recipe,Indian/Pakistani,1 channel,-,-,Ice Cream Soda Floats 3-ways Recipe By Food Fusion,https://www.youtube.com/watch?v=YrNG48Tic-0
Ice Cream Sundaes Recipe By Food Fusion (Eid Special),Indian/Pakistani,1 channel,-,-,Ice Cream Sundaes Recipe By Food Fusion (Eid Special),https://www.youtube.com/watch?v=qrY-t2PNuR0
Iced Coffee 2 Ways (Nutella & Lotus) Recipe,Continental,1 channel,-,-,Iced Coffee 2 Ways (Nutella & Lotus) Recipe By Food Fusion,https://www.youtube.com/watch?v=MNcwAN7Dy20
Iced Coffee 3 Ways Recipe,Continental,1 channel,-,-,Iced Coffee 3 Ways Recipe by Food Fusion,https://www.youtube.com/watch?v=sQt1kRj-16k
Iced Coffee Ice cream Floats 2 ways Recipe,Continental,1 channel,-,-,Iced Coffee Ice cream Floats 2 ways Recipe by Food Fusion,https://www.youtube.com/watch?v=UDXesD9YPaU
Iced Coffee Recipe,Continental,1 channel,-,-,Iced Coffee Recipe By Food Fusion,https://www.youtube.com/watch?v=AtNQC6Uq2Yw
Iced Green Tea recipe 2 ways,Indian/Pakistani,1 channel,-,-,Iced Green Tea recipe 2 ways by Food Fusion,https://www.youtube.com/watch?v=iZVb-K4OebI
Iced green tea with Coconut water Recipe,Indian/Pakistani,1 channel,-,-,Iced green tea with Coconut water Recipe by Food Fusion,https://www.youtube.com/watch?v=LB21nHeW698
Iced Mango Latte & Korean Mango Milk Recipe,Indian/Pakistani,1 channel,-,-,Iced Mango Latte & Korean Mango Milk Recipe by Food Fusion,https://www.youtube.com/watch?v=2eLbBLXZH4c
Iced Pistachio Latte Recipe,Indian/Pakistani,1 channel,-,-,Iced Pistachio Latte Recipe by Food Fusion,https://www.youtube.com/watch?v=KUM6_ZuINcg
"Iftar Snacks Baked, steamed and grilled By Food Fusion (Ramzan Special)",Indian/Pakistani,1 channel,-,-,"Iftar Snacks Baked, steamed and grilled By Food Fusion (Ramzan Special)",https://www.youtube.com/watch?v=XQx6PZM8xUQ
Iftar Special Shahi Tukra Fusion Recipes By Food Fusion (Ramzan Special),Indian/Pakistani,1 channel,-,-,Iftar Special Shahi Tukra Fusion Recipes By Food Fusion (Ramzan Special),https://www.youtube.com/watch?v=eMyyXR9saGo
Iftari Energy Drink,Indian/Pakistani,1 channel,Iftari Energy Drink Recipe | Mazay k sath sehat bhi,https://www.youtube.com/watch?v=AELeO17gKj8,-,-
Imam Bayildi (Turkish Stuffed Eggplants) Recipe,Arabic/Mediterranean,1 channel,-,-,Imam Bayildi (Turkish Stuffed Eggplants) Recipe by Food Fusion,https://www.youtube.com/watch?v=YjvLMvhhHII
Imli aloo bukharay ka sharbat Recipe By Food Fusion (make and store Ramzan Recipe),Indian/Pakistani,1 channel,-,-,Imli aloo bukharay ka sharbat Recipe By Food Fusion (make and store Ramzan Recipe),https://www.youtube.com/watch?v=Pa0xfLhtGhI
Imli Chutney Two Ways,Indian/Pakistani,1 channel,Imli Chutney Two Ways | Easy Tamarind Chutney By Kun Foods,https://www.youtube.com/watch?v=kjrtuOuZZbw,-,-
Imli ki Chutney,Indian/Pakistani,1 channel,Imli ki Chutney Recipe - Ramzan Special Chutney for chaat,https://www.youtube.com/watch?v=laIqAUuXGuQ,-,-
Imli Toffee (Tamarind candy)   Recipe,Indian/Pakistani,1 channel,-,-,Imli Toffee (Tamarind candy)   Recipe By Food Fusion,https://www.youtube.com/watch?v=An6kAmD8jnE
Immunity Booster Atta Gond ke Laddu (No sugar),Indian/Pakistani,1 channel,-,-,Immunity Booster Atta Gond ke Laddu (No sugar) - Winter Special Recipe by Food Fusion,https://www.youtube.com/watch?v=mXLOQTH3q-I
Immunity Boosting Yakhni/Broth Recipe,Indian/Pakistani,1 channel,-,-,Immunity Boosting Yakhni/Broth Recipe by Food Fusion,https://www.youtube.com/watch?v=JqeKqD2jBxQ
Injected Chicken Broast with Garlic Dip Sauce Recipe,Indian/Pakistani,1 channel,-,-,Injected Chicken Broast with Garlic Dip Sauce Recipe by Food Fusion,https://www.youtube.com/watch?v=ymSwrDTuFHQ
Injection Broast,Indian/Pakistani,1 channel,Injection Broast - Albaik Style Chicken Broast at Home,https://www.youtube.com/watch?v=xrU3Uuwngao,-,-
Injeer (Fig)  Kulfi Recipe,Indian/Pakistani,1 channel,-,-,Injeer (Fig)  Kulfi Recipe By Food Fusion,https://www.youtube.com/watch?v=qsnbfdee6L4
Injeer Halwa (Fig halwa) Recipe,Indian/Pakistani,1 channel,-,-,Injeer Halwa (Fig halwa) Recipe by Food Fusion,https://www.youtube.com/watch?v=cGCVXn2R-BY
Instant Badam Firni (Rice pudding),Indian/Pakistani,1 channel,-,-,Instant Badam Firni (Rice pudding) Recipe | Phirni desssert by Food Fusion,https://www.youtube.com/watch?v=E7gEjLC_5tY
Instant Butter Chicken Recipe,Indian/Pakistani,1 channel,-,-,Instant Butter Chicken Recipe by Food Fusion,https://www.youtube.com/watch?v=18oC4mmHHX0
Instant Chai Mix,Indian/Pakistani,1 channel,-,-,Instant Chai Mix - Just add Hot Water - Recipe By Food Fusion,https://www.youtube.com/watch?v=fe_CZ-B1ZV4
Instant Coffee Mix,Continental,1 channel,-,-,Instant Coffee Mix - Just add Hot Water (Travel Friendly) Recipe By Food Fusion,https://www.youtube.com/watch?v=d4phensLEdg
Instant  Gajar Ka Achar (Carrot pickle) Recipe,Indian/Pakistani,1 channel,-,-,Instant  Gajar Ka Achar (Carrot pickle) Recipe By Food Fusion,https://www.youtube.com/watch?v=8lQWjajiXZA
Instant Gajar Mooli ka Achar,Indian/Pakistani,1 channel,Instant Gajar Mooli ka Achar - Secret Achar Masala,https://www.youtube.com/watch?v=RecQMikDVxQ,-,-
Instant green chili and garlic pickle recipe,Indian/Pakistani,1 channel,-,-,Instant green chili and garlic pickle recipe by Food Fusion,https://www.youtube.com/watch?v=N_FdbyF8c6w
Instant Green Chili Pickle Recipe,Indian/Pakistani,1 channel,-,-,Instant Green Chili Pickle Recipe By Food Fusion,https://www.youtube.com/watch?v=--7F9Zv7kRg
Instant Gulab Jamun Made of Bread (Super Cheap),Indian/Pakistani,1 channel,Instant Gulab Jamun Made of Bread (Super Cheap),https://www.youtube.com/watch?v=fAGF4YFZpbc,-,-
Instant Gurr Masala Chai Mix Recipe,Indian/Pakistani,1 channel,-,-,Instant Gurr Masala Chai Mix Recipe by Food Fusion,https://www.youtube.com/watch?v=SJa798Lm09o
Instant Jalebi Recipe,Indian/Pakistani,1 channel,-,-,Instant Jalebi Recipe by Food Fusion,https://www.youtube.com/watch?v=cpx2v7vae8E
Instant Kashmiri Chai Mix,Indian/Pakistani,1 channel,-,-,Instant Kashmiri Chai Mix - Just add Hot Water Recipe By Food Fusion,https://www.youtube.com/watch?v=eu64JwZ2dSg
Instant kulfa Mix Recipe By Food Fusion (Ramzan Special Recipe),Indian/Pakistani,1 channel,-,-,Instant kulfa Mix Recipe By Food Fusion (Ramzan Special Recipe),https://www.youtube.com/watch?v=nxWYWT3XLSk
Instant Mong Daal Halwa Recipe,Indian/Pakistani,1 channel,-,-,Instant Mong Daal Halwa Recipe By Food Fusion,https://www.youtube.com/watch?v=m2K9s1u1Hns
Instant Noodle Recipes,Chinese,1 channel,-,-,3 Delicious Instant Noodle Recipes By Food Fusion,https://www.youtube.com/watch?v=DY4mhf-v3b4
Instant Soup Base Recipe,Indian/Pakistani,1 channel,-,-,Instant Soup Base Recipe by Food Fusion,https://www.youtube.com/watch?v=tDLDXc7L4zM
Instant Soups 101,Indian/Pakistani,1 channel,-,-,Instant Soups 101 - Winter Special by - Asad Memon - Food Fusion,https://www.youtube.com/watch?v=Ie58Yu51qO8
Instant Vegetable Noodle Soup Mix Recipe,Chinese,1 channel,-,-,Instant Vegetable Noodle Soup Mix Recipe by Food Fusion,https://www.youtube.com/watch?v=1RU-inb8dww
Introducing,Indian/Pakistani,1 channel,-,-,Introducing Food Fusion,https://www.youtube.com/watch?v=U8NgecqV0qo
Irani Chicken Pulao (Zereshk Pilaf) Ramadan Special Recipe,Indian/Pakistani,1 channel,-,-,Irani Chicken Pulao (Zereshk Pilaf) Ramadan Special Recipe by Food Fusion,https://www.youtube.com/watch?v=3Pcd-aYo1vY
IRANI KEBAB!! Commercial Kabab,Indian/Pakistani,1 channel,IRANI KEBAB!! Commercial Kabab Recipe - Kun Foods,https://www.youtube.com/watch?v=3B9ZI2zt3cQ,-,-
Irani/Persian Mirza Ghasemi (Smoked Eggplant),Indian/Pakistani,1 channel,-,-,Irani/Persian Mirza Ghasemi (Smoked Eggplant) by Food Fusion,https://www.youtube.com/watch?v=bNb0kclMrDg
Irresistible Desi Milk Dessert Recipes,Indian/Pakistani,1 channel,-,-,Irresistible Desi Milk Dessert Recipes By Food Fusion,https://www.youtube.com/watch?v=E-PjvawCcEQ
Iskandar kebab Recipe By Food Fusion (Bakra Eid Special),Indian/Pakistani,1 channel,-,-,Iskandar kebab Recipe By Food Fusion (Bakra Eid Special),https://www.youtube.com/watch?v=Non4ZqMgDPY
Islamabad To Nathia Gali Road Trip,Indian/Pakistani,1 channel,-,-,Islamabad To Nathia Gali Road Trip - Vlog Part 2 - Food Fusion,https://www.youtube.com/watch?v=tKlwhlgObH4
Italian Chopped Sandwich Recipe,Continental,1 channel,-,-,Italian Chopped Sandwich Recipe by Food Fusion,https://www.youtube.com/watch?v=pC4l9FMFk20
Italian Cream Soda 2 ways Recipe,Indian/Pakistani,1 channel,-,-,Italian Cream Soda 2 ways Recipe By Food Fusion,https://www.youtube.com/watch?v=uJ0kyXzTcCI
Italian Double Cheese Pizza Recipe,Continental,1 channel,-,-,Italian Double Cheese Pizza Recipe by Food Fusion,https://www.youtube.com/watch?v=7b8sYqSfVuk
Italian Pasta Salad Recipe,Continental,1 channel,-,-,Italian Pasta Salad Recipe by food Fusion,https://www.youtube.com/watch?v=QtYIAimp3TU
Italian Pesto Sandwich Recipe,Continental,1 channel,-,-,Italian Pesto Sandwich Recipe by Food Fusion,https://www.youtube.com/watch?v=4Hymbg8rsko
Jaipuri Biryani Recipe,Indian/Pakistani,1 channel,-,-,Jaipuri Biryani Recipe By Food Fusion,https://www.youtube.com/watch?v=pjg0ZPbnq1o
Jalapeno & Cheese Omelette Recipe,Continental,1 channel,-,-,Jalapeno & Cheese Omelette Recipe by Food Fusion,https://www.youtube.com/watch?v=Ri-oU7YOY4Q
Jalapeno Cheese Macaroni in Microwave Recipe,Continental,1 channel,-,-,Jalapeno Cheese Macaroni in Microwave Recipe by Food Fusion,https://www.youtube.com/watch?v=8aC9Dmu85Jw
Jalapeno Chicken Enchiladas Recipe,Indian/Pakistani,1 channel,-,-,Jalapeno Chicken Enchiladas Recipe by Food Fusion,https://www.youtube.com/watch?v=5dfdLlELQEU
Jalapeno Crispy Chicken Sliders Recipe,Indian/Pakistani,1 channel,-,-,Jalapeno Crispy Chicken Sliders Recipe By Food Fusion,https://www.youtube.com/watch?v=aAn0Y7uflh0
Jalapeno Crunch Beef Cheese Burger Recipe,Continental,1 channel,-,-,Jalapeno Crunch Beef Cheese Burger Recipe by Food Fusion,https://www.youtube.com/watch?v=Ul5BwE6uHL4
Jalapeno Grilled Chicken Cheese Sandwich Recipe,Continental,1 channel,-,-,Jalapeno Grilled Chicken Cheese Sandwich Recipe By Food Fusion,https://www.youtube.com/watch?v=fYxFqX7Xjc4
Jalapeno Orange Chicken Recipe,Indian/Pakistani,1 channel,-,-,Jalapeno Orange Chicken Recipe by Food Fusion,https://www.youtube.com/watch?v=TdJjW5z-tcI
Jalapeno Veggie Burger Recipe By Food Fusion (Ramzan Special Recipe),Continental,1 channel,-,-,Jalapeno Veggie Burger Recipe By Food Fusion (Ramzan Special Recipe),https://www.youtube.com/watch?v=OX6L3Tz8iiY
Jalebi Churros with Saffron Rabri,Indian/Pakistani,1 channel,-,-,Jalebi Churros with Saffron Rabri by Food Fusion,https://www.youtube.com/watch?v=ydb4t93em2I
Jalebi Paratha Recipe,Indian/Pakistani,1 channel,-,-,Jalebi Paratha Recipe by Food Fusion,https://www.youtube.com/watch?v=0EIHyVBAD_I
Jalebi Rabri Recipe,Indian/Pakistani,1 channel,-,-,Jalebi Rabri Recipe By Food Fusion,https://www.youtube.com/watch?v=bcH95TI78fY
Jalebi Recipe,Indian/Pakistani,1 channel,-,-,Jalebi Recipe by Food Fusion,https://www.youtube.com/watch?v=U7GJ-d7uQss
"Jalebi Recipe || Make Crispy, Crunchy, Juicy Jalebi and Rabri Milk in Minutes",Indian/Pakistani,1 channel,"Jalebi Recipe || Make Crispy, Crunchy, Juicy Jalebi and Rabri Milk in Minutes",https://www.youtube.com/watch?v=R-rQc3DYa-4,-,-
Jali Kabab Recipe By Food Fusion (Bakra Eid Special Recipe),Indian/Pakistani,1 channel,-,-,Jali Kabab Recipe By Food Fusion (Bakra Eid Special Recipe),https://www.youtube.com/watch?v=XN5VJqWSDAM
Jamun Barfi Recipe,Indian/Pakistani,1 channel,-,-,Jamun Barfi Recipe by Food Fusion,https://www.youtube.com/watch?v=cIcs0KPGXaI
Jamun Lassi Recipe by Food Fusion (Summer Special),Indian/Pakistani,1 channel,-,-,Jamun Lassi Recipe by Food Fusion (Summer Special),https://www.youtube.com/watch?v=4yWOVPUjTzE
Jamun Mojito Summer Special Drink,Indian/Pakistani,1 channel,-,-,Jamun Mojito Summer Special Drink By Food Fusion,https://www.youtube.com/watch?v=5EBy1YjDzwM
Jamun Parfait Summer Special Recipe,Indian/Pakistani,1 channel,-,-,Jamun Parfait Summer Special Recipe By Food Fusion,https://www.youtube.com/watch?v=J7QNUKbww9U
Jamun Sharbat Recipe by Asad Memon (Summer Special),Indian/Pakistani,1 channel,-,-,Jamun Sharbat Recipe by Asad Memon-Food Fusion (Summer Special),https://www.youtube.com/watch?v=EjLKkppj4zg
Japanese Croquettes Recipe,Indian/Pakistani,1 channel,-,-,Japanese Croquettes Recipe By Food Fusion,https://www.youtube.com/watch?v=QctjpjSohEA
Japanese Long Fries Ramadan Special Recipe,Indian/Pakistani,1 channel,-,-,Japanese Long Fries Ramadan Special Recipe By Food Fusion,https://www.youtube.com/watch?v=LxUjSPVVIDE
Japanese Pizza Calzone Ramadan Special Recipe,Continental,1 channel,-,-,Japanese Pizza Calzone Ramadan Special Recipe By Food Fusion,https://www.youtube.com/watch?v=NfFewVzFMKM
Japanese style Wanpaku Sandwich 2 ways Recipe,Continental,1 channel,-,-,Japanese style Wanpaku Sandwich 2 ways Recipe By Food Fusion,https://www.youtube.com/watch?v=tPY4bszG0-Y
Japani Samosa Recipe By Food Fusion (Ramzan Special Recipe),Indian/Pakistani,1 channel,-,-,Japani Samosa Recipe By Food Fusion (Ramzan Special Recipe),https://www.youtube.com/watch?v=Y4e4VlwMC84
Jashan E Azadi Mubarak,Indian/Pakistani,1 channel,-,-,Jashan E Azadi Mubarak,https://www.youtube.com/watch?v=I50xrRo5U6A
Jauzi Halwa Recipe,Indian/Pakistani,1 channel,-,-,Jauzi Halwa Recipe by Food Fusion,https://www.youtube.com/watch?v=yRZ7sblJa40
Jhat Pat Chicken Soup Nathia Gali Special,Indian/Pakistani,1 channel,-,-,Jhat Pat Chicken Soup Nathia Gali Special - Winter Recipe By Saima Food Fusion,https://www.youtube.com/watch?v=KbTfKpqKYQY
Jhatpat Aloo Palak Recipe,Indian/Pakistani,1 channel,-,-,Jhatpat Aloo Palak Recipe by Food Fusion,https://www.youtube.com/watch?v=BGu5jE-abUw
Jhinga Biryani/Prawn Biryani Recipe,Indian/Pakistani,1 channel,-,-,Jhinga Biryani/Prawn Biryani Recipe By Food Fusion,https://www.youtube.com/watch?v=m92Zm224lEE
Jiggly Fluffy Cake,Continental,1 channel,-,-,Jiggly Fluffy Cake - Aka Castella Cake Recipe By Food Fusion,https://www.youtube.com/watch?v=W6yjiiRTL60
Juiciest Malai Boti at home without Grill or Oven,Indian/Pakistani,1 channel,Juiciest Malai Boti at home without Grill or Oven,https://www.youtube.com/watch?v=F4Gk9JMUlXA,-,-
Juicy Chicken Pulao,Indian/Pakistani,1 channel,"Juicy Chicken Pulao | Juicy, Soft Chicken Pulao cooked in gravy",https://www.youtube.com/watch?v=REwYoiwnPtQ,-,-
Junglee Pulao Restaurant Style,Indian/Pakistani,1 channel,Junglee Pulao Restaurant Style | Authentic Rice Cooked with Vegetables | Kun Foods,https://www.youtube.com/watch?v=fEEWfQoT1fM,-,-
Just Add Water,Indian/Pakistani,1 channel,-,-,Just Add Water - Magic Chutney Powder Recipes By Food Fusion (Ramzan Special),https://www.youtube.com/watch?v=HXeC39yCwUw
Kabab Biryani Recipe,Indian/Pakistani,1 channel,-,-,Kabab Biryani Recipe By Food Fusion,https://www.youtube.com/watch?v=bTryrRhwoRU
Kabab Karahi recipe,Indian/Pakistani,1 channel,-,-,Kabab Karahi recipe by Food Fusion,https://www.youtube.com/watch?v=0EgsTXn4rq4
Kabab Korma Recipe,Indian/Pakistani,1 channel,-,-,Kabab Korma Recipe by Food Fusion,https://www.youtube.com/watch?v=2p0b1t3E2UM
Kabab Tocos with Salsa Recipe By Food Fusion (Ramazan Special),Indian/Pakistani,1 channel,-,-,Kabab Tocos with Salsa Recipe By Food Fusion (Ramazan Special),https://www.youtube.com/watch?v=kNYgTQgMzC4
KababNum (Inspired by Magnum Cafe) Recipe,Indian/Pakistani,1 channel,-,-,KababNum (Inspired by Magnum Cafe) Recipe by Food Fusion,https://www.youtube.com/watch?v=es02KrtwI1g
Kabsa || National Dish of Arab (Gulf),Arabic/Mediterranean,1 channel,Kabsa || National Dish of Arab (Gulf),https://www.youtube.com/watch?v=Qz1YX83yKwA,-,-
Kabuli (Afghani) Pulao Recipe || Beef Afghani Pulao Perfect for Eid |,Indian/Pakistani,1 channel,Kabuli (Afghani) Pulao Recipe || Beef Afghani Pulao Perfect for Eid || kun foods,https://www.youtube.com/watch?v=v-JmR_wl80I,-,-
Kabuli Pulao,Indian/Pakistani,1 channel,Kabuli Pulao | Authentic Recipe of Peshawri Kabuli Pulao,https://www.youtube.com/watch?v=_0xmSdq8bzo,-,-
Kabuli Pulao ( Afghani Pulao) Simplified Recipe,Arabic/Mediterranean,1 channel,-,-,Kabuli Pulao ( Afghani Pulao) Simplified Recipe By Food Fusion,https://www.youtube.com/watch?v=3SlIQtHsToc
Kabuli Pulao (Afghani Pulao) Recipe,Arabic/Mediterranean,1 channel,-,-,Kabuli Pulao (Afghani Pulao) Recipe By Food Fusion,https://www.youtube.com/watch?v=regRtevOymE
Kacchi Biryani (Bangladeshi Style) Recipe By Food Fusion,Indian/Pakistani,1 channel,-,-,Kacchi Biryani (Bangladeshi Style) Recipe By Food Fusion Detailed,https://www.youtube.com/watch?v=aYPq1g-loyg
Kacha Khatta Jazeera Chaat Ramzan Special Recipe,Indian/Pakistani,1 channel,-,-,Kacha Khatta Jazeera Chaat Ramzan Special Recipe By Food Fusion,https://www.youtube.com/watch?v=7ZewuPDDkmc
Kachay Aam / keri  ka Chunda Recipe,Indian/Pakistani,1 channel,-,-,Kachay Aam / keri  ka Chunda Recipe by Food Fusion,https://www.youtube.com/watch?v=Ax35nrZR0JQ
Kachay Gosht ka Pulao,Indian/Pakistani,1 channel,Kachay Gosht ka Pulao - Better than yakhni pulao,https://www.youtube.com/watch?v=2RTPkhAebTs,-,-
Kachay Pyaz Ka Keema,Indian/Pakistani,1 channel,Kachay Pyaz Ka Keema - Dhaba Style Chatkhara Keema,https://www.youtube.com/watch?v=BTlibbiCH_4,-,-
Kachay Qeema ka Kebab with Naan & Tomato chutney recipe,Indian/Pakistani,1 channel,-,-,Kachay Qeema ka Kebab with Naan & Tomato chutney recipe By Food Fusion,https://www.youtube.com/watch?v=N3HN2IPCDlQ
Kachay Qeemay kay Khattay Kabab Recipe,Indian/Pakistani,1 channel,-,-,Kachay Qeemay kay Khattay Kabab Recipe By Food Fusion,https://www.youtube.com/watch?v=RmMndN5aoQs
Kachay Qeemy Kay Chatkhara Kabab,Indian/Pakistani,1 channel,Kachay Qeemy Kay Chatkhara Kabab,https://www.youtube.com/watch?v=w0lI8l3GkoU,-,-
Kachi Kadhi Recipe,Indian/Pakistani,1 channel,-,-,Kachi Kadhi Recipe By Food Fusion,https://www.youtube.com/watch?v=0jhIPMkkbMQ
Kachori Chaat Ramadan Special Recipe,Indian/Pakistani,1 channel,-,-,Kachori Chaat Ramadan Special Recipe by Food Fusion,https://www.youtube.com/watch?v=Bh0cnmBUH0M
Kachori Platter Recipe,Indian/Pakistani,1 channel,-,-,Kachori Platter Recipe by Food Fusion,https://www.youtube.com/watch?v=2DO68tED7Ho
Kachori Recipe quick and simple,Indian/Pakistani,1 channel,-,-,Kachori Recipe quick and simple by Food Fusion,https://www.youtube.com/watch?v=lvI0so7aESw
"Kachori, Suji Ka Halwa, Channay ki Tarkari & Aalo Ki Tarkari Recipe",Indian/Pakistani,1 channel,-,-,"Kachori, Suji Ka Halwa, Channay ki Tarkari & Aalo Ki Tarkari Recipe by Food Fusion",https://www.youtube.com/watch?v=BFn0CvoUjgo
Kachri Qeema Recipe,Indian/Pakistani,1 channel,-,-,Kachri Qeema Recipe by Food Fusion,https://www.youtube.com/watch?v=jvOGHXEVhwc
Kadhai Bhindi Recipe,Indian/Pakistani,1 channel,-,-,Kadhai Bhindi Recipe By Food Fusion,https://www.youtube.com/watch?v=KPnCzrhS3Yg
Kadhi Chaat Recipe,Indian/Pakistani,1 channel,-,-,Kadhi Chaat Recipe By Food Fusion,https://www.youtube.com/watch?v=ly4FjNwqA4I
Kadhi Chawal,Indian/Pakistani,1 channel,Kadhi Chawal Recipe  | Kadhi Pakora Recipe | Tasty and Yummy Recipe By Kun Foods,https://www.youtube.com/watch?v=SkY1ZjJUaV8,-,-
Kadhi  Pakora Recipe by Food Fusion (Pakora Kadhi),Indian/Pakistani,1 channel,-,-,Kadhi  Pakora Recipe by Food Fusion (Pakora Kadhi),https://www.youtube.com/watch?v=mcYJ9aTA61E
Kadhi Pakora Recipe || Legendary Food of Pakistan,Indian/Pakistani,1 channel,Kadhi Pakora Recipe || Legendary Food of Pakistan,https://www.youtube.com/watch?v=dIT1JiPx_FY,-,-
Kadhi Pakora Restaurant Style,Indian/Pakistani,1 channel,Kadhi Pakora Restaurant Style - Recipe with Easy Tips and Tricks,https://www.youtube.com/watch?v=1wA48MoMJV8,-,-
Kafta kabab Recipe,Indian/Pakistani,1 channel,-,-,Kafta kabab Recipe By Food Fusion,https://www.youtube.com/watch?v=5R8ge6KTh8M
Kairi Mirchi Panna Recipe by Food Fusion (Summer Special),Indian/Pakistani,1 channel,-,-,Kairi Mirchi Panna Recipe by Food Fusion (Summer Special),https://www.youtube.com/watch?v=lTEfxglVQMY
Kaju Katli with only 3 Ingredients Recipe,Indian/Pakistani,1 channel,-,-,Kaju Katli with only 3 Ingredients Recipe by Food Fusion,https://www.youtube.com/watch?v=uY-jANOg5U0
Kala Chana Aloo Chaat Recipe By Food Fusion (Ramazan Special),Indian/Pakistani,1 channel,-,-,Kala Chana Aloo Chaat Recipe By Food Fusion (Ramazan Special),https://www.youtube.com/watch?v=650ssFWPg8E
Kala Chana Galawati Kabab Recipe,Indian/Pakistani,1 channel,-,-,Kala Chana Galawati Kabab Recipe by Food Fusion,https://www.youtube.com/watch?v=zaeG4CYmEq0
Kala Chana Kadhi Chaat,Indian/Pakistani,1 channel,-,-,Kala Chana Kadhi Chaat - Iftar special Recipe by Food Fusion,https://www.youtube.com/watch?v=5Bja8FGkWro
Kala Jamun Eid Special Recipe,Indian/Pakistani,1 channel,-,-,Kala Jamun Eid Special Recipe By Food Fusion,https://www.youtube.com/watch?v=YoEshAylDYU
Kalay Chanay ka Kabab Recipe By Healthy,Indian/Pakistani,1 channel,-,-,Kalay Chanay ka Kabab Recipe By Healthy Food Fusion,https://www.youtube.com/watch?v=xwnGo8kUkAw
Kalay Chanay ka Salan with Zeera Pulao Recipe,Indian/Pakistani,1 channel,-,-,Kalay Chanay ka Salan with Zeera Pulao Recipe by Food Fusion,https://www.youtube.com/watch?v=xLaMmGnIWLA
Kalay Chanay ki Chaat Recipe,Indian/Pakistani,1 channel,-,-,Kalay Chanay ki Chaat Recipe By Food Fusion,https://www.youtube.com/watch?v=UFk8jZMzgQc
Kalay Channay Ka Pulao With Mirchi Ka Raita Recipe,Indian/Pakistani,1 channel,-,-,Kalay Channay Ka Pulao With Mirchi Ka Raita Recipe By Food Fusion,https://www.youtube.com/watch?v=RptjEfappck
Kaleji,Indian/Pakistani,1 channel,Kaleji Recipe | Easy Kaleji for Eid Special | How to cook soft kaleji,https://www.youtube.com/watch?v=Ddgo_ecM86E,-,-
Kaleji & Maghaz Recipes By Food Fusion (Bakra Eid Special),Indian/Pakistani,1 channel,-,-,Kaleji & Maghaz Recipes By Food Fusion (Bakra Eid Special),https://www.youtube.com/watch?v=_IdVE5rZwwA
Kaleji 4 Ways Eid Special recipes,Indian/Pakistani,1 channel,-,-,Kaleji 4 Ways Eid Special recipes By Food Fusion,https://www.youtube.com/watch?v=LwTEljhjVM0
Kaleji Bun Kabab Recipe By Food Fusion (Bakra Eid Special),Indian/Pakistani,1 channel,-,-,Kaleji Bun Kabab Recipe By Food Fusion (Bakra Eid Special),https://www.youtube.com/watch?v=XIRg8qT6n-Y
Kaleji Handi Recipe By Food Fusion (Bakra Eid Special),Indian/Pakistani,1 channel,-,-,Kaleji Handi Recipe By Food Fusion (Bakra Eid Special),https://www.youtube.com/watch?v=IE-rH4-YiHY
Kaleji Karahi recipe,Indian/Pakistani,1 channel,-,-,Kaleji Karahi recipe by Food Fusion,https://www.youtube.com/watch?v=D8JvIPISvXI
Kaleji Qeema Karahi,Indian/Pakistani,1 channel,-,-,Kaleji Qeema Karahi - Bakra Eid Special  Recipe by Food Fusion,https://www.youtube.com/watch?v=qqOvLbF-jhM
Kali Mirch Bheja Tawa Fry Bakra Eid Special Recipe,Indian/Pakistani,1 channel,-,-,Kali Mirch Bheja Tawa Fry Bakra Eid Special Recipe By Food Fusion,https://www.youtube.com/watch?v=LLxazVUP8aA
Kali Mirch Chicken Karahi Ramzan Special,Indian/Pakistani,1 channel,Kali Mirch Chicken Karahi Ramzan Special | کم مصالحے والے کڑاہی,https://www.youtube.com/watch?v=wS4dpyp0U2Q,-,-
Kali Mirch Chicken Karahi Recipe,Indian/Pakistani,1 channel,-,-,Kali Mirch Chicken Karahi Recipe By Food Fusion,https://www.youtube.com/watch?v=JSc0VEBgB-4
Kali Mirch Chicken Recipe,Indian/Pakistani,1 channel,-,-,Kali Mirch Chicken Recipe by Food Fusion,https://www.youtube.com/watch?v=Ki1AkC5oTOE
Kali Mirch Mutton & Chops Gravy Recipe,Indian/Pakistani,1 channel,-,-,Kali Mirch Mutton & Chops Gravy Recipe by Food Fusion,https://www.youtube.com/watch?v=ih6cYu-KZYM
Kali Mirch Mutton Gravy Recipe,Indian/Pakistani,1 channel,-,-,Kali Mirch Mutton Gravy Recipe By Food Fusion,https://www.youtube.com/watch?v=-M09sv81YQA
"Kali Mirch Mutton Karahi, Black Pepper Mutton Gravy",Indian/Pakistani,1 channel,"Kali Mirch Mutton Karahi, Black Pepper Mutton Gravy by Kun Foods",https://www.youtube.com/watch?v=6N_wKdkPZOo,-,-
Kali Mirch Roll Iftar Special Snack Recipe By Food Fusion (Ramzan Special),Indian/Pakistani,1 channel,-,-,Kali Mirch Roll Iftar Special Snack Recipe By Food Fusion (Ramzan Special),https://www.youtube.com/watch?v=AuMn19F2Eek
Kanwal Kakri/Lotus Root/Beh Kabab Recipe,Indian/Pakistani,1 channel,-,-,Kanwal Kakri/Lotus Root/Beh Kabab Recipe By Food Fusion,https://www.youtube.com/watch?v=YadzAHJHOI0
Karachi Biryani But Better,Indian/Pakistani,1 channel,Karachi Biryani But Better - The Art of Biryani Making (Updated),https://www.youtube.com/watch?v=OtrM4MClJYI,-,-
Karachi Famous Chicken Resha Bun Kabab Recipe,Indian/Pakistani,1 channel,-,-,Karachi Famous Chicken Resha Bun Kabab Recipe by Food Fusion,https://www.youtube.com/watch?v=B9stw87RFDU
Karachi Famous Pulao Biryani,Indian/Pakistani,1 channel,Karachi Famous Pulao Biryani - Perfect 1kg Recipe (Best Ever),https://www.youtube.com/watch?v=8dtr8Q5bPJ4,-,-
Karachi Famous Tarbooz ka Sharbat,Indian/Pakistani,1 channel,-,-,Karachi Famous Tarbooz ka Sharbat - Watermelon Juice Summer Special Drink by Food Fusion,https://www.youtube.com/watch?v=rEYPuK3mqTI
Karachi Fry Kabab Recipe,Indian/Pakistani,1 channel,-,-,Karachi Fry Kabab Recipe By Food Fusion,https://www.youtube.com/watch?v=OcEYUWIFy5k
Karachi k Dahi Baray,Indian/Pakistani,1 channel,Karachi k Dahi Baray - Complete Recipe with Secret Masala,https://www.youtube.com/watch?v=4vUsWGqDqN8,-,-
Karachi Mutton Biryani,Indian/Pakistani,1 channel,Karachi Mutton Biryani,https://www.youtube.com/watch?v=lXjH3rrrpq4,-,-
Karachi to Hunza Vlog Part 1 Travel Series 2019,Indian/Pakistani,1 channel,-,-,Karachi to Hunza Vlog Part 1 - Food Fusion Travel Series 2019,https://www.youtube.com/watch?v=nvpY4K8RfAw
Karahi Cooking Sauce (For Easy Karahi in 15 min) Recipe,Indian/Pakistani,1 channel,-,-,Karahi Cooking Sauce (For Easy Karahi in 15 min) Recipe by Food Fusion,https://www.youtube.com/watch?v=xklD9fuc0Fc
Karahi Recipes By Food Fusion (Bakra Eid Special),Indian/Pakistani,1 channel,-,-,6 Delicious Karahi Recipes By Food Fusion (Bakra Eid Special),https://www.youtube.com/watch?v=h8Y7AkGdss0
Karak Chai Pakistani Style,Indian/Pakistani,1 channel,Karak Chai Pakistani Style | Tea Recipe with Science,https://www.youtube.com/watch?v=5lnWU7xIIKc,-,-
Karela Pyaz,Indian/Pakistani,1 channel,Karela Pyaz  - Restaurant Style Karela Recipe,https://www.youtube.com/watch?v=EKzh1adTrBo,-,-
Karela Pyaz Recipe,Indian/Pakistani,1 channel,-,-,Karela Pyaz Recipe By Food Fusion,https://www.youtube.com/watch?v=q8wRQDbgCpE
Karele ki Sabzi,Indian/Pakistani,1 channel,Karele ki Sabzi | Crispy Karela Fry Sabzi recipe | Bittergourd Onion Sabzi,https://www.youtube.com/watch?v=nzBjZABvyCc,-,-
Kari Chutney 3-ways (Raw Mango Chutney) Recipes,Indian/Pakistani,1 channel,-,-,Kari Chutney 3-ways (Raw Mango Chutney) Recipes By Food Fusion,https://www.youtube.com/watch?v=q0Sc-qhPlhA
Karrak Chai || Best Tea Recipe || He Sells 5000 Cups in One Day Only Rs-10,Indian/Pakistani,1 channel,Karrak Chai || Best Tea Recipe || He Sells 5000 Cups in One Day Only Rs-10,https://www.youtube.com/watch?v=-XvvUHQxLKk,-,-
Kashmiri Chai (Pink Tea) Recipe,Indian/Pakistani,1 channel,-,-,Kashmiri Chai (Pink Tea) Recipe By Food Fusion,https://www.youtube.com/watch?v=bbtDwHk-yPg
Kashmiri Chai Recipe || Kashmiri Chai || Restaurant Special Pink Tea,Indian/Pakistani,1 channel,Kashmiri Chai Recipe || Kashmiri Chai || Restaurant Special Pink Tea,https://www.youtube.com/watch?v=gm5Zzdqz8mk,-,-
Kashmiri Chicken Pulao Recipe,Indian/Pakistani,1 channel,-,-,Kashmiri Chicken Pulao Recipe By Food Fusion,https://www.youtube.com/watch?v=jVWrKD3GlXM
Kashmiri Dal,Indian/Pakistani,1 channel,Kashmiri Dal Recipe - Best daal for naan and chawal,https://www.youtube.com/watch?v=9rGSzQs_yzg,-,-
Kashmiri lal Mirch Ki Chutney Recipe,Indian/Pakistani,1 channel,-,-,Kashmiri lal Mirch Ki Chutney Recipe By Food Fusion,https://www.youtube.com/watch?v=FRl0DP8Fp7E
Kashmiri Noon Tea/Chai,Indian/Pakistani,1 channel,-,-,Kashmiri Noon Tea/Chai - Pink Tea (No artificial color) Recipe By Food Fusion,https://www.youtube.com/watch?v=9x3G5zIc5jc
Kashmiri Rajma Gravy with Pulao Recipe,Indian/Pakistani,1 channel,-,-,Kashmiri Rajma Gravy with Pulao Recipe by Food Fusion,https://www.youtube.com/watch?v=O44aEt2I97w
Kashmiri Style Biryani Recipe,Indian/Pakistani,1 channel,-,-,Kashmiri Style Biryani Recipe By Food Fusion,https://www.youtube.com/watch?v=No5vBIPjy7Y
Kashmiri Wazwan Chicken Recipe,Indian/Pakistani,1 channel,-,-,Kashmiri Wazwan Chicken Recipe By Food Fusion,https://www.youtube.com/watch?v=HDh6hZlJ7mE
Kashmiri Wazwan Kabab Recipe By Food Fusion (Bakra Eid Special),Indian/Pakistani,1 channel,-,-,Kashmiri Wazwan Kabab Recipe By Food Fusion (Bakra Eid Special),https://www.youtube.com/watch?v=RT7MDS8dULo
Kasturi chicken Recipe,Indian/Pakistani,1 channel,-,-,Kasturi chicken Recipe by Food Fusion,https://www.youtube.com/watch?v=wRTbFijcBRg
Kasturi Chicken Skewers Recipe,Indian/Pakistani,1 channel,-,-,Kasturi Chicken Skewers Recipe By Food Fusion,https://www.youtube.com/watch?v=EzYgKklfGN8
Kasuri Fish Gravy Recipe,Indian/Pakistani,1 channel,-,-,Kasuri Fish Gravy Recipe By Food Fusion,https://www.youtube.com/watch?v=xOawd5bfg5M
Katakat Karahi Bakra Eid Special Recipe,Indian/Pakistani,1 channel,-,-,Katakat Karahi Bakra Eid Special Recipe by Food Fusion,https://www.youtube.com/watch?v=JAFEOgDVX8I
Kate Masala ka Keema Recipe,Indian/Pakistani,1 channel,-,-,Kate Masala ka Keema Recipe by Food Fusion,https://www.youtube.com/watch?v=OJ1Nrx0F_2M
Kathiawari  Aloo Chana Chaat Recipe By Food Fusion (Ramazan Special Recipe),Indian/Pakistani,1 channel,-,-,Kathiawari  Aloo Chana Chaat Recipe By Food Fusion (Ramazan Special Recipe),https://www.youtube.com/watch?v=Z3AYRnQtjoY
Kathiawari Cholay Authentic Karachi Style Recipe Ramzan Special,Indian/Pakistani,1 channel,Kathiawari Cholay Authentic Karachi Style Recipe Ramzan Special,https://www.youtube.com/watch?v=no5f0Lx-_yc,-,-
Kathiawari Choley Recipe,Indian/Pakistani,1 channel,-,-,Kathiawari Choley Recipe By Food Fusion,https://www.youtube.com/watch?v=cUI353bGHl8
Katlama Recipe,Indian/Pakistani,1 channel,-,-,Katlama Recipe By Food Fusion,https://www.youtube.com/watch?v=hFlHicfy3Wg
Katori Chaat Recipe By Food Fusion (Ramzan Recipes),Indian/Pakistani,1 channel,-,-,Katori Chaat Recipe By Food Fusion (Ramzan Recipes),https://www.youtube.com/watch?v=m9a4j4QMDm4
Katori Halwa (Aate Ka Halwa) Recipe,Indian/Pakistani,1 channel,-,-,Katori Halwa (Aate Ka Halwa) Recipe By Food Fusion,https://www.youtube.com/watch?v=bgq0Gx59tR4
Katsu Chicken,Japanese,1 channel,-,-,Katsu Chicken Recipe - Food Fusion,https://www.youtube.com/watch?v=-PSD3rvwnyQ
Katsu Fried Chicken Burger Recipe,Japanese,1 channel,-,-,Katsu Fried Chicken Burger Recipe By Food Fusion,https://www.youtube.com/watch?v=7LasLEFc2Ec
Katwa Gosht Famous Traditional Dish of Attock Dist.,Indian/Pakistani,1 channel,Katwa Gosht Famous Traditional Dish of Attock Dist.,https://www.youtube.com/watch?v=xoeNb0i-1Z8,-,-
Kayri Qeema (Raw Mango Qeema) Recipe,Indian/Pakistani,1 channel,-,-,Kayri Qeema (Raw Mango Qeema) Recipe By Food Fusion,https://www.youtube.com/watch?v=Up00gBsopJU
Keema Burger,Continental,1 channel,Keema Burger Recipe - Street Style Beef Burger with Sauces,https://www.youtube.com/watch?v=VRje3fclqsQ,-,-
Keema Karelay,Indian/Pakistani,1 channel,Keema Karelay - Bitter Gourd with Mince,https://www.youtube.com/watch?v=QgghVu5wLro,-,-
Keemay Wali Namkeen Sawaiyan Recipe,Indian/Pakistani,1 channel,-,-,Keemay Wali Namkeen Sawaiyan Recipe By Food Fusion,https://www.youtube.com/watch?v=MLAoW_1AgK0
Kemami Seviyan for Eid Dessert,Indian/Pakistani,1 channel,Kemami Seviyan for Eid Dessert,https://www.youtube.com/watch?v=GmkcFXcV19U,-,-
"Keri (Raw Mango) Recipes. Chutney, Panna & keri ka Shurbat Recipe",Indian/Pakistani,1 channel,-,-,"Keri (Raw Mango) Recipes. Chutney, Panna & keri ka Shurbat Recipe By Food Fusion",https://www.youtube.com/watch?v=GseWk5mRLf0
Keri Lehsan ka Achaar Recipe,Indian/Pakistani,1 channel,-,-,Keri Lehsan ka Achaar Recipe by Food Fusion,https://www.youtube.com/watch?v=mYry6gsZIG8
Keri Pyaz ki Chutney,Indian/Pakistani,1 channel,-,-,Keri Pyaz ki Chutney - Summer Special Recipe by Food Fusion,https://www.youtube.com/watch?v=L-p917zqEH4
Keri/Aam Ka achar Recipe By Food Fusion (Mango pickle),Indian/Pakistani,1 channel,-,-,Keri/Aam Ka achar Recipe By Food Fusion (Mango pickle),https://www.youtube.com/watch?v=FFaGwbbu6cQ
KFC Rice,Continental,1 channel,KFC Rice Recipe | Easy 15 Minutes KFC Rice Bowl | Kun Foods,https://www.youtube.com/watch?v=oBNw1SWd0Sc,-,-
KFC Zinger Burger at Home Without Machine,Continental,1 channel,KFC Zinger Burger at Home Without Machine,https://www.youtube.com/watch?v=fmrZnvjJ8kA,-,-
khageena with Instant Green Chili Pickle(Achar) Recipe,Indian/Pakistani,1 channel,-,-,khageena with Instant Green Chili Pickle(Achar) Recipe By Food Fusion,https://www.youtube.com/watch?v=LYnKghHPP_Y
Khajoor Balls (dates) coated with coconut and sesame seeds,Indian/Pakistani,1 channel,-,-,Khajoor Balls (dates) coated with coconut and sesame seeds- Food Fusion,https://www.youtube.com/watch?v=95qowJ0L4R0
Khajoor Kay Ladoo Recipe,Indian/Pakistani,1 channel,-,-,Khajoor Kay Ladoo Recipe By Food Fusion,https://www.youtube.com/watch?v=xp99QMWKD-o
Khandwiyon ka Salan Recipe,Indian/Pakistani,1 channel,-,-,Khandwiyon ka Salan Recipe By Food Fusion,https://www.youtube.com/watch?v=XE0K9ht89ag
Kharay Iftar Bites Ramadan Special Recipe,Indian/Pakistani,1 channel,-,-,Kharay Iftar Bites Ramadan Special Recipe by Food Fusion,https://www.youtube.com/watch?v=OlVJHAOD-pI
Kharay Masalay ki Murgi (Whole spice chicken),Indian/Pakistani,1 channel,-,-,Kharay Masalay ki Murgi (Whole spice chicken) By Food Fusion,https://www.youtube.com/watch?v=hD6lbhVSZWA
Khashkhash Chutney Fish Fry Recipe,Indian/Pakistani,1 channel,-,-,Khashkhash Chutney Fish Fry Recipe by Food Fusion,https://www.youtube.com/watch?v=aGrtLmL5f40
Khasta Aloo Puri Chaat,Indian/Pakistani,1 channel,-,-,Khasta Aloo Puri Chaat - Ramzan Special Recipe by Food Fusion,https://www.youtube.com/watch?v=2M7bLdVTyMs
Khasta Chicken Kachori,Indian/Pakistani,1 channel,-,-,Khasta Chicken Kachori - Easy Ramzan Special Recipe by Food Fusion,https://www.youtube.com/watch?v=TkjgQmrvow8
Khasta kabab (Stuffed) Recipe By Food Fusion (Ramazan Special),Indian/Pakistani,1 channel,-,-,Khasta kabab (Stuffed) Recipe By Food Fusion (Ramazan Special),https://www.youtube.com/watch?v=XF4pbp9iLZw
Khasta Kachori with Chakki Atta Recipe by Food Fusion (Ramzan Special),Indian/Pakistani,1 channel,-,-,Khasta Kachori with Chakki Atta Recipe by Food Fusion (Ramzan Special),https://www.youtube.com/watch?v=j4MCSyFEPdM
Khasta Shakar Paray Recipe,Indian/Pakistani,1 channel,-,-,Khasta Shakar Paray Recipe by Food Fusion,https://www.youtube.com/watch?v=VnEKEsf1_vw
Khatay Meethay Aloo Recipe,Indian/Pakistani,1 channel,-,-,Khatay Meethay Aloo Recipe By Food Fusion,https://www.youtube.com/watch?v=lCDIabNqlmU
Khattay Pani walay Bhallay Ramadan Special Recipe,Indian/Pakistani,1 channel,-,-,Khattay Pani walay Bhallay Ramadan Special Recipe by Food Fusion,https://www.youtube.com/watch?v=jI5MD3BAWRg
Khattay Pani wali Chana Chaat,Indian/Pakistani,1 channel,-,-,Khattay Pani wali Chana Chaat - Iftar Special Recipe by Food Fusion,https://www.youtube.com/watch?v=5_4pL4kXOR4
Khatti Daal Recipe,Indian/Pakistani,1 channel,-,-,Khatti Daal Recipe by Food Fusion,https://www.youtube.com/watch?v=RVdmUeAG86Q
Khatti Meethi Imli Chutney,Indian/Pakistani,1 channel,Khatti Meethi Imli Chutney - Eid Special Chutney for BBQ and Many More,https://www.youtube.com/watch?v=LmnmACacHcg,-,-
Khatti Meethi Imli ki Chutney,Indian/Pakistani,1 channel,Khatti Meethi Imli ki Chutney - Ramzan Special Chutney for Chaat,https://www.youtube.com/watch?v=7G0aitOarvY,-,-
Khatty Meethy Dahi Bhallay,Indian/Pakistani,1 channel,Khatty Meethy Dahi Bhallay - Ramzan Special Soft Football like Bhallay,https://www.youtube.com/watch?v=fRfJWGECY-8,-,-
Kheer er Luchi (Bengal Dessert)  Recipe,Indian/Pakistani,1 channel,-,-,Kheer er Luchi (Bengal Dessert)  Recipe By Food Fusion,https://www.youtube.com/watch?v=h7p2_00DtMA
Khichra & Haleem Recipes,Indian/Pakistani,1 channel,-,-,Khichra & Haleem Recipes By Food Fusion,https://www.youtube.com/watch?v=FN1ou7WDugY
Khoya Khajoor Milk Shake with Banana || Juice Corner Recipe with Special Ingredient,Indian/Pakistani,1 channel,Khoya Khajoor Milk Shake with Banana || Juice Corner Recipe with Special Ingredient,https://www.youtube.com/watch?v=e5zNPmtJiiw,-,-
Khoya Kheer Recipe || Shadiyoon Wali Kheer (rice pudding),Indian/Pakistani,1 channel,Khoya Kheer Recipe || Shadiyoon Wali Kheer (rice pudding),https://www.youtube.com/watch?v=HV2Dum3fF50,-,-
Khoya Seviyan recipe,Indian/Pakistani,1 channel,-,-,Khoya Seviyan recipe By Food Fusion,https://www.youtube.com/watch?v=ndqee0Mzo18
Khoye Walay Chawal,Indian/Pakistani,1 channel,-,-,Khoye Walay Chawal | Gulati Recipe By Food Fusion,https://www.youtube.com/watch?v=URs3ihW-Jvc
Khubani & Cream Trifle Eid Special Dessert,Indian/Pakistani,1 channel,-,-,Khubani & Cream Trifle Eid Special Dessert By Food Fusion,https://www.youtube.com/watch?v=Gsy7mYRv4CI
Khubani Chutney Wali Fruit Chaat Recipe By Food Fusion (Ramadan Special),Indian/Pakistani,1 channel,-,-,Khubani Chutney Wali Fruit Chaat Recipe By Food Fusion (Ramadan Special),https://www.youtube.com/watch?v=CDynUri-neM
Khubani ka Meetha Recipe,Indian/Pakistani,1 channel,-,-,Khubani ka Meetha Recipe by Food Fusion,https://www.youtube.com/watch?v=f6_m7BzCJ9c
Khushbudar Matar Pulao,Indian/Pakistani,1 channel,Khushbudar Matar Pulao - Low cost veg white pulao recipe,https://www.youtube.com/watch?v=6o5w7-21dmU,-,-
Khyber Shinwari Chicken Karahi,Indian/Pakistani,1 channel,Khyber Shinwari Chicken Karahi Recipe | Peshawri Chicken Karahi Recipe,https://www.youtube.com/watch?v=e2ZD0XXiloo,-,-
Kibris Tatlisi (Cyprus Dessert) Recipe,Indian/Pakistani,1 channel,-,-,Kibris Tatlisi (Cyprus Dessert) Recipe By Food Fusion,https://www.youtube.com/watch?v=09hy-MAvFgo
Kids in the kitchen Collection 1,Indian/Pakistani,1 channel,-,-,Kids in the kitchen Collection 1 by Food Fusion,https://www.youtube.com/watch?v=4zvZwa7ucek
Kids in the kitchen Collection 2,Indian/Pakistani,1 channel,-,-,Kids in the kitchen Collection 2 by Food Fusion,https://www.youtube.com/watch?v=OoEnh3ec1nI
Kids Lunch Box Recipe,Indian/Pakistani,1 channel,-,-,Kids Lunch Box Recipe By Food Fusion,https://www.youtube.com/watch?v=TpNWXHwIRow
Kindo supreme chicken Recipe,Indian/Pakistani,1 channel,-,-,Kindo supreme chicken Recipe By Food Fusion,https://www.youtube.com/watch?v=i5qPiNBPdLc
King Beef Burger Recipe,Continental,1 channel,-,-,King Beef Burger Recipe by Food Fusion,https://www.youtube.com/watch?v=TK_JEXcBkeg
King Fish Fry Masala Recipe,Indian/Pakistani,1 channel,-,-,King Fish Fry Masala Recipe By Food Fusion,https://www.youtube.com/watch?v=qzaZrg-gLgQ
King Kulfa Falooda Recipe By Food Fusion (Ramzan Special),Indian/Pakistani,1 channel,-,-,King Kulfa Falooda Recipe By Food Fusion (Ramzan Special),https://www.youtube.com/watch?v=rwoC5RWfn30
KING of Fried Chicken / 100 KFC Chicken Legs / 100K KUN Foods (donated),Continental,1 channel,KING of Fried Chicken / 100 KFC Chicken Legs / 100K KUN Foods (donated),https://www.youtube.com/watch?v=zoOVZrKCasY,-,-
KING of KFC  / 100 KFC ZINGER BURGERS / Cooked and Giveaway,Continental,1 channel,KING of KFC  / 100 KFC ZINGER BURGERS / Cooked and Giveaway by Kun Foods,https://www.youtube.com/watch?v=bOxCXvoWbYY,-,-
Kitchen Appliances,Indian/Pakistani,1 channel,-,-,Kitchen Appliances - Episode 1 - Hand Blender 101 -  Food Fusion,https://www.youtube.com/watch?v=v84dkba1ul0
"Kitchen Appliances Buying Guide ( Choppers, Blenders & Hand Blenders)",Indian/Pakistani,1 channel,-,-,"Kitchen Appliances Buying Guide ( Choppers, Blenders & Hand Blenders) By Food Fusion",https://www.youtube.com/watch?v=fPc9B1qOErg
Kitchen Studio & Office Tour,Indian/Pakistani,1 channel,-,-,Kitchen Studio & Office Tour - Food Fusion,https://www.youtube.com/watch?v=9ZZmK47uEco
Know Your Spices,Indian/Pakistani,1 channel,-,-,Know Your Spices - Most common spices used in Pakistani & Indian food. English & Urdu By Food Fusion,https://www.youtube.com/watch?v=H01OfnqxtaY
Kofta (Meat balls/ Koftay) recipe,Indian/Pakistani,1 channel,-,-,Kofta (Meat balls/ Koftay) recipe by Food Fusion,https://www.youtube.com/watch?v=hKfydkOonNk
Kofta (Meatball) Chutney Pizza Ring Recipe,Continental,1 channel,-,-,Kofta (Meatball) Chutney Pizza Ring Recipe By Food Fusion,https://www.youtube.com/watch?v=YBlrtQHno0E
Kofta Biryani Recipe,Indian/Pakistani,1 channel,-,-,Kofta Biryani Recipe By Food Fusion,https://www.youtube.com/watch?v=92T7LShgVJE
Kofta Channa Gravy/Shorba Recipe,Indian/Pakistani,1 channel,-,-,Kofta Channa Gravy/Shorba Recipe by Food Fusion,https://www.youtube.com/watch?v=MFJ_NyR9Fnc
Kofta Curry Recipe || Restaurant Style Beef Nargisi Kofta,Indian/Pakistani,1 channel,Kofta Curry Recipe || Restaurant Style Beef Nargisi Kofta,https://www.youtube.com/watch?v=8pq2NIr_Gy0,-,-
Kofta Curry || A Perfect Lunch Meal,Indian/Pakistani,1 channel,Kofta Curry || A Perfect Lunch Meal,https://www.youtube.com/watch?v=u__weUibre0,-,-
Kofta Kabab & Rice Sizzler Recipe,Indian/Pakistani,1 channel,-,-,Kofta Kabab & Rice Sizzler Recipe by Food Fusion,https://www.youtube.com/watch?v=ejnbR-aSMdY
Kofta Pulao,Indian/Pakistani,1 channel,Kofta Pulao Recipe | How to make perfect soft juicy koftay at home,https://www.youtube.com/watch?v=8Y_H3mImMF0,-,-
Koozi Haleem or Daleem,Indian/Pakistani,1 channel,Koozi Haleem or Daleem - Delicacy of Multani Degi Haleem,https://www.youtube.com/watch?v=EDG2dJfD8L8,-,-
Korean Beef Bulgogi Rice Bowl Recipe,Indian/Pakistani,1 channel,-,-,Korean Beef Bulgogi Rice Bowl Recipe by Food Fusion,https://www.youtube.com/watch?v=QY-iiiFmjLI
Korean Corn Dog /Hot Dog,Indian/Pakistani,1 channel,-,-,Korean Corn Dog /Hot Dog - Famous Korean Street Food Recipe by Food Fusion,https://www.youtube.com/watch?v=H_xRAwF-XhE
Korean Crispy Chicken Burger Recipe,Continental,1 channel,-,-,Korean Crispy Chicken Burger Recipe By Food Fusion,https://www.youtube.com/watch?v=85B9_kzGrdg
Korean Fried Chicken Recipe,Indian/Pakistani,1 channel,-,-,Korean Fried Chicken Recipe By Food Fusion,https://www.youtube.com/watch?v=LQxJFgfvIlQ
Korean Japchae Noodles Recipe,Indian/Pakistani,1 channel,-,-,Korean Japchae Noodles Recipe by Food Fusion,https://www.youtube.com/watch?v=wdqqAvDw8x4
Korean Mocha Bread Recipe,Indian/Pakistani,1 channel,-,-,Korean Mocha Bread Recipe By Food Fusion,https://www.youtube.com/watch?v=Ttfo7ERpjoc
Korean Nuggets Recipe,Indian/Pakistani,1 channel,-,-,Korean Nuggets Recipe by Food Fusion,https://www.youtube.com/watch?v=-xm2ykK_x6k
Korean Potatoes with Rice Recipe,Indian/Pakistani,1 channel,-,-,Korean Potatoes with Rice Recipe by Food Fusion,https://www.youtube.com/watch?v=00ZJMEe1czY
Korean Recipes,Indian/Pakistani,1 channel,-,-,4 Amazing Korean Recipes By Food Fusion,https://www.youtube.com/watch?v=shjwqAweSWs
Korean Sausage Bread Recipe,Indian/Pakistani,1 channel,-,-,Korean Sausage Bread Recipe By Food Fusion,https://www.youtube.com/watch?v=JmbikCxNPBQ
Korean Spicy Chicken Stew (Dakdoritang) Recipe,Continental,1 channel,-,-,Korean Spicy Chicken Stew (Dakdoritang) Recipe by Food Fusion,https://www.youtube.com/watch?v=XOfMhg5ty8s
Korean Street Style Cream Cheese Garlic Bread/Bun Recipe,Indian/Pakistani,1 channel,-,-,Korean Street Style Cream Cheese Garlic Bread/Bun Recipe By Food Fusion,https://www.youtube.com/watch?v=XnyjZcQCZuQ
Korean Street Toast Recipe,Indian/Pakistani,1 channel,-,-,Korean Street Toast Recipe by Food Fusion,https://www.youtube.com/watch?v=0mbP7Hr243M
Korean Style Chicken Shots By Food Fusion (Ramadan Special),Indian/Pakistani,1 channel,-,-,Korean Style Chicken Shots By Food Fusion (Ramadan Special),https://www.youtube.com/watch?v=DELRCqWtZAw
Korean Style Chicken Skewers Recipe,Indian/Pakistani,1 channel,-,-,Korean Style Chicken Skewers Recipe By Food Fusion,https://www.youtube.com/watch?v=e4hFmxwE91o
Korean Sweet & Spicy Chicken Recipe,Indian/Pakistani,1 channel,-,-,Korean Sweet & Spicy Chicken Recipe By Food Fusion,https://www.youtube.com/watch?v=G8gnotMFMp0
Korean Veg & Cheese Filled Pancakes Recipe,Indian/Pakistani,1 channel,-,-,Korean Veg & Cheese Filled Pancakes Recipe by Food Fusion,https://www.youtube.com/watch?v=dPGByPZ7m6g
Koshari Recipe By Food Fusion (Ramzan Special),Indian/Pakistani,1 channel,-,-,Koshari Recipe By Food Fusion (Ramzan Special),https://www.youtube.com/watch?v=XyHL7aJDUag
Kuchla Hua Gosht Recipe,Indian/Pakistani,1 channel,-,-,Kuchla Hua Gosht Recipe by Food Fusion,https://www.youtube.com/watch?v=mdkEWmVbPVc
Kulfa Bread Pudding Recipe,Indian/Pakistani,1 channel,-,-,Kulfa Bread Pudding Recipe by Food Fusion,https://www.youtube.com/watch?v=BIeFKphJHVI
Kulfi Falooda Recipe,Indian/Pakistani,1 channel,-,-,Kulfi Falooda Recipe by Food Fusion,https://www.youtube.com/watch?v=B2WGiBci0pI
Kulfi Homemade Recipe without Machine |,Indian/Pakistani,1 channel,Kulfi Homemade Recipe without Machine || Kun Foods,https://www.youtube.com/watch?v=h6dHtSdZQ_4,-,-
Kulfi with Milk Powder Recipe,Indian/Pakistani,1 channel,-,-,Kulfi with Milk Powder Recipe by Food Fusion,https://www.youtube.com/watch?v=T35XWcDLhkQ
Kunafa with Homemade Kataifi Pastry (Make and Freeze ) Recipe,Arabic/Mediterranean,1 channel,-,-,Kunafa with Homemade Kataifi Pastry (Make and Freeze ) Recipe By Food Fusion,https://www.youtube.com/watch?v=gnwE8AnQ-2Y
Kunafa with Pheni,Arabic/Mediterranean,1 channel,-,-,Kunafa with Pheni - Without oven Recipe By Food Fusion (Ramzan Special),https://www.youtube.com/watch?v=HVRdC7jme-Q
Kung Pao Chicken Recipe,Chinese,1 channel,-,-,Kung Pao Chicken Recipe By Food Fusion,https://www.youtube.com/watch?v=GncJZsV2Qsk
Kung Pao Chicken Rice Bowl Ramzan Special Recipe,Chinese,1 channel,-,-,Kung Pao Chicken Rice Bowl Ramzan Special Recipe by Food Fusion,https://www.youtube.com/watch?v=UJGsvV10UKA
Kurkuri Bhindi Recipe,Indian/Pakistani,1 channel,-,-,Kurkuri Bhindi Recipe By Food Fusion,https://www.youtube.com/watch?v=o6EJL-pvdSU
Kuzu Kebab with Rice Recipe,Indian/Pakistani,1 channel,-,-,Kuzu Kebab with Rice Recipe By Food Fusion,https://www.youtube.com/watch?v=OHoCRh-nn44
Laal sharbat Recipe By Food Fusion (Ramzan Special Recipe),Indian/Pakistani,1 channel,-,-,Laal sharbat Recipe By Food Fusion (Ramzan Special Recipe),https://www.youtube.com/watch?v=HxQ2IP6GDdw
Lab e Shireen Recipe,Indian/Pakistani,1 channel,-,-,Lab e Shireen Recipe By Food Fusion,https://www.youtube.com/watch?v=8joMg3S7-W0
Lab e Shireen Recipe By Food Fusion (Ramzan Special Recipe ),Indian/Pakistani,1 channel,-,-,Lab e Shireen Recipe By Food Fusion (Ramzan Special Recipe ),https://www.youtube.com/watch?v=04DPkJRWPRc
Lab e Shireen Shadiyon Wala,Indian/Pakistani,1 channel,Lab e Shireen Shadiyon Wala - Eid Special Creamy Fruit Custard,https://www.youtube.com/watch?v=rfvedwsJlxs,-,-
Lab-e-Shirin Trifle Recipe By Food Fusion (Eid Special),Indian/Pakistani,1 channel,-,-,Lab-e-Shirin Trifle Recipe By Food Fusion (Eid Special),https://www.youtube.com/watch?v=BohiQvl_5JA
Lacha Chicken Box Patties,Indian/Pakistani,1 channel,-,-,Lacha Chicken Box Patties | Make & Freeze Recipe by Food Fusion (Ramazan Special),https://www.youtube.com/watch?v=ho0FZCQxedo
Lacha Chicken Pakora Recipe by Food Fusion (Ramzan Special),Indian/Pakistani,1 channel,-,-,Lacha Chicken Pakora Recipe by Food Fusion (Ramzan Special),https://www.youtube.com/watch?v=NhYLiCCIndU
Lacha Chicken Recipe,Indian/Pakistani,1 channel,-,-,Lacha Chicken Recipe By Food Fusion,https://www.youtube.com/watch?v=6I9GQYYcgWE
Lacha Paratha Brunch Menu,Indian/Pakistani,1 channel,Lacha Paratha Brunch Menu - Multilayer Puffy Paratha with Mughlai Tikka,https://www.youtube.com/watch?v=rXFRTPPwOrE,-,-
Lacha Paratha with Onion Chutney Recipe,Indian/Pakistani,1 channel,-,-,Lacha Paratha with Onion Chutney Recipe by Food Fusion,https://www.youtube.com/watch?v=8DK3xPBfuqs
Lacha Paratha wtih Creamy Dips Recipe,Indian/Pakistani,1 channel,-,-,Lacha Paratha wtih Creamy Dips Recipe By Food Fusion,https://www.youtube.com/watch?v=gh__oEEXXnk
Lacha Pratha || Pathan Hotel,Indian/Pakistani,1 channel,Lacha Pratha || Pathan Hotel Recipe,https://www.youtube.com/watch?v=Zg5ktxyJ8CM,-,-
Lachay dar Masala Paratha Recipe,Indian/Pakistani,1 channel,-,-,Lachay dar Masala Paratha Recipe By Food Fusion,https://www.youtube.com/watch?v=pgXQYRMq52g
Lachay Wala  Baisan Paratha Recipe,Indian/Pakistani,1 channel,-,-,Lachay Wala  Baisan Paratha Recipe by Food Fusion,https://www.youtube.com/watch?v=nGaH2HahIHg
Lachaydar Anda Keema Paratha,Indian/Pakistani,1 channel,-,-,Lachaydar Anda Keema Paratha - Recipe By Food Fusion,https://www.youtube.com/watch?v=OomwUxTTgmI
Lachaydar Methi Paratha with Infused Garlic Recipe,Indian/Pakistani,1 channel,-,-,Lachaydar Methi Paratha with Infused Garlic Recipe By Food Fusion,https://www.youtube.com/watch?v=S4xrLyfxLF0
Lachedar Qeema Kachori Ramadan Special Recipe,Indian/Pakistani,1 channel,-,-,Lachedar Qeema Kachori Ramadan Special Recipe by Food Fusion,https://www.youtube.com/watch?v=q6nQR2_zd4E
Lachha Chicken Cheese Paratha Recipe,Indian/Pakistani,1 channel,-,-,Lachha Chicken Cheese Paratha Recipe by Food Fusion,https://www.youtube.com/watch?v=oPuarZWQ8og
Lachha Paratha,Indian/Pakistani,1 channel,Lachha Paratha | Flakey Onion Lachha Paratha | Multilayer Paratha,https://www.youtube.com/watch?v=MTBbmfNilzQ,-,-
Lachha Paratha 3-ways Recipe,Indian/Pakistani,1 channel,-,-,Lachha Paratha 3-ways Recipe By Food Fusion,https://www.youtube.com/watch?v=BchzWcIr5lo
Laddu Peethi Complete Recipe with Chutneys,Indian/Pakistani,1 channel,Laddu Peethi Complete Recipe with Chutneys - Step By Step for Beginners,https://www.youtube.com/watch?v=jZP64_e7DC8,-,-
Laddu Peethi Recipe,Indian/Pakistani,1 channel,-,-,Laddu Peethi Recipe By Food Fusion,https://www.youtube.com/watch?v=ZkaUKNgT1Dw
Lagan Galawati Qeema Recipe,Indian/Pakistani,1 channel,-,-,Lagan Galawati Qeema Recipe by Food Fusion,https://www.youtube.com/watch?v=kfe0N5GVcLs
Lagan Qeema with Paratha,Indian/Pakistani,1 channel,-,-,Lagan Qeema with Paratha - Eid Breakfast Special Recipe by Food Fusion,https://www.youtube.com/watch?v=UfNMK3s2BrQ
Lagan Seekh Recipe,Indian/Pakistani,1 channel,-,-,Lagan Seekh Recipe By Food Fusion,https://www.youtube.com/watch?v=gZAn0MqJSj4
Lahabi Kabab Ramzan Special Recipe,Indian/Pakistani,1 channel,-,-,Lahabi Kabab Ramzan Special Recipe By Food Fusion,https://www.youtube.com/watch?v=JMSKGgmrkNY
Lahori Aloo Paratha Dhabay Wala,Indian/Pakistani,1 channel,Lahori Aloo Paratha Dhabay Wala,https://www.youtube.com/watch?v=VP6494euuSs,-,-
Lahori Anda Tikki with Tandoori Roti Ramzan Special Recipe,Indian/Pakistani,1 channel,-,-,Lahori Anda Tikki with Tandoori Roti Ramzan Special Recipe By Food Fusion,https://www.youtube.com/watch?v=se5ObXWUkqs
Lahori Beef Karahi,Indian/Pakistani,1 channel,Lahori Beef Karahi | Perfect Beef Karahi for Eid with Black Pepper | (So Delicious),https://www.youtube.com/watch?v=ibL775VicjE,-,-
Lahori Bong Paye Recipe,Indian/Pakistani,1 channel,-,-,Lahori Bong Paye Recipe By Food Fusion,https://www.youtube.com/watch?v=-2YHzp4yZLk
Lahori Butter Chicken Karahi,Indian/Pakistani,1 channel,Lahori Butter Chicken Karahi,https://www.youtube.com/watch?v=p7WkLmeHUQA,-,-
Lahori Chargha Recipe,Indian/Pakistani,1 channel,-,-,Lahori Chargha Recipe By Food Fusion,https://www.youtube.com/watch?v=ks1REEAm8q8
"Lahori Chargha Recipe || No Fry, No Oven",Indian/Pakistani,1 channel,"Lahori Chargha Recipe || No Fry, No Oven",https://www.youtube.com/watch?v=CDqXpXOMKd4,-,-
Lahori Chicken Karahi,Indian/Pakistani,1 channel,Lahori Chicken Karahi - Orignal Lahori Restaurant Recipe - Kun Foods,https://www.youtube.com/watch?v=SNU77fNzE-0,-,-
Lahori Chikar Cholay,Indian/Pakistani,1 channel,Lahori Chikar Cholay - Oil/Ghee is not used in this Lahori chanay recipe,https://www.youtube.com/watch?v=fEccCgf7tks,-,-
Lahori Cholay Recipe || Halwa Puri Waly Chany Restaurant Style || Street Food of Pakistan,Indian/Pakistani,1 channel,Lahori Cholay Recipe || Halwa Puri Waly Chany Restaurant Style || Street Food of Pakistan,https://www.youtube.com/watch?v=ssEdLzEiT6c,-,-
Lahori Daal Recipe,Indian/Pakistani,1 channel,-,-,Lahori Daal Recipe By Food Fusion,https://www.youtube.com/watch?v=GKNNDG6WwP8
Lahori Dahi bhalla Recipe,Indian/Pakistani,1 channel,-,-,Lahori Dahi bhalla Recipe By Food Fusion,https://www.youtube.com/watch?v=IcLlZSScYSQ
Lahori Desi Murgh Shorba,Indian/Pakistani,1 channel,Lahori Desi Murgh Shorba - Authentic Lahore Breakfast Shorba Recipe,https://www.youtube.com/watch?v=seQ7aGORNZE,-,-
Lahori Fish Fry,Indian/Pakistani,1 channel,Lahori Fish Fry Homemade - Marinate and Freeze for Winters,https://www.youtube.com/watch?v=GrlCReqsHF8,-,-
Lahori Fish Fry in Air fryer Recipe,Indian/Pakistani,1 channel,-,-,Lahori Fish Fry in Air fryer Recipe by Food Fusion,https://www.youtube.com/watch?v=SkmHoSzu-xo
Lahori Halwapuri Combo,Indian/Pakistani,1 channel,"Lahori Halwapuri Combo - Atta Poori Recipe, Pani wala achar , Suji Halwa",https://www.youtube.com/watch?v=rTFxwS7GB_s,-,-
Lahori Hareesa Recipe,Indian/Pakistani,1 channel,-,-,Lahori Hareesa Recipe By Food Fusion,https://www.youtube.com/watch?v=X7a6hvaNeGw
Lahori Katlama,Indian/Pakistani,1 channel,Lahori Katlama Recipe - Street Style Katlama Recipe,https://www.youtube.com/watch?v=FRPUvsst0j0,-,-
Lahori Katlama & Lahori Fish Fry Recipe,Indian/Pakistani,1 channel,-,-,Lahori Katlama & Lahori Fish Fry Recipe By Food Fusion,https://www.youtube.com/watch?v=Ae9LKm6caao
Lahori Mooli Paratha,Indian/Pakistani,1 channel,Lahori Mooli Paratha Recipe - Masalaydar Mooli Paratha,https://www.youtube.com/watch?v=-3rQQezWB94,-,-
Lahori Murgh Chanay,Indian/Pakistani,1 channel,Lahori Murgh Chanay - Authentic Lahori Chef's Recipe,https://www.youtube.com/watch?v=C8Y2pnfTYzA,-,-
Lahori Mutton Karahi Recipe By Food Fusion (Eid Special Recipe),Indian/Pakistani,1 channel,-,-,Lahori Mutton Karahi Recipe By Food Fusion (Eid Special Recipe),https://www.youtube.com/watch?v=XYfAAItezCw
Lahori Naan Tikki Recipe,Indian/Pakistani,1 channel,-,-,Lahori Naan Tikki Recipe by Food Fusion,https://www.youtube.com/watch?v=K6hDXWOmaqI
Lahori Nashtay Walay Chanay,Indian/Pakistani,1 channel,Lahori Nashtay Walay Chanay,https://www.youtube.com/watch?v=fN2ygK7yPnA,-,-
Lahori Nashtay walay Chotay Paye,Indian/Pakistani,1 channel,Lahori Nashtay walay Chotay Paye,https://www.youtube.com/watch?v=enBIfJR_yQc,-,-
Lahori Qeema Kachori,Indian/Pakistani,1 channel,Lahori Qeema Kachori Recipe - Bazari Multilayer Puffy Keema Kachori,https://www.youtube.com/watch?v=-tVeAIcXjqM,-,-
Lahori Qeema Street Style,Indian/Pakistani,1 channel,Lahori Qeema Street Style - Authentic Street Food,https://www.youtube.com/watch?v=GW9MNnMucd8,-,-
Lahori Seekh Kabab with Paratha,Indian/Pakistani,1 channel,Lahori Seekh Kabab with Paratha - Best BBQ kabab without grill,https://www.youtube.com/watch?v=tq3irV4MWE0,-,-
Lahsun ki Chutney (Garlic Chutney) Recipe,Indian/Pakistani,1 channel,-,-,Lahsun ki Chutney (Garlic Chutney) Recipe By Food Fusion,https://www.youtube.com/watch?v=Saskr9qeyPs
Lal Lobia Chutney Sliders Ramadan Special Recipe,Indian/Pakistani,1 channel,-,-,Lal Lobia Chutney Sliders Ramadan Special Recipe by Food Fusion,https://www.youtube.com/watch?v=IlTC2EhWtPU
Lal Lobia Masala Recipe,Indian/Pakistani,1 channel,-,-,Lal Lobia Masala Recipe By Food Fusion,https://www.youtube.com/watch?v=mFfYhYCzyVg
Lal lobia/ Red Kidney bean  kabab Recipe,Indian/Pakistani,1 channel,-,-,Lal lobia/ Red Kidney bean  kabab Recipe By Food Fusion,https://www.youtube.com/watch?v=viD9gL3AAJw
Lalchapur Rosh,Indian/Pakistani,1 channel,Lalchapur Rosh Recipe | Most Famous Rosh of Peshawar | Original And Authentic Recipe,https://www.youtube.com/watch?v=udDr6AnfvcY,-,-
Lamb Chops Platter Recipe By Food Fusion (Bakra Eid Special),Indian/Pakistani,1 channel,-,-,Lamb Chops Platter Recipe By Food Fusion (Bakra Eid Special),https://www.youtube.com/watch?v=TZ7W5ZBRIpc
Lamb Haneeth with Almond Rice Bakra Eid Special Recipe,Indian/Pakistani,1 channel,-,-,Lamb Haneeth with Almond Rice Bakra Eid Special Recipe By Food Fusion,https://www.youtube.com/watch?v=RYEC1-2aCQ0
Lamb Leg Steam / Slow cooked soft and juicy mutton raan (No Frying),Indian/Pakistani,1 channel,Lamb Leg Steam / Slow cooked soft and juicy mutton raan (No Frying),https://www.youtube.com/watch?v=HGqcpu5qBWE,-,-
Lamb Seekh Kabab Recipe By Food Fusion (Bakra Eid Special),Indian/Pakistani,1 channel,-,-,Lamb Seekh Kabab Recipe By Food Fusion (Bakra Eid Special),https://www.youtube.com/watch?v=gN9QtCjTfWk
Lamb Shank with Persian Pilaf Recipe By Food Fusion (Bakra Eid Special),Indian/Pakistani,1 channel,-,-,Lamb Shank with Persian Pilaf Recipe By Food Fusion (Bakra Eid Special),https://www.youtube.com/watch?v=cnHZxbMO-Qo
Lasagna in Pan Recipe,Continental,1 channel,-,-,Lasagna in Pan Recipe by Food Fusion,https://www.youtube.com/watch?v=gqjgA1hKUek
Lasagna Roll Ups Recipe,Continental,1 channel,-,-,Lasagna Roll Ups Recipe By Food Fusion,https://www.youtube.com/watch?v=bQpCUcdINi4
Lasagna Samosa Recipe By Food Fusion (Ramzan Special Recipe),Continental,1 channel,-,-,Lasagna Samosa Recipe By Food Fusion (Ramzan Special Recipe),https://www.youtube.com/watch?v=VY6S_fHT7MA
Lasagne with Homemade Ricotta Cheese Recipe,Indian/Pakistani,1 channel,-,-,Lasagne with Homemade Ricotta Cheese Recipe By Food Fusion,https://www.youtube.com/watch?v=YZV_pJNaloI
Lasooray ka Achaar,Indian/Pakistani,1 channel,Lasooray ka Achaar - New Method Instant Pickle,https://www.youtube.com/watch?v=bWh0rDqB8ec,-,-
Lassi 4 ways Recipes,Indian/Pakistani,1 channel,-,-,Lassi 4 ways Recipes by Food Fusion,https://www.youtube.com/watch?v=JvT2tjQEw7Q
Lauki ka Bharta Recipe,Indian/Pakistani,1 channel,-,-,Lauki ka Bharta Recipe by Food Fusion,https://www.youtube.com/watch?v=klWvcqjFxNU
Lauki ka Halwa,Indian/Pakistani,1 channel,-,-,Lauki ka Halwa -  Bottle Gourd Halwa Recipe By Food Fusion,https://www.youtube.com/watch?v=3gXzCOD8lX8
Lauki Ki kheer Recipe,Indian/Pakistani,1 channel,-,-,Lauki Ki kheer Recipe By Food Fusion,https://www.youtube.com/watch?v=bifLkL5mtl4
Lauki ki Mithai Recipe,Indian/Pakistani,1 channel,-,-,Lauki ki Mithai Recipe By Food Fusion,https://www.youtube.com/watch?v=7FdIyfsB2Pk
Lauki ki Sabzi Recipe,Indian/Pakistani,1 channel,-,-,Lauki ki Sabzi Recipe by Food Fusion,https://www.youtube.com/watch?v=E0WXcqTm51Y
Lauki kofta Recipe,Indian/Pakistani,1 channel,-,-,Lauki kofta Recipe By Food Fusion,https://www.youtube.com/watch?v=Gph1z-s8Ay4
Lauki Muthiya Recipe,Indian/Pakistani,1 channel,-,-,Lauki Muthiya Recipe By Food Fusion,https://www.youtube.com/watch?v=PNEW-OdUDSI
Lava Fries Recipe,Indian/Pakistani,1 channel,-,-,Lava Fries Recipe By Food Fusion,https://www.youtube.com/watch?v=HWd6lfZsJtE
Layali Lubnan (Semolina Pudding) Recipe,Indian/Pakistani,1 channel,-,-,Layali Lubnan (Semolina Pudding) Recipe By Food Fusion,https://www.youtube.com/watch?v=H9j4ZG2aw3o
Layered Paratha with Anda Qeema Ramadan Special Recipe,Indian/Pakistani,1 channel,-,-,Layered Paratha with Anda Qeema Ramadan Special Recipe by Food Fusion,https://www.youtube.com/watch?v=_vs7_9MAzeI
Lazy Cat Viral Cake Recipe,Continental,1 channel,-,-,Lazy Cat Viral Cake Recipe by Food Fusion,https://www.youtube.com/watch?v=Dt2DddWIMfc
Lebanese Chicken Fatteh Recipe,Arabic/Mediterranean,1 channel,-,-,Lebanese Chicken Fatteh Recipe By Food Fusion,https://www.youtube.com/watch?v=TeThEIQvIwo
Lebanese Fattoush Salad Recipe,Arabic/Mediterranean,1 channel,-,-,Lebanese Fattoush Salad Recipe by Food Fusion,https://www.youtube.com/watch?v=RuO6UuC1ogA
Lebanese Hashweh Rice Recipe,Arabic/Mediterranean,1 channel,-,-,Lebanese Hashweh Rice Recipe By Food Fusion,https://www.youtube.com/watch?v=72ZR7nODves
Lebanese Platter With Adana Kabab & Roasted Pepper Hummus Recipe By Food Fusion (Bakra Eid Special),Arabic/Mediterranean,1 channel,-,-,Lebanese Platter With Adana Kabab & Roasted Pepper Hummus Recipe By Food Fusion (Bakra Eid Special),https://www.youtube.com/watch?v=4G8mb1frHHc
Lehsan Bajray kay Ladoo,Indian/Pakistani,1 channel,-,-,Lehsan Bajray kay Ladoo - Winter Special Recipe by Food Fusion,https://www.youtube.com/watch?v=3Hx5dC3e2sg
Lehsan ka Achar Recipe,Indian/Pakistani,1 channel,-,-,Lehsan ka Achar Recipe by Food Fusion,https://www.youtube.com/watch?v=91GcqP_28CQ
Lehsani Masala Tikka Recipe,Indian/Pakistani,1 channel,-,-,Lehsani Masala Tikka Recipe By Food Fusion,https://www.youtube.com/watch?v=KKEgNFZyhPw
Lehsani Palak with Khushbu Pulao,Indian/Pakistani,1 channel,-,-,Lehsani Palak with Khushbu Pulao - Ramazan Special Recipe by Food Fusion,https://www.youtube.com/watch?v=b4i9Wo26Qh0
Lehsuni Aalo Recipe,Indian/Pakistani,1 channel,-,-,Lehsuni Aalo Recipe by Food Fusion,https://www.youtube.com/watch?v=C61LgX2CKUQ
Lehsuni Baingan Recipe,Indian/Pakistani,1 channel,-,-,Lehsuni Baingan Recipe by Food Fusion,https://www.youtube.com/watch?v=n9XiOMp67rk
Lehsuni Bhindi with Chutney Paratha Ramazan Special Recipe,Indian/Pakistani,1 channel,-,-,Lehsuni Bhindi with Chutney Paratha Ramazan Special Recipe by Food Fusion,https://www.youtube.com/watch?v=FFuQe0ggQQU
Lehsuni Mutton Boti Tikka in Airfryer Bakra Eid Special Recipe,Indian/Pakistani,1 channel,-,-,Lehsuni Mutton Boti Tikka in Airfryer Bakra Eid Special Recipe By Food Fusion,https://www.youtube.com/watch?v=xEpFHqBf9f4
Lemon & Green chilli Achar Recipe,Indian/Pakistani,1 channel,-,-,Lemon & Green chilli Achar Recipe By Food Fusion,https://www.youtube.com/watch?v=L9v0KlAUzrg
Lemon & Orange Cake (Without Oven) Recipe,Continental,1 channel,-,-,Lemon & Orange Cake (Without Oven) Recipe By Food Fusion,https://www.youtube.com/watch?v=nFbQLWVrSM8
Lemon Basil Green Tea Cooler Recipe,Indian/Pakistani,1 channel,-,-,Lemon Basil Green Tea Cooler Recipe By Food Fusion,https://www.youtube.com/watch?v=_LKYPv7trAk
Lemon Cake with 7up Recipe By Food Fusion (Eid Special),Continental,1 channel,-,-,Lemon Cake with 7up Recipe By Food Fusion (Eid Special),https://www.youtube.com/watch?v=IRnoPOOgsI0
Lemon Chili Achar / Pickle in water,Indian/Pakistani,1 channel,-,-,Lemon Chili Achar / Pickle in water - Authentic Hala Heritage Recipe Food Fusion,https://www.youtube.com/watch?v=5EBuLsnK20k
Lemon Cupcakes with Lemon Buttercream Icing Recipe,Indian/Pakistani,1 channel,-,-,Lemon Cupcakes with Lemon Buttercream Icing Recipe BY Food Fusion,https://www.youtube.com/watch?v=MMBHFxwp360
Lemon Ice Cream Recipe By Food Fusion (Summer Special),Indian/Pakistani,1 channel,-,-,Lemon Ice Cream Recipe By Food Fusion (Summer Special),https://www.youtube.com/watch?v=bRn9NGcFQ5I
Lemon Mirch Chicken Tikka Recipe,Indian/Pakistani,1 channel,-,-,Lemon Mirch Chicken Tikka Recipe by Food Fusion,https://www.youtube.com/watch?v=Jo4b5G2a1r8
Lemon Pepper Chicken,Indian/Pakistani,1 channel,Lemon Pepper Chicken - Chicken in Black Pepper Gravy,https://www.youtube.com/watch?v=FjSPvFAWNTo,-,-
Lemon Pepper Chicken Recipe,Indian/Pakistani,1 channel,-,-,Lemon Pepper Chicken Recipe by Food Fusion,https://www.youtube.com/watch?v=E60AfY_knvc
Lemon Pepper Chicken Skewers in Air fryer Recipe,Indian/Pakistani,1 channel,-,-,Lemon Pepper Chicken Skewers in Air fryer Recipe by Food Fusion,https://www.youtube.com/watch?v=h2zrHLGLr_g
Lemon Pepper Chicken Skewers with Saffron Rice Recipe,Indian/Pakistani,1 channel,-,-,Lemon Pepper Chicken Skewers with Saffron Rice Recipe By Food Fusion,https://www.youtube.com/watch?v=27W_PWtW7Rk
Lemon Posset Recipe,Indian/Pakistani,1 channel,-,-,Lemon Posset Recipe by Food Fusion,https://www.youtube.com/watch?v=o9UiC9G1oSo
Lemon Rice with Loki (Bottle Gourd) ka Raita Recipe,Indian/Pakistani,1 channel,-,-,Lemon Rice with Loki (Bottle Gourd) ka Raita Recipe By Food Fusion,https://www.youtube.com/watch?v=uPBbfCriSEM
Lemon Squash Recipe,Indian/Pakistani,1 channel,-,-,Lemon Squash Recipe by Food Fusion,https://www.youtube.com/watch?v=U14fRCDdQ1s
Lemon Tart (Egg less) Recipe,Indian/Pakistani,1 channel,-,-,Lemon Tart (Egg less) Recipe by Food Fusion,https://www.youtube.com/watch?v=720iWCPCah0
Lemon Tart Bakery Style Recipe,Indian/Pakistani,1 channel,-,-,Lemon Tart Bakery Style Recipe By Food Fusion,https://www.youtube.com/watch?v=oQfMIT_ay3k
Lemon Tiramisu Recipe,Indian/Pakistani,1 channel,-,-,Lemon Tiramisu Recipe by Food Fusion,https://www.youtube.com/watch?v=dIDJRf7s3co
Lemonade 3 ways with 7up,Indian/Pakistani,1 channel,-,-,Lemonade 3 ways with 7up - Recipes By Food Fusion (Ramzan Special),https://www.youtube.com/watch?v=TxQ5qkg8QzY
Lemonade 4 Refreshing ways,Indian/Pakistani,1 channel,-,-,Lemonade 4 Refreshing ways - Recipes by Food Fusion,https://www.youtube.com/watch?v=c7j_C134CgQ
Lentil Patties Wraps Ramadan Special Recipe,Indian/Pakistani,1 channel,-,-,Lentil Patties Wraps Ramadan Special Recipe By Food Fusion,https://www.youtube.com/watch?v=SHtDGsi829c
Lentil Soup Recipe by Healthy Fusion,Indian/Pakistani,1 channel,-,-,Lentil Soup Recipe by Healthy Fusion,https://www.youtube.com/watch?v=Fx-P-1rZb5g
Lentil Toast Recipe,Indian/Pakistani,1 channel,-,-,Lentil Toast Recipe by Food Fusion,https://www.youtube.com/watch?v=MpJn9zhKC4s
Less Oil Lahori Chargha Restaurant Style Recipe,Indian/Pakistani,1 channel,-,-,Less Oil Lahori Chargha Restaurant Style Recipe By Food Fusion,https://www.youtube.com/watch?v=9O-aMD-h9ck
Less Oil Palak Gosht,Indian/Pakistani,1 channel,Less Oil Palak Gosht Recipe - New way to Cook Healthy Palak Gosht,https://www.youtube.com/watch?v=Tuyo69zICwM,-,-
Lettuce Wraps Recipe By Healthy,Indian/Pakistani,1 channel,-,-,Lettuce Wraps Recipe By Healthy Food Fusion,https://www.youtube.com/watch?v=OsRy9NnuV0U
Libyan M'Battan Recipe,Indian/Pakistani,1 channel,-,-,Libyan M'Battan Recipe by Food Fusion,https://www.youtube.com/watch?v=7mv6-gbj1vw
Lifafa(Envelop) Egg Paratha Recipe,Indian/Pakistani,1 channel,-,-,Lifafa(Envelop) Egg Paratha Recipe By Food Fusion,https://www.youtube.com/watch?v=2RS1wMixze8
Liquid Dough Chicken Sandwich in Sandwich Maker without bread Recipe,Continental,1 channel,-,-,Liquid Dough Chicken Sandwich in Sandwich Maker without bread Recipe By Food Fusion,https://www.youtube.com/watch?v=RG4lWzAU6Ac
Liquid Dough Paratha 2 new ways in under 10 mins (no kneading) Recipe,Indian/Pakistani,1 channel,-,-,Liquid Dough Paratha 2 new ways in under 10 mins (no kneading) Recipe by Food Fusion,https://www.youtube.com/watch?v=AXzkOK6afjs
Liquid Dough Spicy Paratha Recipe By Food Fusion (Sehri Special Recipe),Indian/Pakistani,1 channel,-,-,Liquid Dough Spicy Paratha Recipe By Food Fusion (Sehri Special Recipe),https://www.youtube.com/watch?v=WTum1LyDXIQ
Loaded Achari Waffles Recipe on,Indian/Pakistani,1 channel,-,-,Loaded Achari Waffles Recipe on Food Fusion,https://www.youtube.com/watch?v=E0JFg_7y-YY
Loaded Alfredo Fries Recipe,Indian/Pakistani,1 channel,-,-,Loaded Alfredo Fries Recipe by Food Fusion,https://www.youtube.com/watch?v=8-HlWZxEAz0
Loaded Animal Fries,Indian/Pakistani,1 channel,-,-,Loaded Animal Fries - Ramadan Special Recipe by Food Fusion,https://www.youtube.com/watch?v=NpHZ9HvZmhI
Loaded Baked Potato Sizzler Recipe,Indian/Pakistani,1 channel,-,-,Loaded Baked Potato Sizzler Recipe By Food Fusion,https://www.youtube.com/watch?v=MnlzS6Ks3g4
Loaded Cheese Macaroni Bowl Recipe,Continental,1 channel,-,-,Loaded Cheese Macaroni Bowl Recipe By Food Fusion,https://www.youtube.com/watch?v=25JqGK4vP6U
Loaded Fire Sauce Samosa Recipe By Food Fusion (Ramzan Special Recipe),Indian/Pakistani,1 channel,-,-,Loaded Fire Sauce Samosa Recipe By Food Fusion (Ramzan Special Recipe),https://www.youtube.com/watch?v=C4YgrhYgy-Q
Loaded French Fries Sticks,Continental,1 channel,-,-,Loaded French Fries Sticks By Food Fusion,https://www.youtube.com/watch?v=mVJrstieo-g
Loaded Fries 3 ways. Recipe By Food Fusion (Ramzan Special),Indian/Pakistani,1 channel,-,-,Loaded Fries 3 ways. Recipe By Food Fusion (Ramzan Special),https://www.youtube.com/watch?v=n_2QOH2fk4E
Loaded Mirchi Pakora Recipe By Food Fusion (Ramzan Special),Indian/Pakistani,1 channel,-,-,Loaded Mirchi Pakora Recipe By Food Fusion (Ramzan Special),https://www.youtube.com/watch?v=0oKKuhMahxE
Loaded Monster shakes 2 ways Recipe,Indian/Pakistani,1 channel,-,-,Loaded Monster shakes 2 ways Recipe By Food Fusion,https://www.youtube.com/watch?v=unyfxiE8Db8
Loaded Pizza Kachori Recipe,Continental,1 channel,-,-,Loaded Pizza Kachori Recipe By Food Fusion,https://www.youtube.com/watch?v=B1zum8cHZ4w
Loaded Potato Poppers Recipe,Indian/Pakistani,1 channel,-,-,Loaded Potato Poppers Recipe By Food Fusion,https://www.youtube.com/watch?v=YR24NOlSSHs
Lobia Dum Biryani Ramzan Special Recipe,Indian/Pakistani,1 channel,-,-,Lobia Dum Biryani Ramzan Special Recipe by Food Fusion,https://www.youtube.com/watch?v=syj7OmG4g00
Lobia Sev Puri with Tangy Tomato Chutney Recipe by Food Fusion (Ramzan Special),Indian/Pakistani,1 channel,-,-,Lobia Sev Puri with Tangy Tomato Chutney Recipe by Food Fusion (Ramzan Special),https://www.youtube.com/watch?v=VYZzSk9jc4A
Lockdown Friendly Desserts Collection 6 Recipes,Indian/Pakistani,1 channel,-,-,Lockdown Friendly Desserts Collection 6 Recipes By Food Fusion,https://www.youtube.com/watch?v=7I8LD4SxMY0
Lockdown Friendly Recipe Ideas Collection 1,Indian/Pakistani,1 channel,-,-,Lockdown Friendly Recipe Ideas Collection 1 By Food Fusion,https://www.youtube.com/watch?v=MVX3Lh4YJ-U
Lockdown Friendly Recipe Ideas Collection 10,Indian/Pakistani,1 channel,-,-,Lockdown Friendly Recipe Ideas Collection 10 By Food Fusion,https://www.youtube.com/watch?v=TeoTGStU5fQ
Lockdown Friendly Recipe Ideas Collection 2,Indian/Pakistani,1 channel,-,-,Lockdown Friendly Recipe Ideas Collection 2 By Food Fusion,https://www.youtube.com/watch?v=MVJFib2ZOwQ
Lockdown Friendly Recipe Ideas Collection 3,Indian/Pakistani,1 channel,-,-,Lockdown Friendly Recipe Ideas Collection 3 By Food Fusion,https://www.youtube.com/watch?v=6OoGq9sg1BI
Lockdown Friendly Recipe Ideas Collection 7,Indian/Pakistani,1 channel,-,-,Lockdown Friendly Recipe Ideas Collection 7 By Food Fusion,https://www.youtube.com/watch?v=1e48u3cX7Oc
Lockdown Friendly Recipe Ideas Collection 8,Indian/Pakistani,1 channel,-,-,Lockdown Friendly Recipe Ideas Collection 8 By Food Fusion,https://www.youtube.com/watch?v=UivZk8Y39x0
Lockdown Friendly Recipes for Kids Collection 9,Indian/Pakistani,1 channel,-,-,Lockdown Friendly Recipes for Kids Collection 9 By Food Fusion,https://www.youtube.com/watch?v=7Kydl6dQIBk
Lockdown Friendly Recipes for Sweet Tooth Collection 5,Indian/Pakistani,1 channel,-,-,Lockdown Friendly Recipes for Sweet Tooth Collection 5 By Food Fusion,https://www.youtube.com/watch?v=zWa0Moqeiuk
lockdown friendly Snacks Recipe Ideas Collection 4,Indian/Pakistani,1 channel,-,-,lockdown friendly Snacks Recipe Ideas Collection 4 By Food Fusion,https://www.youtube.com/watch?v=DhCf6SPn8-Q
Long John Donuts Recipe,Continental,1 channel,-,-,Long John Donuts Recipe by Food Fusion,https://www.youtube.com/watch?v=uhfZN1yfXNA
Look back at 2019 as we welcome New Year 2020 at,Indian/Pakistani,1 channel,-,-,Look back at 2019 as we welcome New Year 2020 at Food Fusion,https://www.youtube.com/watch?v=8Z5CXyV6eyU
Loona Gosht,Indian/Pakistani,1 channel,Loona Gosht Recipe | Best Fried Meat with Black Pepper,https://www.youtube.com/watch?v=IZoIzJvYDRw,-,-
Lotus Chocolate Biscuit No Bake Cake Recipe,Continental,1 channel,-,-,Lotus Chocolate Biscuit No Bake Cake Recipe by Food Fusion,https://www.youtube.com/watch?v=2-LF8ylxkp0
Lotus Cream Cheese Cake,Continental,1 channel,-,-,Lotus Cream Cheese Cake - No Bake Recipe By Food Fusion,https://www.youtube.com/watch?v=wVEg4NmQ2ew
Lotus Pancakes Recipe,Indian/Pakistani,1 channel,-,-,Lotus Pancakes Recipe By Food Fusion,https://www.youtube.com/watch?v=wHV7eRKVzVY
Lotus Pudding Cake Recipe,Continental,1 channel,-,-,Lotus Pudding Cake Recipe by Food Fusion,https://www.youtube.com/watch?v=ILCN_I7Kqog
Louki kay kabab Recipe,Indian/Pakistani,1 channel,-,-,Louki kay kabab Recipe By Food Fusion,https://www.youtube.com/watch?v=Jk7_Nm3Qovk
Low Calorie Fruit Firni Recipe By Food Fusion (Ramzan Special Recipe),Indian/Pakistani,1 channel,-,-,Low Calorie Fruit Firni Recipe By Food Fusion (Ramzan Special Recipe),https://www.youtube.com/watch?v=5ieRRafyAzA
Low Calorie Gajar Ka Halwa Recipe,Indian/Pakistani,1 channel,-,-,Low Calorie Gajar Ka Halwa Recipe By Food Fusion,https://www.youtube.com/watch?v=13yig0KQ9U4
Low Cost Biryani Platter,Indian/Pakistani,1 channel,"Low Cost Biryani Platter - Masalydar Biryani, Mutanjan",https://www.youtube.com/watch?v=Zw9P4EXGEeI,-,-
Low Cost Dinner Menu,Indian/Pakistani,1 channel,Low Cost Dinner Menu - Aloo ki Katalian aur Suji Halwa Recipe,https://www.youtube.com/watch?v=OEkSBj1NLq0,-,-
Low Cost Lunch,Indian/Pakistani,1 channel,Low Cost Lunch - White Matar Pulao Recipe - Less Ingredients,https://www.youtube.com/watch?v=3vNmiFPd3FA,-,-
Low Cost Pizza Cheese Home-made,Continental,1 channel,Low Cost Pizza Cheese Home-made - Perfect Market Style Cheese,https://www.youtube.com/watch?v=jsj8ZoYUtS0,-,-
Low Cost Tea Cake,Continental,1 channel,Low Cost Tea Cake Homemade - Better Than Bakery Plain Cake (NO OVEN),https://www.youtube.com/watch?v=1b5yVllGhcE,-,-
Low Height Tables,Indian/Pakistani,1 channel,-,-,Low Height Tables - Farshi Setup - DIY Food Fusion,https://www.youtube.com/watch?v=BkDwxb6RZXs
Low-Cal Shahi Tukray Recipe,Indian/Pakistani,1 channel,-,-,Low-Cal Shahi Tukray Recipe By Food Fusion,https://www.youtube.com/watch?v=HjUtAx-SXls
Low-Cost Dinner Menu,Indian/Pakistani,1 channel,Low-Cost Dinner Menu - Masalay wali mirchen with New style Rice Kheer,https://www.youtube.com/watch?v=fGE0d3BnP3k,-,-
Lucknowi Biryani Recipe,Indian/Pakistani,1 channel,-,-,Lucknowi Biryani Recipe By Food Fusion,https://www.youtube.com/watch?v=pOPAMAIhyLw
Lucknowi Mutton Biryani in Multicooker Recipe,Indian/Pakistani,1 channel,-,-,Lucknowi Mutton Biryani in Multicooker Recipe by Food Fusion,https://www.youtube.com/watch?v=yruzgfTwPOE
Lucknowi Shami Kabab Recipe,Indian/Pakistani,1 channel,-,-,Lucknowi Shami Kabab Recipe By Food Fusion,https://www.youtube.com/watch?v=NL6T10HGO6o
Lucknowy Bund Gosht Recipe,Indian/Pakistani,1 channel,-,-,Lucknowy Bund Gosht Recipe by Food Fusion,https://www.youtube.com/watch?v=73llRs_jouI
Lumpia Rolls with Sweet Chili Sauce Recipe By Food Fusion (Ramzan Special Recipe),Indian/Pakistani,1 channel,-,-,Lumpia Rolls with Sweet Chili Sauce Recipe By Food Fusion (Ramzan Special Recipe),https://www.youtube.com/watch?v=0AP8Ha4a1f0
Lunch box Idea using Bread Back to School,Indian/Pakistani,1 channel,-,-,Lunch box Idea using Bread Back to School - Lunchbox Recipe by Food Fusion,https://www.youtube.com/watch?v=UaN46SJpUWw
Lunchbox Chicken Macaroni Back-to-School Recipe,Continental,1 channel,-,-,Lunchbox Chicken Macaroni Back-to-School Recipe by Food Fusion,https://www.youtube.com/watch?v=5v89kxArsK4
Lunchbox Recipe Ideas Collection 1,Indian/Pakistani,1 channel,-,-,Lunchbox Recipe Ideas Collection 1 by Food Fusion | Back-to-School Special,https://www.youtube.com/watch?v=MHO-k6pdI50
Lunchbox Recipe Ideas Collection 2,Indian/Pakistani,1 channel,-,-,Lunchbox Recipe Ideas Collection 2  by Food Fusion | Back to School Special,https://www.youtube.com/watch?v=gyP2Dh4Q-zM
Lunchbox Recipe Ideas Collection 3,Indian/Pakistani,1 channel,-,-,Lunchbox Recipe Ideas Collection 3 by Food Fusion | Back to School Special,https://www.youtube.com/watch?v=lfNrCKYPw5g
Ma'amoul Date Cookies Ramazan Special Recipe,Indian/Pakistani,1 channel,-,-,Ma'amoul Date Cookies Ramazan Special Recipe by Food Fusion,https://www.youtube.com/watch?v=fdTDfK1Qqtg
Mac & Cheese Samosa (Make & Freeze) Recipe By Food Fusion (Ramzan Special),Indian/Pakistani,1 channel,-,-,Mac & Cheese Samosa (Make & Freeze) Recipe By Food Fusion (Ramzan Special),https://www.youtube.com/watch?v=aiXIP51snRA
Mac & Cheese with Popcorn Chicken Back to School -Lunchbox Recipe,Continental,1 channel,-,-,Mac & Cheese with Popcorn Chicken Back to School -Lunchbox Recipe by Food Fusion,https://www.youtube.com/watch?v=GjkqEPIPRAU
Mac & Cheese with Tuscan style Chicken Recipe,Indian/Pakistani,1 channel,-,-,Mac & Cheese with Tuscan style Chicken Recipe by Food Fusion,https://www.youtube.com/watch?v=y_9cnKDg7N4
Mac and Cheese,Continental,1 channel,Mac and Cheese Recipe | Original Vs Ultimate | 30 Subscriber Special,https://www.youtube.com/watch?v=lWYeJcexkUM,-,-
Macaroni chana chaat Recipe by Food Fusion (Ramzan Special),Continental,1 channel,-,-,Macaroni chana chaat Recipe by Food Fusion (Ramzan Special),https://www.youtube.com/watch?v=5ZNeLnRUWbk
Macaroni Pakora,Continental,1 channel,Macaroni Pakora Recipe,https://www.youtube.com/watch?v=E5tSVP3tjmU,-,-
Macaroni Platter,Continental,1 channel,Macaroni Platter - Spicy and White Sauce Macaroni,https://www.youtube.com/watch?v=mdiTnH7C0v4,-,-
Macaroni Shadiyon wali,Continental,1 channel,Macaroni Shadiyon wali - Pakistani Macaroni Recipe,https://www.youtube.com/watch?v=LZo0vpTC-V8,-,-
Macaroon Cake Recipe By Food Fusion (Eid Special),Continental,1 channel,-,-,Macaroon Cake Recipe By Food Fusion (Eid Special),https://www.youtube.com/watch?v=LqmQ5cYYjxg
Machi Bhaat (Fish with Rice) Recipe,Indian/Pakistani,1 channel,-,-,Machi Bhaat (Fish with Rice) Recipe by Food Fusion,https://www.youtube.com/watch?v=iGGoDTeK234
Machli Ka Salan,Indian/Pakistani,1 channel,Machli Ka Salan - Rohu Fish Curry,https://www.youtube.com/watch?v=zsqTRb19gjg,-,-
Machli ka Salan (Fish Curry) Recipe,Indian/Pakistani,1 channel,-,-,Machli ka Salan (Fish Curry) Recipe by Food Fusion,https://www.youtube.com/watch?v=8ocFDQqLWyE
Madrasi chicken Recipe,Indian/Pakistani,1 channel,-,-,Madrasi chicken Recipe By Food Fusion,https://www.youtube.com/watch?v=x9m2WXRJs4g
Madrasi Dahi Baray Ramadan Special Recipe,Indian/Pakistani,1 channel,-,-,Madrasi Dahi Baray Ramadan Special Recipe by Food Fusion,https://www.youtube.com/watch?v=scBp5ekCBmU
Maghaz Bhunna Recipe By food Fusion (Bakra Eid Special),Indian/Pakistani,1 channel,-,-,Maghaz Bhunna Recipe By food Fusion (Bakra Eid Special),https://www.youtube.com/watch?v=_dCpZ-MWsIs
Maghaz Mutton Karahi Recipe,Indian/Pakistani,1 channel,-,-,Maghaz Mutton Karahi Recipe by Food Fusion,https://www.youtube.com/watch?v=2T5NUJrJ_1I
Maghaz Nihari Recipe,Indian/Pakistani,1 channel,-,-,Maghaz Nihari Recipe By Food Fusion,https://www.youtube.com/watch?v=hW3TpvQBgPc
Magic Green Chutney Powder,Indian/Pakistani,1 channel,-,-,Magic Green Chutney Powder - Make & Store Recipe By Food Fusion,https://www.youtube.com/watch?v=j2KYWN7cpn4
Magic Red Chutney Powder,Indian/Pakistani,1 channel,-,-,Magic Red Chutney Powder - Make & Store Recipe by Food Fusion,https://www.youtube.com/watch?v=tM7bH3jm7Xo
Magical Cough & Cold Remedies (Turmeric Herb Tea & Honey Ginger Shot) Healthy Recipes,Indian/Pakistani,1 channel,-,-,Magical Cough & Cold Remedies (Turmeric Herb Tea & Honey Ginger Shot) Healthy Recipes by Food Fusion,https://www.youtube.com/watch?v=9qB0_jpgPu8
Mahallabia (Milk Pudding) recipe,Indian/Pakistani,1 channel,-,-,Mahallabia (Milk Pudding) recipe by food fusion,https://www.youtube.com/watch?v=JOxEesXQRBk
Maharaja Mutton Lazeez Handi Recipe,Indian/Pakistani,1 channel,-,-,Maharaja Mutton Lazeez Handi Recipe By Food Fusion,https://www.youtube.com/watch?v=xaa9_mgTus0
Maiday ka Halwa Recipe,Indian/Pakistani,1 channel,-,-,Maiday ka Halwa Recipe By Food Fusion,https://www.youtube.com/watch?v=L3twSmL-gu4
Make & Freeze Creamy Buffalo Chicken & Veg Roll Recipe,Indian/Pakistani,1 channel,-,-,Make & Freeze Creamy Buffalo Chicken & Veg Roll Recipe By Food Fusion,https://www.youtube.com/watch?v=7RckNxPS_mk
Make & Freeze Creamy Coconut Samosa Recipe By Food Fusion (Ramzan Special),Indian/Pakistani,1 channel,-,-,Make & Freeze Creamy Coconut Samosa Recipe By Food Fusion (Ramzan Special),https://www.youtube.com/watch?v=WBhqCHV3VsE
Make & Freeze Iftar Snacks Recipes,Indian/Pakistani,1 channel,-,-,Make & Freeze Iftar Snacks Recipes by Food Fusion,https://www.youtube.com/watch?v=FNCDvxgm9N8
Make & Freeze Malai Qeema Triangle Paratha Recipe,Indian/Pakistani,1 channel,-,-,Make & Freeze Malai Qeema Triangle Paratha Recipe By Food Fusion,https://www.youtube.com/watch?v=KhV0-W24YqM
Make & Freeze Paratha 3 Ways- Recipe by Food Fusion (Ramzan Recipes),Indian/Pakistani,1 channel,-,-,Make & Freeze Paratha 3 Ways- Recipe by Food Fusion (Ramzan Recipes),https://www.youtube.com/watch?v=GqFYO1UpxrE
Make & Freeze Ramazan Prep Recipes 2021,Indian/Pakistani,1 channel,-,-,Make & Freeze Ramazan Prep Recipes 2021 By Food Fusion,https://www.youtube.com/watch?v=P-ICU8e0_mY
Make & Freeze Ramzan Special Recipes,Indian/Pakistani,1 channel,-,-,Make & Freeze Ramzan Special Recipes By Food Fusion,https://www.youtube.com/watch?v=dRNBYQvkv50
Make & Freeze Spring Rolls 2 ways (Vegetable & Chicken Spaghetti) Ramzan Special,Continental,1 channel,-,-,Make & Freeze Spring Rolls 2 ways (Vegetable & Chicken Spaghetti) Ramzan Special By Food Fusion,https://www.youtube.com/watch?v=OOienzr44zg
Make & Freeze Tikka Nuggets Fried and Air Fried Recipe By Food Fusion (Ramazan Special),Indian/Pakistani,1 channel,-,-,Make & Freeze Tikka Nuggets Fried and Air Fried Recipe By Food Fusion (Ramazan Special),https://www.youtube.com/watch?v=uv4_nZDk7lk
Make & Store Beef Biryani Recipe,Indian/Pakistani,1 channel,-,-,Make & Store Beef Biryani Recipe By Food Fusion,https://www.youtube.com/watch?v=rmf44j-r2EQ
Make & Store Biryani Marinade for Quick and Easy Biryani Recipe,Indian/Pakistani,1 channel,-,-,Make & Store Biryani Marinade for Quick and Easy Biryani Recipe  By Food Fusion,https://www.youtube.com/watch?v=8P0YS_MJaPU
Make & Store Chocolate Chip Cookie Dough Recipe,Continental,1 channel,-,-,Make & Store Chocolate Chip Cookie Dough Recipe by Food Fusion,https://www.youtube.com/watch?v=onBzlT9K5Qc
Make & Store For Easy Sehri Recipes By Food Fusion  (Ramzan special recipes 2019),Indian/Pakistani,1 channel,-,-,Make & Store For Easy Sehri Recipes By Food Fusion  (Ramzan special recipes 2019),https://www.youtube.com/watch?v=mVhA95H24lo
Make & Store Mango Recipes,Indian/Pakistani,1 channel,-,-,Make & Store Mango Recipes - Mango Week at Food Fusion,https://www.youtube.com/watch?v=6yunGGegmfI
Make & Store Sehri Recipes,Indian/Pakistani,1 channel,-,-,Make & Store Sehri Recipes - Pre Ramadan Preparation 2024 - Food Fusion,https://www.youtube.com/watch?v=yQaGcO23oRM
Make and Freeze Chicken Curry Puffs Recipe by Food Fusion (Ramzan Special Recipe),Indian/Pakistani,1 channel,-,-,Make and Freeze Chicken Curry Puffs Recipe by Food Fusion (Ramzan Special Recipe),https://www.youtube.com/watch?v=NPFzXiGx_c4
Make and Freeze Chicken Mini Box Patties & Cheese Paneer Samosa By Food Fusion (Ramzan Special),Indian/Pakistani,1 channel,-,-,Make and Freeze Chicken Mini Box Patties & Cheese Paneer Samosa By Food Fusion (Ramzan Special),https://www.youtube.com/watch?v=dmhFmpSxxfQ
Make and Freeze  Chicken Patty Kabab Ramadan Special Recipe,Indian/Pakistani,1 channel,-,-,Make and Freeze  Chicken Patty Kabab Ramadan Special Recipe by Food Fusion,https://www.youtube.com/watch?v=hJcmlB4_58A
Make and Freeze Iftar Recipes by Food Fusion (iftar snacks),Indian/Pakistani,1 channel,-,-,Make and Freeze Iftar Recipes by Food Fusion (iftar snacks),https://www.youtube.com/watch?v=nNrfE-xA9dE
Make and Freeze Iftar Snacks 2026 Collection 1,Indian/Pakistani,1 channel,-,-,Make and Freeze Iftar Snacks 2026 Collection 1 By Food Fusion,https://www.youtube.com/watch?v=6F0yqrW2Dfo
Make and Freeze Kabab Recipes By Food Fusion (Ramzan Special Recipes),Indian/Pakistani,1 channel,-,-,Make and Freeze Kabab Recipes By Food Fusion (Ramzan Special Recipes),https://www.youtube.com/watch?v=DfeoLMOiOP4
Make and store Dessert Essentials By Food Fusion (Ramzan special),Indian/Pakistani,1 channel,-,-,Make and store Dessert Essentials By Food Fusion (Ramzan special),https://www.youtube.com/watch?v=pDAqS_IrllU
Make and Store Iftar Pre Prep Essentials Recipes By Food Fusion (Ramzan Special Recieps),Indian/Pakistani,1 channel,-,-,Make and Store Iftar Pre Prep Essentials Recipes By Food Fusion (Ramzan Special Recieps),https://www.youtube.com/watch?v=SnjSN0XbYo0
Make and Store Pudina Raita Masala Recipe,Indian/Pakistani,1 channel,-,-,Make and Store Pudina Raita Masala Recipe By Food Fusion,https://www.youtube.com/watch?v=jiHGylc8z58
"Make Kababs 4 ways. Shami , Seekh , Somoky yogurt kabab all recipes in one video",Indian/Pakistani,1 channel,-,-,"Make Kababs 4 ways. Shami , Seekh , Somoky yogurt kabab all recipes in one video  By Food Fusion",https://www.youtube.com/watch?v=S1T6C5Q0LEI
Make this dessert for your family,Indian/Pakistani,1 channel,Make this dessert for your family - New way to cook Meethi Seviyan,https://www.youtube.com/watch?v=CPT3BgZLZ3o,-,-
Make This Easy Braided Chicken Bread Without Oven Recipe,Indian/Pakistani,1 channel,-,-,Make This Easy Braided Chicken Bread Without Oven Recipe By Food Fusion,https://www.youtube.com/watch?v=Y-MX24vmECM
Makhadi Halwa,Indian/Pakistani,1 channel,Makhadi Halwa Recipe - Best Suji Halwa Secret Recipe (Best of Best),https://www.youtube.com/watch?v=gpvIZ8fL4A8,-,-
Makhana Chaat Ramazan Special Recipe,Indian/Pakistani,1 channel,-,-,Makhana Chaat Ramazan Special Recipe by Food Fusion,https://www.youtube.com/watch?v=EIT2oanD1zg
Makhandi Halwa Winter Special Recipe,Indian/Pakistani,1 channel,-,-,Makhandi Halwa Winter Special Recipe By Food Fusion,https://www.youtube.com/watch?v=7pm7z2IqLlk
Makhandi Halwa || 1 Cup Sooji Cooked in Milk (Chakwali),Indian/Pakistani,1 channel,Makhandi Halwa || 1 Cup Sooji Cooked in Milk (Chakwali),https://www.youtube.com/watch?v=FpMk48RrJBA,-,-
Makhani Beef Kabab Bakra Eid Recipe,Indian/Pakistani,1 channel,-,-,Makhani Beef Kabab Bakra Eid Recipe by Food Fusion,https://www.youtube.com/watch?v=-QLbWClgUdY
Makhani Besan Recipe,Indian/Pakistani,1 channel,-,-,Makhani Besan Recipe By Food Fusion,https://www.youtube.com/watch?v=kIyHI-75HzU
Makhani Dum Biryani Recipe By Food Fusion (Bakra Eid Special),Indian/Pakistani,1 channel,-,-,Makhani Dum Biryani Recipe By Food Fusion (Bakra Eid Special),https://www.youtube.com/watch?v=vzm0TRiywi0
Makhani Sarson ka Saag Recipe,Indian/Pakistani,1 channel,-,-,Makhani Sarson ka Saag Recipe by Food Fusion,https://www.youtube.com/watch?v=USuhImYy6PE
Makhmali Chicken Samosa in Air fryer,Indian/Pakistani,1 channel,-,-,Makhmali Chicken Samosa in Air fryer - Make & Freeze Ramazan Special Recipe by Food Fusion,https://www.youtube.com/watch?v=63aGfiE-QRI
Makhmali Dum Mix Vegetable Recipe,Indian/Pakistani,1 channel,-,-,Makhmali Dum Mix Vegetable Recipe by Food Fusion,https://www.youtube.com/watch?v=D78Z1EjNgwM
Makhni Anda Lifafa Paratha Ramazan Special  Recipe,Indian/Pakistani,1 channel,-,-,Makhni Anda Lifafa Paratha Ramazan Special  Recipe by Food Fusion,https://www.youtube.com/watch?v=yukggiFbXIA
Makhni Beef Recipe By Food Fusion (Bakra Eid Special),Indian/Pakistani,1 channel,-,-,Makhni Beef Recipe By Food Fusion (Bakra Eid Special),https://www.youtube.com/watch?v=k-qU320Xktc
Makhni Chanay Bhature Recipe By Food Fusion (Ramazan Special Recipe),Indian/Pakistani,1 channel,-,-,Makhni Chanay Bhature Recipe By Food Fusion (Ramazan Special Recipe),https://www.youtube.com/watch?v=-ynEYm7FPNI
Makhni Chicken Recipe,Indian/Pakistani,1 channel,-,-,Makhni Chicken Recipe by Food Fusion,https://www.youtube.com/watch?v=Kkof8EYr_Bw
Makhni Dum Chicken Pulao,Indian/Pakistani,1 channel,-,-,Makhni Dum Chicken Pulao - Ramazan Special Recipe by Food Fusion,https://www.youtube.com/watch?v=7QStfqWpFPI
Makhni Handi Kabab,Indian/Pakistani,1 channel,-,-,Makhni Handi Kabab - Bakra Eid Special Recipe by Food Fusion,https://www.youtube.com/watch?v=q8eBRPMDb5k
Makhni Kaleji,Indian/Pakistani,1 channel,-,-,Makhni Kaleji - Bakra Eid Special Recipe by Food Fusion,https://www.youtube.com/watch?v=lGTSvfh1Ut4
Makhni Karahi Recipe,Indian/Pakistani,1 channel,-,-,Makhni Karahi Recipe By Food Fusion,https://www.youtube.com/watch?v=pdg0jMnunFU
Makhni Methi Paneer Recipe,Indian/Pakistani,1 channel,-,-,Makhni Methi Paneer Recipe By Food Fusion,https://www.youtube.com/watch?v=xlZS4D-Lguo
Makhni Raan Roast Recipe By Food Fusion (Bakra Eid Special),Indian/Pakistani,1 channel,-,-,Makhni Raan Roast Recipe By Food Fusion (Bakra Eid Special),https://www.youtube.com/watch?v=Or8KZiTfhbI
Makhni Tadka Chanay Ramadan Special Recipe,Indian/Pakistani,1 channel,-,-,Makhni Tadka Chanay Ramadan Special Recipe by Food Fusion,https://www.youtube.com/watch?v=rV4eKT9E9lc
Makkai ki Roti Recipe,Indian/Pakistani,1 channel,-,-,Makkai ki Roti Recipe By Food Fusion,https://www.youtube.com/watch?v=3j0L-dQSbtA
Makki Ki roti with Sarson Ka Saag Recipe,Indian/Pakistani,1 channel,-,-,Makki Ki roti with Sarson Ka Saag Recipe By Food Fusion,https://www.youtube.com/watch?v=7aMYiEtQ3k8
Makloubeh Recipe,Indian/Pakistani,1 channel,-,-,Makloubeh Recipe By Food Fusion,https://www.youtube.com/watch?v=jx6EgofxbHo
Malabar Chicken Fry Recipe,Indian/Pakistani,1 channel,-,-,Malabar Chicken Fry Recipe by Food Fusion,https://www.youtube.com/watch?v=WRxfXPyGUm0
Malai Boti,Indian/Pakistani,1 channel,Malai Boti Recipe - Restaurant Style Orignal Chicken Malai Boti - Kun Foods,https://www.youtube.com/watch?v=qel_Ec2GvPc,-,-
Malai Boti BBQ Restaurant Style,Indian/Pakistani,1 channel,Malai Boti BBQ Restaurant Style - Perfect Measurements,https://www.youtube.com/watch?v=XxC6Cz0IFVU,-,-
Malai Boti Biryani Recipe,Indian/Pakistani,1 channel,-,-,Malai Boti Biryani Recipe By Food Fusion,https://www.youtube.com/watch?v=hhs3OBa-PA0
Malai Boti Handi Recipe,Indian/Pakistani,1 channel,-,-,Malai Boti Handi Recipe By Food Fusion,https://www.youtube.com/watch?v=3qsolYYlUMw
Malai Boti Paratha Roll Recipe By Food Fusion (Ramzan Special),Indian/Pakistani,1 channel,-,-,Malai Boti Paratha Roll Recipe By Food Fusion (Ramzan Special),https://www.youtube.com/watch?v=2edqTnVkGDI
Malai Boti Recipe Collection,Indian/Pakistani,1 channel,-,-,Malai Boti Recipe Collection By Food Fusion,https://www.youtube.com/watch?v=9K_0YDwENfs
Malai Cake Recipe with Sarah Khan at,Continental,1 channel,-,-,Malai Cake Recipe with Sarah Khan at Food Fusion,https://www.youtube.com/watch?v=utYbvjtQ2HM
Malai Chicken Biryani Recipe,Indian/Pakistani,1 channel,-,-,Malai Chicken Biryani Recipe by Food Fusion,https://www.youtube.com/watch?v=pwLWGpUGXtA
Malai Chicken Bread Pockets,Indian/Pakistani,1 channel,Malai Chicken Bread Pockets - Creamy Bread Pockets Ramzan Special,https://www.youtube.com/watch?v=J1w8slXr8tk,-,-
Malai Chicken Lacha Paratha Recipe,Indian/Pakistani,1 channel,-,-,Malai Chicken Lacha Paratha Recipe by Food Fusion,https://www.youtube.com/watch?v=n6EZwC-96eg
Malai Chicken on Tawa,Indian/Pakistani,1 channel,Malai Chicken on Tawa - Best Recipe Ever,https://www.youtube.com/watch?v=_uzDQfA_TQM,-,-
Malai Chicken Roll-ups Recipe,Indian/Pakistani,1 channel,-,-,Malai Chicken Roll-ups Recipe by Food Fusion,https://www.youtube.com/watch?v=qw0p4spIgcw
Malai Chicken Seekh kabab Biryani Recipe By Food Fusion (Eid Special),Indian/Pakistani,1 channel,-,-,Malai Chicken Seekh kabab Biryani Recipe By Food Fusion (Eid Special),https://www.youtube.com/watch?v=UXHhw0_U368
Malai Halwa,Indian/Pakistani,1 channel,Malai Halwa Recipe - New Style Halwa Better than Halwai (No Suji),https://www.youtube.com/watch?v=t3d4z59kSag,-,-
Malai Kabab Handi,Indian/Pakistani,1 channel,Malai Kabab Handi - Homemade Restaurant Style Seekh and Kabab Handi,https://www.youtube.com/watch?v=KwoujOZNOus,-,-
Malai Kabab with Gravy Recipe,Indian/Pakistani,1 channel,-,-,Malai Kabab with Gravy Recipe By Food Fusion,https://www.youtube.com/watch?v=ytvOCMYJLWM
Malai Khaja Halwai Style Ramazan Special Dessert Recipe,Indian/Pakistani,1 channel,-,-,Malai Khaja Halwai Style Ramazan Special Dessert Recipe By Food Fusion,https://www.youtube.com/watch?v=xpIpGlyWCTY
Malai Kheer Recipe,Indian/Pakistani,1 channel,-,-,Malai Kheer Recipe by Food Fusion,https://www.youtube.com/watch?v=GMC6FYnBa98
Malai Koftay Recipe,Indian/Pakistani,1 channel,-,-,Malai Koftay Recipe by Food Fusion,https://www.youtube.com/watch?v=V40pEmURvtg
Malai Kulfi || Commercial Kulfi Recipe |,Indian/Pakistani,1 channel,Malai Kulfi || Commercial Kulfi Recipe || Kun Foods,https://www.youtube.com/watch?v=l8Y3AB9jbsg,-,-
Malai Ladoo Recipe,Indian/Pakistani,1 channel,-,-,Malai Ladoo Recipe By Food Fusion,https://www.youtube.com/watch?v=b848LWh4Vfc
Malai Masala Tawa Chicken Recipe,Indian/Pakistani,1 channel,-,-,Malai Masala Tawa Chicken Recipe by Food Fusion,https://www.youtube.com/watch?v=3KAD2hVVJvg
Malai Mutton Biryani,Indian/Pakistani,1 channel,-,-,Malai Mutton Biryani - Bakra Eid Special Recipe by Food Fusion,https://www.youtube.com/watch?v=pLt-PP6XXGU
Malai Mutton Boti Skewers Recipe,Indian/Pakistani,1 channel,-,-,Malai Mutton Boti Skewers Recipe by Food Fusion,https://www.youtube.com/watch?v=EWCaVBv2KC0
Malai Pasanday Recipe,Indian/Pakistani,1 channel,-,-,Malai Pasanday Recipe by Food Fusion,https://www.youtube.com/watch?v=2ALImcJJzRM
Malai Qeema Kabab Sizzler Recipe,Indian/Pakistani,1 channel,-,-,Malai Qeema Kabab Sizzler Recipe by Food Fusion,https://www.youtube.com/watch?v=H19kEy2_j0w
Malai Qeema Recipe,Indian/Pakistani,1 channel,-,-,Malai Qeema Recipe by Food Fusion,https://www.youtube.com/watch?v=kQEQyavQqfM
Malai Roll Sheer Khurma Recipe By Food Fusion (Eid Special),Indian/Pakistani,1 channel,-,-,Malai Roll Sheer Khurma Recipe By Food Fusion (Eid Special),https://www.youtube.com/watch?v=gPy5zBt2ZB0
Malai Seekh Kabab Gravy Bakra Eid Special Recipe,Indian/Pakistani,1 channel,-,-,Malai Seekh Kabab Gravy Bakra Eid Special Recipe by Food Fusion,https://www.youtube.com/watch?v=LqLjwiVpjCo
Malai Seekh kabab Recipe,Indian/Pakistani,1 channel,-,-,Malai Seekh kabab Recipe By Food Fusion,https://www.youtube.com/watch?v=OMYj4ZjZ1AU
Malai Tandoori Tangri Kabab Recipe,Indian/Pakistani,1 channel,-,-,Malai Tandoori Tangri Kabab Recipe by Food Fusion,https://www.youtube.com/watch?v=pQmmf1MxFO4
Malai Tawa Chicken Recipe by Food Fusion Travel Series 2023,Indian/Pakistani,1 channel,-,-,Malai Tawa Chicken Recipe by Food Fusion Travel Series 2023,https://www.youtube.com/watch?v=ZbU22TR7ets
Malai Tikka Boti Bites Recipe,Indian/Pakistani,1 channel,-,-,Malai Tikka Boti Bites Recipe By Food Fusion,https://www.youtube.com/watch?v=h43RaxQBmnU
Malai Tikka Pulao Recipe,Indian/Pakistani,1 channel,-,-,Malai Tikka Pulao Recipe By Food Fusion,https://www.youtube.com/watch?v=AAjXYSOIK00
Malai Tikka Rice Platter Recipe,Indian/Pakistani,1 channel,-,-,Malai Tikka Rice Platter Recipe by Food Fusion,https://www.youtube.com/watch?v=HeYXaGPB1dE
Malai Tikka with Creamy Green Chutney Recipe,Indian/Pakistani,1 channel,-,-,Malai Tikka with Creamy Green Chutney Recipe by Food Fusion,https://www.youtube.com/watch?v=BpeP8ltY0Xo
Malai Tinday Ki Sabzi Recipe,Indian/Pakistani,1 channel,-,-,Malai Tinday Ki Sabzi Recipe by Food Fusion,https://www.youtube.com/watch?v=Lb0OtW-7OLs
Malida (Choori) Recipe,Indian/Pakistani,1 channel,-,-,Malida (Choori) Recipe By Food Fusion,https://www.youtube.com/watch?v=9a4kKGnX3eI
Malka Daal recipe,Indian/Pakistani,1 channel,-,-,Malka Daal recipe By Food Fusion,https://www.youtube.com/watch?v=Eqzyo4pI328
Malka Masoor Daal with Instant Quick Achar Recipe,Indian/Pakistani,1 channel,-,-,Malka Masoor Daal with Instant Quick Achar Recipe by Food Fusion,https://www.youtube.com/watch?v=s1rA4kd1Wfg
Malpura Recipe,Indian/Pakistani,1 channel,-,-,Malpura Recipe By Food Fusion,https://www.youtube.com/watch?v=7ysP9EhosrQ
Manchurian Chaat Recipe By Food Fusion (Ramzan Special Recipe),Chinese,1 channel,-,-,Manchurian Chaat Recipe By Food Fusion (Ramzan Special Recipe),https://www.youtube.com/watch?v=8T8gyD-e0uI
Mango and Falsa iced Green Tea,Indian/Pakistani,1 channel,-,-,Mango and Falsa iced Green Tea By Food Fusion,https://www.youtube.com/watch?v=QeTfeHy2vTk
Mango and Falsa Squash Recipes By Food Fusion (Summer Special),Indian/Pakistani,1 channel,-,-,Mango and Falsa Squash Recipes By Food Fusion (Summer Special),https://www.youtube.com/watch?v=7wI0J9ECGsY
Mango Barfi Recipe,Indian/Pakistani,1 channel,-,-,Mango Barfi Recipe By Food Fusion,https://www.youtube.com/watch?v=5P3IXWpCifU
Mango Barfi Rolls Eid Special Mithai Recipe,Indian/Pakistani,1 channel,-,-,Mango Barfi Rolls Eid Special Mithai Recipe by Food Fusion,https://www.youtube.com/watch?v=suYBw2MWUgg
Mango BBQ Glaze Drumsticks Recipe,Indian/Pakistani,1 channel,-,-,Mango BBQ Glaze Drumsticks Recipe by Food Fusion,https://www.youtube.com/watch?v=UB5vV3JHOCE
Mango Butterscotch Delight Recipe,Indian/Pakistani,1 channel,-,-,Mango Butterscotch Delight Recipe by Food Fusion,https://www.youtube.com/watch?v=bx9krTd7nXQ
Mango Cake Recipe,Continental,1 channel,-,-,Mango Cake Recipe By Food Fusion,https://www.youtube.com/watch?v=PUwjXi-XynM
Mango Cherry Green Tea Smoothie Recipe,Indian/Pakistani,1 channel,-,-,Mango Cherry Green Tea Smoothie Recipe By Food Fusion,https://www.youtube.com/watch?v=sDnBTXOvBQ0
Mango Chutney Restaurant Style,Indian/Pakistani,1 channel,Mango Chutney Restaurant Style,https://www.youtube.com/watch?v=QMUjR1aZK54,-,-
Mango Coconut Fudge Barfi Recipe,Indian/Pakistani,1 channel,-,-,Mango Coconut Fudge Barfi Recipe by Food Fusion,https://www.youtube.com/watch?v=T23vrlSn17U
Mango Coconut Ice cream Recipe,Indian/Pakistani,1 channel,-,-,Mango Coconut Ice cream Recipe by Food Fusion,https://www.youtube.com/watch?v=V-mFJ0AGzlE
Mango Cream Crepes Recipe,Indian/Pakistani,1 channel,-,-,Mango Cream Crepes Recipe by Food Fusion,https://www.youtube.com/watch?v=j2EIAwWlev0
Mango Cream Recipe,Indian/Pakistani,1 channel,-,-,Mango Cream Recipe By Food Fusion,https://www.youtube.com/watch?v=mM-6wR9EM3M
Mango Custard Bread Pudding Recipe,Indian/Pakistani,1 channel,-,-,Mango Custard Bread Pudding Recipe by Food Fusion,https://www.youtube.com/watch?v=_R8uTQRCvnA
Mango Custard Cream Recipe By Food Fusion (Eid Special recipe 2019),Indian/Pakistani,1 channel,-,-,Mango Custard Cream Recipe By Food Fusion (Eid Special recipe 2019),https://www.youtube.com/watch?v=gVomPTl3DnE
Mango Cutting Technique,Indian/Pakistani,1 channel,-,-,Mango Cutting Technique - Food Fusion,https://www.youtube.com/watch?v=FmvqSFaVEzQ
Mango Desserts,Indian/Pakistani,1 channel,-,-,4 Amazing Mango Desserts - Mango Week at  Food Fusion,https://www.youtube.com/watch?v=hWtnP-taYLo
Mango Donuts Recipe,Continental,1 channel,-,-,Mango Donuts Recipe by Food Fusion,https://www.youtube.com/watch?v=JqeG15QT-aU
Mango Doodh ki Thandi Bottle Recipe,Indian/Pakistani,1 channel,-,-,Mango Doodh ki Thandi Bottle Recipe By Food Fusion,https://www.youtube.com/watch?v=j9hIymFJ6lU
Mango Dream Cake Recipe,Continental,1 channel,-,-,Mango Dream Cake Recipe by Food Fusion,https://www.youtube.com/watch?v=50EYWNpODu0
Mango Drink,Indian/Pakistani,1 channel,-,-,Mango Drink Recipe - Mango Week  By Food Fusion,https://www.youtube.com/watch?v=hSN7T_nsvWI
Mango Falooda — 2 Must Try Recipes,Indian/Pakistani,1 channel,-,-,Mango Falooda — 2 Must Try Recipes By Food Fusion,https://www.youtube.com/watch?v=FbGDf51FPdA
Mango Firni Recipe By Food Fusion (Eid Special),Indian/Pakistani,1 channel,-,-,Mango Firni Recipe By Food Fusion (Eid Special),https://www.youtube.com/watch?v=2Cd7-VzQhEg
Mango Frappe Recipe,Indian/Pakistani,1 channel,-,-,Mango Frappe Recipe By Food Fusion,https://www.youtube.com/watch?v=qA5mN2nwRgU
Mango Frooti Recipe,Indian/Pakistani,1 channel,-,-,Mango Frooti Recipe by Food Fusion,https://www.youtube.com/watch?v=C0VlQe1sbQE
Mango Green Tea Popsicle Recipe By Food Fusion (Summer special),Indian/Pakistani,1 channel,-,-,Mango Green Tea Popsicle Recipe By Food Fusion (Summer special),https://www.youtube.com/watch?v=GCOuy1KwV1o
Mango Harvesting,Indian/Pakistani,1 channel,-,-,Mango Harvesting - Homegrown Mangoes - Food Fusion,https://www.youtube.com/watch?v=rn1mtgK50co
Mango Ice Cream,Indian/Pakistani,1 channel,Mango Ice Cream Homemade - Market Style Mango Ice Cream,https://www.youtube.com/watch?v=iuTrQJ86bqg,-,-
Mango Ice cream & Chocolate Ice cream recipe,Indian/Pakistani,1 channel,-,-,Mango Ice cream & Chocolate Ice cream recipe by Food Fusion,https://www.youtube.com/watch?v=nApD25HkbXk
Mango Icebox Cake Recipe,Continental,1 channel,-,-,Mango Icebox Cake Recipe By Food Fusion,https://www.youtube.com/watch?v=emOvO33G3Ag
Mango Iced Green Tea Recipe,Indian/Pakistani,1 channel,-,-,Mango Iced Green Tea Recipe by Food Fusion,https://www.youtube.com/watch?v=WMkxh4DpYHc
Mango Iced Tea Recipe,Indian/Pakistani,1 channel,-,-,Mango Iced Tea Recipe By Food Fusion,https://www.youtube.com/watch?v=P8LmpoM_qUw
Mango Jam Recipe,Indian/Pakistani,1 channel,-,-,Mango Jam Recipe By Food Fusion,https://www.youtube.com/watch?v=hR91UmtYjWI
Mango Jelly Dessert Recipe,Indian/Pakistani,1 channel,-,-,Mango Jelly Dessert Recipe by Food Fusion,https://www.youtube.com/watch?v=kuHJeiYv5_8
Mango Kulfi Falooda Recipe,Indian/Pakistani,1 channel,-,-,Mango Kulfi Falooda Recipe By Food Fusion,https://www.youtube.com/watch?v=rFTj-wTDICE
Mango Kulfi Matki Rabri Falooda Recipe By Food Fusion (Summer Special),Indian/Pakistani,1 channel,-,-,Mango Kulfi Matki Rabri Falooda Recipe By Food Fusion (Summer Special),https://www.youtube.com/watch?v=dAI1RXHqHkk
Mango Kulfi With Layered Chocolate Recipe,Indian/Pakistani,1 channel,-,-,Mango Kulfi With Layered Chocolate Recipe by Food Fusion,https://www.youtube.com/watch?v=Vc03JeWv8TQ
Mango Kunafa Recipe,Arabic/Mediterranean,1 channel,-,-,Mango Kunafa Recipe by Food Fusion,https://www.youtube.com/watch?v=Q4KUcf1kdtg
Mango Kunafa Toast Recipe,Arabic/Mediterranean,1 channel,-,-,Mango Kunafa Toast Recipe by Food Fusion,https://www.youtube.com/watch?v=L96BuTpghZk
Mango Lab-e-Shireen Eid Special Dessert Recipe,Indian/Pakistani,1 channel,-,-,Mango Lab-e-Shireen Eid Special Dessert Recipe by Food Fusion,https://www.youtube.com/watch?v=OBK6E8JkrxU
Mango Loaf Cake Recipe,Continental,1 channel,-,-,Mango Loaf Cake Recipe by Food Fusion,https://www.youtube.com/watch?v=it_zdq9xwww
Mango Lychee Ice Cream Recipe By Food Fusion (Summer Special),Indian/Pakistani,1 channel,-,-,Mango Lychee Ice Cream Recipe By Food Fusion (Summer Special),https://www.youtube.com/watch?v=7wJi-l9gBlU
Mango Mahalabia (Milk Pudding) Recipe By Food Fusion (Bakra Eid Special),Indian/Pakistani,1 channel,-,-,Mango Mahalabia (Milk Pudding) Recipe By Food Fusion (Bakra Eid Special),https://www.youtube.com/watch?v=96HtOFookxo
Mango Malai Cake Recipe By Food Fusion (Eid Special),Continental,1 channel,-,-,Mango Malai Cake Recipe By Food Fusion (Eid Special),https://www.youtube.com/watch?v=m7xBtERQsFc
Mango Malai Falooda Recipe,Indian/Pakistani,1 channel,-,-,Mango Malai Falooda Recipe By Food Fusion,https://www.youtube.com/watch?v=23VhbdT8pdU
Mango Malai Rabri Eid Special Recipe,Indian/Pakistani,1 channel,-,-,Mango Malai Rabri Eid Special Recipe by Food Fusion,https://www.youtube.com/watch?v=OnHCbjapsW8
Mango Mastani Recipe,Indian/Pakistani,1 channel,-,-,Mango Mastani Recipe By Food Fusion,https://www.youtube.com/watch?v=dILLGf8XmNo
Mango Matki Ice Cream Recipe by Food Fusion (Summer Special),Indian/Pakistani,1 channel,-,-,Mango Matki Ice Cream Recipe by Food Fusion (Summer Special),https://www.youtube.com/watch?v=N7R2RYW6kYQ
Mango Mojito,Indian/Pakistani,1 channel,-,-,Mango Mojito Recipe - Cherry Mojito and Pineapple Mojito Restaurant Style By Food Fusion,https://www.youtube.com/watch?v=vXMDCNTl1zI
Mango Party At,Indian/Pakistani,1 channel,-,-,Mango Party At Food Fusion,https://www.youtube.com/watch?v=QTu_Wl6IGi4
Mango Pavlova Recipe,Indian/Pakistani,1 channel,-,-,Mango Pavlova Recipe By Food Fusion,https://www.youtube.com/watch?v=RdkFJ4s-9wc
Mango Peda Recipe,Indian/Pakistani,1 channel,-,-,Mango Peda Recipe by Food Fusion,https://www.youtube.com/watch?v=mQgo8v0agVk
Mango Pistachio Kulfi Recipe by Asad Memon (Summer Special),Indian/Pakistani,1 channel,-,-,Mango Pistachio Kulfi Recipe by Asad Memon-Food Fusion (Summer Special),https://www.youtube.com/watch?v=5LMql595csA
Mango Rabri Cups Recipe By Food Fusion (Eid Special),Indian/Pakistani,1 channel,-,-,Mango Rabri Cups Recipe By Food Fusion (Eid Special),https://www.youtube.com/watch?v=AU74-VXMRFY
Mango Ras Malai Recipe,Indian/Pakistani,1 channel,-,-,Mango Ras Malai Recipe By Food Fusion,https://www.youtube.com/watch?v=SB1MrMZg8mY
Mango Recipe Collection 2021,Indian/Pakistani,1 channel,-,-,Mango Recipe Collection 2021 By Food Fusion,https://www.youtube.com/watch?v=N1O0MD8bQgo
Mango Rice Kheer Recipe,Indian/Pakistani,1 channel,-,-,Mango Rice Kheer Recipe By Food Fusion,https://www.youtube.com/watch?v=UdW6yMRyExk
Mango Sago Pudding Recipe,Indian/Pakistani,1 channel,-,-,Mango Sago Pudding Recipe By Food Fusion,https://www.youtube.com/watch?v=2Aq3LV8J_GI
Mango Shahi Tukray Recipe By Food Fusion (Eid Special),Indian/Pakistani,1 channel,-,-,Mango Shahi Tukray Recipe By Food Fusion (Eid Special),https://www.youtube.com/watch?v=Pww2wTnVs6A
Mango Sheera Eid Special Dessert Recipe,Indian/Pakistani,1 channel,-,-,Mango Sheera Eid Special Dessert Recipe by Food Fusion,https://www.youtube.com/watch?v=rJdYfaLIm5A
Mango Soda 2 ways Recipe,Indian/Pakistani,1 channel,-,-,Mango Soda 2 ways Recipe by Food Fusion,https://www.youtube.com/watch?v=MZR1EmzmS3Q
Mango Squash Recipe,Indian/Pakistani,1 channel,-,-,Mango Squash Recipe By Food Fusion,https://www.youtube.com/watch?v=1qDldeZuGcQ
Mango Stuffed Kulfi Recipe,Indian/Pakistani,1 channel,-,-,Mango Stuffed Kulfi Recipe by Food Fusion,https://www.youtube.com/watch?v=l1RBjC3eqQE
Mango Tart Recipe,Indian/Pakistani,1 channel,-,-,Mango Tart Recipe By Food Fusion,https://www.youtube.com/watch?v=XMRTAIW05II
Mango Tiramisu Cups Recipe,Indian/Pakistani,1 channel,-,-,Mango Tiramisu Cups Recipe by Food Fusion,https://www.youtube.com/watch?v=aBArflSAR48
Mango Tres Leches Cake Recipe,Continental,1 channel,-,-,Mango Tres Leches Cake Recipe By Food Fusion,https://www.youtube.com/watch?v=8-WgoP4cJ6c
Mango Tres Leches/Three Milk Cake  Recipe,Continental,1 channel,-,-,Mango Tres Leches/Three Milk Cake  Recipe by Food Fusion,https://www.youtube.com/watch?v=kT_nK_6dEpw
Mango Trifle Delight Recipe,Indian/Pakistani,1 channel,-,-,Mango Trifle Delight Recipe By Food Fusion,https://www.youtube.com/watch?v=PBbKuFOYxzE
Mango Upside down Cake recipe,Continental,1 channel,-,-,Mango Upside down Cake recipe By Food Fusion,https://www.youtube.com/watch?v=h4ez1SyVTvo
Mango Yogurt Pudding (Bhapa Doi) Recipe,Indian/Pakistani,1 channel,-,-,Mango Yogurt Pudding (Bhapa Doi) Recipe by Food Fusion,https://www.youtube.com/watch?v=eIyvYYXBcJk
Mantu Recipe,Indian/Pakistani,1 channel,-,-,Mantu Recipe By Food Fusion,https://www.youtube.com/watch?v=7RVhb5TJFmg
Marble Cake Recipe,Continental,1 channel,-,-,Marble Cake Recipe By Food Fusion,https://www.youtube.com/watch?v=83oRCGaCUY8
Margarita Pizza Quesadilla in Microwave,Continental,1 channel,-,-,Margarita Pizza Quesadilla in Microwave - Recipe by Food Fusion,https://www.youtube.com/watch?v=0RlpDyiFafI
Marry Me Chicken Curry,Indian/Pakistani,1 channel,Marry Me Chicken Curry - Finger Licking Chicken Gravy Recipe,https://www.youtube.com/watch?v=C6P6ByxD1Dk,-,-
Marry Me Chicken Meatballs Recipe,Continental,1 channel,-,-,Marry Me Chicken Meatballs Recipe by Food Fusion,https://www.youtube.com/watch?v=mRXc9k1Boq4
Marry Me Chicken Pasta Recipe,Continental,1 channel,-,-,Marry Me Chicken Pasta Recipe by Food Fusion,https://www.youtube.com/watch?v=FXK3taqlF1M
Masala Aloo Bhindi Recipe,Indian/Pakistani,1 channel,-,-,Masala Aloo Bhindi Recipe By Food Fusion,https://www.youtube.com/watch?v=NZwQExS8u9k
Masala Aloo Katli Ramadan Special Recipe,Indian/Pakistani,1 channel,-,-,Masala Aloo Katli Ramadan Special Recipe by Food Fusion,https://www.youtube.com/watch?v=D9pBTCKEoYs
Masala Aloo Matar Pulao,Indian/Pakistani,1 channel,Masala Aloo Matar Pulao - Aloo Matar Pulao New Style,https://www.youtube.com/watch?v=BoYkYn2zFec,-,-
Masala Aloo Tikki Chaat Recipe,Indian/Pakistani,1 channel,-,-,Masala Aloo Tikki Chaat Recipe By Food Fusion,https://www.youtube.com/watch?v=8c9Sjj5I40c
Masala Bhindi,Indian/Pakistani,1 channel,Masala Bhindi - Restaurant Style Bhindi Recipe,https://www.youtube.com/watch?v=5h5ra49ThnI,-,-
Masala Bhindi (Okra) Recipe,Indian/Pakistani,1 channel,-,-,Masala Bhindi (Okra) Recipe By Food Fusion,https://www.youtube.com/watch?v=97s6_k0tWuo
Masala Boti Kabab,Indian/Pakistani,1 channel,Masala Boti Kabab Recipe | Fry Boti Kabab Bakra Eid Special Recipe,https://www.youtube.com/watch?v=qbc1X3fGMDE,-,-
Masala Chana Daal Recipe,Indian/Pakistani,1 channel,-,-,Masala Chana Daal Recipe by Food Fusion,https://www.youtube.com/watch?v=72Sy9j7DLVk
Masala Cheese Puri Ramazan Special Recipe,Indian/Pakistani,1 channel,-,-,Masala Cheese Puri Ramazan Special Recipe by Food Fusion,https://www.youtube.com/watch?v=vgX--uTX-MI
Masala Chicken Wings Recipe,Continental,1 channel,-,-,Masala Chicken Wings Recipe by Food Fusion,https://www.youtube.com/watch?v=HOryVINHzPM
Masala Crackers Recipe,Indian/Pakistani,1 channel,-,-,Masala Crackers Recipe by Food Fusion,https://www.youtube.com/watch?v=KOhdhKr38mE
Masala Dum Gosht Recipe,Indian/Pakistani,1 channel,-,-,Masala Dum Gosht Recipe By Food Fusion,https://www.youtube.com/watch?v=3ZTar74SXhw
Masala Fish Curry,Indian/Pakistani,1 channel,Masala Fish Curry | Traditional Village Fish Curry | Rohu Fish,https://www.youtube.com/watch?v=5Mzu2jep674,-,-
Masala Fish Fry,Indian/Pakistani,1 channel,Masala Fish Fry - KASURI TAWA FISH FRY RECIPE,https://www.youtube.com/watch?v=wHFE4muH5ho,-,-
Masala Fried Bread Recipe Recipe,Indian/Pakistani,1 channel,-,-,Masala Fried Bread Recipe Recipe By Food Fusion,https://www.youtube.com/watch?v=e5LcGXQkGq8
Masala Fried Rice Recipe,Chinese,1 channel,-,-,Masala Fried Rice Recipe By Food Fusion,https://www.youtube.com/watch?v=scKS31hoV_I
Masala Kaleji Recipe By Food Fusion (Bakra Eid Special),Indian/Pakistani,1 channel,-,-,Masala Kaleji Recipe By Food Fusion (Bakra Eid Special),https://www.youtube.com/watch?v=WiKNBXtA8EE
Masala Karachi Biryani Recipe,Indian/Pakistani,1 channel,-,-,Masala Karachi Biryani Recipe By Food Fusion,https://www.youtube.com/watch?v=M_EElubx0tI
Masala Lauki Katli Recipe,Indian/Pakistani,1 channel,-,-,Masala Lauki Katli Recipe by Food Fusion,https://www.youtube.com/watch?v=zr5hTDI1uU4
Masala Mutton Chops Recipe,Indian/Pakistani,1 channel,-,-,Masala Mutton Chops Recipe by Food Fusion,https://www.youtube.com/watch?v=ht1Obn_1Ejs
Masala Mutton Leg Roast Recipe By Food Fusion (Eid Recipe),Indian/Pakistani,1 channel,-,-,Masala Mutton Leg Roast Recipe By Food Fusion (Eid Recipe),https://www.youtube.com/watch?v=cow61cvs3BA
Masala Oats Recipe By Healthy,Indian/Pakistani,1 channel,-,-,Masala Oats Recipe By Healthy Food Fusion,https://www.youtube.com/watch?v=PnswDuUM6Bc
Masala  Omelette French Toast Recipe,Continental,1 channel,-,-,Masala  Omelette French Toast Recipe by Food Fusion,https://www.youtube.com/watch?v=0qOIKn5lFGU
Masala Pasanday Kabab Recipe by Food Fusion (Bakra Eid Special),Indian/Pakistani,1 channel,-,-,Masala Pasanday Kabab Recipe by Food Fusion (Bakra Eid Special),https://www.youtube.com/watch?v=UKcTXtX8tA0
Masala Roast Lamb with Gravy Recipe,Indian/Pakistani,1 channel,-,-,Masala Roast Lamb with Gravy Recipe by Food Fusion,https://www.youtube.com/watch?v=DdPYtsH5aSM
Masala Shikanji,Indian/Pakistani,1 channel,Masala Shikanji | Masala Nimbu Shikanji | Nimbu Pani | Lemonade | Kun Food Recipes | Masala Soda,https://www.youtube.com/watch?v=-DlJF_T2Zk8,-,-
Masala Tikka Recipe,Indian/Pakistani,1 channel,-,-,Masala Tikka Recipe By Food Fusion,https://www.youtube.com/watch?v=q6SXtI-5J34
Masala Tori Sabzi,Indian/Pakistani,1 channel,Masala Tori Sabzi - Restaurant Style Tori Recipe,https://www.youtube.com/watch?v=pP6jiyg6Vc0,-,-
Masalaydar Kalay Chanay with Matar Chewra,Indian/Pakistani,1 channel,-,-,Masalaydar Kalay Chanay with Matar Chewra - Iftar Chaat Recipe by Food Fusion,https://www.youtube.com/watch?v=o7HK0R8SXGs
Masalaydar Mutton Chops recipe By Food Fusion (Bakra Eid Special),Indian/Pakistani,1 channel,-,-,Masalaydar Mutton Chops recipe By Food Fusion (Bakra Eid Special),https://www.youtube.com/watch?v=kgzjqOJHpbU
Masalaydar Vegetable Dum Biryani,Indian/Pakistani,1 channel,-,-,Masalaydar Vegetable Dum Biryani - Recipe by Food Fusion,https://www.youtube.com/watch?v=jBrd7wSp5DA
Mash Daal Gosht Recipe,Indian/Pakistani,1 channel,-,-,Mash Daal Gosht Recipe By Food Fusion,https://www.youtube.com/watch?v=TO80o1TRYiY
Mash Daal Keema Recipe,Indian/Pakistani,1 channel,-,-,Mash Daal Keema Recipe By Food Fusion,https://www.youtube.com/watch?v=RMDtv05rLJs
Mash Daal with Tadka Recipe,Indian/Pakistani,1 channel,-,-,Mash Daal with Tadka Recipe By Food Fusion,https://www.youtube.com/watch?v=iyO-3eD_fs8
Mashed Potato French Toast Recipe,Indian/Pakistani,1 channel,-,-,Mashed Potato French Toast Recipe by Food Fusion,https://www.youtube.com/watch?v=Ff00-M26W90
Mashed Potato Tamagoyaki Recipe,Indian/Pakistani,1 channel,-,-,Mashed Potato Tamagoyaki Recipe by Food Fusion,https://www.youtube.com/watch?v=eHbE3y-xm-I
Mason Jar Omelette 2-ways (Microwave Recipe),Continental,1 channel,-,-,Mason Jar Omelette 2-ways (Microwave Recipe) by Food Fusion,https://www.youtube.com/watch?v=67YhU2puJJ4
Masoor Daal Soya Recipe,Indian/Pakistani,1 channel,-,-,Masoor Daal Soya Recipe By Food Fusion,https://www.youtube.com/watch?v=nN-Rk_y4Ui0
Master the art of making Pota Kaleji,Indian/Pakistani,1 channel,Master the art of making Pota Kaleji | 2 Kg Pota Kaleji Recipe | Chicken Gizzard Liver Recipe,https://www.youtube.com/watch?v=8JkSt0-mibY,-,-
Matar Aloo Pulao -Ramzan Special Recipe,Indian/Pakistani,1 channel,-,-,Matar Aloo Pulao -Ramzan Special Recipe by Food Fusion,https://www.youtube.com/watch?v=jxe-E6c-o4k
Matar Chawal Recipe,Indian/Pakistani,1 channel,-,-,Matar Chawal Recipe By Food Fusion,https://www.youtube.com/watch?v=64Th71HNjgk
Matar Kachori & Paneer Tarkari Recipe,Indian/Pakistani,1 channel,-,-,Matar Kachori & Paneer Tarkari Recipe By Food Fusion,https://www.youtube.com/watch?v=qjQxEAEQZbc
Matar Makhana Curry Recipe,Indian/Pakistani,1 channel,-,-,Matar Makhana Curry Recipe by Food Fusion,https://www.youtube.com/watch?v=0xobwyYo0MA
Matar Paneer Handi (Rajhistani Style) Recipe,Indian/Pakistani,1 channel,-,-,Matar Paneer Handi (Rajhistani Style) Recipe by Food Fusion,https://www.youtube.com/watch?v=VjAFpU9-XEI
Matar Qeema Recipe,Indian/Pakistani,1 channel,-,-,Matar Qeema Recipe By Food Fusion,https://www.youtube.com/watch?v=HxiTOxtHWZw
Matilda Cake Recipe,Continental,1 channel,-,-,Matilda Cake Recipe by Food Fusion,https://www.youtube.com/watch?v=hRXlhwOpYdY
Matka Beef Biryani Recipe,Indian/Pakistani,1 channel,-,-,Matka Beef Biryani Recipe by Food Fusion,https://www.youtube.com/watch?v=TyOtAO3G0rA
Matka Biryani Recipe By Food Fusion (Bakra Eid Special),Indian/Pakistani,1 channel,-,-,Matka Biryani Recipe By Food Fusion (Bakra Eid Special),https://www.youtube.com/watch?v=RUDqO6GA7Io
Matka Biryani Recipe || Street Food of Karachi,Indian/Pakistani,1 channel,Matka Biryani Recipe || Street Food of Karachi,https://www.youtube.com/watch?v=2h6n-b69wAE,-,-
Matka Coffee Recipe,Continental,1 channel,-,-,Matka Coffee Recipe By Food Fusion,https://www.youtube.com/watch?v=RFIGDxQf1X8
Matka Daal Chawal,Indian/Pakistani,1 channel,Matka Daal Chawal,https://www.youtube.com/watch?v=pNdFTYLc8QM,-,-
Matka Kulfi Recipe,Indian/Pakistani,1 channel,-,-,Matka Kulfi Recipe By Food Fusion,https://www.youtube.com/watch?v=8gEyO-3jpk0
Matka Pulao Recipe By Food Fusion (Ramzan Special Recipe),Indian/Pakistani,1 channel,-,-,Matka Pulao Recipe By Food Fusion (Ramzan Special Recipe),https://www.youtube.com/watch?v=A-wr9R6eGTs
Matka White Sauce Pasta Recipe By Food Fusion (Ramzan Special Recipe),Continental,1 channel,-,-,Matka White Sauce Pasta Recipe By Food Fusion (Ramzan Special Recipe),https://www.youtube.com/watch?v=WQIGfYuyhrE
Matki Kheer Recipe,Indian/Pakistani,1 channel,-,-,Matki Kheer Recipe by Food Fusion,https://www.youtube.com/watch?v=wl8goR8QjGA
Maui Wowie Chicken Burrito Recipe,Indian/Pakistani,1 channel,-,-,Maui Wowie Chicken Burrito Recipe By Food Fusion,https://www.youtube.com/watch?v=rvOoDRUMKMs
Mava kachori Recipe,Indian/Pakistani,1 channel,-,-,Mava kachori Recipe By Food Fusion,https://www.youtube.com/watch?v=lGwlQMiaLSc
Mawa Dry Fruit Gujiya Recipe,Indian/Pakistani,1 channel,-,-,Mawa Dry Fruit Gujiya Recipe By Food Fusion,https://www.youtube.com/watch?v=rMc2RXXigqU
Mawa Malai Roll Cut Kulfi Ramadan Special Recipe,Indian/Pakistani,1 channel,-,-,Mawa Malai Roll Cut Kulfi Ramadan Special Recipe by Food Fusion,https://www.youtube.com/watch?v=PnWbbN7cZgo
Mayo Chicken Paratha Ramzan Special  Recipe,Indian/Pakistani,1 channel,-,-,Mayo Chicken Paratha Ramzan Special  Recipe By Food Fusion,https://www.youtube.com/watch?v=dajNXX31R3g
Mayo Garlic Seekh Paratha Roll Recipe,Indian/Pakistani,1 channel,-,-,Mayo Garlic Seekh Paratha Roll Recipe By Food Fusion,https://www.youtube.com/watch?v=upvFly-nCm4
Mayonnaise Commercial Recipe with Secret Ingredient- How to make Perfect Mayonnaise,Continental,1 channel,Mayonnaise Commercial Recipe with Secret Ingredient- How to make Perfect Mayonnaise - Kun Foods,https://www.youtube.com/watch?v=ypRDdTPGBbQ,-,-
Mazedar Beef Pulao Ramadan Special Recipe,Indian/Pakistani,1 channel,-,-,Mazedar Beef Pulao Ramadan Special Recipe By Food Fusion,https://www.youtube.com/watch?v=PccQ7E6FUTQ
Mazedar Hara Masala Pulao Recipe,Indian/Pakistani,1 channel,-,-,Mazedar Hara Masala Pulao Recipe by Food Fusion,https://www.youtube.com/watch?v=MEh6GmWlbVw
McDonald's Chicken Nuggets,Indian/Pakistani,1 channel,McDonald's Chicken Nuggets Recipe - Fail Proof McNuggets Recipe,https://www.youtube.com/watch?v=rorna9ozIts,-,-
Meat Balls in White Sauce Recipe,Indian/Pakistani,1 channel,-,-,Meat Balls in White Sauce Recipe By Food Fusion,https://www.youtube.com/watch?v=7aovH_-6FdY
Meat Curry Bakra Eid Special Recipes,Indian/Pakistani,1 channel,-,-,Meat Curry Bakra Eid Special Recipes By Food Fusion,https://www.youtube.com/watch?v=GlgU9QKU8O4
Meat Stuffed Potato Pancakes,Indian/Pakistani,1 channel,-,-,Meat Stuffed Potato Pancakes - Easy Breakfast Recipe by Food Fusion,https://www.youtube.com/watch?v=FoH68xkQvG8
Meatball Casserole Recipe,Indian/Pakistani,1 channel,-,-,Meatball Casserole Recipe By Food Fusion,https://www.youtube.com/watch?v=-pM88LdbMHE
Meatball surprise recipe,Indian/Pakistani,1 channel,-,-,Meatball surprise recipe by Food Fusion,https://www.youtube.com/watch?v=a5jucI4gc7E
Meaty Eid special Menu Recipes,Indian/Pakistani,1 channel,-,-,Meaty Eid special Menu Recipes By Food Fusion,https://www.youtube.com/watch?v=YHb5bUeu22M
Meaty Karahi Recipes,Indian/Pakistani,1 channel,-,-,Meaty Karahi Recipes By Food Fusion,https://www.youtube.com/watch?v=TOPsvgA2Yhs
Meaty Rice Recipes,Indian/Pakistani,1 channel,-,-,Meaty Rice Recipes By Food Fusion,https://www.youtube.com/watch?v=ahzFNV_Cyow
Mediterranean Chicken & Rice Bowl Recipe,Arabic/Mediterranean,1 channel,-,-,Mediterranean Chicken & Rice Bowl Recipe by Food Fusion,https://www.youtube.com/watch?v=f9ekckWZJ6k
Mediterranean Chicken Salad Recipe,Arabic/Mediterranean,1 channel,-,-,Mediterranean Chicken Salad Recipe by Food Fusion,https://www.youtube.com/watch?v=Z3mmPjAM5uU
Mediterranean Omelette Recipe,Arabic/Mediterranean,1 channel,-,-,Mediterranean Omelette Recipe By Food Fusion,https://www.youtube.com/watch?v=_PPgPuW9Mts
Meet Saima from,Indian/Pakistani,1 channel,-,-,Meet Saima from Food Fusion,https://www.youtube.com/watch?v=QwMZscWWHrE
Meet the founders,Non-Recipe/Vlog,1 channel,-,-,Meet the founders -   Food Fusion,https://www.youtube.com/watch?v=BdnstuWnW9Q
Meethay Chawal with Khoya/Mawa Rice Recipe By Food Fusion (Eid Special),Indian/Pakistani,1 channel,-,-,Meethay Chawal with Khoya/Mawa Rice Recipe By Food Fusion (Eid Special),https://www.youtube.com/watch?v=xFG_2R6v6Uo
Meethay Dahi Baray Recipe By Food Fusion (Ramzan Special),Indian/Pakistani,1 channel,-,-,Meethay Dahi Baray Recipe By Food Fusion (Ramzan Special),https://www.youtube.com/watch?v=a14xMz4iFJ8
Meethe Box Bites & Box Patties Recipe,Indian/Pakistani,1 channel,-,-,Meethe Box Bites & Box Patties Recipe By Food Fusion,https://www.youtube.com/watch?v=TJTmckrBt98
Meethi Dahi Phulki Recipe,Indian/Pakistani,1 channel,-,-,Meethi Dahi Phulki Recipe By Food Fusion,https://www.youtube.com/watch?v=wJ8Cc46-H-0
Meethi Dahi Phulki With Storage Method,Indian/Pakistani,1 channel,-,-,Meethi Dahi Phulki With Storage Method - Ramadan Special Recipe by Food Fusion,https://www.youtube.com/watch?v=PKu6G3H45UQ
Meethi Eid Kay Meethay By Food Fusion (Eid Special 2019),Indian/Pakistani,1 channel,-,-,Meethi Eid Kay Meethay By Food Fusion (Eid Special 2019),https://www.youtube.com/watch?v=68p0z7gPCNM
Meethi Khoya Barfi Recipe,Indian/Pakistani,1 channel,-,-,Meethi Khoya Barfi Recipe By Food Fusion,https://www.youtube.com/watch?v=-eIA7oZWtIw
"Meethi Tikiyan Air Fried, Baked and Fried Recipe",Indian/Pakistani,1 channel,-,-,"Meethi Tikiyan Air Fried, Baked and Fried Recipe by Food Fusion",https://www.youtube.com/watch?v=UZEidJgBA2E
Meethi Tikiyan Recipe,Indian/Pakistani,1 channel,-,-,Meethi Tikiyan Recipe By Food Fusion,https://www.youtube.com/watch?v=wYVQPc9G3lg
Mehboobi Recipe,Indian/Pakistani,1 channel,-,-,Mehboobi Recipe by Food Fusion,https://www.youtube.com/watch?v=1poCampvmH4
Memon's Fusion Omelette Recipe,Continental,1 channel,-,-,Memon's Fusion Omelette Recipe By Food Fusion,https://www.youtube.com/watch?v=cMMyLA2YML0
Menchi Katsu Japanese Curry Recipe,Japanese,1 channel,-,-,Menchi Katsu Japanese Curry Recipe By Food Fusion,https://www.youtube.com/watch?v=Vfju5aaqgUw
Merchant Pocket Sandwiches Recipe,Indian/Pakistani,1 channel,-,-,Merchant Pocket Sandwiches Recipe by Food Fusion,https://www.youtube.com/watch?v=WtNuVi-bdtg
Methi Daal Paratha Recipe,Indian/Pakistani,1 channel,-,-,Methi Daal Paratha Recipe By Food Fusion,https://www.youtube.com/watch?v=ylG4301Qx7k
Methi Matar Pulao,Indian/Pakistani,1 channel,-,-,Methi Matar Pulao - Rice Recipe By Food Fusion,https://www.youtube.com/watch?v=rd6ORZtFOB0
Mexican Brown Rice Recipe By Healthy,Indian/Pakistani,1 channel,-,-,Mexican Brown Rice Recipe By Healthy Food Fusion,https://www.youtube.com/watch?v=U7-NvgcRchQ
Mexican Burrito Wrap Recipe,Indian/Pakistani,1 channel,-,-,Mexican Burrito Wrap Recipe By Food Fusion,https://www.youtube.com/watch?v=sysJFuFou1I
Mexican Chicken Pasta Recipe,Continental,1 channel,-,-,Mexican Chicken Pasta Recipe by Food Fusion,https://www.youtube.com/watch?v=JGITWLQPTGc
Mexican Hot Cocoa Recipe,Indian/Pakistani,1 channel,-,-,Mexican Hot Cocoa Recipe By Food Fusion,https://www.youtube.com/watch?v=zDE8WN-y9f8
Mexican Rolls Recipe By Food Fusion (Ramzan Special Recipe),Indian/Pakistani,1 channel,-,-,Mexican Rolls Recipe By Food Fusion (Ramzan Special Recipe),https://www.youtube.com/watch?v=Cpja5iCGPkw
Mexican Salad Recipe By Food Fusion (Ramazan Special),Indian/Pakistani,1 channel,-,-,Mexican Salad Recipe By Food Fusion (Ramazan Special),https://www.youtube.com/watch?v=R6iG1eOTRIo
Mexican Spicy Fish Recipe,Indian/Pakistani,1 channel,-,-,Mexican Spicy Fish Recipe By Food Fusion,https://www.youtube.com/watch?v=PB5iIZUYbQ0
Mexican Street Corn Recipe,Indian/Pakistani,1 channel,-,-,Mexican Street Corn Recipe By Food Fusion,https://www.youtube.com/watch?v=ueM9Q6tlPs8
Mexican Stuffed Peppers Recipe,Indian/Pakistani,1 channel,-,-,Mexican Stuffed Peppers Recipe By Food Fusion,https://www.youtube.com/watch?v=sEL7r8upbvw
Microwave Gur Papdi Winter Special Recipe,Indian/Pakistani,1 channel,-,-,Microwave Gur Papdi Winter Special Recipe by Food Fusion,https://www.youtube.com/watch?v=gsqjR4hCaPI
Microwave Hot Chocolate Mug Cake Recipe,Continental,1 channel,-,-,Microwave Hot Chocolate Mug Cake Recipe By Food Fusion,https://www.youtube.com/watch?v=UD8olODCqg4
Microwave Meals 3-Quick Ways Recipe,Indian/Pakistani,1 channel,-,-,Microwave Meals 3-Quick Ways Recipe by Food Fusion,https://www.youtube.com/watch?v=CPqvzai65xc
Microwave Mug Pizza 3 Ways Recipe,Continental,1 channel,-,-,Microwave Mug Pizza 3 Ways Recipe By Food Fusion,https://www.youtube.com/watch?v=F8scC60R0fw
Microwave Zafrani Mithai Cake Recipe,Continental,1 channel,-,-,Microwave Zafrani Mithai Cake Recipe by Food Fusion,https://www.youtube.com/watch?v=kxBJXrEJGXE
Middle Eastern Chicken Suffed Pita Ramzan Special Recipe,Arabic/Mediterranean,1 channel,-,-,Middle Eastern Chicken Suffed Pita Ramzan Special Recipe By Food Fusion,https://www.youtube.com/watch?v=DEXKPuctSWg
Middle eastern recipes,Indian/Pakistani,1 channel,-,-,Middle eastern recipes By Food Fusion,https://www.youtube.com/watch?v=8E6YeloAPLo
Milk Cake Recipes By Food Fusion (Ramazan Special 2022),Continental,1 channel,-,-,4 Amazing Milk Cake Recipes By Food Fusion (Ramazan Special 2022),https://www.youtube.com/watch?v=0_j6PxWJqZU
Milk Chocolate Caramel Trifle Cups Recipe,Continental,1 channel,-,-,Milk Chocolate Caramel Trifle Cups Recipe By Food Fusion | Chocolate Trifle Dessert,https://www.youtube.com/watch?v=P0Fa2cW0XaE
Milk Powder Cake Recipe,Continental,1 channel,-,-,Milk Powder Cake Recipe by Food Fusion,https://www.youtube.com/watch?v=qOlATTcsy0s
Milkshake 3 Ways Recipes By Food Fusion (Ramzan Special Recipe),Indian/Pakistani,1 channel,-,-,Milkshake 3 Ways Recipes By Food Fusion (Ramzan Special Recipe),https://www.youtube.com/watch?v=J1FMd_6Heg8
Millionaire's Dessert Cups Recipe,Indian/Pakistani,1 channel,-,-,Millionaire's Dessert Cups Recipe by Food Fusion,https://www.youtube.com/watch?v=fOCVgaslI0I
Minestrone Soup Recipe,Indian/Pakistani,1 channel,-,-,Minestrone Soup Recipe By Food Fusion,https://www.youtube.com/watch?v=ZnCKackBRi0
Mini Aloo Sooji Donut (Potato Snacks) Recipe,Indian/Pakistani,1 channel,-,-,Mini Aloo Sooji Donut (Potato Snacks) Recipe by Food Fusion,https://www.youtube.com/watch?v=Ptq36XJzwQQ
Mini Calzone Recipe in Food Fusion Style,Indian/Pakistani,1 channel,-,-,Mini Calzone Recipe in Food Fusion Style,https://www.youtube.com/watch?v=v_b_ZElYg4E
Mini Chicken Lachaydar Paratha Recipe,Indian/Pakistani,1 channel,-,-,Mini Chicken Lachaydar Paratha Recipe By Food Fusion,https://www.youtube.com/watch?v=5YeRMfzk9zM
Mini Chicken Nugget Burger with Burger Sauce Recipe By Food Fusion (Ramazan Special),Continental,1 channel,-,-,Mini Chicken Nugget Burger with Burger Sauce Recipe By Food Fusion (Ramazan Special),https://www.youtube.com/watch?v=BXaUVAx_HtY
Mini Crispy Patty Burger,Continental,1 channel,-,-,Mini Crispy Patty Burger - Eid Special  Recipe by Food Fusion,https://www.youtube.com/watch?v=Zov_DDYAfD4
Mini Dry Samosa (Make and store) Recipe by Food Fusion (Ramzan Special Recipe),Indian/Pakistani,1 channel,-,-,Mini Dry Samosa (Make and store) Recipe by Food Fusion (Ramzan Special Recipe),https://www.youtube.com/watch?v=SnoOBnoozmA
Mini Dumplings Salad Bowl Recipe,Indian/Pakistani,1 channel,-,-,Mini Dumplings Salad Bowl Recipe By Food Fusion,https://www.youtube.com/watch?v=O9M2AZ697Dk
Mini Fruit Pizza Recipe,Continental,1 channel,-,-,Mini Fruit Pizza Recipe By Food Fusion,https://www.youtube.com/watch?v=fjqQmNTID48
Mini Malai & Cheese Balloon Naans Ramzan Special Recipe,Indian/Pakistani,1 channel,-,-,Mini Malai & Cheese Balloon Naans Ramzan Special Recipe By Food Fusion,https://www.youtube.com/watch?v=D5qmdaWrmQo
Mini Mango Cheesecake Recipe,Continental,1 channel,-,-,Mini Mango Cheesecake Recipe by Food Fusion,https://www.youtube.com/watch?v=0uRKpsnc0EA
Mini Pita Sandwich Platter with Homemade Pita Bread Recipe,Arabic/Mediterranean,1 channel,-,-,Mini Pita Sandwich Platter with Homemade Pita Bread Recipe by Food Fusion,https://www.youtube.com/watch?v=8_gh3IX7pj4
Mini Qeema Naan In (Microwave Grill Oven) Recipe,Indian/Pakistani,1 channel,-,-,Mini Qeema Naan In (Microwave Grill Oven) Recipe by food Fusion,https://www.youtube.com/watch?v=_ZD_l9HzuEI
Mini Qeema Naan Recipe,Indian/Pakistani,1 channel,-,-,Mini Qeema Naan Recipe by Food Fusion,https://www.youtube.com/watch?v=PCN7j1k8EI8
Mini Rasgullay Recipe,Indian/Pakistani,1 channel,-,-,Mini Rasgullay Recipe by Food Fusion,https://www.youtube.com/watch?v=KZL69wc_kfE
Mini Round Puffy Poori,Indian/Pakistani,1 channel,Mini Round Puffy Poori Recipe | Phulka Luchi | Puri Recipe | Luchi Recipe,https://www.youtube.com/watch?v=4J0e0X9LcGo,-,-
Mini Samosa Chaat Ramadan Special Recipe,Indian/Pakistani,1 channel,-,-,Mini Samosa Chaat Ramadan Special Recipe by Food Fusion,https://www.youtube.com/watch?v=3Be16_wcV30
Mini Samosa with Aloo ki Chutney,Indian/Pakistani,1 channel,Mini Samosa with Aloo ki Chutney,https://www.youtube.com/watch?v=QBfA_yPJWNY,-,-
Mini Savory Cakes Recipe,Indian/Pakistani,1 channel,-,-,Mini Savory Cakes Recipe by Food Fusion,https://www.youtube.com/watch?v=KaS7UnSNycc
Mini Shami Bun Kabab,Indian/Pakistani,1 channel,-,-,Mini Shami Bun Kabab Recipe - How to Make Bun kabab  by Food Fusion,https://www.youtube.com/watch?v=-bz-fwaku28
Mini Simit Pizza Ramadan Special Recipe,Continental,1 channel,-,-,Mini Simit Pizza Ramadan Special Recipe by Food fusion,https://www.youtube.com/watch?v=Gk8MnK4iPVo
Minimum 6 Months to settle back in?  Pakistan Floods Flood Relief Update 5,Indian/Pakistani,1 channel,-,-,Minimum 6 Months to settle back in?  Pakistan Floods - Food Fusion Flood Relief Update 5,https://www.youtube.com/watch?v=XV9lmoEgpdk
Mint Garlic Mutton Chops Recipe by Food Fusion (Bakra Eid Special),Indian/Pakistani,1 channel,-,-,Mint Garlic Mutton Chops Recipe by Food Fusion (Bakra Eid Special),https://www.youtube.com/watch?v=hvf25gCCpnQ
Mint Margarita & Lemonade with homemade Lemon Squash Recipe,Indian/Pakistani,1 channel,-,-,Mint Margarita & Lemonade with homemade Lemon Squash Recipe by Food Fusion,https://www.youtube.com/watch?v=r8ouA39rG1Q
Mint Margarita Recipe,Indian/Pakistani,1 channel,-,-,Mint Margarita Recipe By Food Fusion,https://www.youtube.com/watch?v=mVQOwak1vUA
Mint Margarita Restaurant Style,Indian/Pakistani,1 channel,Mint Margarita Restaurant Style | MINT LEMON SODA | Digestive Drink for Iftar,https://www.youtube.com/watch?v=iHfXMQZFiZc,-,-
Mirch Masala Recipe,Indian/Pakistani,1 channel,-,-,Mirch Masala Recipe By Food Fusion,https://www.youtube.com/watch?v=T2h8-fzNixM
Mirch Pakora Recipe By Food Fusion (Ramzan Recipes),Indian/Pakistani,1 channel,-,-,Mirch Pakora Recipe By Food Fusion (Ramzan Recipes),https://www.youtube.com/watch?v=NXQqvWFu8bc
Mirchi Chicken Karahi -Green Chili Dinner Idea,Indian/Pakistani,1 channel,Mirchi Chicken Karahi -Green Chili Dinner Idea Recipe,https://www.youtube.com/watch?v=UMbCbYTkzzA,-,-
Mirchi Gosht Biryani Ramzan Special Recipe,Indian/Pakistani,1 channel,-,-,Mirchi Gosht Biryani Ramzan Special Recipe By Food Fusion,https://www.youtube.com/watch?v=VDQA-hXsJcs
Mirchi Pulao with Matar Kabab Recipe,Indian/Pakistani,1 channel,-,-,Mirchi Pulao with Matar Kabab Recipe by Food Fusion,https://www.youtube.com/watch?v=0RbnWGenDWc
Mirchon / Mirchi Ka Salan,Indian/Pakistani,1 channel,-,-,Mirchon / Mirchi Ka Salan -  Chili Curry Recipe by Food Fusion,https://www.youtube.com/watch?v=MO7UZZLyx1U
Mishti Doi/Dahi Recipe By Food Fusion ( Ramzan special),Indian/Pakistani,1 channel,-,-,Mishti Doi/Dahi Recipe By Food Fusion ( Ramzan special),https://www.youtube.com/watch?v=hIiBGLgSQJ8
Mix Daal,Indian/Pakistani,1 channel,Mix Daal Recipe,https://www.youtube.com/watch?v=WiXf94HvHyc,-,-
Mix figs with banana and see magic,Indian/Pakistani,1 channel,Mix figs with banana and see magic | It gives energy and power,https://www.youtube.com/watch?v=o4xPYFVdW1M,-,-
"Mix Gajar, Lemon & Hari Mirch Achar /pickle Recipe",Indian/Pakistani,1 channel,-,-,"Mix Gajar, Lemon & Hari Mirch Achar /pickle Recipe By Food Fusion",https://www.youtube.com/watch?v=mUN8ObBB09U
Mix Sabzi Pakora Recipe,Indian/Pakistani,1 channel,-,-,Mix Sabzi Pakora Recipe by Food Fusion,https://www.youtube.com/watch?v=cm3dncSgVo0
Mix Veg Bhuna Dhaba Style Recipe,Indian/Pakistani,1 channel,-,-,Mix Veg Bhuna Dhaba Style Recipe by Food Fusion,https://www.youtube.com/watch?v=CODVdfrBnzk
Mix Vegatable Achar (Pickle) Recipe,Indian/Pakistani,1 channel,-,-,Mix Vegatable Achar (Pickle) Recipe By Food Fusion,https://www.youtube.com/watch?v=zIuQFDqPI7I
Mix Vegetable,Indian/Pakistani,1 channel,Mix Vegetable Recipe - Mix Sabzi ab meethi nahi hogi,https://www.youtube.com/watch?v=0J6oMEke0_k,-,-
Mix Vegetable & Onion Masala Paratha,Indian/Pakistani,1 channel,-,-,Mix Vegetable & Onion Masala Paratha - Make and Freeze Recipes By Food Fusion (Ramazan Special),https://www.youtube.com/watch?v=0b6LxczuwqM
Mix Vegetable Butter Masala Recipe,Indian/Pakistani,1 channel,-,-,Mix Vegetable Butter Masala Recipe By Food Fusion,https://www.youtube.com/watch?v=UTL1JG1VQE8
Mix Vegetable Kabab Recipe,Indian/Pakistani,1 channel,-,-,Mix Vegetable Kabab Recipe By Food Fusion,https://www.youtube.com/watch?v=Mo_KBO8sfmo
Mix Vegetable Karahi Recipe,Indian/Pakistani,1 channel,-,-,Mix Vegetable Karahi Recipe by Food Fusion,https://www.youtube.com/watch?v=_HQWmy_bJGQ
Mix Vegetable Koftay Recipe by Food Fusion (Ramadan Special),Indian/Pakistani,1 channel,-,-,Mix Vegetable Koftay Recipe by Food Fusion (Ramadan Special),https://www.youtube.com/watch?v=xJk_P5hxCFk
Mix Vegetable Korma Recipe,Indian/Pakistani,1 channel,-,-,Mix Vegetable Korma Recipe By Food Fusion,https://www.youtube.com/watch?v=yJEsS0kt45c
Mix Vegetable Paratha Recipe,Indian/Pakistani,1 channel,-,-,Mix Vegetable Paratha Recipe By Food Fusion,https://www.youtube.com/watch?v=t3CCzYoCTpA
Mix Vegetable Recipe,Indian/Pakistani,1 channel,-,-,Mix Vegetable Recipe By Food Fusion,https://www.youtube.com/watch?v=mh1G7oOm-p4
Mix Vegetable Recipes,Indian/Pakistani,1 channel,-,-,Mix Vegetable Recipes by Food Fusion,https://www.youtube.com/watch?v=sEX8QJK7Du4
Mix Vegetable Tehari/Pulao Recipe,Indian/Pakistani,1 channel,-,-,Mix Vegetable Tehari/Pulao Recipe by Food Fusion,https://www.youtube.com/watch?v=xVKqauZjwXE
Mix Vegetable Tikka Karahi Recipe,Indian/Pakistani,1 channel,-,-,Mix Vegetable Tikka Karahi Recipe By Food Fusion,https://www.youtube.com/watch?v=dDqoKUIezXM
Mix Vegetables in Hot Garlic Sauce Recipe,Indian/Pakistani,1 channel,-,-,Mix Vegetables in Hot Garlic Sauce Recipe By Food Fusion,https://www.youtube.com/watch?v=_HPsvIW8zlY
Mix Vegetables Pulao,Indian/Pakistani,1 channel,Mix Vegetables Pulao Recipe | Easy Sabzi Pulao Ever Recipe | Kun Foods,https://www.youtube.com/watch?v=uOxfFNMgs3o,-,-
Mocha Brownie Recipe,Continental,1 channel,-,-,Mocha Brownie Recipe By Food Fusion,https://www.youtube.com/watch?v=w3dTnI8zBzc
Mocha Crunch Cheesecake Recipe,Continental,1 channel,-,-,Mocha Crunch Cheesecake Recipe By Food Fusion,https://www.youtube.com/watch?v=G-6Okt36AAk
Mocha Three Milk Cake Recipe,Continental,1 channel,-,-,Mocha Three Milk Cake Recipe By Food Fusion,https://www.youtube.com/watch?v=2zFPSmHlBz0
Mohabbat ka Sharbat Recipe By Food Fusion (Summer Special Drink),Indian/Pakistani,1 channel,-,-,Mohabbat ka Sharbat Recipe By Food Fusion (Summer Special Drink),https://www.youtube.com/watch?v=ntUduIGKw9M
Moist Mango Loaf/ Tea Cake Recipe,Continental,1 channel,-,-,Moist Mango Loaf/ Tea Cake Recipe by Food Fusion,https://www.youtube.com/watch?v=UyJK4HIiJCA
Molten Chocolate Lava Cake Recipe,Continental,1 channel,-,-,Molten Chocolate Lava Cake Recipe By Food Fusion,https://www.youtube.com/watch?v=jWaf5lgDEOM
Momos  ( Hunza travel special ) Food Fusion Travel Series Episode 8,Indian/Pakistani,1 channel,-,-,Momos  ( Hunza travel special ) Food Fusion Travel Series Episode 8,https://www.youtube.com/watch?v=T4l0-MfWRm4
Mong Daal Badam Halwa Recipe,Indian/Pakistani,1 channel,-,-,Mong Daal Badam Halwa Recipe by Food Fusion,https://www.youtube.com/watch?v=xRKqotqe0Yc
Mongolian Beef Recipe,Indian/Pakistani,1 channel,-,-,Mongolian Beef Recipe  by Food Fusion,https://www.youtube.com/watch?v=jSUu50YsUbk
Mongphali Kala Chana Chaat Ramazan Special Recipe,Indian/Pakistani,1 channel,-,-,Mongphali Kala Chana Chaat Ramazan Special Recipe by Food Fusion,https://www.youtube.com/watch?v=kUAfq_YUYYU
Mongphali Korma with Bhagaray Chawal Recipe By Food Fusion (Ramazan Special),Indian/Pakistani,1 channel,-,-,Mongphali Korma with Bhagaray Chawal Recipe By Food Fusion (Ramazan Special),https://www.youtube.com/watch?v=l7SgQKZN4Yw
Monster Shakes Recipe,Indian/Pakistani,1 channel,-,-,Monster Shakes Recipe By Food Fusion,https://www.youtube.com/watch?v=op5sCQW-mXY
Mooli Ka Paratha aur Mooli Ki Chutney,Indian/Pakistani,1 channel,Mooli Ka Paratha aur Mooli Ki Chutney By Kun Foods,https://www.youtube.com/watch?v=r2O_agAlJyo,-,-
Mooli ka Paratha Recipe,Indian/Pakistani,1 channel,-,-,Mooli ka Paratha Recipe by Food Fusion,https://www.youtube.com/watch?v=R4p2uISRW0Y
Mooli ka paratha with Kashmiri Lal mirch ki chutni recipe,Indian/Pakistani,1 channel,-,-,Mooli ka paratha with Kashmiri Lal mirch ki chutni recipe by Food Fusion,https://www.youtube.com/watch?v=faFaMUQNf5I
Moong Daal Bhaap Badi Salan Recipe,Indian/Pakistani,1 channel,-,-,Moong Daal Bhaap Badi Salan Recipe By Food Fusion,https://www.youtube.com/watch?v=RCMN5fq4Pgs
Moong Daal Chaat With Papri Recipe,Indian/Pakistani,1 channel,-,-,Moong Daal Chaat With Papri Recipe By Food Fusion,https://www.youtube.com/watch?v=fwAQGe7yjGI
Moong Daal Cheela With Pineapple Tomato chutney  Recipe,Indian/Pakistani,1 channel,-,-,Moong Daal Cheela With Pineapple Tomato chutney  Recipe By Food Fusion,https://www.youtube.com/watch?v=2YSD4csibtU
Moong daal halwa Recipe,Indian/Pakistani,1 channel,-,-,Moong daal halwa Recipe by Food Fusion,https://www.youtube.com/watch?v=0_dlp1cyTMQ
Moong Daal Panjiri Winter Special Recipe,Indian/Pakistani,1 channel,-,-,Moong Daal Panjiri Winter Special Recipe By Food Fusion,https://www.youtube.com/watch?v=qIKU3xqJy78
Moong Daal Seekh Kabab Recipe,Indian/Pakistani,1 channel,-,-,Moong Daal Seekh Kabab Recipe by Food Fusion,https://www.youtube.com/watch?v=3vZlapn88KI
Moong Daal Tikki Recipe,Indian/Pakistani,1 channel,-,-,Moong Daal Tikki Recipe By Food Fusion,https://www.youtube.com/watch?v=7U8jCOTrJ6o
Moonglet (Moong Dal Omelette) Street Style Breakfast Recipe,Continental,1 channel,-,-,Moonglet (Moong Dal Omelette) Street Style Breakfast Recipe by Food Fusion,https://www.youtube.com/watch?v=sjrs1-Ik6dA
Moroccan Batbout Sandwiches Recipe,Indian/Pakistani,1 channel,-,-,Moroccan Batbout Sandwiches Recipe by Food Fusion,https://www.youtube.com/watch?v=qQXfmRcTuHE
Moroccan Chicken Soup,Indian/Pakistani,1 channel,-,-,Moroccan Chicken Soup - Winter Special Recipe by Food Fusion,https://www.youtube.com/watch?v=aGt1sk0tzds
Moroccan Chicken Tagine Recipe,Arabic/Mediterranean,1 channel,-,-,Moroccan Chicken Tagine Recipe by Food Fusion,https://www.youtube.com/watch?v=Sh5-l-xRZMA
Moroccan Grilled Chicken,Indian/Pakistani,1 channel,-,-,Moroccan Grilled Chicken by Food Fusion,https://www.youtube.com/watch?v=bfQr4Dal5jo
Moroccan Kebab Recipe,Indian/Pakistani,1 channel,-,-,Moroccan Kebab Recipe By Food Fusion,https://www.youtube.com/watch?v=9Upkx4mNDf8
Moroccan Style Samosa Recipe By Food Fusion (Ramadan Special Recipe),Indian/Pakistani,1 channel,-,-,Moroccan Style Samosa Recipe By Food Fusion (Ramadan Special Recipe),https://www.youtube.com/watch?v=rTBrNsmjfxc
Most Loved Bhindi Recipes,Indian/Pakistani,1 channel,-,-,Most Loved Bhindi Recipes by Food Fusion,https://www.youtube.com/watch?v=7ERvTbp3ku8
Most Searched Recipes in the Month of Rajab,Indian/Pakistani,1 channel,-,-,Most Searched Recipes in the Month of Rajab - Food Fusion,https://www.youtube.com/watch?v=pXktPngmrho
Most Wanted Biryani,Indian/Pakistani,1 channel,-,-,Most Wanted Biryani | Top Biryani Recipes By Food Fusion,https://www.youtube.com/watch?v=vAL9e07Dkoc
Most Wanted Fish Recipes 2021,Indian/Pakistani,1 channel,-,-,Most Wanted Fish Recipes 2021 By Food Fusion,https://www.youtube.com/watch?v=aB7MpeEhw0Q
Most Wanted Paratha Roll Recipes,Indian/Pakistani,1 channel,-,-,Most Wanted Paratha Roll Recipes By Food Fusion,https://www.youtube.com/watch?v=KpjniHEzimk
Most Wanted Son of a Bun at Howdy Review,Indian/Pakistani,1 channel,-,-,Most Wanted Son of a Bun at Howdy - Food Fusion Review,https://www.youtube.com/watch?v=Bw8DiRrfdeQ
Most Wanted Soup Recipes 2021,Indian/Pakistani,1 channel,-,-,Most Wanted Soup Recipes 2021 By Food Fusion,https://www.youtube.com/watch?v=GjTjjzPMKnk
Most Wanted Soup Recipes Recipe,Indian/Pakistani,1 channel,-,-,Most Wanted Soup Recipes Recipe by Food Fusion,https://www.youtube.com/watch?v=ZvcMoIxgP9Y
Mother’s Day Special Recipes,Indian/Pakistani,1 channel,-,-,Mother’s Day Special Recipes By Food Fusion,https://www.youtube.com/watch?v=aPg8Z7RYdeQ
Moti Parda Pulao Recipe,Indian/Pakistani,1 channel,-,-,Moti Parda Pulao Recipe by Food Fusion,https://www.youtube.com/watch?v=VENRCQ5Jk-I
Motia Pulao Recipe By Food Fusion (Bakra Eid Special),Indian/Pakistani,1 channel,-,-,Motia Pulao Recipe By Food Fusion (Bakra Eid Special),https://www.youtube.com/watch?v=c23OtjqW22I
Mousse Cups Recipe By Food Fusion (Independence day Special),Indian/Pakistani,1 channel,-,-,Mousse Cups Recipe By Food Fusion (Independence day Special),https://www.youtube.com/watch?v=CeosRv-pybU
Mouth Freshener / Dry Pan Masala Recipe,Indian/Pakistani,1 channel,-,-,Mouth Freshener / Dry Pan Masala Recipe Food Fusion,https://www.youtube.com/watch?v=C8ReaootNus
Mouthwatering Chocolate Recipes,Indian/Pakistani,1 channel,-,-,Mouthwatering Chocolate Recipes by Food Fusion,https://www.youtube.com/watch?v=9vy5eJLBvII
Movie Night Snack Recipes for your Weekend,Indian/Pakistani,1 channel,-,-,Movie Night Snack Recipes for your Weekend by Food Fusion,https://www.youtube.com/watch?v=H9WTGeoOuNQ
Mozzarella Balls with Marinara Sauce Recipe,Indian/Pakistani,1 channel,-,-,Mozzarella Balls with Marinara Sauce Recipe By Food Fusion,https://www.youtube.com/watch?v=ZBxk87BSNIY
Mozzarella Cheese,Indian/Pakistani,1 channel,Mozzarella Cheese How to Make - Easy and Simple Mozzarella Cheese At HOME - Afzaal Arshad,https://www.youtube.com/watch?v=4PyWaK-jL2Y,-,-
Mozzarella Sticks with Sour Cream Dip Recipe,Indian/Pakistani,1 channel,-,-,Mozzarella Sticks with Sour Cream Dip Recipe By Food Fusion,https://www.youtube.com/watch?v=7gf4HgCwotA
Mug Cake Recipe,Continental,1 channel,-,-,Mug Cake Recipe By Food Fusion,https://www.youtube.com/watch?v=FNSr5HtmjKc
Mug Lasagna Recipe,Continental,1 channel,-,-,Mug Lasagna Recipe By Food Fusion,https://www.youtube.com/watch?v=sSdOq9iPON0
Mughlai Anda Samosa,Indian/Pakistani,1 channel,-,-,Mughlai Anda Samosa - Ramadan Special Recipe by Food Fusion,https://www.youtube.com/watch?v=G4wsI6cCSBE
Mughlai BBQ Biryani Recipe On,Indian/Pakistani,1 channel,-,-,Mughlai BBQ Biryani Recipe On Food Fusion,https://www.youtube.com/watch?v=CFUy8-XocPw
Mughlai Beef with Rich Gravy Recipe By Food Fusion (Bakra Eid special),Indian/Pakistani,1 channel,-,-,Mughlai Beef with Rich Gravy Recipe By Food Fusion (Bakra Eid special),https://www.youtube.com/watch?v=1Y8McgxXDuU
Mughlai Chicken Kabab,Indian/Pakistani,1 channel,-,-,Mughlai Chicken Kabab - Eid Special Recipe by Food Fusion,https://www.youtube.com/watch?v=mN33bdeB3C8
Mughlai Chicken Recipe By Food Fusion (Eid Special),Indian/Pakistani,1 channel,-,-,Mughlai Chicken Recipe By Food Fusion (Eid Special),https://www.youtube.com/watch?v=z7ViNW8pU7c
Mughlai Fish Curry Recipe,Indian/Pakistani,1 channel,-,-,Mughlai Fish Curry Recipe by Food Fusion,https://www.youtube.com/watch?v=qcnADFE79bE
Mughlai Pulao Recipe,Indian/Pakistani,1 channel,-,-,Mughlai Pulao Recipe by Food Fusion,https://www.youtube.com/watch?v=wLucIuFv1Do
Mughlai Vegetable Biryani Recipe,Indian/Pakistani,1 channel,-,-,Mughlai Vegetable Biryani Recipe By Food Fusion,https://www.youtube.com/watch?v=TD6n-TmAIgs
Mujadara a simple Palestinian dish Recipe,Indian/Pakistani,1 channel,-,-,Mujadara a simple Palestinian dish Recipe by Food Fusion,https://www.youtube.com/watch?v=Xffanry66Ro
Multani Sohan Halwa Secret,Indian/Pakistani,1 channel,Multani Sohan Halwa Secret Recipe - Halwai Style Juicy Sohan Halwa with Secret Ingredients,https://www.youtube.com/watch?v=JFBqoikf_do,-,-
Multi Seeds Date Fudge Recipe,Indian/Pakistani,1 channel,-,-,Multi Seeds Date Fudge Recipe by Food Fusion,https://www.youtube.com/watch?v=Rua-j1VC-qU
Multi-Purpose Dough (Without egg)  Recipe,Indian/Pakistani,1 channel,-,-,Multi-Purpose Dough (Without egg)  Recipe By Food Fusion,https://www.youtube.com/watch?v=aQ58np5UTnA
Multigrain Bread Recipe,Indian/Pakistani,1 channel,-,-,Multigrain Bread Recipe By Food Fusion,https://www.youtube.com/watch?v=97mRCiMgXtM
Muradabadi Chicken Biryani,Indian/Pakistani,1 channel,"Muradabadi Chicken Biryani - Easy, Tasty and ONE POT CHICKEN BIRYANI",https://www.youtube.com/watch?v=gu2XjwHI2Ww,-,-
Muradabadi Yakhni Pulao,Indian/Pakistani,1 channel,Muradabadi Yakhni Pulao | The Ultimate Taste of Muradabad India,https://www.youtube.com/watch?v=V33meUkmME0,-,-
Murgh Cholay Recipe,Indian/Pakistani,1 channel,-,-,Murgh Cholay Recipe By Food Fusion,https://www.youtube.com/watch?v=hBr35dLo3pw
Murgh Kababi,Indian/Pakistani,1 channel,-,-,Murgh Kababi - The Best chicken you have ever had - Food Fusion,https://www.youtube.com/watch?v=G-qv0YZblMI
Murgh Kababi Tikka Platter with Turmeric Rice & Chickpea Raita Recipe,Indian/Pakistani,1 channel,-,-,Murgh Kababi Tikka Platter with Turmeric Rice & Chickpea Raita Recipe by Food Fusion,https://www.youtube.com/watch?v=Z5sGBiMHr80
Murgh Musalam Recipe,Indian/Pakistani,1 channel,-,-,Murgh Musalam Recipe By Food Fusion,https://www.youtube.com/watch?v=eiCscWiLec0
Murgh Reshmi Tikka Boti Recipe,Indian/Pakistani,1 channel,-,-,Murgh Reshmi Tikka Boti Recipe By Food Fusion,https://www.youtube.com/watch?v=NtQ4MtU7wQ0
Murghi ke Panjay ka Salan / Chicken Feet Curry with Cleaning Methods Recipe,Indian/Pakistani,1 channel,-,-,Murghi ke Panjay ka Salan / Chicken Feet Curry with Cleaning Methods Recipe by Food Fusion,https://www.youtube.com/watch?v=dJFHriJuPNA
Murtabak/Mutabaq Recipe,Indian/Pakistani,1 channel,-,-,Murtabak/Mutabaq Recipe By Food Fusion,https://www.youtube.com/watch?v=pp0vsLOHVR0
Mushroom Cheese Omelette Recipe,Continental,1 channel,-,-,Mushroom Cheese Omelette Recipe By Food Fusion,https://www.youtube.com/watch?v=Cy9fuL4401U
Must Try Eid Special Snacks,Indian/Pakistani,1 channel,-,-,Must Try Eid Special Snacks By Food Fusion,https://www.youtube.com/watch?v=RgjZ1dFH4p0
Must Try Keema Recipes by Food Fusion (Bakra Eid Special),Indian/Pakistani,1 channel,-,-,Must Try Keema Recipes by Food Fusion (Bakra Eid Special),https://www.youtube.com/watch?v=VGXyGOhp3vo
Must try Mutton / Beef Biryani Recipes,Indian/Pakistani,1 channel,-,-,Must try Mutton / Beef Biryani Recipes By Food Fusion,https://www.youtube.com/watch?v=0fZWDGY0k2A
Must try sandwich recipes,Continental,1 channel,-,-,Must try sandwich recipes by Food Fusion,https://www.youtube.com/watch?v=vla8Ibjh91I
Must Try Summer Coolers Recipes,Indian/Pakistani,1 channel,-,-,Must Try Summer Coolers Recipes by Food Fusion,https://www.youtube.com/watch?v=wN_Dl_KYVE0
Mutanjan Recipe By Food Fusion (Eid Special),Indian/Pakistani,1 channel,-,-,Mutanjan Recipe By Food Fusion (Eid Special),https://www.youtube.com/watch?v=8eBC7KWl5ps
Muthi Dum Kabab with Masala Stuffed Green Chilies Recipe By Food Fusion (Eid Special),Indian/Pakistani,1 channel,-,-,Muthi Dum Kabab with Masala Stuffed Green Chilies Recipe By Food Fusion (Eid Special),https://www.youtube.com/watch?v=EITAbBGW2Oc
Muthiya Kabab Recipe By Food Fusion (Bakra Eid Special),Indian/Pakistani,1 channel,-,-,Muthiya Kabab Recipe By Food Fusion (Bakra Eid Special),https://www.youtube.com/watch?v=N5viBjfTXt4
Mutton Achari Recipe,Indian/Pakistani,1 channel,-,-,Mutton Achari Recipe By Food Fusion,https://www.youtube.com/watch?v=8iQ2PcDbMmU
Mutton Akbari Recipe,Indian/Pakistani,1 channel,-,-,Mutton Akbari Recipe by Food Fusion,https://www.youtube.com/watch?v=7rXDD4UqgCg
Mutton and Beef Pulao Recipes By Food Fusion (Bakra Eid Special),Indian/Pakistani,1 channel,-,-,Mutton and Beef Pulao Recipes By Food Fusion (Bakra Eid Special),https://www.youtube.com/watch?v=Vx6ErkcDtIM
Mutton bone Soup ( Hadion ka shorba),Indian/Pakistani,1 channel,-,-,Mutton bone Soup ( Hadion ka shorba),https://www.youtube.com/watch?v=Ddf91Qg23Yw
Mutton Bukhari Rice -Bakra Eid Special Recipe,Indian/Pakistani,1 channel,-,-,Mutton Bukhari Rice -Bakra Eid Special Recipe by Food Fusion,https://www.youtube.com/watch?v=J4d-kZe3kxY
Mutton Butter Tikka Boti Recipe,Indian/Pakistani,1 channel,-,-,Mutton Butter Tikka Boti Recipe By Food Fusion,https://www.youtube.com/watch?v=fQdmz5TRw68
Mutton Chatkhara Kabab with Special Chutney,Indian/Pakistani,1 channel,Mutton Chatkhara Kabab with Special Chutney,https://www.youtube.com/watch?v=hvP35b5A6y0,-,-
Mutton Chatpata Gosht Recipe,Indian/Pakistani,1 channel,-,-,Mutton Chatpata Gosht Recipe by Food Fusion,https://www.youtube.com/watch?v=sAaNdrlqJM4
Mutton Chops 4 Ways Recipes,Indian/Pakistani,1 channel,-,-,Mutton Chops 4 Ways Recipes,https://www.youtube.com/watch?v=Wb4k83m25gU
Mutton Chops two ways- baked & grilled  Recipe by Food Fusion (Eid Recipe),Indian/Pakistani,1 channel,-,-,Mutton Chops two ways- baked & grilled  Recipe by Food Fusion (Eid Recipe),https://www.youtube.com/watch?v=Ps32iR7Zw1M
Mutton Cutlets Recipe,Indian/Pakistani,1 channel,-,-,Mutton Cutlets Recipe By Food Fusion,https://www.youtube.com/watch?v=5PCkp8iSKw4
Mutton Daleem Recipe By Food Fusion (Bakra Eid Special),Indian/Pakistani,1 channel,-,-,Mutton Daleem Recipe By Food Fusion (Bakra Eid Special),https://www.youtube.com/watch?v=fADENTAr1us
Mutton Dasti Roast Salt Roasted Perfection Bakra Eid Special Recipe,Indian/Pakistani,1 channel,-,-,Mutton Dasti Roast Salt Roasted Perfection Bakra Eid Special Recipe by Food Fusion,https://www.youtube.com/watch?v=UAt1GOhMoNk
Mutton Degi Balti Gosht Recipe,Indian/Pakistani,1 channel,-,-,Mutton Degi Balti Gosht Recipe by Food Fusion,https://www.youtube.com/watch?v=4_Kk3t484Mc
Mutton do Pyaza Karhai,Indian/Pakistani,1 channel,-,-,Mutton do Pyaza Karhai - Ramzan Special Recipe by Food Fusion,https://www.youtube.com/watch?v=mUPlEBy8Zgc
Mutton Do Pyaza Recipe,Indian/Pakistani,1 channel,-,-,Mutton Do Pyaza Recipe By Food Fusion,https://www.youtube.com/watch?v=gqCsbGz5XHQ
Mutton Dum Pulao,Indian/Pakistani,1 channel,Mutton Dum Pulao - Rice Cooked in Rich Yakhni of Meat,https://www.youtube.com/watch?v=yQ5BH_j9F9Y,-,-
Mutton Galawati Kabab Recipe By Food Fusion (Bakra Eid Special),Indian/Pakistani,1 channel,-,-,Mutton Galawati Kabab Recipe By Food Fusion (Bakra Eid Special),https://www.youtube.com/watch?v=dwDXV_d8O0Q
Mutton Ginger Recipe,Indian/Pakistani,1 channel,-,-,Mutton Ginger Recipe By Food Fusion,https://www.youtube.com/watch?v=6YEror5nunU
Mutton Handi Recipe / LAMB in Clay Pot / Mouthwatering Alert!!,Indian/Pakistani,1 channel,Mutton Handi Recipe / LAMB in Clay Pot / Mouthwatering Alert!!,https://www.youtube.com/watch?v=a-8hRhfId6U,-,-
Mutton Jalfrezi Recipe By Food Fusion (Bakra Eid Special recipe),Indian/Pakistani,1 channel,-,-,Mutton Jalfrezi Recipe By Food Fusion (Bakra Eid Special recipe),https://www.youtube.com/watch?v=m0kZMOfXzNU
Mutton Kabsa Recipe,Arabic/Mediterranean,1 channel,-,-,Mutton Kabsa Recipe By Food Fusion,https://www.youtube.com/watch?v=rNzol3fzVXQ
Mutton Kali Mirch Biryani Recipe,Indian/Pakistani,1 channel,-,-,Mutton Kali Mirch Biryani Recipe by Food Fusion,https://www.youtube.com/watch?v=Ra-AJwRFeV0
Mutton Kali Mirch Gravy Recipe,Indian/Pakistani,1 channel,-,-,Mutton Kali Mirch Gravy Recipe by Food Fusion,https://www.youtube.com/watch?v=BvxdfOiGDJE
Mutton Karahi,Indian/Pakistani,1 channel,Mutton Karahi - Professional Recipe Guide for Beginners,https://www.youtube.com/watch?v=4Fld8HquzQ4,-,-
Mutton Karahi Eid Special,Indian/Pakistani,1 channel,Mutton Karahi Eid Special - Soft and juicy meat cooked with tomatoes,https://www.youtube.com/watch?v=yVot7CzfkNY,-,-
Mutton Karahi Gosht Recipe,Indian/Pakistani,1 channel,-,-,Mutton Karahi Gosht Recipe by Food Fusion,https://www.youtube.com/watch?v=9ec5pdBxdvM
Mutton Karahi Recipes By Food Fusion (Bakra Eid Special),Indian/Pakistani,1 channel,-,-,Mutton Karahi Recipes By Food Fusion (Bakra Eid Special),https://www.youtube.com/watch?v=go50KMHCfxI
Mutton Khichra Recipe,Indian/Pakistani,1 channel,-,-,Mutton Khichra Recipe By Food Fusion,https://www.youtube.com/watch?v=gUa0cOa137k
Mutton Kofta Kurry Recipe,Indian/Pakistani,1 channel,-,-,Mutton Kofta Kurry Recipe By Food Fusion,https://www.youtube.com/watch?v=EXkaLipTICI
Mutton Korma Biryani Recipe,Indian/Pakistani,1 channel,-,-,Mutton Korma Biryani Recipe By Food Fusion,https://www.youtube.com/watch?v=ZhormTcvD_8
Mutton Korma Gravy Shadiyon Wali,Indian/Pakistani,1 channel,10kg Mutton Korma Gravy Shadiyon Wali,https://www.youtube.com/watch?v=VST4ET8T-_k,-,-
Mutton Korma the traditional & authentic way,Indian/Pakistani,1 channel,-,-,Mutton Korma the traditional & authentic way by Food Fusion,https://www.youtube.com/watch?v=xvwniF6tn3M
Mutton Kosha Recipe,Indian/Pakistani,1 channel,-,-,Mutton Kosha Recipe By Food Fusion,https://www.youtube.com/watch?v=nv6xs09ezi8
Mutton Kunna 1kg Perfect,Indian/Pakistani,1 channel,Mutton Kunna 1kg Perfect Recipe - Authentic Chinioti Delicacy,https://www.youtube.com/watch?v=YaGzC1TnGMk,-,-
Mutton Kunna Recipe with Kunnah masala spice mix,Indian/Pakistani,1 channel,-,-,Mutton Kunna Recipe with Kunnah masala spice mix By Food Fusion,https://www.youtube.com/watch?v=XQFXb5O9RHM
Mutton Kunna Recipe || Tender Meat in Clay Pot (Authentic Chinioti),Indian/Pakistani,1 channel,Mutton Kunna Recipe || Tender Meat in Clay Pot (Authentic Chinioti),https://www.youtube.com/watch?v=zdQyJ6GwvGg,-,-
Mutton Laal Maas,Indian/Pakistani,1 channel,Mutton Laal Maas | Delicacy of Rajasthan,https://www.youtube.com/watch?v=ONwB0A-Kh1s,-,-
Mutton Leg Roast,Indian/Pakistani,1 channel,Mutton Leg Roast Recipe | Eid Special Full Raan Roast with Rice (Extra Soft and Juicy),https://www.youtube.com/watch?v=6bzDNbpfInc,-,-
Mutton Leg Roast at home without Oven,Indian/Pakistani,1 channel,Mutton Leg Roast at home without Oven | Eid Special Full Raan Roast,https://www.youtube.com/watch?v=2B7xhh1uXq8,-,-
Mutton Leg Roast with Vegetables Recipe without oven By Food Fusion (Bakra Eid Special),Indian/Pakistani,1 channel,-,-,Mutton Leg Roast with Vegetables Recipe without oven By Food Fusion (Bakra Eid Special),https://www.youtube.com/watch?v=Ssidla-6i-E
Mutton Lucknowi Pulao Recipe,Indian/Pakistani,1 channel,-,-,Mutton Lucknowi Pulao Recipe by Food Fusion,https://www.youtube.com/watch?v=9LzXQ7OsXvI
Mutton Madhbi Rice Recipe,Indian/Pakistani,1 channel,-,-,Mutton Madhbi Rice Recipe By Food Fusion,https://www.youtube.com/watch?v=n_ol1CfY5QM
Mutton Makhni Handi Recipe,Indian/Pakistani,1 channel,-,-,Mutton Makhni Handi Recipe By Food Fusion,https://www.youtube.com/watch?v=kk9ucwXDUIk
Mutton Makhni Karahi Recipe By Food Fusion  (Bakra Eid Special),Indian/Pakistani,1 channel,-,-,Mutton Makhni Karahi Recipe By Food Fusion  (Bakra Eid Special),https://www.youtube.com/watch?v=g4c00CCE9LY
Mutton Makhni Tikka Rice Recipe,Indian/Pakistani,1 channel,-,-,Mutton Makhni Tikka Rice Recipe by Food Fusion,https://www.youtube.com/watch?v=5Y6F5vPW1-8
Mutton Malai Leg Roast Recipe By Food Fusion (Bakra Eid Special),Indian/Pakistani,1 channel,-,-,Mutton Malai Leg Roast Recipe By Food Fusion (Bakra Eid Special),https://www.youtube.com/watch?v=5Bff0Nprlus
Mutton Malai Recipe,Indian/Pakistani,1 channel,-,-,Mutton Malai Recipe By Food Fusion,https://www.youtube.com/watch?v=-coABeQb6qk
Mutton Malai Tikka Pulao Recipe,Indian/Pakistani,1 channel,-,-,Mutton Malai Tikka Pulao Recipe By Food Fusion,https://www.youtube.com/watch?v=6FowGDQDGl0
Mutton Mandi Recipe,Arabic/Mediterranean,1 channel,-,-,Mutton Mandi Recipe By Food Fusion,https://www.youtube.com/watch?v=9DTIO_173ME
Mutton Mandi Recipe || مندي باللحم || Lamb Leg With Rice,Arabic/Mediterranean,1 channel,Mutton Mandi Recipe || مندي باللحم || Lamb Leg With Rice,https://www.youtube.com/watch?v=Mx6PywZqq-4,-,-
Mutton Marag,Indian/Pakistani,1 channel,Mutton Marag - Hyderabadi Wedding Delicacy,https://www.youtube.com/watch?v=i-6MP9zooB4,-,-
Mutton Melt Curry Recipe,Indian/Pakistani,1 channel,-,-,Mutton Melt Curry Recipe by Food Fusion,https://www.youtube.com/watch?v=JpxprS_9UY8
Mutton Nihari Recipe By Food Fusion (Bakra Eid Special Recipe),Indian/Pakistani,1 channel,-,-,Mutton Nihari Recipe By Food Fusion (Bakra Eid Special Recipe),https://www.youtube.com/watch?v=v53qhVxcipY
Mutton Oil Free Recipe For Eid || Healthy Mutton Fry,Indian/Pakistani,1 channel,Mutton Oil Free Recipe For Eid || Healthy Mutton Fry,https://www.youtube.com/watch?v=ll8wBkWrzeg,-,-
Mutton Paani Fry || Healthy Oil-Free Mutton Recipe (Delicious),Indian/Pakistani,1 channel,Mutton Paani Fry || Healthy Oil-Free Mutton Recipe (Delicious),https://www.youtube.com/watch?v=IFEqpkiUjxw,-,-
Mutton Pani Fry with Green Chili,Indian/Pakistani,1 channel,Mutton Pani Fry with Green Chili | Tasty Oil Free Mutton Recipe,https://www.youtube.com/watch?v=yAc8uBlOQqc,-,-
Mutton Paratha Roll Recipe By Food Fusion (Bakra Eid Special Recipe),Indian/Pakistani,1 channel,-,-,Mutton Paratha Roll Recipe By Food Fusion (Bakra Eid Special Recipe),https://www.youtube.com/watch?v=CkZXS1i4IBQ
Mutton Paya Masalaydaar Recipe By Food Fusion (Bakra Eid Special),Indian/Pakistani,1 channel,-,-,Mutton Paya Masalaydaar Recipe By Food Fusion (Bakra Eid Special),https://www.youtube.com/watch?v=GQz3EKpVmW8
Mutton Paya recipe,Indian/Pakistani,1 channel,-,-,Mutton Paya recipe by Food Fusion,https://www.youtube.com/watch?v=Q3KxDYQV8n8
Mutton Paya Recipes By Food Fusion (Bakra Eid Special),Indian/Pakistani,1 channel,-,-,Mutton Paya Recipes By Food Fusion (Bakra Eid Special),https://www.youtube.com/watch?v=5J5w-62pnTU
Mutton Paye Kunna Gosht Recipe By Food Fusion (Bakra Eid Special),Indian/Pakistani,1 channel,-,-,Mutton Paye Kunna Gosht Recipe By Food Fusion (Bakra Eid Special),https://www.youtube.com/watch?v=euFEjK3XjLM
Mutton Pepper Roast Recipe By Food Fusion Bakra Eid Special,Indian/Pakistani,1 channel,-,-,Mutton Pepper Roast Recipe By Food Fusion Bakra Eid Special,https://www.youtube.com/watch?v=8X8Uosc_L5k
Mutton Potli Pulao Recipe,Indian/Pakistani,1 channel,-,-,Mutton Potli Pulao Recipe by Food Fusion,https://www.youtube.com/watch?v=Pac6JW2xskQ
Mutton Qeema Cutlets Recipe,Indian/Pakistani,1 channel,-,-,Mutton Qeema Cutlets Recipe By Food Fusion,https://www.youtube.com/watch?v=kY4kBMZbGZ4
Mutton Rara Recipe,Indian/Pakistani,1 channel,-,-,Mutton Rara Recipe By Food Fusion,https://www.youtube.com/watch?v=mwRLCieqefA
Mutton Reshmi Handi Eid Special Recipe,Indian/Pakistani,1 channel,-,-,Mutton Reshmi Handi Eid Special Recipe By Food Fusion,https://www.youtube.com/watch?v=1yzgDPHZ-Fc
Mutton Rezala Recipe,Indian/Pakistani,1 channel,-,-,Mutton Rezala Recipe by Food Fusion,https://www.youtube.com/watch?v=yBQ6AzGNjEc
Mutton Ribs Recipe,Indian/Pakistani,1 channel,-,-,Mutton Ribs Recipe By Food Fusion,https://www.youtube.com/watch?v=dyvMOpofwp8
Mutton Rogan Josh Recipe,Indian/Pakistani,1 channel,-,-,Mutton Rogan Josh Recipe By Food Fusion,https://www.youtube.com/watch?v=b-W4cg0q_58
Mutton Rosh With Chana Daal Recipe By Food Fusion (Bakra Eid Special),Indian/Pakistani,1 channel,-,-,Mutton Rosh With Chana Daal Recipe By Food Fusion (Bakra Eid Special),https://www.youtube.com/watch?v=eZ5xE5PCj0s
Mutton Shorba Recipe By Food Fusion (Bakra Eid Special),Indian/Pakistani,1 channel,-,-,Mutton Shorba Recipe By Food Fusion (Bakra Eid Special),https://www.youtube.com/watch?v=oKCdDXuXY_4
Mutton Sindhi Biryani Recipe,Indian/Pakistani,1 channel,-,-,Mutton Sindhi Biryani Recipe By Food Fusion,https://www.youtube.com/watch?v=cbuTX_MAuNw
Mutton steam Roast in Pressure Cooker,Indian/Pakistani,1 channel,Mutton steam Roast in Pressure Cooker - Shadiyoon Wala Mutton Steam Eid Special,https://www.youtube.com/watch?v=3tsMEfUia1M,-,-
Mutton Steam Roast without Oil,Indian/Pakistani,1 channel,Mutton Steam Roast without Oil - Recipe for Life (No Oil),https://www.youtube.com/watch?v=0aTavwjMoq8,-,-
Mutton Steam Tikka and Mutton Koila Handi Recipe || Best of Bests,Indian/Pakistani,1 channel,Mutton Steam Tikka and Mutton Koila Handi Recipe || Best of Bests,https://www.youtube.com/watch?v=y7qfDnXJ0Q8,-,-
Mutton Stew Recipe,Indian/Pakistani,1 channel,-,-,Mutton Stew Recipe By Food Fusion,https://www.youtube.com/watch?v=CvswJRFGCAs
Mutton Sulemani Karahi Recipe,Indian/Pakistani,1 channel,-,-,Mutton Sulemani Karahi Recipe By Food Fusion,https://www.youtube.com/watch?v=SioFzyMUpXY
Mutton Tahari Recipe,Indian/Pakistani,1 channel,-,-,Mutton Tahari Recipe By Food Fusion,https://www.youtube.com/watch?v=Aanh6MgtIrY
Mutton Tandoori Roast Recipe,Indian/Pakistani,1 channel,-,-,Mutton Tandoori Roast Recipe By Food Fusion,https://www.youtube.com/watch?v=1ig--of5pTs
Mutton Turki Boti Recipe By Food Fusion (Bakra Eid Special),Indian/Pakistani,1 channel,-,-,Mutton Turki Boti Recipe By Food Fusion (Bakra Eid Special),https://www.youtube.com/watch?v=k8c-hQqFVrM
Mutton White Karahi Recipe,Indian/Pakistani,1 channel,-,-,Mutton White Karahi Recipe By Food Fusion,https://www.youtube.com/watch?v=84ap8nORKV4
Mutton Yahkni Pulao Recipe,Indian/Pakistani,1 channel,-,-,Mutton Yahkni Pulao Recipe By Food Fusion,https://www.youtube.com/watch?v=BHx4zz7KPY4
Mutton Yakhni Pulao Recipe By Asad Memon (Bakra Eid Special),Indian/Pakistani,1 channel,-,-,Mutton Yakhni Pulao Recipe By Asad Memon-Food Fusion (Bakra Eid Special),https://www.youtube.com/watch?v=xx0tBAGSWf0
Mutton Yakhni Pulao Recipe By Food Fusion (Eid Recipe),Indian/Pakistani,1 channel,-,-,Mutton Yakhni Pulao Recipe By Food Fusion (Eid Recipe),https://www.youtube.com/watch?v=7QcU6DdYT8w
Mutton Yakhni Soup Recipe,Indian/Pakistani,1 channel,-,-,Mutton Yakhni Soup Recipe by Food Fusion,https://www.youtube.com/watch?v=3U9umS9eObc
Mutton Zafrani Biryani Recipe By Food Fusion (Bakra Eid Special),Indian/Pakistani,1 channel,-,-,Mutton Zafrani Biryani Recipe By Food Fusion (Bakra Eid Special),https://www.youtube.com/watch?v=TYxsxH7GYDE
Mutton/Beef & Vegetable recipes by Food Fusion ( Bakra Eid Special),Indian/Pakistani,1 channel,-,-,Mutton/Beef & Vegetable recipes by Food Fusion ( Bakra Eid Special),https://www.youtube.com/watch?v=fy8ZXs_PpUI
My Automatic Pressure Cooker,Indian/Pakistani,1 channel,My Automatic Pressure Cooker,https://www.youtube.com/watch?v=TGuaYk7gvu8,-,-
Naan at home without oven,Indian/Pakistani,1 channel,Naan at home without oven -  Step by Step for Beginners,https://www.youtube.com/watch?v=erR244ihwhc,-,-
Naan in Pot Ramadan Special Recipe,Indian/Pakistani,1 channel,-,-,Naan in Pot Ramadan Special Recipe By Food Fusion,https://www.youtube.com/watch?v=i27mDa5Dd_Y
Naan Khatai In Air Fryer Recipe,Indian/Pakistani,1 channel,-,-,Naan Khatai In Air Fryer Recipe By Food Fusion,https://www.youtube.com/watch?v=N8iqUhu5Jj0
Naan Pockets Recipe,Indian/Pakistani,1 channel,-,-,Naan Pockets Recipe By Food Fusion,https://www.youtube.com/watch?v=JzftcNHu-lI
Nachos Chips with Cheese Sauce,Indian/Pakistani,1 channel,Nachos Chips with Cheese Sauce,https://www.youtube.com/watch?v=89Fwg0RRKFc,-,-
Nachos with Salsa & Cheese Sauce Recipe,Indian/Pakistani,1 channel,-,-,Nachos with Salsa & Cheese Sauce Recipe By Food Fusion,https://www.youtube.com/watch?v=pAUaLuHvt04
Nalli Biryani recipe,Indian/Pakistani,1 channel,-,-,Nalli Biryani recipe By Food Fusion,https://www.youtube.com/watch?v=O7TaDVGpRnM
Namak Boti Recipe,Indian/Pakistani,1 channel,-,-,Namak Boti Recipe By Food Fusion,https://www.youtube.com/watch?v=wIH5v-2UuL4
Namak Paray & Nimki Recipes,Indian/Pakistani,1 channel,-,-,Namak Paray & Nimki Recipes By Food Fusion,https://www.youtube.com/watch?v=yoGwHPpcGbQ
Namkeen Chicken Fry,Indian/Pakistani,1 channel,Namkeen Chicken Fry - Rosh Style Chicken Namkeen Gravy,https://www.youtube.com/watch?v=q7nMrO2j_QM,-,-
Namkeen Chicken Masala Handi Recipe,Indian/Pakistani,1 channel,-,-,Namkeen Chicken Masala Handi Recipe By Food Fusion,https://www.youtube.com/watch?v=9J28HRwNqQI
Namkeen Daal Mash Restaurant Style,Indian/Pakistani,1 channel,Namkeen Daal Mash Restaurant Style | Urad Dal Recipe by Kun Foods,https://www.youtube.com/watch?v=KJarpas5qPo,-,-
Namkeen Gosht,Indian/Pakistani,1 channel,Namkeen Gosht | How to cook Namkeen Gosht | Eid Special Mutton Recipe,https://www.youtube.com/watch?v=2tjCZgN9ehg,-,-
Namkeen Gosht / Bhuna Namkeen Gosht (Namkeen rosh)  Recipe by Food Fusion (Eid Recipe),Indian/Pakistani,1 channel,-,-,Namkeen Gosht / Bhuna Namkeen Gosht (Namkeen rosh)  Recipe by Food Fusion (Eid Recipe),https://www.youtube.com/watch?v=sHioucZUUOM
Namkeen Gosht Karahi,Indian/Pakistani,1 channel,-,-,Namkeen Gosht Karahi - Bakra Eid Special Recipe by Food Fusion,https://www.youtube.com/watch?v=Ys1EKwNM_RA
Namkeen Karahi Gosht,Indian/Pakistani,1 channel,Namkeen Karahi Gosht - Perfect 1kg Namkeen Karahi Recipe,https://www.youtube.com/watch?v=-e9YfqXkztQ,-,-
Namkeen Karahi Gosht Recipe,Indian/Pakistani,1 channel,-,-,Namkeen Karahi Gosht Recipe By Food Fusion,https://www.youtube.com/watch?v=jc92E2kVS8I
Namkeen Pyaz Gosht,Indian/Pakistani,1 channel,Namkeen Pyaz Gosht - Easy White Mutton Onions,https://www.youtube.com/watch?v=kvPQZdRM_5A,-,-
Namkeen Pyaz Gosht Gravy,Indian/Pakistani,1 channel,Namkeen Pyaz Gosht Gravy Recipe - Eid Special Recipe,https://www.youtube.com/watch?v=XkYpw-mzDCk,-,-
Namkeen Pyaz Karahi,Indian/Pakistani,1 channel,Namkeen Pyaz Karahi - Black Pepper Chicken Recipe,https://www.youtube.com/watch?v=475CLgSXfAA,-,-
Namkeen Roast,Indian/Pakistani,1 channel,Namkeen Roast Recipe - Eid Special Peshawri Rosh,https://www.youtube.com/watch?v=R6rPgHhwO1g,-,-
Nan khatai recipe without oven (Almond),Indian/Pakistani,1 channel,-,-,Nan khatai recipe without oven (Almond) By Food Fusion,https://www.youtube.com/watch?v=KihqMFTMhDw
Nan Khatai  without oven 4- Ways  Recipe,Indian/Pakistani,1 channel,-,-,Nan Khatai  without oven 4- Ways  Recipe By Food Fusion,https://www.youtube.com/watch?v=PKWC-wdQ18k
Napa Cabbage Rolls Recipe,Indian/Pakistani,1 channel,-,-,Napa Cabbage Rolls Recipe by Food Fusion,https://www.youtube.com/watch?v=ekqVAaQDtSU
Naran to Hunza Food Fusion Travel Series Vlog Episode 2,Indian/Pakistani,1 channel,-,-,Naran to Hunza Food Fusion Travel Series Vlog Episode 2,https://www.youtube.com/watch?v=0fqBTu7lBns
Nargisi Aloo Kofta Recipe,Indian/Pakistani,1 channel,-,-,Nargisi Aloo Kofta Recipe By Food Fusion,https://www.youtube.com/watch?v=1a2kzaMTSQs
Nargisi Anda Qeema Tikki- Make & Freeze Ramzan Special Recipe,Indian/Pakistani,1 channel,-,-,Nargisi Anda Qeema Tikki- Make & Freeze Ramzan Special Recipe By Food Fusion,https://www.youtube.com/watch?v=4Wn8e-FkS9Y
Nargisi Kababs recipe made easy by Food Fusion #Ramzan,Indian/Pakistani,1 channel,-,-,Nargisi Kababs recipe made easy by Food Fusion #Ramzan,https://www.youtube.com/watch?v=vO71e73HWl4
Nargisi Kofta Biryani Recipe,Indian/Pakistani,1 channel,-,-,Nargisi Kofta Biryani Recipe By Food Fusion,https://www.youtube.com/watch?v=RZpMIy3pnbE
Nargisi Kofta Recipe,Indian/Pakistani,1 channel,-,-,Nargisi Kofta Recipe By Food Fusion,https://www.youtube.com/watch?v=LhSbj9koahg
Nargisi Koftay Recipe,Indian/Pakistani,1 channel,-,-,Nargisi Koftay Recipe By Food Fusion,https://www.youtube.com/watch?v=UOH3xZ5z0ko
Nariyal (Coconut) Chutney Recipe,Indian/Pakistani,1 channel,-,-,Nariyal (Coconut) Chutney Recipe By Food Fusion,https://www.youtube.com/watch?v=AcbHtKzAMeY
Nashville Chicken Loaded Fries Recipe By Food Fusion (Ramadan Special),Indian/Pakistani,1 channel,-,-,Nashville Chicken Loaded Fries Recipe By Food Fusion (Ramadan Special),https://www.youtube.com/watch?v=kR7FcK21SkE
Nashville Chicken Twister Wraps Recipe,Indian/Pakistani,1 channel,-,-,Nashville Chicken Twister Wraps Recipe by Food Fusion,https://www.youtube.com/watch?v=iMVzC5-Bq5A
Nashville Fried Chicken Recipe,Indian/Pakistani,1 channel,-,-,Nashville Fried Chicken Recipe By Food Fusion,https://www.youtube.com/watch?v=qMr0YLdPyM8
Nashville Hot Chicken Burger Recipe,Continental,1 channel,-,-,Nashville Hot Chicken Burger Recipe By Food Fusion,https://www.youtube.com/watch?v=fbz9R-WYx5k
Nashville Hot Chicken Nuggets Recipe,Indian/Pakistani,1 channel,-,-,Nashville Hot Chicken Nuggets Recipe By Food Fusion,https://www.youtube.com/watch?v=xiE9fTVOuwA
Nathia Gali,Indian/Pakistani,1 channel,-,-,Nathia Gali - Pipeline track - everyone got into a fight Vlog Part 3 - Food Fusion,https://www.youtube.com/watch?v=8Lvn2ODyh44
Nathia Gali Anda Ghotala & Sandwich sehri/ breakfast Recipe Travel Series 2023,Continental,1 channel,-,-,Nathia Gali Anda Ghotala & Sandwich sehri/ breakfast Recipe - Food Fusion Travel Series 2023,https://www.youtube.com/watch?v=aaI8xGypRyw
Natural Medicine for Back Pain and Knee Pain Without Ghee or Oil,Indian/Pakistani,1 channel,Natural Medicine for Back Pain and Knee Pain Without Ghee or Oil,https://www.youtube.com/watch?v=FeoR2pHFsjE,-,-
Navratan Pulao Recipe,Indian/Pakistani,1 channel,-,-,Navratan Pulao Recipe By Food Fusion,https://www.youtube.com/watch?v=tBg0lEQU8-U
Nawabi Chicken Malai Fry Recipe By Asad Memon,Indian/Pakistani,1 channel,-,-,Nawabi Chicken Malai Fry Recipe By Asad Memon - Food Fusion,https://www.youtube.com/watch?v=C9AthE11xTI
Nawabi Sawaiyan Recipe By Food Fusion (Eid Special Recipe),Indian/Pakistani,1 channel,-,-,Nawabi Sawaiyan Recipe By Food Fusion (Eid Special Recipe),https://www.youtube.com/watch?v=j6bcs2cHfeE
New Chicken Floss Bread Recipe,Indian/Pakistani,1 channel,-,-,New Chicken Floss Bread Recipe by Food Fusion,https://www.youtube.com/watch?v=csxgAmkoXn0
New Chilli Paneer Fried Rice,Chinese,1 channel,-,-,New Chilli Paneer Fried Rice - Ramadan Recipe by Food Fusion,https://www.youtube.com/watch?v=LDvU_7CFWRQ
New Paratha Aloo Wrap,Indian/Pakistani,1 channel,-,-,New Paratha Aloo Wrap - Breakfast / Sehri special Recipe by Food Fusion,https://www.youtube.com/watch?v=yruiC3srUrg
NEW RECIPE TO COOK Eggplants (Baingan),Indian/Pakistani,1 channel,NEW RECIPE TO COOK Eggplants (Baingan) | Everyone will love,https://www.youtube.com/watch?v=MotfTohCn2E,-,-
New Style Pokray,Indian/Pakistani,1 channel,New Style Pokray | Daal Snacks For Rainy Days | Kun Foods,https://www.youtube.com/watch?v=YVA7QO8tcUU,-,-
Next Level Salad Recipes,Indian/Pakistani,1 channel,-,-,Next Level Salad Recipes By Food Fusion,https://www.youtube.com/watch?v=OeZ_UCZ6LxA
Neza Kabab Recipe,Indian/Pakistani,1 channel,-,-,Neza Kabab Recipe By Food Fusion,https://www.youtube.com/watch?v=5wqQJudjllc
Nigerian Jollof Rice with Grilled Chicken Recipe,Indian/Pakistani,1 channel,-,-,Nigerian Jollof Rice with Grilled Chicken Recipe by Food Fusion,https://www.youtube.com/watch?v=yHVlXKimqSA
Nihari Burger Ramzan Special Recipe,Continental,1 channel,-,-,Nihari Burger Ramzan Special Recipe By Food Fusion,https://www.youtube.com/watch?v=6czOkN_SYnE
Nihari in Pressure Cooker,Indian/Pakistani,1 channel,Nihari in Pressure Cooker - Professional Recipe Guide,https://www.youtube.com/watch?v=5uJLAnHL3dU,-,-
Nihari Masala,Indian/Pakistani,1 channel,Nihari Masala,https://www.youtube.com/watch?v=RtPOhB5yiWQ,-,-
Nihari || A Recipe from History!!,Indian/Pakistani,1 channel,Nihari || A Recipe from History!!,https://www.youtube.com/watch?v=KCcEKQt1-G0,-,-
Nishastay ka Halwa Recipe,Indian/Pakistani,1 channel,-,-,Nishastay ka Halwa Recipe by Food Fusion,https://www.youtube.com/watch?v=4ey19EvihzE
No Bake Banana Split Cake Recipe,Continental,1 channel,-,-,No Bake Banana Split Cake Recipe by Food Fusion,https://www.youtube.com/watch?v=o_IhAqth28k
No Bake Chocolate Biscuit Cake Recipe,Continental,1 channel,-,-,No Bake Chocolate Biscuit Cake Recipe by Food Fusion,https://www.youtube.com/watch?v=aY_bTKxgE6c
No bake Chocolate Cheese Cake Recipe,Continental,1 channel,-,-,No bake Chocolate Cheese Cake Recipe By Food Fusion,https://www.youtube.com/watch?v=kLeU3ENQWcQ
No Bake Chocolate Cookies,Indian/Pakistani,1 channel,-,-,No Bake Chocolate Cookies - Viral Trend - Recipe by Food Fusion,https://www.youtube.com/watch?v=2qF9rXQtjBs
No Bake Chocolate Lazy Cake Recipe,Continental,1 channel,-,-,No Bake Chocolate Lazy Cake Recipe by Food Fusion,https://www.youtube.com/watch?v=6YEobKPSs5M
No Bake Coffee Slices Recipe,Continental,1 channel,-,-,No Bake Coffee Slices Recipe By Food Fusion,https://www.youtube.com/watch?v=pkqm9iplLA0
No Bake Lemon Swiss Roll Recipe,Indian/Pakistani,1 channel,-,-,No Bake Lemon Swiss Roll Recipe by Food Fusion,https://www.youtube.com/watch?v=PvEI-joAS7s
No Bake Mango Cheesecake Jars Recipe,Continental,1 channel,-,-,No Bake Mango Cheesecake Jars Recipe by Food Fusion,https://www.youtube.com/watch?v=AwsklI6e01M
No Bake Mango Cream Pie Recipe,Indian/Pakistani,1 channel,-,-,No Bake Mango Cream Pie Recipe by Food Fusion,https://www.youtube.com/watch?v=vPLPKDk4ACQ
No Bake Mango Pie Recipe,Indian/Pakistani,1 channel,-,-,No Bake Mango Pie Recipe by Food Fusion,https://www.youtube.com/watch?v=YHLrbK8ZZEw
No Bake Orange Cheesecake Recipe,Continental,1 channel,-,-,No Bake Orange Cheesecake Recipe By Food Fusion,https://www.youtube.com/watch?v=MrePQs9vu0A
No bake Oreo Chocolate Cheese Cake Recipe,Continental,1 channel,-,-,No bake Oreo Chocolate Cheese Cake Recipe By Food Fusion,https://www.youtube.com/watch?v=jT5MSVdq9EA
No Bake Potato Cheese Bread Recipe,Indian/Pakistani,1 channel,-,-,No Bake Potato Cheese Bread Recipe by Food Fusion,https://www.youtube.com/watch?v=MUJKaPLweeM
No Bake Tiramisu Crepe Cake Recipe,Continental,1 channel,-,-,No Bake Tiramisu Crepe Cake Recipe By Food Fusion,https://www.youtube.com/watch?v=rx5vPHOUXMw
No Cheese Pizza,Continental,1 channel,No Cheese Pizza Recipe - Affordable 1$ Bakery wala Pizza,https://www.youtube.com/watch?v=_OWJHO6ngFU,-,-
No garam masala Saaf Suthri Biryani Ramadan Special Recipe,Indian/Pakistani,1 channel,-,-,No garam masala Saaf Suthri Biryani Ramadan Special Recipe by Food Fusion,https://www.youtube.com/watch?v=TQbGidHw8ko
"NO OIL, GHEE -TASTY CHICKEN CURRY",Indian/Pakistani,1 channel,"NO OIL, GHEE -TASTY CHICKEN CURRY RECIPE",https://www.youtube.com/watch?v=yoRqR0G3l20,-,-
No-Bake Rush Chocolate Cheesecake,Continental,1 channel,-,-,No-Bake Rush Chocolate Cheesecake - Ramadan Special Recipe By Food Fusion,https://www.youtube.com/watch?v=ol9BN0CGf5g
No-Bake Éclair Frozen Dessert Ramadan Special Recipe,Indian/Pakistani,1 channel,-,-,No-Bake Éclair Frozen Dessert Ramadan Special Recipe By Food Fusion,https://www.youtube.com/watch?v=KiuVkVnqY_A
Non Fried Iftar snacks / Recipes By Food Fusion (Ramzan Special Recipes),Indian/Pakistani,1 channel,-,-,Non Fried Iftar snacks / Recipes By Food Fusion (Ramzan Special Recipes),https://www.youtube.com/watch?v=FDDdk_gLlhA
Noormehal Mutton Handi Recipe,Indian/Pakistani,1 channel,-,-,Noormehal Mutton Handi Recipe by Food Fusion,https://www.youtube.com/watch?v=Tvi-mmDDUwI
NOT Your Average Kebab: Russian Kabab Fingers Recipe,Indian/Pakistani,1 channel,-,-,NOT Your Average Kebab: Russian Kabab Fingers Recipe By Food Fusion,https://www.youtube.com/watch?v=cRyzBJxQlzg
NOW WEIGHT-LOSS IS EASY!! Your Favorite Salad,Indian/Pakistani,1 channel,NOW WEIGHT-LOSS IS EASY!! Your Favorite Salad Recipe | Healthy Protein Salad,https://www.youtube.com/watch?v=NYAU2JG0wN0,-,-
Nuggets Loaded Fries Recipe,Indian/Pakistani,1 channel,-,-,Nuggets Loaded Fries Recipe By Food Fusion,https://www.youtube.com/watch?v=-0HnUsi6qpg
Nuggets Recipes,Indian/Pakistani,1 channel,-,-,6 Amazing Nuggets Recipes By Food Fusion,https://www.youtube.com/watch?v=xIcv2efYUQA
Nutella Babka Bread Recipe,Indian/Pakistani,1 channel,-,-,Nutella Babka Bread Recipe By Food Fusion,https://www.youtube.com/watch?v=53WeL_Kj_TU
Nutella Brownie Recipe,Continental,1 channel,-,-,Nutella Brownie Recipe by Food Fusion,https://www.youtube.com/watch?v=xT6pFp6Ru80
Nutella Tres Leches Cake Recipe,Continental,1 channel,-,-,Nutella Tres Leches Cake Recipe By Food Fusion,https://www.youtube.com/watch?v=0hX0P85Rfqs
Nutritious Lobia & Veg Kabab Recipe,Indian/Pakistani,1 channel,-,-,Nutritious Lobia & Veg Kabab Recipe by Food Fusion,https://www.youtube.com/watch?v=OhirXXmCtwE
Oats Cutlets with Lehsan Chutney,Indian/Pakistani,1 channel,-,-,Oats Cutlets with Lehsan Chutney - Recipe By Healthy Food Fusion,https://www.youtube.com/watch?v=cTJPy4SN25A
Oil Free Chicken for Diet and Kids (Make and Freeze),Indian/Pakistani,1 channel,Oil Free Chicken for Diet and Kids (Make and Freeze),https://www.youtube.com/watch?v=tzMt1C-9Nyg,-,-
Oil Free Crispy Spring Rolls,Indian/Pakistani,1 channel,Oil Free Crispy Spring Rolls - Fry without Oil This Ramazan,https://www.youtube.com/watch?v=JOc4SJI3_kE,-,-
Oil Free Degi Rice (Pulao) Eat Healthy Live Healthy,Indian/Pakistani,1 channel,Oil Free Degi Rice (Pulao) Eat Healthy Live Healthy,https://www.youtube.com/watch?v=s0tyik4wiyc,-,-
Oil Free Diet BBQ at home without Grill/Coals,Indian/Pakistani,1 channel,Oil Free Diet BBQ at home without Grill/Coals,https://www.youtube.com/watch?v=QCXVTRKWBac,-,-
Oil Free Fried Chicken || Healthy Oil Free Chicken Recipe (Tasty),Indian/Pakistani,1 channel,Oil Free Fried Chicken || Healthy Oil Free Chicken Recipe (Tasty),https://www.youtube.com/watch?v=EOMyjJ5eh40,-,-
Oil Free Mutton Fry,Indian/Pakistani,1 channel,Oil Free Mutton Fry | Eid Special Healthy Recipe,https://www.youtube.com/watch?v=eXxtkcuXW7c,-,-
Omani Mqallai Recipe,Indian/Pakistani,1 channel,-,-,Omani Mqallai Recipe by Food Fusion,https://www.youtube.com/watch?v=PRFruiNNVLw
Omelette Roll with chicken and cheese Breakfast Recipe,Continental,1 channel,-,-,Omelette Roll with chicken and cheese Breakfast Recipe By Food Fusion,https://www.youtube.com/watch?v=DYnM9_1XWPY
Omoji Lava Cake Recipe,Continental,1 channel,-,-,Omoji Lava Cake Recipe by Food Fusion,https://www.youtube.com/watch?v=zPbViTy3g1c
Omurice and Chop Suey Recipes,Indian/Pakistani,1 channel,-,-,Omurice and Chop Suey Recipes by Food Fusion,https://www.youtube.com/watch?v=GlKP5JWy_tM
Omurice Recipe,Indian/Pakistani,1 channel,-,-,Omurice Recipe By Food Fusion,https://www.youtube.com/watch?v=1zvY_UPhLfI
One Pan Crispy Potatoes with Eggs Recipe,Indian/Pakistani,1 channel,-,-,One Pan Crispy Potatoes with Eggs Recipe by Food Fusion,https://www.youtube.com/watch?v=2RoGUFIdp0s
One Pot Afghani Pulao Recipe,Arabic/Mediterranean,1 channel,-,-,One Pot Afghani Pulao Recipe by Food Fusion,https://www.youtube.com/watch?v=Q7q0y8fg1Sw
One Pot Smoked Mutton Rice Recipe,Indian/Pakistani,1 channel,-,-,One Pot Smoked Mutton Rice Recipe by Food Fusion,https://www.youtube.com/watch?v=bFck3VmOS4E
One Pot Spicy Pasta Recipe,Continental,1 channel,-,-,One Pot Spicy Pasta Recipe By Food Fusion,https://www.youtube.com/watch?v=a6nYTLyi6sU
Onion Samosa With Chutney Recipe by Food Fusion (Ramzan Special),Indian/Pakistani,1 channel,-,-,Onion Samosa With Chutney Recipe by Food Fusion (Ramzan Special),https://www.youtube.com/watch?v=hE0S9B8fLnQ
Only milk and bread easy dessert,Indian/Pakistani,1 channel,Only milk and bread easy dessert - Dish full of Shahi Tukry with 1kg milk and Small Bread,https://www.youtube.com/watch?v=OaQbFZ4TnHk,-,-
Orange Almond Cake Recipe,Continental,1 channel,-,-,Orange Almond Cake Recipe By Food Fusion,https://www.youtube.com/watch?v=ln7JY73BvrM
Orange Blossom Dessert Recipe,Indian/Pakistani,1 channel,-,-,Orange Blossom Dessert Recipe By Food Fusion,https://www.youtube.com/watch?v=kr2XE-08nEs
Orange Chicken With Spicy Noodles Recipe,Indian/Pakistani,1 channel,-,-,Orange Chicken With Spicy Noodles Recipe By Food Fusion,https://www.youtube.com/watch?v=gmwMD_spJik
Orange Chiffon Cake Recipe,Continental,1 channel,-,-,Orange Chiffon Cake Recipe By Food Fusion,https://www.youtube.com/watch?v=3MOMwZaCD4E
Orange Ice Cream Recipe,Indian/Pakistani,1 channel,-,-,Orange Ice Cream Recipe by Food Fusion,https://www.youtube.com/watch?v=a-LBUlmtkCo
Orange Marmalade Recipe,Indian/Pakistani,1 channel,-,-,Orange Marmalade Recipe By Food Fusion,https://www.youtube.com/watch?v=-ZZPOXn6_9w
Orange Mint Refresher Recipe By Food Fusion (Ramazan Special),Indian/Pakistani,1 channel,-,-,Orange Mint Refresher Recipe By Food Fusion (Ramazan Special),https://www.youtube.com/watch?v=366S5poVn4Q
Orange Mousse Recipe,Indian/Pakistani,1 channel,-,-,Orange Mousse Recipe By Food Fusion,https://www.youtube.com/watch?v=pvO71HZXxqg
Orange Pepper Fried Chicken Recipe,Indian/Pakistani,1 channel,-,-,Orange Pepper Fried Chicken Recipe by Food Fusion,https://www.youtube.com/watch?v=UV3yr9Cwh6U
Orange Posset Recipe,Indian/Pakistani,1 channel,-,-,Orange Posset Recipe by Food Fusion,https://www.youtube.com/watch?v=MAIP5uiovSE
Orange Squash Recipe,Indian/Pakistani,1 channel,-,-,Orange Squash Recipe By Food Fusion,https://www.youtube.com/watch?v=3IIdWmiGudg
Orange Trifle Recipe,Indian/Pakistani,1 channel,-,-,Orange Trifle Recipe By Food Fusion,https://www.youtube.com/watch?v=7SVaD4ztPJo
Oreo Cream Cups Recipe,Indian/Pakistani,1 channel,-,-,Oreo Cream Cups Recipe by Food Fusion,https://www.youtube.com/watch?v=Z0fAgS0KbtQ
Original Phajja Paya Recipe پھجے دے پائے,Indian/Pakistani,1 channel,Original Phajja Paya Recipe پھجے دے پائے | Famous Lahori Paye | Trotters Recipe,https://www.youtube.com/watch?v=w54wrijWhig,-,-
Osmania Biscuit Recipe,Indian/Pakistani,1 channel,-,-,Osmania Biscuit Recipe By Food Fusion,https://www.youtube.com/watch?v=c8SC4rsIit4
Our Story -5 Years of Food Fusion  #SuperConfidence,Indian/Pakistani,1 channel,-,-,Our Story -5 Years of Food Fusion  #SuperConfidence,https://www.youtube.com/watch?v=Xok5jz5QQ-w
Ouzi Chicken Rice Recipe,Indian/Pakistani,1 channel,-,-,Ouzi Chicken Rice Recipe By Food Fusion,https://www.youtube.com/watch?v=FTFJR85da8A
Oven Grilled Chicken Seekh Kabab Recipe,Indian/Pakistani,1 channel,-,-,Oven Grilled Chicken Seekh Kabab Recipe by Food Fusion,https://www.youtube.com/watch?v=KhxOiJCcryU
Overnight Oats 3 ways Recipe By Food Fusion (Sehri Special Recipe),Indian/Pakistani,1 channel,-,-,Overnight Oats 3 ways Recipe By Food Fusion (Sehri Special Recipe),https://www.youtube.com/watch?v=_Hsp9pmnfoM
Pahari Daal Recipe,Indian/Pakistani,1 channel,-,-,Pahari Daal Recipe by Food Fusion,https://www.youtube.com/watch?v=69m9x6FcKeU
Painda Recipe,Indian/Pakistani,1 channel,-,-,Painda Recipe By Food Fusion,https://www.youtube.com/watch?v=zvg2WRkSs60
Pakistan Produces World's Best Mangoes,Indian/Pakistani,1 channel,-,-,Pakistan Produces World's Best Mangoes - Food Fusion,https://www.youtube.com/watch?v=tM3lwOx7cTc
Pakistan's Best Food Video Destination,Indian/Pakistani,1 channel,-,-,Pakistan's Best Food Video Destination,https://www.youtube.com/watch?v=ESvT2YptGlU
Pakistani Spanish Omelette Recipe By Food Fusion,Continental,1 channel,-,-,Pakistani Spanish Omelette Recipe By Food Fusion Detailed,https://www.youtube.com/watch?v=aVghCrTBEsE
Pakistani Style Chicken Mandi Recipe By Asad Memon,Arabic/Mediterranean,1 channel,-,-,Pakistani Style Chicken Mandi Recipe By Asad Memon - Food Fusion,https://www.youtube.com/watch?v=FKUxXw4fXdw
Pakora Kadhi Chawal Detailed Recipe by Asad Memon,Indian/Pakistani,1 channel,-,-,Pakora Kadhi Chawal Detailed Recipe by Asad Memon-Food Fusion,https://www.youtube.com/watch?v=vtfp4mAhWtc
Pakora Kadhi Recipe,Indian/Pakistani,1 channel,-,-,Pakora Kadhi Recipe By Food Fusion,https://www.youtube.com/watch?v=Ar8dFj4N13A
Pakora Masala Cup Chaat Ramzan Special Recipe,Indian/Pakistani,1 channel,-,-,Pakora Masala Cup Chaat Ramzan Special Recipe by Food Fusion,https://www.youtube.com/watch?v=9DF2B5V6nfM
Pakora Mix Recipe,Indian/Pakistani,1 channel,-,-,Pakora Mix Recipe By Food Fusion,https://www.youtube.com/watch?v=OSuPfJM-utM
Pakora Platter with Homemade Pakora Mix (Ramzan Special) Asad Memon,Indian/Pakistani,1 channel,-,-,Pakora Platter with Homemade Pakora Mix (Ramzan Special) Asad Memon - Recipe by Food Fusion,https://www.youtube.com/watch?v=aOh48WADeMw
Pakora Platter with Magic Masala Recipe By Food Fusion (Iftar ideas special ),Indian/Pakistani,1 channel,-,-,Pakora Platter with Magic Masala Recipe By Food Fusion (Iftar ideas special ),https://www.youtube.com/watch?v=xgaVWsxzXx0
Pakoras with Leftover 4-Ways Recipe By Food Fusion (Ramzan Special Recipe),Indian/Pakistani,1 channel,-,-,Pakoras with Leftover 4-Ways Recipe By Food Fusion (Ramzan Special Recipe),https://www.youtube.com/watch?v=HeQyrTrEh1M
Pakoray,Indian/Pakistani,1 channel,Pakoray - All In One Secret Dhaba Recipe,https://www.youtube.com/watch?v=id0G1BRK36E,-,-
Pakoray ka Salan Recipe,Indian/Pakistani,1 channel,-,-,Pakoray ka Salan Recipe by Food Fusion,https://www.youtube.com/watch?v=sM4M1L_ATVs
Pakoriyan,Indian/Pakistani,1 channel,Pakoriyan - Crispy Crunchy Dahi wali Phulkiyan - Step by step recipe for beginners,https://www.youtube.com/watch?v=BFBrkiIGG4U,-,-
Pakwan Recipe,Indian/Pakistani,1 channel,-,-,Pakwan Recipe By Food Fusion,https://www.youtube.com/watch?v=A7-K1ggtAm0
Palak Anda Ghotala Recipe By Food Fusion (Sehri recipe Ideas),Indian/Pakistani,1 channel,-,-,Palak Anda Ghotala Recipe By Food Fusion (Sehri recipe Ideas),https://www.youtube.com/watch?v=GHbX1Jivxog
Palak Chaat Recipe By Food Fusion (Ramzan Special Recipes),Indian/Pakistani,1 channel,-,-,Palak Chaat Recipe By Food Fusion (Ramzan Special Recipes),https://www.youtube.com/watch?v=pLRfMAMpp9w
Palak Chana Masala Recipe,Indian/Pakistani,1 channel,-,-,Palak Chana Masala Recipe By Food Fusion,https://www.youtube.com/watch?v=RGabsFRgbxY
Palak Cheese Kabab Recipe,Indian/Pakistani,1 channel,-,-,Palak Cheese Kabab Recipe by Food Fusion,https://www.youtube.com/watch?v=uaT9WDvLZVU
Palak Chicken,Indian/Pakistani,1 channel,Palak Chicken - Dish of Kings,https://www.youtube.com/watch?v=tCJIFetRVI0,-,-
Palak Gosht (Spinach) Recipe,Indian/Pakistani,1 channel,-,-,Palak Gosht (Spinach) Recipe by Food Fusion,https://www.youtube.com/watch?v=lpOYm_S_i7o
Palak Gosht پالک گوشت || Legacy of Diwans of Multan,Indian/Pakistani,1 channel,Palak Gosht پالک گوشت || Legacy of Diwans of Multan,https://www.youtube.com/watch?v=AimP91a8VvY,-,-
Palak Handi with Mini Naan Recipe,Indian/Pakistani,1 channel,-,-,Palak Handi with Mini Naan Recipe by Food Fusion,https://www.youtube.com/watch?v=yhe_Cp2lF7Q
Palak Kofta Kadhi Recipe,Indian/Pakistani,1 channel,-,-,Palak Kofta Kadhi Recipe By Food Fusion,https://www.youtube.com/watch?v=mfJPd-5NwWA
Palak Paneer Recipe learn how to make this fusion of cottage cheese and spinach gravy,Indian/Pakistani,1 channel,-,-,Palak Paneer Recipe learn how to make this fusion of cottage cheese and spinach gravy by Food Fusion,https://www.youtube.com/watch?v=BTI6RggETEQ
Palak Patta Chaat,Indian/Pakistani,1 channel,-,-,Palak Patta Chaat - Iftar Special Recipe by Food Fusion,https://www.youtube.com/watch?v=1bC7YC4QR8w
Palak Puri,Indian/Pakistani,1 channel,-,-,Palak Puri - Ramadan Special Recipe by Food Fusion,https://www.youtube.com/watch?v=OsAg8v20gkQ
Palla Machli Recipe,Indian/Pakistani,1 channel,-,-,Palla Machli Recipe By Food Fusion,https://www.youtube.com/watch?v=8wN3lNc2RIc
Palli Saag & Machi,Indian/Pakistani,1 channel,-,-,Palli Saag & Machi - Special Sindhi Recipe By Food Fusion,https://www.youtube.com/watch?v=HqxjLS5zNvc
Palmiers with Puff Pastry/ Sugary Heart Biscuits  Recipe,Indian/Pakistani,1 channel,-,-,Palmiers with Puff Pastry/ Sugary Heart Biscuits  Recipe By Food Fusion,https://www.youtube.com/watch?v=D7ZTYrTLv8A
Pan Fried Veggie Buns Recipe,Indian/Pakistani,1 channel,-,-,Pan Fried Veggie Buns Recipe by Food Fusion,https://www.youtube.com/watch?v=IJcwUXb8RvY
Pan Seared Lamb Chops Recipe,Indian/Pakistani,1 channel,-,-,Pan Seared Lamb Chops Recipe by Food Fusion,https://www.youtube.com/watch?v=pj6RgFo1epk
Panchmel Dal Recipe,Indian/Pakistani,1 channel,-,-,Panchmel Dal Recipe By Food Fusion,https://www.youtube.com/watch?v=c8vg_VhfoYk
Paneer,Indian/Pakistani,1 channel,-,-,Paneer - Cottage Cheese Recipe 3 ways By Food Fusion,https://www.youtube.com/watch?v=HtkX1bLtX-s
Paneer Bhallay Chaat Ramadan Special Recipe,Indian/Pakistani,1 channel,-,-,Paneer Bhallay Chaat Ramadan Special Recipe by Food Fusion,https://www.youtube.com/watch?v=DM__kWpFRF0
Paneer Cholay Recipe,Indian/Pakistani,1 channel,-,-,Paneer Cholay Recipe by Food Fusion,https://www.youtube.com/watch?v=bTeSRmEb1hs
Paneer Malai Kofta Recipe,Indian/Pakistani,1 channel,-,-,Paneer Malai Kofta Recipe By Food Fusion,https://www.youtube.com/watch?v=xTSb-8-mF1Y
Paneer Pizzaratha Recipe,Indian/Pakistani,1 channel,-,-,Paneer Pizzaratha Recipe By Food Fusion,https://www.youtube.com/watch?v=sxOXTQgkp0U
Paneer Qeema Tawa Masala Recipe,Indian/Pakistani,1 channel,-,-,Paneer Qeema Tawa Masala Recipe by Food Fusion,https://www.youtube.com/watch?v=Jc9X6u3H4Yk
Paneer Tikka Recipe By Foood Fusion,Indian/Pakistani,1 channel,-,-,Paneer Tikka Recipe By Foood Fusion,https://www.youtube.com/watch?v=t1sqEKm1WJE
Pani Puri,Indian/Pakistani,2 channels,Pani Puri Recipe | Golgappay ka Khatta Pani,https://www.youtube.com/watch?v=sRCPojp8sKw,Pani Puri Recipe | Gol Gappa Recipe - By Food Fusion,https://www.youtube.com/watch?v=Y1dbWOQkL-A
Pani walay Pakoray,Indian/Pakistani,1 channel,Pani walay Pakoray Recipe,https://www.youtube.com/watch?v=TLYfQGO1ql0,-,-
Pani Wali Kala Channa Chaat Ramadan Special Recipe,Indian/Pakistani,1 channel,-,-,Pani Wali Kala Channa Chaat Ramadan Special Recipe By Food Fusion,https://www.youtube.com/watch?v=Lz9Fz81Gjbw
Pani wali Phulki Recipe By Food Fusion (Ramazan Special),Indian/Pakistani,1 channel,-,-,Pani wali Phulki Recipe By Food Fusion (Ramazan Special),https://www.youtube.com/watch?v=X7pc3_y88Vo
Pani with Beef Kebab,Indian/Pakistani,1 channel,Pani with Beef Kebab - Very Soft Beef Kabab Recipe,https://www.youtube.com/watch?v=R7ge7jEV948,-,-
Panjeeri,Indian/Pakistani,1 channel,Panjeeri - Best for back pain and body power,https://www.youtube.com/watch?v=bXV9sON6GPc,-,-
Panjeeri Biscuits Recipe,Indian/Pakistani,1 channel,-,-,Panjeeri Biscuits Recipe by Food Fusion,https://www.youtube.com/watch?v=SER9SnXRuKE
Panjiri Recipe,Indian/Pakistani,1 channel,-,-,Panjiri Recipe By Food Fusion,https://www.youtube.com/watch?v=52t1M-vrHHk
Paper Steam Fish at home,Indian/Pakistani,1 channel,Paper Steam Fish at home - No Oven Steam Fish Recipe,https://www.youtube.com/watch?v=z_vSzG9QA8o,-,-
Papri Pizza Recipe,Continental,1 channel,-,-,Papri Pizza Recipe By Food Fusion,https://www.youtube.com/watch?v=j6hvJVVp0xM
Paratha 4 Ways recipe,Indian/Pakistani,1 channel,-,-,Paratha 4 Ways recipe by Food Fusion,https://www.youtube.com/watch?v=2x3B2RzMFOs
Paratha Rolls 2 Ways Recipes,Indian/Pakistani,1 channel,-,-,Paratha Rolls 2 Ways Recipes By Food Fusion,https://www.youtube.com/watch?v=nx-FHTh5Oyc
Paratha Rollups Lunch Box Recipe,Indian/Pakistani,1 channel,-,-,Paratha Rollups Lunch Box Recipe by Food Fusion,https://www.youtube.com/watch?v=1G1dbHG4Y6U
Paratha with leftovers Recipe,Indian/Pakistani,1 channel,-,-,Paratha with leftovers Recipe By Food Fusion,https://www.youtube.com/watch?v=krNCxJiJuyQ
Parda Pulao Recipe,Indian/Pakistani,1 channel,-,-,Parda Pulao Recipe By Food Fusion,https://www.youtube.com/watch?v=u8eTePVqkvw
Parmigiana Di Melanzane Recipe By Award Winning Chef Marco Saracino,Indian/Pakistani,1 channel,-,-,Parmigiana Di Melanzane Recipe By Award Winning Chef Marco Saracino - Food Fusion,https://www.youtube.com/watch?v=A4is7pdRrX8
Parsi Style Mutton Kabab Recipe,Indian/Pakistani,1 channel,-,-,Parsi Style Mutton Kabab Recipe By Food Fusion,https://www.youtube.com/watch?v=DFU-C5Xa9wg
Party/Dawat Menu,Indian/Pakistani,1 channel,Party/Dawat Menu - BBQ Platter without coals/grill at home,https://www.youtube.com/watch?v=BH-di2No5IA,-,-
Party/Dawat Starters,Indian/Pakistani,1 channel,"Party/Dawat Starters - Brown Chicken, Reshmi Boti, Kachomar Salad",https://www.youtube.com/watch?v=pJHv0_MiBQc,-,-
Pasanday,Indian/Pakistani,1 channel,Pasanday - Mughlai Steaks Gravy from History,https://www.youtube.com/watch?v=MOoz_BPz3XQ,-,-
Pasta Crackers Recipe,Continental,1 channel,-,-,Pasta Crackers Recipe By Food Fusion,https://www.youtube.com/watch?v=IwHaSvw_lvk
Pasta Cutlets Recipe,Continental,1 channel,-,-,Pasta Cutlets Recipe By Food Fusion,https://www.youtube.com/watch?v=mrwC4oBuoyM
Pasta in White Sauce,Continental,1 channel,Pasta in White Sauce | Creamy Alfredo Pasta Recipe,https://www.youtube.com/watch?v=CpN3JAg1DkQ,-,-
Pasta in White Sauce Recipe,Continental,1 channel,-,-,Pasta in White Sauce Recipe by Food Fusion,https://www.youtube.com/watch?v=fDMs0Zk6KWo
Pasta Recipes,Continental,1 channel,-,-,6 Amazing Pasta Recipes By Food Fusion,https://www.youtube.com/watch?v=KTae0w79dAI
Pasta Salad Restaurant Wala,Continental,1 channel,-,-,Pasta Salad Restaurant Wala - Recipe by Food Fusion,https://www.youtube.com/watch?v=fLE5jRlkxxs
Pasta with Roasted Tomato Cream Sauce Recipe,Continental,1 channel,-,-,Pasta with Roasted Tomato Cream Sauce Recipe By Food Fusion,https://www.youtube.com/watch?v=pnOHpCEf5nQ
Pastina Soup with Basil Chicken Meatballs Recipe,Continental,1 channel,-,-,Pastina Soup with Basil Chicken Meatballs Recipe By Food Fusion,https://www.youtube.com/watch?v=6NTOhQuqgCI
Patakha Chicken Recipe,Indian/Pakistani,1 channel,-,-,Patakha Chicken Recipe By Food Fusion,https://www.youtube.com/watch?v=rYnb14cPCxk
Pav Bhaji Recipe,Indian/Pakistani,1 channel,-,-,Pav Bhaji Recipe By Food Fusion,https://www.youtube.com/watch?v=TBH-S04f_G8
Paya Nihari Recipe By Food Fusion (Bakra Eid Special),Indian/Pakistani,1 channel,-,-,Paya Nihari Recipe By Food Fusion (Bakra Eid Special),https://www.youtube.com/watch?v=4e_DVCcJTlk
Paye ka Salan Recipe By Food Fusion (Bakra Eid Special),Indian/Pakistani,1 channel,-,-,Paye ka Salan Recipe By Food Fusion (Bakra Eid Special),https://www.youtube.com/watch?v=1skmOeUVLOU
Payyoli Chicken Fry Recipe,Indian/Pakistani,1 channel,-,-,Payyoli Chicken Fry Recipe By Food Fusion,https://www.youtube.com/watch?v=KbFJQihQVac
Peach (آڑو) Float Juice,Indian/Pakistani,1 channel,Peach (آڑو) Float Juice | Rani Juice Formula,https://www.youtube.com/watch?v=o2GAg0Fv1fk,-,-
Peach Ginger Iced Green Tea Recipe,Indian/Pakistani,1 channel,-,-,Peach Ginger Iced Green Tea Recipe By Food Fusion,https://www.youtube.com/watch?v=pMdwVn10Ro8
Peach Ice cream Recipe,Indian/Pakistani,1 channel,-,-,Peach Ice cream Recipe by Food Fusion,https://www.youtube.com/watch?v=ECsCYvV2LQY
Peach Squash Recipe,Indian/Pakistani,1 channel,-,-,Peach Squash Recipe by Food Fusion,https://www.youtube.com/watch?v=7a4jWM_d82s
Peanut Barfi Recipe,Indian/Pakistani,1 channel,-,-,Peanut Barfi Recipe by Food Fusion,https://www.youtube.com/watch?v=CsoWoZyZFyM
Peanut Chikki,Indian/Pakistani,1 channel,Peanut Chikki Recipe - Moong Phali Chikki - Peanut Bars for Winters,https://www.youtube.com/watch?v=3e5F_4u3tCc,-,-
Pear Lemonade Recipe,Indian/Pakistani,1 channel,-,-,Pear Lemonade Recipe by Food Fusion,https://www.youtube.com/watch?v=mmj3IN4--pw
Penne Pasta with Hot Cheesy Chicken Recipe,Continental,1 channel,-,-,Penne Pasta with Hot Cheesy Chicken Recipe by Food Fusion,https://www.youtube.com/watch?v=aVwoWvk1bus
Penne Pasta with Sausages Recipe,Continental,1 channel,-,-,Penne Pasta with Sausages Recipe By Food Fusion,https://www.youtube.com/watch?v=7GPXOWO90rw
Perfect 1kg Karachi Style White Pulao,Indian/Pakistani,1 channel,Perfect 1kg Karachi Style White Pulao - Authentic White Pulao,https://www.youtube.com/watch?v=UWfmlNIJYE8,-,-
Perfect Air Fried Donuts Recipe,Continental,1 channel,-,-,Perfect Air Fried Donuts Recipe By Food Fusion,https://www.youtube.com/watch?v=fVOwQ0inc5M
Perfect Aloo Keema,Indian/Pakistani,1 channel,1kg Perfect Aloo Keema Recipe - Dhaba Style Gravy wala keema,https://www.youtube.com/watch?v=J10IGN5lSSc,-,-
Perfect Aloo Samosa || Ramzan Special,Indian/Pakistani,1 channel,Perfect Aloo Samosa || Ramzan Special,https://www.youtube.com/watch?v=eVGNb7L8ngI,-,-
Perfect Beef Nihari Recipe,Indian/Pakistani,1 channel,-,-,Perfect Beef Nihari Recipe by Food Fusion,https://www.youtube.com/watch?v=mZOXDAvMCM4
Perfect Biryani,Indian/Pakistani,1 channel,1kg Perfect Biryani - Degi Style Authentic Biryani with Measurements,https://www.youtube.com/watch?v=JI82HIYDp0o,-,-
Perfect Chocolate Cake In A Microwave – Recipe,Continental,1 channel,-,-,Perfect Chocolate Cake In A Microwave – Recipe By Food Fusion,https://www.youtube.com/watch?v=oKo0azPg5Kk
Perfect Crispy Chicken in Air Fryer Recipe By Food Fusion (Ramzan Special Recipe),Indian/Pakistani,1 channel,-,-,Perfect Crispy Chicken in Air Fryer Recipe By Food Fusion (Ramzan Special Recipe),https://www.youtube.com/watch?v=T5-Ivh9jMs4
Perfect Danedar Korma,Indian/Pakistani,1 channel,1kg Perfect Danedar Korma - Karachi Style Korma Recipe,https://www.youtube.com/watch?v=mzWFL-8K9Kk,-,-
Perfect Karachi Biryani,Indian/Pakistani,1 channel,Perfect Karachi Biryani - Homemade biryani zaiqa bazar jaisa,https://www.youtube.com/watch?v=uRqwvZhBQcE,-,-
Perfect Karachi Biryani || An Untold Recipe!!,Indian/Pakistani,1 channel,Perfect Karachi Biryani || An Untold Recipe!!,https://www.youtube.com/watch?v=uVQTxszrvIk,-,-
Perfect Mayonnaise,Continental,1 channel,Perfect Mayonnaise Recipe - Fail Proof Mayo without Machine by Kun Foods,https://www.youtube.com/watch?v=VSnVofEpCAs,-,-
Perfect Mutanjan Rice,Indian/Pakistani,1 channel,1kg Perfect Mutanjan Rice - Soft and Fluffy Sweet Rice Recipe,https://www.youtube.com/watch?v=4Nsso8_OiaM,-,-
Perfect Pholay huye Gol Gappay,Indian/Pakistani,1 channel,"Perfect Pholay huye Gol Gappay | Easy, Fail Proof Recipe | Kun Foods",https://www.youtube.com/watch?v=b9_zHB_hfIk,-,-
Perfect Reshewala Degi Haleem Recipe,Indian/Pakistani,1 channel,-,-,Perfect Reshewala Degi Haleem Recipe By Food Fusion,https://www.youtube.com/watch?v=A4oJhPFYzbw
Perfect Roghni Naan without Tandoor/Oven at Home,Indian/Pakistani,1 channel,Perfect Roghni Naan without Tandoor/Oven at Home,https://www.youtube.com/watch?v=iQTx2Weod_0,-,-
Perfect Sweet Rice,Indian/Pakistani,1 channel,1kg Perfect Sweet Rice - Jaggery Rice Village Style,https://www.youtube.com/watch?v=mDTxJ41v8w8,-,-
Peri Peri Chicken Samosa 👉Make and Freeze Ramadan Special Recipe,Continental,1 channel,-,-,Peri Peri Chicken Samosa 👉Make and Freeze Ramadan Special Recipe by Food Fusion,https://www.youtube.com/watch?v=tFHzl3l6Hd8
Peri Peri Chicken Satay with Roasted Tomato Sauce,Continental,1 channel,-,-,Peri Peri Chicken Satay with Roasted Tomato Sauce  By Food Fusion,https://www.youtube.com/watch?v=Twxvld1MK8k
Peri Peri Chicken Skewers Recipe,Continental,1 channel,-,-,Peri Peri Chicken Skewers Recipe By Food Fusion,https://www.youtube.com/watch?v=IEi1Nqr0fh8
Peri peri Grilled Chicken with sauces Recipe,Continental,1 channel,-,-,Peri peri Grilled Chicken with sauces Recipe by Food Fusion,https://www.youtube.com/watch?v=8qJuoY3JuRM
Peri Peri Pasta with Prawns Recipe,Continental,1 channel,-,-,Peri Peri Pasta with Prawns Recipe by Food Fusion,https://www.youtube.com/watch?v=ZhsoIG_YgXs
Peri Peri Spaghetti Recipe,Continental,1 channel,-,-,Peri Peri Spaghetti Recipe by Food Fusion,https://www.youtube.com/watch?v=tRf1jXT9K9E
Peri Peri whole Chicken Recipe By Food Fusion (Eid Special Recipe),Continental,1 channel,-,-,Peri Peri whole Chicken Recipe By Food Fusion (Eid Special Recipe),https://www.youtube.com/watch?v=h_VdzCnVxWA
Persian Kabab with Rice Recipe,Indian/Pakistani,1 channel,-,-,Persian Kabab with Rice Recipe By Food Fusion,https://www.youtube.com/watch?v=AJpCNv3DcG0
Persian Koobideh Kabab with Easy Tahdig Rice Recipe,Indian/Pakistani,1 channel,-,-,Persian Koobideh Kabab with Easy Tahdig Rice Recipe By Food Fusion,https://www.youtube.com/watch?v=xOHBhR0DCeE
Peshawari Beef kabab Recipe,Indian/Pakistani,1 channel,-,-,Peshawari Beef kabab Recipe By Food Fusion,https://www.youtube.com/watch?v=hR4_EhbkgS0
Peshawari Chicken Karahi Recipe,Indian/Pakistani,1 channel,-,-,Peshawari Chicken Karahi Recipe By Food Fusion,https://www.youtube.com/watch?v=X_h9QgnY2lQ
Peshawari Halwa Recipe,Indian/Pakistani,1 channel,-,-,Peshawari Halwa Recipe by Food Fusion,https://www.youtube.com/watch?v=4_glmHBE8hk
Peshawari Ice Cream Recipe,Indian/Pakistani,1 channel,-,-,Peshawari Ice Cream Recipe By Food Fusion,https://www.youtube.com/watch?v=-2q7EJ0Nsi4
Peshawari Murgh (Chicken) Recipe,Indian/Pakistani,1 channel,-,-,Peshawari Murgh (Chicken) Recipe By Food Fusion,https://www.youtube.com/watch?v=xIkIemLK0_c
Peshawari Mutton Karahi Recipe,Indian/Pakistani,1 channel,-,-,Peshawari Mutton Karahi Recipe By Food Fusion,https://www.youtube.com/watch?v=sDgNEUKQHW8
Peshawari Pista Ice Cream Recipe,Indian/Pakistani,1 channel,-,-,Peshawari Pista Ice Cream Recipe By Food Fusion,https://www.youtube.com/watch?v=25MAoE5nvxY
Peshawari Style Chicken Soup Recipe,Indian/Pakistani,1 channel,-,-,Peshawari Style Chicken Soup Recipe by Food Fusion,https://www.youtube.com/watch?v=qJdfAvnfc4g
Peshawari Style Golden Pulao Recipe,Indian/Pakistani,1 channel,-,-,Peshawari Style Golden Pulao Recipe By Food Fusion,https://www.youtube.com/watch?v=5tOHeuugWmE
Peshawari Style Pulao with Chapli kabab Recipe,Indian/Pakistani,1 channel,-,-,Peshawari Style Pulao with Chapli kabab Recipe By Food Fusion,https://www.youtube.com/watch?v=u3JbOl7snUA
Peshawari Tawa Kaleji Recipe By Food Fusion (Bakra Eid Special),Indian/Pakistani,1 channel,-,-,Peshawari Tawa Kaleji Recipe By Food Fusion (Bakra Eid Special),https://www.youtube.com/watch?v=7PqJ2EK9VSM
Peshawri Chicken Karahi,Indian/Pakistani,1 channel,Peshawri Chicken Karahi Recipe | Charsi Chicken Karahi Restaurant Style | Kun Foods,https://www.youtube.com/watch?v=WRnTCN83Dw0,-,-
Peshawri Namkeen Tikka and Spicy BBQ Mutton Chops /Juiciest Lamb Chops,Indian/Pakistani,1 channel,Peshawri Namkeen Tikka and Spicy BBQ Mutton Chops /Juiciest Lamb Chops,https://www.youtube.com/watch?v=Ahfs7cw3OCU,-,-
Peshawri Pulao,Indian/Pakistani,1 channel,Peshawri Pulao Recipe,https://www.youtube.com/watch?v=qqVCpAe-NLE,-,-
Pesto Chicken Sandwich Recipe,Continental,1 channel,-,-,Pesto Chicken Sandwich Recipe by Food Fusion,https://www.youtube.com/watch?v=9lsA2PsJSho
Pesto Lasagna Recipe,Continental,1 channel,-,-,Pesto Lasagna Recipe by Food Fusion,https://www.youtube.com/watch?v=xjoU4DZo8Rk
Pesto Sandwich Recipe,Continental,1 channel,-,-,Pesto Sandwich Recipe by Food Fusion,https://www.youtube.com/watch?v=UX3hYWuuYss
Pethe Ka Halwa Recipe,Indian/Pakistani,1 channel,-,-,Pethe Ka Halwa Recipe By Food Fusion,https://www.youtube.com/watch?v=ABDuEiLJ_Y8
Pheni / lachha Paratha Recipe,Indian/Pakistani,1 channel,-,-,Pheni / lachha Paratha Recipe By Food Fusion,https://www.youtube.com/watch?v=PBDolymW-z8
Pheni zarda Recipe By Food Fusion (Eid Special),Indian/Pakistani,1 channel,-,-,Pheni zarda Recipe By Food Fusion (Eid Special),https://www.youtube.com/watch?v=gtQmOMBFAug
Philly Cheesesteak Sandwich Recipe,Continental,1 channel,-,-,Philly Cheesesteak Sandwich Recipe by Food Fusion,https://www.youtube.com/watch?v=ZUkRgbL25Do
Phoenix Dumplings Recipe,Indian/Pakistani,1 channel,-,-,Phoenix Dumplings Recipe by Food Fusion,https://www.youtube.com/watch?v=umW1vXn1LAo
Phool Makhanay ka Halwa,Indian/Pakistani,1 channel,-,-,Phool Makhanay ka Halwa - winter special Recipe By Food Fusion,https://www.youtube.com/watch?v=bCG3avoKwos
Picnic Snacks,Indian/Pakistani,1 channel,-,-,Picnic Snacks - Recipes By Food Fusion,https://www.youtube.com/watch?v=0RZQwL_ynfU
Picnic-Friendly Snack Ideas Collection 1,Indian/Pakistani,1 channel,-,-,Picnic-Friendly Snack Ideas Collection 1 By Food Fusion,https://www.youtube.com/watch?v=yDHZYzmsu0E
Picnic-Friendly Snack Ideas Collection 2,Indian/Pakistani,1 channel,-,-,Picnic-Friendly Snack Ideas Collection 2 By Food Fusion,https://www.youtube.com/watch?v=NZScOhM_cGo
Pina colada Tres Leches Cake Recipe,Continental,1 channel,-,-,Pina colada Tres Leches Cake Recipe by Food Fusion,https://www.youtube.com/watch?v=0ijoG3q7eJk
Pineapple Cake Recipe,Continental,1 channel,-,-,Pineapple Cake Recipe by Food Fusion,https://www.youtube.com/watch?v=VgC2dj1F_zI
Pineapple Cream Dessert Recipe,Indian/Pakistani,1 channel,-,-,Pineapple Cream Dessert Recipe By Food Fusion,https://www.youtube.com/watch?v=vJYjY0OjYS0
Pineapple Gol gappay Ramadan Special Recipe,Indian/Pakistani,1 channel,-,-,Pineapple Gol gappay Ramadan Special Recipe by Food Fusion,https://www.youtube.com/watch?v=8pdpuxUDKPE
Pineapple Lush Pudding — No Bake Recipe by Food Fusion (Bakra Eid Special),Indian/Pakistani,1 channel,-,-,Pineapple Lush Pudding — No Bake Recipe by Food Fusion (Bakra Eid Special),https://www.youtube.com/watch?v=IH1nxQfNtKw
Pineapple Upside-down Cake Recipe By Food Fusion (Eid Special),Continental,1 channel,-,-,Pineapple Upside-down Cake Recipe By Food Fusion (Eid Special),https://www.youtube.com/watch?v=ywaFfCIWw5w
Pink Dahi Samosa Chaat,Indian/Pakistani,1 channel,-,-,Pink Dahi Samosa Chaat - Iftar Special Recipe by Food Fusion,https://www.youtube.com/watch?v=MWnohzImByw
Pink Layered Macchiato Recipe By Food Fusion (Summer Special),Indian/Pakistani,1 channel,-,-,Pink Layered Macchiato Recipe By Food Fusion (Summer Special),https://www.youtube.com/watch?v=3iqRkksopJ4
Pink Sauce Spaghetti Recipe,Continental,1 channel,-,-,Pink Sauce Spaghetti Recipe By Food Fusion,https://www.youtube.com/watch?v=cKqmPrd81kg
Pinwheel Samosa Recipe By Food Fusion (Ramzan Special),Indian/Pakistani,1 channel,-,-,Pinwheel Samosa Recipe By Food Fusion (Ramzan Special),https://www.youtube.com/watch?v=PmqoIdqgDeM
Pinwheel Shahi Tukray,Indian/Pakistani,1 channel,-,-,Pinwheel Shahi Tukray - Eid Special Dessert Recipe by Food Fusion,https://www.youtube.com/watch?v=CBuIRIre96M
Pista Badaam Kulfi Recipe,Indian/Pakistani,1 channel,-,-,Pista Badaam Kulfi Recipe By Food Fusion,https://www.youtube.com/watch?v=WLqwbM2Zfjo
Pista Barfi Recipe,Indian/Pakistani,1 channel,-,-,Pista Barfi Recipe By Food Fusion,https://www.youtube.com/watch?v=EjTO1UtXFeY
Pista Doodh Sharbat Recipe,Indian/Pakistani,1 channel,-,-,Pista Doodh Sharbat Recipe by Food Fusion,https://www.youtube.com/watch?v=fynlo2IvY1s
Pista Frozen Trifle Recipe,Indian/Pakistani,1 channel,-,-,Pista Frozen Trifle Recipe By Food Fusion,https://www.youtube.com/watch?v=GgnH_P4v_-s
Pista Naan Khatai without oven  Recipe,Indian/Pakistani,1 channel,-,-,Pista Naan Khatai without oven  Recipe By Food Fusion,https://www.youtube.com/watch?v=jLpvxlcWRyQ
Pistachio Cheesecake Cups Recipe,Continental,1 channel,-,-,Pistachio Cheesecake Cups Recipe by Food Fusion,https://www.youtube.com/watch?v=WcWuJSpkkNk
Pistachio Kunafa Brownie Recipe,Arabic/Mediterranean,1 channel,-,-,Pistachio Kunafa Brownie Recipe by Food Fusion,https://www.youtube.com/watch?v=jWd1UuILMzY
Pistachio Tahini Halwa Recipe,Indian/Pakistani,1 channel,-,-,Pistachio Tahini Halwa Recipe by Food Fusion,https://www.youtube.com/watch?v=lOdc5hrfFSI
Pizza Baked Potato Recipe by Food Fusion (Air fryer / Baked),Continental,1 channel,-,-,Pizza Baked Potato Recipe by Food Fusion (Air fryer / Baked),https://www.youtube.com/watch?v=hJlfr06AE_E
Pizza Bites without oven on Tawa,Continental,1 channel,Pizza Bites without oven on Tawa - Step by Step Recipe - Freeze for Months,https://www.youtube.com/watch?v=opOvwePTS6I,-,-
Pizza Burger Recipe,Continental,1 channel,-,-,Pizza Burger Recipe By Food Fusion,https://www.youtube.com/watch?v=iLawiUv18XA
Pizza burger without Oven,Continental,1 channel,Pizza burger without Oven recipe,https://www.youtube.com/watch?v=TxruOz_sCyM,-,-
Pizza Dough & Pizza Monkey Bread Recipe,Continental,1 channel,-,-,Pizza Dough & Pizza Monkey Bread Recipe by Food Fusion,https://www.youtube.com/watch?v=2faq_TcslHc
Pizza Dough Balls With Nuggets Recipe,Continental,1 channel,-,-,Pizza Dough Balls With Nuggets Recipe By Food Fusion,https://www.youtube.com/watch?v=ZdLk-7PI3Vs
Pizza dough quick and easy recipe,Continental,1 channel,-,-,Pizza dough quick and easy recipe By Food Fusion,https://www.youtube.com/watch?v=pFzSIzuKKxY
Pizza Dough with👉 Storage Method Recipe,Continental,1 channel,-,-,Pizza Dough with👉 Storage Method Recipe by Food Fusion,https://www.youtube.com/watch?v=ojLOKTDiZ_8
Pizza Fries Recipe,Continental,1 channel,-,-,Pizza Fries Recipe By Food Fusion,https://www.youtube.com/watch?v=0Xe3Ahwc62A
Pizza in non-stick pan without oven,Continental,1 channel,Pizza in non-stick pan without oven,https://www.youtube.com/watch?v=a_kbb7X98p8,-,-
Pizza Margarita Recipe,Continental,1 channel,-,-,Pizza Margarita Recipe By Food Fusion,https://www.youtube.com/watch?v=qQrZFAIc3XM
Pizza Naan at Home,Continental,1 channel,Pizza Naan at Home | Better Than Regular Pizza (On Tawa),https://www.youtube.com/watch?v=p4FGxmM1jQM,-,-
Pizza Omelette Breakfast & Sehri Recipe,Continental,1 channel,-,-,Pizza Omelette Breakfast & Sehri Recipe by Food Fusion,https://www.youtube.com/watch?v=Dfllrn2gV7s
Pizza Paratha Recipe,Continental,1 channel,-,-,Pizza Paratha Recipe by Food Fusion,https://www.youtube.com/watch?v=I3Ne6XQ-drQ
Pizza Pasta Recipe,Continental,1 channel,-,-,Pizza Pasta Recipe by Food Fusion,https://www.youtube.com/watch?v=5mrdTFZMHyU
Pizza Puffs Recipe- Pizza Parcel Snacks for Rainy Day,Continental,1 channel,Pizza Puffs Recipe- Pizza Parcel Snacks for Rainy Day,https://www.youtube.com/watch?v=iUR4juCQAcw,-,-
Pizza Samosa Recipe by Food Fusion (Ramzan Special),Continental,1 channel,-,-,Pizza Samosa Recipe by Food Fusion (Ramzan Special),https://www.youtube.com/watch?v=T9FUZIEUKEI
Pizza Samosa 👉Make and Freeze Ramadan Special Recipe,Continental,1 channel,-,-,Pizza Samosa 👉Make and Freeze Ramadan Special Recipe by Food Fusion,https://www.youtube.com/watch?v=hHN3i1qsGqA
Pizza Sandwich Tray Bake Recipe,Continental,1 channel,-,-,Pizza Sandwich Tray Bake Recipe by Food Fusion,https://www.youtube.com/watch?v=_yGyuy55fOw
Pizza Sandwich without oven Recipe,Continental,1 channel,-,-,Pizza Sandwich without oven Recipe By Food Fusion,https://www.youtube.com/watch?v=_OK_DAW6qjA
Pizza Sauce Recipe,Continental,1 channel,-,-,Pizza Sauce Recipe By Food Fusion,https://www.youtube.com/watch?v=su3LV6UIewM
Pizza Without Oven Recipe,Continental,1 channel,-,-,Pizza Without Oven Recipe By Food Fusion,https://www.youtube.com/watch?v=yohIMERveHI
Pizzaratha Recipe By Food Fusion (Pizza + Paratha = Pizzaratha),Continental,1 channel,-,-,Pizzaratha Recipe By Food Fusion (Pizza + Paratha = Pizzaratha),https://www.youtube.com/watch?v=jCoK_3cmffY
Plum Sharbat Make & Store Recipe by Food Fusion (Summer Special),Indian/Pakistani,1 channel,-,-,Plum Sharbat Make & Store Recipe by Food Fusion (Summer Special),https://www.youtube.com/watch?v=ulxWcQT6e-Q
Pocket Shawarma,Arabic/Mediterranean,1 channel,Pocket Shawarma Homemade - No Oven Pita Bread Shawarma Pockets,https://www.youtube.com/watch?v=rubAV766bu4,-,-
Podina Dahi Baray,Indian/Pakistani,1 channel,-,-,Podina Dahi Baray - Iftar recipe idea by Food Fusion,https://www.youtube.com/watch?v=iWdx0tY3keo
Podina Imli Chutney,Indian/Pakistani,1 channel,Podina Imli Chutney | Roasted Green Chilies with Mint | Easy and Delicious Chutney Recipe,https://www.youtube.com/watch?v=n6S9miX_p7c,-,-
Podina Paratha Recipe,Indian/Pakistani,1 channel,-,-,Podina Paratha Recipe by Food Fusion,https://www.youtube.com/watch?v=xQaPOC5vQrU
Podina Qeema Samosa Ramazan Special Recipe,Indian/Pakistani,1 channel,-,-,Podina Qeema Samosa Ramazan Special Recipe By Food Fusion,https://www.youtube.com/watch?v=pABJOVMjZqQ
Podina Raan ( Mutton Leg)  Recipe By Food Fusion (Eid Special),Indian/Pakistani,1 channel,-,-,Podina Raan ( Mutton Leg)  Recipe By Food Fusion (Eid Special),https://www.youtube.com/watch?v=FdgyXDpes24
Polet au Tarragon Recipe,Indian/Pakistani,1 channel,-,-,Polet au Tarragon Recipe by Food Fusion,https://www.youtube.com/watch?v=9NWctQgTzXk
Poori,Indian/Pakistani,1 channel,Poori Recipe - Secret and Magical Halwa Puri wali Poorian,https://www.youtube.com/watch?v=jHY-dWsAFqQ,-,-
Poori Recipe || Soft Puffy and Round Puri Recipe || Easy Nashty wali Halwa Poori (Easy Tips),Indian/Pakistani,1 channel,Poori Recipe || Soft Puffy and Round Puri Recipe || Easy Nashty wali Halwa Poori (Easy Tips),https://www.youtube.com/watch?v=MhGpuHLHd2Q,-,-
Popcorn Chicken Recipe,Continental,1 channel,-,-,Popcorn Chicken Recipe By Food Fusion,https://www.youtube.com/watch?v=Tps-AMZVQi0
Poppy Seed Katmer,Indian/Pakistani,1 channel,-,-,Poppy Seed Katmer By Food Fusion,https://www.youtube.com/watch?v=uX2PjToug_E
POT BIRYANI COOKING,Indian/Pakistani,1 channel,POT BIRYANI COOKING | Traditional Matka Chicken Biryani Recipe | Biryani Cooking in Clay Pot,https://www.youtube.com/watch?v=f0dpN3gcmoA,-,-
Potato & Cheese Omelette Recipe,Continental,1 channel,-,-,Potato & Cheese Omelette Recipe By Food Fusion,https://www.youtube.com/watch?v=YhQyuLiZknM
Potato & Sausages Croquettes Recipes by Food Fusion (Ramadan Special Recipe),Indian/Pakistani,1 channel,-,-,Potato & Sausages Croquettes Recipes by Food Fusion (Ramadan Special Recipe),https://www.youtube.com/watch?v=Wi3GxZDPsKM
Potato Chatkhara Kabab/cutlets,Indian/Pakistani,1 channel,-,-,Potato Chatkhara Kabab/cutlets | Chatkhara Aloo Kabab Recipe by Food Fusion,https://www.youtube.com/watch?v=lEK1JhYgPKc
Potato Cheese Cakes Ramadan Special Recipe,Indian/Pakistani,1 channel,-,-,Potato Cheese Cakes Ramadan Special Recipe by Food Fusion,https://www.youtube.com/watch?v=wSCOTgLS_RE
Potato Cheese Sticks Recipe,Indian/Pakistani,1 channel,-,-,Potato Cheese Sticks Recipe By Food Fusion,https://www.youtube.com/watch?v=K-jEnSjwpA0
Potato Chicken Cheeseball Nest Recipe,Indian/Pakistani,1 channel,-,-,Potato Chicken Cheeseball Nest Recipe by Food Fusion,https://www.youtube.com/watch?v=t-yygGxRcsA
Potato Chips New Way || Crispy Potato Chips,Indian/Pakistani,1 channel,Potato Chips New Way || Crispy Potato Chips Recipe | Iftar Recipe 2021,https://www.youtube.com/watch?v=Ht9EFBZVjZw,-,-
Potato Chutney Bombs Recipe By Food Fusion (Ramzan special recipe),Indian/Pakistani,1 channel,-,-,Potato Chutney Bombs Recipe By Food Fusion (Ramzan special recipe),https://www.youtube.com/watch?v=1DMo9RC9QkU
Potato Crust Pizza Pie Recipe,Continental,1 channel,-,-,Potato Crust Pizza Pie Recipe By Food Fusion,https://www.youtube.com/watch?v=jgu4bVkjPH4
Potato Cutlets wtih chicken filling (Alu tikki)Recipe,Indian/Pakistani,1 channel,-,-,Potato Cutlets wtih chicken filling (Alu tikki)Recipe By Food Fusion,https://www.youtube.com/watch?v=URcRUEqoR9A
Potato Fingers Recipe,Indian/Pakistani,1 channel,-,-,Potato Fingers Recipe By Food Fusion,https://www.youtube.com/watch?v=dvSiroDKGg8
Potato Fried Croquette Toast,Indian/Pakistani,1 channel,-,-,Potato Fried Croquette Toast - Korean Street Food Recipe By Food Fusion,https://www.youtube.com/watch?v=pw2pRFKrTJs
Potato Mutton Chops recipe,Indian/Pakistani,1 channel,-,-,Potato Mutton Chops recipe by Food Fusion,https://www.youtube.com/watch?v=HaEwJdZoBuY
"Potato Omelette With Cheese, Pakistani Fusion style",Continental,1 channel,-,-,"Potato Omelette With Cheese, Pakistani Fusion style recipe - Food Fusion",https://www.youtube.com/watch?v=WmEkEzNJunI
Potato Puffs Recipe,Indian/Pakistani,1 channel,-,-,Potato Puffs Recipe By Food Fusion,https://www.youtube.com/watch?v=zttvI0MX22c
Potato Salad Recipe,Indian/Pakistani,1 channel,-,-,Potato Salad Recipe By Food Fusion,https://www.youtube.com/watch?v=ymMTm03MBQ4
Potato Samosa Rolls Recipe By Food Fusion (Ramzan Special),Indian/Pakistani,1 channel,-,-,Potato Samosa Rolls Recipe By Food Fusion (Ramzan Special),https://www.youtube.com/watch?v=FQUWJQmpjOk
Potato Smiley Recipe,Indian/Pakistani,1 channel,-,-,Potato Smiley Recipe By Food Fusion,https://www.youtube.com/watch?v=DGi9x_42kCo
Potato Spinach Patties/Cutlets With Sour Cream Dip  by Food Fusion (Ramzan Recipes),Indian/Pakistani,1 channel,-,-,Potato Spinach Patties/Cutlets With Sour Cream Dip  by Food Fusion (Ramzan Recipes),https://www.youtube.com/watch?v=9LfbcAWHNgM
Potato triangles Recipe,Indian/Pakistani,1 channel,-,-,Potato triangles Recipe By Food Fusion,https://www.youtube.com/watch?v=N6CtWYi3bfY
Potato wedges baked and fried recipe,Indian/Pakistani,1 channel,-,-,Potato wedges baked and fried recipe by food fusion,https://www.youtube.com/watch?v=cuOgfnUzzW8
Potli Samosa Chaat Ramzan Special Recipe,Indian/Pakistani,1 channel,-,-,Potli Samosa Chaat Ramzan Special Recipe By Food Fusion,https://www.youtube.com/watch?v=5zKJS54Frtc
Pound Cake French Toast Recipe,Continental,1 channel,-,-,Pound Cake French Toast Recipe by Food Fusion,https://www.youtube.com/watch?v=zTdjTzT-UgM
Pound Cake Recipe,Continental,1 channel,-,-,Pound Cake Recipe by Food Fusion,https://www.youtube.com/watch?v=paBX3byTpuw
Powerful Announcement Becomes The First to Shift to Himalayan Pink Salt,Indian/Pakistani,1 channel,-,-,Powerful Announcement - Food Fusion Becomes The First to Shift to Himalayan Pink Salt,https://www.youtube.com/watch?v=2byOsIm6mJc
Prawn Fried Rice Recipe,Chinese,1 channel,-,-,Prawn Fried Rice Recipe by Food Fusion,https://www.youtube.com/watch?v=fQOqj2S8Jfs
Prawn Karahi Challenge Completed ?  Zia Tabarak X,Indian/Pakistani,1 channel,-,-,Prawn Karahi Challenge Completed ?  Zia Tabarak X Food Fusion,https://www.youtube.com/watch?v=8emjQRHRaHo
Prawn Karahi Recipe By Food Fusion Challenge Completed Zia Tabarak Rashid Sea Food,Indian/Pakistani,1 channel,-,-,Prawn Karahi Recipe By Food Fusion Challenge Completed Zia Tabarak Rashid Sea Food,https://www.youtube.com/watch?v=dEgRM_VbtyI
Prawn Shashlik Recipe,Indian/Pakistani,1 channel,-,-,Prawn Shashlik Recipe by Food Fusion,https://www.youtube.com/watch?v=NsnsI2GOhEo
Pre Prepare Eid Snack Recipes By Food Fusion (Eid Special Recipes),Indian/Pakistani,1 channel,-,-,Pre Prepare Eid Snack Recipes By Food Fusion (Eid Special Recipes),https://www.youtube.com/watch?v=9xE2Fp6dkXQ
Pre Ramadan Preparation Air Fryer Friendly Recipes,Indian/Pakistani,1 channel,-,-,Pre Ramadan Preparation Air Fryer Friendly Recipes By Food Fusion,https://www.youtube.com/watch?v=rZGR0oadvSc
Pre Ramadan Preparation Kids friendly Iftar Recipes,Indian/Pakistani,1 channel,-,-,Pre Ramadan Preparation Kids friendly Iftar Recipes by Food Fusion,https://www.youtube.com/watch?v=J4JGhyg0G58
Pre Ramadan Preparation Recipes,Indian/Pakistani,1 channel,-,-,Pre Ramadan Preparation Recipes By Food Fusion,https://www.youtube.com/watch?v=LLcs28JrtL4
Pre Ramadan Preparation Sharbat Recipes,Indian/Pakistani,1 channel,-,-,Pre Ramadan Preparation Sharbat Recipes by Food Fusion,https://www.youtube.com/watch?v=zkhzhBFUIgA
Pre-Prep Ramadan Essentials Pack Make & Store Recipe,Indian/Pakistani,1 channel,-,-,Pre-Prep Ramadan Essentials Pack Make & Store Recipe by Food Fusion,https://www.youtube.com/watch?v=Hxy7ZwXKLfs
Prep-Ahead Breakfast Bread Pudding Ramzan Special Recipe,Indian/Pakistani,1 channel,-,-,Prep-Ahead Breakfast Bread Pudding Ramzan Special Recipe By Food Fusion,https://www.youtube.com/watch?v=h7Zav4Yz9wo
Pressure Cooker Pulao,Indian/Pakistani,1 channel,Pressure Cooker Pulao - Chatkhara Masalaydar Pulao in Pressure Cooker,https://www.youtube.com/watch?v=FhVkq82yzwg,-,-
Professional way to boil eggs,Indian/Pakistani,1 channel,Professional way to boil eggs,https://www.youtube.com/watch?v=KaIEY4x3imk,-,-
Professional way to clean tripe (Ojhri),Indian/Pakistani,1 channel,Professional way to clean tripe (Ojhri) - Ojri Saaf Karne Ka Tarika,https://www.youtube.com/watch?v=OLz6VgBw4BI,-,-
Professional White Chicken Karahi,Indian/Pakistani,1 channel,Professional White Chicken Karahi Recipe,https://www.youtube.com/watch?v=s2cAWu5_v64,-,-
Prophet Mohammed’s PBUH favorite drink Nabeez benefits with Sunna,Indian/Pakistani,1 channel,-,-,Prophet Mohammed’s PBUH favorite drink Nabeez benefits with Sunna Recipe - Food Fusion,https://www.youtube.com/watch?v=7a4L-xCKpIo
Protein Packed Creamy Chicken Salad in Mason Jar Recipe,Indian/Pakistani,1 channel,-,-,Protein Packed Creamy Chicken Salad in Mason Jar Recipe by Food Fusion,https://www.youtube.com/watch?v=XcSGy-fHNpI
Puff Pastry,Indian/Pakistani,1 channel,Puff Pastry Recipe - Step by Step Puffy Keema Patties,https://www.youtube.com/watch?v=bfZsTABkzeg,-,-
Puff Pastry Apple Donuts Recipe,Continental,1 channel,-,-,Puff Pastry Apple Donuts Recipe by Food Fusion,https://www.youtube.com/watch?v=dGsyrurwX0Q
Puff Pastry with ghee Recipe,Indian/Pakistani,1 channel,-,-,Puff Pastry with ghee Recipe By Food Fusion,https://www.youtube.com/watch?v=dnfz5DF0iyA
Pulao Recipes,Indian/Pakistani,1 channel,-,-,6 Delicious Pulao Recipes By Food Fusion,https://www.youtube.com/watch?v=sGuWwLTEYa8
Pull Apart Nutella Brioche Bread  👉 With and without oven 🍞 Recipe,Indian/Pakistani,1 channel,-,-,Pull Apart Nutella Brioche Bread  👉 With and without oven 🍞 Recipe by Food Fusion,https://www.youtube.com/watch?v=WAjeP7kYemQ
Pull Me Up Chocolate Lava Cake Recipe,Continental,1 channel,-,-,Pull Me Up Chocolate Lava Cake Recipe By Food Fusion,https://www.youtube.com/watch?v=IDK-A9IfNHU
Pull Me Up Ice Cream Cake Recipe By Food Fusion (Eid Special),Continental,1 channel,-,-,Pull Me Up Ice Cream Cake Recipe By Food Fusion (Eid Special),https://www.youtube.com/watch?v=YtjaFwwMYbM
Pull-Apart Pizza Balls Recipe,Continental,1 channel,-,-,Pull-Apart Pizza Balls Recipe by Food Fusion,https://www.youtube.com/watch?v=WpVYY9pi-5U
Pulled Achari Chicken Panini Sandwich Recipe,Continental,1 channel,-,-,Pulled Achari Chicken Panini Sandwich Recipe by Food Fusion,https://www.youtube.com/watch?v=25N6SHPSVlU
Pulled Chicken Burger with Coleslaw  Recipe,Continental,1 channel,-,-,Pulled Chicken Burger with Coleslaw  Recipe By Food Fusion,https://www.youtube.com/watch?v=Mo5xSb7u6XU
Pulled Chicken Club Sandwich Recipe,Continental,1 channel,-,-,Pulled Chicken Club Sandwich Recipe By Food Fusion,https://www.youtube.com/watch?v=THO1kHOofIA
Punjabi Aloo Chutney Samosa,Indian/Pakistani,1 channel,-,-,Punjabi Aloo Chutney Samosa - Make & Freeze Ramadan Special Recipe by Food Fusion,https://www.youtube.com/watch?v=cmnvSsHAVIs
Punjabi Aloo Samosa (Layered Punjabi Samosa) Ramadan Special Recipe,Indian/Pakistani,1 channel,-,-,Punjabi Aloo Samosa (Layered Punjabi Samosa) Ramadan Special Recipe By Food Fusion,https://www.youtube.com/watch?v=b1emQw1LyHk
Punjabi Mutton Chanay Recipe By Food Fusion (Eid Special),Indian/Pakistani,1 channel,-,-,Punjabi Mutton Chanay Recipe By Food Fusion (Eid Special),https://www.youtube.com/watch?v=39qgkQpky5Y
Puri Paratha with BBQ Chicken Boti Recipe,Indian/Pakistani,1 channel,-,-,Puri Paratha with BBQ Chicken Boti Recipe by Food Fusion,https://www.youtube.com/watch?v=61xieC_wWns
Puri/Paratha Desi Breakfast Recipes,Indian/Pakistani,1 channel,-,-,Puri/Paratha Desi Breakfast Recipes by Food Fusion,https://www.youtube.com/watch?v=K4Zo1EW_GdQ
Pyaz Ka Salan Recipe,Indian/Pakistani,1 channel,-,-,Pyaz Ka Salan Recipe By Food Fusion,https://www.youtube.com/watch?v=pcTd8GApcmk
Pyaz ki Kachori,Indian/Pakistani,1 channel,"Pyaz ki Kachori Recipe | Round, Puffy, Crispy Pyaz Kachori",https://www.youtube.com/watch?v=x1bVD53Wios,-,-
Pyaz Paratha with Besan Chutney Recipe,Indian/Pakistani,1 channel,-,-,Pyaz Paratha with Besan Chutney Recipe by Food Fusion,https://www.youtube.com/watch?v=ZWVS8AHGO1M
Pyaz Qeema Lifafa Paratha Recipe,Indian/Pakistani,1 channel,-,-,Pyaz Qeema Lifafa Paratha Recipe by Food Fusion,https://www.youtube.com/watch?v=goF0crZB2O4
Pyaz tamatar (Onion & Tomato) Chutney recipe,Indian/Pakistani,1 channel,-,-,Pyaz tamatar (Onion & Tomato) Chutney recipe by Food Fusion,https://www.youtube.com/watch?v=Emj0IkrZoH8
Qalandari Chicken Pulao Ramadan Special Recipe,Indian/Pakistani,1 channel,-,-,Qalandari Chicken Pulao Ramadan Special Recipe by Food Fusion,https://www.youtube.com/watch?v=WiPmAyr1GJo
Qalandri White Pulao,Indian/Pakistani,1 channel,Qalandri White Pulao - Degi Chicken Pulao Recipe,https://www.youtube.com/watch?v=qwOoUTrLryg,-,-
Qalaqand Kheer with Puri Recipe,Indian/Pakistani,1 channel,-,-,Qalaqand Kheer with Puri Recipe By Food Fusion,https://www.youtube.com/watch?v=K--FwG3glx4
Qalmi Tikka Kabab Recipe,Indian/Pakistani,1 channel,-,-,Qalmi Tikka Kabab Recipe by Food Fusion,https://www.youtube.com/watch?v=JtSog7Tfvx0
Qatayef (Atayef) Middle-eastern dessert recipe,Indian/Pakistani,1 channel,-,-,Qatayef (Atayef) Middle-eastern dessert recipe by Food Fusion,https://www.youtube.com/watch?v=HkZzENGK2fM
Qeema 4 ways,Indian/Pakistani,1 channel,-,-,Qeema 4 ways | Best Qeema Recipes by Food Fusion,https://www.youtube.com/watch?v=MkxYE7Sgyko
Qeema Bhare Karele Recipe,Indian/Pakistani,1 channel,-,-,Qeema Bhare Karele Recipe by Food Fusion,https://www.youtube.com/watch?v=ZwaujirKPzY
Qeema Bun Sandwich Ramadan Special Recipe,Continental,1 channel,-,-,Qeema Bun Sandwich Ramadan Special Recipe by Food Fusion,https://www.youtube.com/watch?v=NcJhdooRKbA
Qeema Burger,Continental,1 channel,Qeema Burger Recipe - Beef Patty Restaurant Style (GIVEAWAY),https://www.youtube.com/watch?v=3UIviwa7q9g,-,-
Qeema Chana Daal Fry with Triangle Paratha Recipe By Food Fusion (Sehri/Breakfast Special),Indian/Pakistani,1 channel,-,-,Qeema Chana Daal Fry with Triangle Paratha Recipe By Food Fusion (Sehri/Breakfast Special),https://www.youtube.com/watch?v=HVaVIiyMZnM
Qeema Chana Pulao Recipe,Indian/Pakistani,1 channel,-,-,Qeema Chana Pulao Recipe By Food Fusion,https://www.youtube.com/watch?v=WpVzyxrTiko
Qeema Chutney Samosa Ramadan Special Recipe,Indian/Pakistani,1 channel,-,-,Qeema Chutney Samosa Ramadan Special Recipe by Food Fusion,https://www.youtube.com/watch?v=zmucmNXSQGk
Qeema Kachori Recipe By Food Fusion (Ramzan Recipe),Indian/Pakistani,1 channel,-,-,Qeema Kachori Recipe By Food Fusion (Ramzan Recipe),https://www.youtube.com/watch?v=NJtTF6iJgbI
Qeema Karelay Recipe,Indian/Pakistani,1 channel,-,-,Qeema Karelay Recipe by food fusion,https://www.youtube.com/watch?v=C2p7idVXhE8
Qeema ki Chutney Recipe,Indian/Pakistani,1 channel,-,-,Qeema ki Chutney Recipe by Food Fusion,https://www.youtube.com/watch?v=TICUQENGD-I
Qeema Manchurian,Chinese,1 channel,-,-,Qeema Manchurian - Ramzan Special Recipe by Food Fusion,https://www.youtube.com/watch?v=nFVxfj0veRA
Qeema Masoor Biryani Recipe,Indian/Pakistani,1 channel,-,-,Qeema Masoor Biryani Recipe By Food Fusion,https://www.youtube.com/watch?v=CsCUbIqBU50
Qeema Methi Soya Recipe,Indian/Pakistani,1 channel,-,-,Qeema Methi Soya Recipe By Food Fusion,https://www.youtube.com/watch?v=He7yYwMKeaY
Qeema Naan,Indian/Pakistani,1 channel,Qeema Naan Recipe | Naan Recipe at Home,https://www.youtube.com/watch?v=fpP0lXPpMzc,-,-
Qeema Naan Recipe,Indian/Pakistani,1 channel,-,-,Qeema Naan Recipe By Food Fusion,https://www.youtube.com/watch?v=-0Y86v5my30
Qeema Pakora Recipe,Indian/Pakistani,1 channel,-,-,Qeema Pakora Recipe By Food Fusion,https://www.youtube.com/watch?v=V0ZsNquA8Lc
Qeema Patties recipe,Indian/Pakistani,1 channel,-,-,Qeema Patties recipe by Food Fusion,https://www.youtube.com/watch?v=lXdiVE44DIs
Qeema Pockets Recipe,Indian/Pakistani,1 channel,-,-,Qeema Pockets Recipe By Food Fusion,https://www.youtube.com/watch?v=LBS5ACcHOqo
Qeema Potato Cakes Ramadan Special Recipe,Indian/Pakistani,1 channel,-,-,Qeema Potato Cakes Ramadan Special Recipe By Food Fusion,https://www.youtube.com/watch?v=Lv8W6tIkCRA
Qeema Pulao made with Falak Rice (Purana Chawal) Recipe,Indian/Pakistani,1 channel,-,-,Qeema Pulao made with Falak Rice (Purana Chawal) Recipe by Food Fusion,https://www.youtube.com/watch?v=uPTvqZr_oy0
Qeema Samosa Recipe By Food Fusion (ramzan Special),Indian/Pakistani,1 channel,-,-,Qeema Samosa Recipe By Food Fusion (ramzan Special),https://www.youtube.com/watch?v=dsf3CM1okZw
Qeema Soya Matar Ramadan Special Recipe,Indian/Pakistani,1 channel,-,-,Qeema Soya Matar Ramadan Special Recipe by Food Fusion,https://www.youtube.com/watch?v=Fob2dyyAKpQ
Qeema Tikki Kabab Street Style,Indian/Pakistani,1 channel,Qeema Tikki Kabab Street Style - Thellay walay Keema Kabab,https://www.youtube.com/watch?v=h5C2UQVqUio,-,-
Qeema Veg Parcels Ramadan Special Recipe,Indian/Pakistani,1 channel,-,-,Qeema Veg Parcels Ramadan Special Recipe by Food Fusion,https://www.youtube.com/watch?v=CYxVzoGTQWk
Qissa Khawani Halwa from Peshawar,Indian/Pakistani,1 channel,Qissa Khawani Halwa from Peshawar,https://www.youtube.com/watch?v=J9_LYol6ATk,-,-
Qissa Khawani Kheer,Indian/Pakistani,1 channel,-,-,Qissa Khawani Kheer - Eid Special Recipe by Food Fusion,https://www.youtube.com/watch?v=fKZE2_2QmFg
Quetta Hotel Style Lacha Paratha,Indian/Pakistani,1 channel,Quetta Hotel Style Lacha Paratha - Ramzan Sehri Frozen Paratha,https://www.youtube.com/watch?v=0eH653yaxW8,-,-
Quick & Easy Aloo Recipes,Indian/Pakistani,1 channel,-,-,Quick & Easy Aloo Recipes | Daily Meal Ideas by Food Fusion,https://www.youtube.com/watch?v=RIqX_OKHoFo
Quick & Easy Egg Mayo Sandwich & Fluffernutter Sandwich Recipes,Continental,1 channel,-,-,Quick & Easy Egg Mayo Sandwich & Fluffernutter Sandwich Recipes by Food Fusion,https://www.youtube.com/watch?v=Q_NDewYm23g
Quick & Easy Rice Recipes,Indian/Pakistani,1 channel,-,-,Quick & Easy Rice Recipes by Food Fusion,https://www.youtube.com/watch?v=sW8BHwMnbHw
Quick & Easy Saltish Pizza,Continental,1 channel,-,-,Quick & Easy Saltish Pizza - Ramazan Special Recipe by Food Fusion,https://www.youtube.com/watch?v=COc-PUUpkB4
Quick & Easy Shortcut Shami Kabab Recipe,Indian/Pakistani,1 channel,-,-,Quick & Easy Shortcut Shami Kabab Recipe By Food Fusion,https://www.youtube.com/watch?v=EsS5wmXAMRA
Quick & Simple Vegetable Lasagna (Baked & Air Fried) Recipe By Food Fusion (Ramadan Special),Continental,1 channel,-,-,Quick & Simple Vegetable Lasagna (Baked & Air Fried) Recipe By Food Fusion (Ramadan Special),https://www.youtube.com/watch?v=dlYVspb8EEE
Quick & Tasty 4 Chana Chaat Ideas,Indian/Pakistani,1 channel,-,-,Quick & Tasty 4 Chana Chaat Ideas by Food Fusion,https://www.youtube.com/watch?v=4G8CHFy7itc
Quick and Easy Achari Masala Cooking Sauce Recipe,Indian/Pakistani,1 channel,-,-,Quick and Easy Achari Masala Cooking Sauce Recipe By Food Fusion,https://www.youtube.com/watch?v=S2fDwrWzEBc
Quick and Easy Bombay Biryani Cooking Sauce Recipe,Indian/Pakistani,1 channel,-,-,Quick and Easy Bombay Biryani Cooking Sauce Recipe By Food Fusion,https://www.youtube.com/watch?v=Ka6BJbZJCXc
Quick and Easy Chicken Sticks Ramadan Special Recipe,Indian/Pakistani,1 channel,-,-,Quick and Easy Chicken Sticks Ramadan Special Recipe by Food Fusion,https://www.youtube.com/watch?v=vBEfQ-xhS5M
Quick and Easy Evening snacks  Recipes,Indian/Pakistani,1 channel,-,-,Quick and Easy Evening snacks  Recipes by Food Fusion,https://www.youtube.com/watch?v=aJEM8Xxub1M
Quick and Easy Grilled Sandwich with Tikka Chunks Recipe,Continental,1 channel,-,-,Quick and Easy Grilled Sandwich with Tikka Chunks Recipe By Food Fusion,https://www.youtube.com/watch?v=DIyge4CQ_ts
Quick and easy  Hummus Recipe in Urdu and English,Arabic/Mediterranean,1 channel,-,-,Quick and easy  Hummus Recipe in Urdu and English By Food Fusion,https://www.youtube.com/watch?v=5yK4kNoeWbo
Quick and Easy Loaded Rice Recipe,Indian/Pakistani,1 channel,-,-,Quick and Easy Loaded Rice Recipe by Food Fusion,https://www.youtube.com/watch?v=sMXthGf6eC0
Quick and Easy Singaporean Rice Recipe (Urdu and English) Learn how to make it,Chinese,1 channel,-,-,Quick and Easy Singaporean Rice Recipe (Urdu and English) Learn how to make it by Food Fusion,https://www.youtube.com/watch?v=MyM2KB93L3A
Quick and easy Special Nihari Recipe By Food Fusion (Bakra Eid Special),Indian/Pakistani,1 channel,-,-,Quick and easy Special Nihari Recipe By Food Fusion (Bakra Eid Special),https://www.youtube.com/watch?v=5VsOYS5VwMA
Quick and Easy Tikka Daleem Recipe,Indian/Pakistani,1 channel,-,-,Quick and Easy Tikka Daleem Recipe By Food Fusion,https://www.youtube.com/watch?v=Ixz6uD4Ps1E
Quick Bread Snack Recipes,Indian/Pakistani,1 channel,-,-,Quick Bread Snack Recipes By Food Fusion,https://www.youtube.com/watch?v=zKYQ_ke_DhY
Quick Breakfast/sehri Recipes,Indian/Pakistani,1 channel,-,-,Quick Breakfast/sehri Recipes by Food Fusion,https://www.youtube.com/watch?v=JdHFkHg50oU
Quick D Samosa,Indian/Pakistani,1 channel,-,-,Quick D Samosa - Make & Freeze Ramadan Special Recipe by Food Fusion,https://www.youtube.com/watch?v=1g6CWKA2IDk
Quick Egg Salad Sandwich Recipe By Healthy,Continental,1 channel,-,-,Quick Egg Salad Sandwich Recipe By Healthy Food Fusion,https://www.youtube.com/watch?v=l9VrLA0jlC0
Quick Hakka Noodles,Chinese,1 channel,-,-,Quick Hakka Noodles - Lunchbox Recipe by Food Fusion,https://www.youtube.com/watch?v=Z1qIfwcnmC4
Quick Karachi Fry Kabab with Homemade Masala Recipe,Indian/Pakistani,1 channel,-,-,Quick Karachi Fry Kabab with Homemade Masala Recipe by Food Fusion,https://www.youtube.com/watch?v=t7sxdCfpiQM
Quick keema Recipe by Food Fusion (Ramzan Special),Indian/Pakistani,1 channel,-,-,Quick keema Recipe by Food Fusion (Ramzan Special),https://www.youtube.com/watch?v=hQJoUH1HkKc
Quick Kofta Khaowsuey/khaow suey Recipe By Food Fusion (Eid Special),Indian/Pakistani,1 channel,-,-,Quick Kofta Khaowsuey/khaow suey Recipe By Food Fusion (Eid Special),https://www.youtube.com/watch?v=hMP5E0b0iYE
Quick Kulfa Faluda,Indian/Pakistani,1 channel,-,-,Quick Kulfa Faluda - Bakra Eid Special Recipe by Food Fusion,https://www.youtube.com/watch?v=Z1tuGUJyuY4
Quick Masalaydar Chicken Pulao Recipe by Food Fusion (Ramzan Special Recipe),Indian/Pakistani,1 channel,-,-,Quick Masalaydar Chicken Pulao Recipe by Food Fusion (Ramzan Special Recipe),https://www.youtube.com/watch?v=T_3m0GXM-_c
Quick Mini Pizza Recipe,Continental,1 channel,-,-,Quick Mini Pizza Recipe By Food Fusion,https://www.youtube.com/watch?v=6cBCl9dIwmk
Quick Potato Nuggets Back to School,Indian/Pakistani,1 channel,-,-,Quick Potato Nuggets Back to School - Lunchbox Recipe by Food Fusion,https://www.youtube.com/watch?v=kqu111sZWDM
Quick Potato Recipes Recipe,Indian/Pakistani,1 channel,-,-,5 Amazing Quick Potato Recipes Recipe by Food Fusion,https://www.youtube.com/watch?v=auS412YhYYk
Quick Pressure Cooker Nihari Recipe,Indian/Pakistani,1 channel,-,-,Quick Pressure Cooker Nihari Recipe By Food Fusion,https://www.youtube.com/watch?v=O1znjmY8pyE
QUICK RECIPE! Cook Rice with Vegetables Easy and Simple,Indian/Pakistani,1 channel,QUICK RECIPE! Cook Rice with Vegetables Easy and Simple,https://www.youtube.com/watch?v=nYeVVlAZJMs,-,-
Quick recipes for Teens and Tweens,Indian/Pakistani,1 channel,-,-,Quick recipes for Teens and Tweens By Food Fusion,https://www.youtube.com/watch?v=tGvHm2n0x6w
Quick Shawarma Pita Melt (Back to School) Recipe,Arabic/Mediterranean,1 channel,-,-,Quick Shawarma Pita Melt (Back to School) Recipe by Food Fusion,https://www.youtube.com/watch?v=Z3euZAVgdKo
Quick Veg Dum Biryani Recipe By Food Fusion (Ramazan Special 2022),Indian/Pakistani,1 channel,-,-,Quick Veg Dum Biryani Recipe By Food Fusion (Ramazan Special 2022),https://www.youtube.com/watch?v=4jJ-clD19jE
Rabadi Sev Katori Recipe,Indian/Pakistani,1 channel,-,-,Rabadi Sev Katori Recipe by Food Fusion,https://www.youtube.com/watch?v=jR-TSs6uyJ8
Rabri Doodh Ramadan Special Recipe,Indian/Pakistani,1 channel,-,-,Rabri Doodh Ramadan Special Recipe by Food Fusion,https://www.youtube.com/watch?v=eSi-zTAbjAE
Rabri Falooda Recipe By Food Fusion (Summer Special),Indian/Pakistani,1 channel,-,-,Rabri Falooda Recipe By Food Fusion (Summer Special),https://www.youtube.com/watch?v=x5kkY2NmmJA
Rabri Kheer Recipe By Food Fusion (Bakra Eid Special),Indian/Pakistani,1 channel,-,-,Rabri Kheer Recipe By Food Fusion (Bakra Eid Special),https://www.youtube.com/watch?v=We3KSPTAZnc
Rabri Wala Gajar Halwa Recipe,Indian/Pakistani,1 channel,-,-,Rabri Wala Gajar Halwa Recipe By Food Fusion,https://www.youtube.com/watch?v=hxv1AlDoM2I
Ragda Chaat,Indian/Pakistani,1 channel,-,-,Ragda Chaat - Iftar special Recipe by Food Fusion,https://www.youtube.com/watch?v=6ALIRXXyHf8
Railway Mutton Curry Recipe,Indian/Pakistani,1 channel,-,-,Railway Mutton Curry Recipe By Food Fusion,https://www.youtube.com/watch?v=w421ghb1iFg
Rainbow Sandwich recipe,Continental,1 channel,-,-,Rainbow Sandwich recipe by Food Fusion,https://www.youtube.com/watch?v=yPJwgXNDrJs
Rainy Day Snacks 2022 Recipes,Indian/Pakistani,1 channel,-,-,Rainy Day Snacks 2022 Recipes by Food Fusion,https://www.youtube.com/watch?v=OWUk9xtRGhU
"Raita  5 ways, Recipe",Indian/Pakistani,1 channel,-,-,"Raita  5 ways, Recipe by Food Fusion",https://www.youtube.com/watch?v=4gcC5Bo98lg
Raita Recipes by Asad Memon,Indian/Pakistani,1 channel,-,-,6 Delicious Raita Recipes by Asad Memon-Food Fusion,https://www.youtube.com/watch?v=OiccHFIjHnk
Raita Recipes By Food Fusion (Ramazan Special Recipes),Indian/Pakistani,1 channel,-,-,5 Amazing Raita Recipes By Food Fusion (Ramazan Special Recipes),https://www.youtube.com/watch?v=qEnacu07vCY
Raita Restaurant Style (Zeera and Pudina),Indian/Pakistani,1 channel,Raita Restaurant Style (Zeera and Pudina),https://www.youtube.com/watch?v=kwDM-1nF3kM,-,-
Rajasthani Ghevar Recipe at Home,Indian/Pakistani,1 channel,Rajasthani Ghevar Recipe at Home | Similar to Lahori Pura,https://www.youtube.com/watch?v=sZvrwqYwsmM,-,-
Ramadan Prep Essentials Recipe,Indian/Pakistani,1 channel,-,-,Ramadan Prep Essentials Recipe by Food Fusion,https://www.youtube.com/watch?v=Xyy3cW8RXQY
Ramadan Special Fruit Custard Recipe,Indian/Pakistani,1 channel,-,-,Ramadan Special Fruit Custard Recipe by Food Fusion,https://www.youtube.com/watch?v=qVXQ5rzaNN8
Ramazan Mubarak From Team,Indian/Pakistani,1 channel,-,-,Ramazan Mubarak From Team Food Fusion,https://www.youtube.com/watch?v=p3uze44wlo0
Ramazan Mubarak to everyone,Indian/Pakistani,1 channel,-,-,Ramazan Mubarak to everyone,https://www.youtube.com/watch?v=3El1vhtQ190
Ramzan Fusion Challenge On Facebook By Shan Foods and,Indian/Pakistani,1 channel,-,-,Ramzan Fusion Challenge On Facebook By Shan Foods and Food Fusion,https://www.youtube.com/watch?v=foNL8BmTgyk
Ramzan Mubarak From,Non-Recipe/Vlog,1 channel,-,-,Ramzan Mubarak From Food Fusion,https://www.youtube.com/watch?v=7mUjZ86GuQE
Ramzan Mubarak To All,Non-Recipe/Vlog,1 channel,-,-,Ramzan Mubarak To All,https://www.youtube.com/watch?v=NJSgdWZwcbE
Ramzan Mubarak to all!!,Non-Recipe/Vlog,1 channel,-,-,Ramzan Mubarak to all!!,https://www.youtube.com/watch?v=pZzwLcERqEI
Ramzan Special Chaat Recipes,Indian/Pakistani,1 channel,-,-,Ramzan Special Chaat Recipes by Food Fusion,https://www.youtube.com/watch?v=40knuuAKvas
Ramzan Special Dahi Bara/Bhalla Recipes by Food Fusion (Iftar Ideas),Indian/Pakistani,1 channel,-,-,Ramzan Special Dahi Bara/Bhalla Recipes by Food Fusion (Iftar Ideas),https://www.youtube.com/watch?v=GT4oVugkeBA
Ramzan Special Qeema Recipes,Indian/Pakistani,1 channel,-,-,Ramzan Special Qeema Recipes By Food Fusion,https://www.youtube.com/watch?v=wSVgmdVSMGw
Ramzan Special Qeemay Walay Samosay,Indian/Pakistani,1 channel,Ramzan Special Qeemay Walay Samosay - Recipe for Life,https://www.youtube.com/watch?v=Wcy-1A8FlDs,-,-
Ramzan Special Snacks,Continental,1 channel,Ramzan Special Snacks Recipe - Chicken Pizza Cones Iftar Special,https://www.youtube.com/watch?v=lyIn8htmAgQ,-,-
Ranch Kabab Sizzler Ramadan Special Recipe,Indian/Pakistani,1 channel,-,-,Ranch Kabab Sizzler Ramadan Special Recipe by Food Fusion,https://www.youtube.com/watch?v=YKM-NHMIcbU
Ranch Pizza Mini Bites Recipe,Continental,1 channel,-,-,Ranch Pizza Mini Bites Recipe by Food Fusion,https://www.youtube.com/watch?v=V4SX2CZ3MDk
Ranch Pizza Recipe,Continental,1 channel,-,-,Ranch Pizza Recipe By Food Fusion,https://www.youtube.com/watch?v=b5UUNnaHc2E
Ranjha Gosht Homemade,Indian/Pakistani,1 channel,Ranjha Gosht Homemade Recipe - Viral Mutton Cooked in Newspaper,https://www.youtube.com/watch?v=9Xxr-ZjgxJ0,-,-
Raseela Chicken Yakhni Pulao Ramadan Special Recipe,Indian/Pakistani,1 channel,-,-,Raseela Chicken Yakhni Pulao Ramadan Special Recipe By Food Fusion,https://www.youtube.com/watch?v=y3MkAvviF-I
Rasmalai,Indian/Pakistani,1 channel,Rasmalai Recipe | Easy Step by Step Rasmalai Bnany Ka Tariqa | Kun Foods,https://www.youtube.com/watch?v=yJlDtq-iau4,-,-
Rasmalai 2 ways Recipes By Food Fusion ( Read description for tips),Indian/Pakistani,1 channel,-,-,Rasmalai 2 ways Recipes By Food Fusion ( Read description for tips),https://www.youtube.com/watch?v=3C27tqoIjww
Rasmalai Recipe,Indian/Pakistani,1 channel,-,-,Rasmalai Recipe By Food Fusion,https://www.youtube.com/watch?v=CyTN8fp8aTQ
Rasmalai recipe with milk powder,Indian/Pakistani,1 channel,-,-,Rasmalai recipe with milk powder By Food Fusion,https://www.youtube.com/watch?v=Def7oXvQhw0
Rava Maska Paratha Recipe,Indian/Pakistani,1 channel,-,-,Rava Maska Paratha Recipe By Food Fusion,https://www.youtube.com/watch?v=WSK81fKt_m4
Raw Mango (Keri) Recipes,Indian/Pakistani,1 channel,-,-,Raw Mango (Keri) Recipes | Summer Special by Food Fusion,https://www.youtube.com/watch?v=D2IC90JN-Io
Raw Mango Candy Recipe,Indian/Pakistani,1 channel,-,-,Raw Mango Candy Recipe by Food Fusion,https://www.youtube.com/watch?v=S_2FhQXfaQY
Raw Mango Squash Recipe By Food Fusion (Summer Special),Indian/Pakistani,1 channel,-,-,Raw Mango Squash Recipe By Food Fusion (Summer Special),https://www.youtube.com/watch?v=JXEQGQI2_fE
Raw Mango/Kari Cooler Recipe,Indian/Pakistani,1 channel,-,-,Raw Mango/Kari Cooler Recipe By Food Fusion,https://www.youtube.com/watch?v=tiGo2L1JJ_U
Ready For Hyderabad to Dadu,Indian/Pakistani,1 channel,-,-,Ready For Hyderabad to Dadu -  Flood Relief Campaign Update 3 - Food Fusion,https://www.youtube.com/watch?v=hvQtV9Aa3IM
Real Chapli Kabab,Indian/Pakistani,1 channel,Real Chapli Kabab Recipe - Peshawri Chapli Kabab,https://www.youtube.com/watch?v=vubMIoe5rIg,-,-
Real Chicken Koftay,Indian/Pakistani,1 channel,Real Chicken Koftay - Special Soft and Puffy Kofta Curry (make and store),https://www.youtube.com/watch?v=OJ_dBfmaYJQ,-,-
Real Crispy Aloo Tikki,Indian/Pakistani,1 channel,Real Crispy Aloo Tikki - Special Street Style Aloo Tikki,https://www.youtube.com/watch?v=5l9ywrDymc4,-,-
Real Kachay Gosht ki Biryani,Indian/Pakistani,1 channel,Real Kachay Gosht ki Biryani - No Fail Biryani Recipe for Lifetime,https://www.youtube.com/watch?v=h7tZtu7JOXM,-,-
Real Mutton Koftay,Indian/Pakistani,1 channel,Real Mutton Koftay - Special Original Koftay (make and store),https://www.youtube.com/watch?v=6lER9AITv-g,-,-
Real Shami Kabab,Indian/Pakistani,1 channel,Real Shami Kabab - Special Original Shami Kabab,https://www.youtube.com/watch?v=z0kJfblzQ9c,-,-
Recipe for Peace,Indian/Pakistani,1 channel,-,-,Recipe for Peace by Food Fusion,https://www.youtube.com/watch?v=xyJyRZWNmMM
Recipes in Sandwich Maker by Asad Memon,Continental,1 channel,-,-,3 Amazing Recipes in Sandwich Maker by Asad Memon - Food Fusion,https://www.youtube.com/watch?v=J3NgtdRkaBU
Recipes Inspired by Afghan Cuisine on,Indian/Pakistani,1 channel,-,-,Recipes Inspired by Afghan Cuisine on Food Fusion,https://www.youtube.com/watch?v=2vMFvEr6H0g
Recipes Inspired by Turkish Cuisine,Arabic/Mediterranean,1 channel,-,-,5 Amazing Recipes Inspired by Turkish Cuisine By Food Fusion,https://www.youtube.com/watch?v=Sc9MXV92zI8
Red Chicken Curry Recipe,Indian/Pakistani,1 channel,-,-,Red Chicken Curry Recipe By Food Fusion,https://www.youtube.com/watch?v=yZspzqtv4AQ
Red Pesto Pasta Recipe,Continental,1 channel,-,-,Red Pesto Pasta Recipe by Food Fusion,https://www.youtube.com/watch?v=c_o6kfSlxCg
Red Tawa Masala Fish Fry,Indian/Pakistani,1 channel,-,-,Red Tawa Masala Fish Fry | Tawa Spicy Fish Fry  Recipe by Food Fusion,https://www.youtube.com/watch?v=bZGogptbJP8
Red Velvet Cake Recipe,Continental,1 channel,-,-,Red Velvet Cake Recipe By Food Fusion,https://www.youtube.com/watch?v=7c6sj2Nx8R0
Red Velvet Ice cream Recipe by Food Fusion (Ramzan Special),Indian/Pakistani,1 channel,-,-,Red Velvet Ice cream Recipe by Food Fusion (Ramzan Special),https://www.youtube.com/watch?v=ExoefQ6SMgM
Red Velvet Marble Cake Recipe,Continental,1 channel,-,-,Red Velvet Marble Cake Recipe by Food Fusion,https://www.youtube.com/watch?v=N40k5klhuYc
Refreshing and healthy Falsa Juice,Indian/Pakistani,1 channel,-,-,Refreshing and healthy Falsa Juice Recipe - Food Fusion,https://www.youtube.com/watch?v=J26-PGXSWHo
Refreshing Fresh Strawberry Lemonade Recipe,Indian/Pakistani,1 channel,-,-,Refreshing Fresh Strawberry Lemonade Recipe by Food Fusion,https://www.youtube.com/watch?v=j9wUCzmmWD8
Refreshing Imli Aloo Bukhara Soda Recipe,Indian/Pakistani,1 channel,-,-,Refreshing Imli Aloo Bukhara Soda Recipe By Food Fusion,https://www.youtube.com/watch?v=-Y2qUSEHtJ4
Refreshing Lassi 4 Ways Recipes By Food Fusion (Ramzan Special Recipes),Indian/Pakistani,1 channel,-,-,Refreshing Lassi 4 Ways Recipes By Food Fusion (Ramzan Special Recipes),https://www.youtube.com/watch?v=44c0Iyt5Oo4
Refreshing Popsicle Punch Recipe,Indian/Pakistani,1 channel,-,-,Refreshing Popsicle Punch Recipe By Food Fusion,https://www.youtube.com/watch?v=rvqrztlYVz0
Refreshing Sabudana Drink,Indian/Pakistani,1 channel,-,-,Refreshing Sabudana Drink | Tapioca Drink Recipe by Food Fusion (Iftar Drink Ideas),https://www.youtube.com/watch?v=LobHk4dkYtU
Refreshing Sabzi Recipes,Indian/Pakistani,1 channel,-,-,Refreshing Sabzi Recipes By Food Fusion,https://www.youtube.com/watch?v=4aYltvPRscc
Refreshing Sattu Ka Sharbat Recipe By Food Fusion (Ramzan Special Recipe),Indian/Pakistani,1 channel,-,-,Refreshing Sattu Ka Sharbat Recipe By Food Fusion (Ramzan Special Recipe),https://www.youtube.com/watch?v=WY5mpWTvUIQ
Refreshing Saunf Ka Sharbat,Indian/Pakistani,1 channel,-,-,Refreshing Saunf Ka Sharbat - Summer Drink By Food Fusion (Ramzan Special),https://www.youtube.com/watch?v=1cFpPAxTV3M
Refreshing Summer Drinks Recipe,Indian/Pakistani,1 channel,-,-,Refreshing Summer Drinks Recipe By Food Fusion,https://www.youtube.com/watch?v=8GDU6izyKeU
Refreshing Summer Squash Recipes,Indian/Pakistani,1 channel,-,-,Refreshing Summer Squash Recipes By Food Fusion,https://www.youtube.com/watch?v=ImVcl82iGdQ
Remedy for Knee and Joint Pains,Indian/Pakistani,1 channel,Remedy for Knee and Joint Pains - Desi Power Booster for muscles,https://www.youtube.com/watch?v=xsFiR6fdcEk,-,-
Remove Smell from Blender,Indian/Pakistani,1 channel,Remove Smell from Blender - Garlic/Ginger Odor Remove from Blender - Kitchen Hack,https://www.youtube.com/watch?v=WeB5fuGA3_Y,-,-
Resha Kabab Fingers Ramadan Special Recipe,Indian/Pakistani,1 channel,-,-,Resha Kabab Fingers Ramadan Special Recipe by Food Fusion,https://www.youtube.com/watch?v=ItW3wdRd39A
Reshewala Haleem/Daleem (Easy and Magical),Indian/Pakistani,1 channel,Reshewala Haleem/Daleem (Easy and Magical),https://www.youtube.com/watch?v=vvBRNYqRYYw,-,-
Reshmi Chicken Paratha Roll Recipe By Food Fusion (Ramzan Special Recipe),Indian/Pakistani,1 channel,-,-,Reshmi Chicken Paratha Roll Recipe By Food Fusion (Ramzan Special Recipe),https://www.youtube.com/watch?v=hAGIfOGOlPs
Reshmi Chicken Recipe,Indian/Pakistani,1 channel,-,-,Reshmi Chicken Recipe By Food Fusion,https://www.youtube.com/watch?v=Yrmy3tdSIgI
Reshmi Dum Gosht Recipe,Indian/Pakistani,1 channel,-,-,Reshmi Dum Gosht Recipe by Food Fusion,https://www.youtube.com/watch?v=23v8IgKsO2g
Reshmi Shimla Mirch Qeema Recipe,Indian/Pakistani,1 channel,-,-,Reshmi Shimla Mirch Qeema Recipe by Food Fusion,https://www.youtube.com/watch?v=NB6PQl17JgA
Restaurant Club Sandwich,Continental,1 channel,Restaurant Club Sandwich Recipe - Grilled Chicken Jalapeño Sandwich,https://www.youtube.com/watch?v=bXkjaSWd2JQ,-,-
Restaurant Style Anda Chanay Recipe,Indian/Pakistani,1 channel,-,-,Restaurant Style Anda Chanay Recipe By Food Fusion - Travel Series 2019 Episode 3,https://www.youtube.com/watch?v=QjX7yA1SzGA
Restaurant Style Babar Pasta Ramadan Special Recipe,Continental,1 channel,-,-,Restaurant Style Babar Pasta Ramadan Special Recipe by Food Fusion,https://www.youtube.com/watch?v=HFGtwV94kig
Restaurant Style Beef Biryani Recipe,Indian/Pakistani,1 channel,-,-,Restaurant Style Beef Biryani Recipe By Food Fusion,https://www.youtube.com/watch?v=PpKB1wxFl24
Restaurant style Beef Chilli & Hot & Spicy Beef Recipes,Indian/Pakistani,1 channel,-,-,Restaurant style Beef Chilli & Hot & Spicy Beef Recipes By Food Fusion,https://www.youtube.com/watch?v=NXLNa1YnD0o
Restaurant Style Beef Gola Kabab Recipe,Indian/Pakistani,1 channel,-,-,Restaurant Style Beef Gola Kabab Recipe by Food Fusion,https://www.youtube.com/watch?v=_9BbA9vYhVc
Restaurant Style Biryani Recipe By Food Fusion (Eid Special),Indian/Pakistani,1 channel,-,-,Restaurant Style Biryani Recipe By Food Fusion (Eid Special),https://www.youtube.com/watch?v=uFa6urPkK4c
Restaurant Style Butter Chicken Bowl Recipe,Indian/Pakistani,1 channel,-,-,Restaurant Style Butter Chicken Bowl Recipe By Food Fusion,https://www.youtube.com/watch?v=EpfvTmgIYDE
Restaurant Style Cheese Handi Recipe,Indian/Pakistani,1 channel,-,-,Restaurant Style Cheese Handi Recipe by Food Fusion,https://www.youtube.com/watch?v=ts7LqjR3umk
Restaurant Style Chicken Behari Kabab Recipe,Indian/Pakistani,1 channel,-,-,Restaurant Style Chicken Behari Kabab Recipe By Food Fusion,https://www.youtube.com/watch?v=3EIfHW8XhF0
Restaurant Style Chicken Burra Ramadan Special Recipe,Indian/Pakistani,1 channel,-,-,Restaurant Style Chicken Burra Ramadan Special Recipe By Food Fusion,https://www.youtube.com/watch?v=4lubS3AWeQw
Restaurant style Chicken Fajita Omelette Ramadan Recipe,Continental,1 channel,-,-,Restaurant style Chicken Fajita Omelette Ramadan Recipe by Food Fusion,https://www.youtube.com/watch?v=p-cKOE8J1kc
Restaurant Style Chicken Fajita Rice Recipe,Indian/Pakistani,1 channel,-,-,Restaurant Style Chicken Fajita Rice Recipe by Food Fusion,https://www.youtube.com/watch?v=33o-wYEfmiw
Restaurant Style Chicken Fried Rice Recipe,Chinese,1 channel,-,-,Restaurant Style Chicken Fried Rice Recipe By Food Fusion,https://www.youtube.com/watch?v=WTUz9fOVpiI
Restaurant Style Chicken Kabab,Indian/Pakistani,1 channel,Restaurant Style Chicken Kabab Recipe - Juicy Seekh Kabab without Grill,https://www.youtube.com/watch?v=W9qNTzzIJR0,-,-
Restaurant Style Chicken Korma Recipe By Food Fusion (Eid Special Recipe),Indian/Pakistani,1 channel,-,-,Restaurant Style Chicken Korma Recipe By Food Fusion (Eid Special Recipe),https://www.youtube.com/watch?v=tnKuliy4Czk
Restaurant Style Chicken Mandi Recipe,Arabic/Mediterranean,1 channel,-,-,Restaurant Style Chicken Mandi Recipe by Food Fusion,https://www.youtube.com/watch?v=zVSGabEbDJ8
Restaurant Style Chicken Reshmi Handi Recipe,Indian/Pakistani,1 channel,-,-,Restaurant Style Chicken Reshmi Handi Recipe By Food Fusion,https://www.youtube.com/watch?v=lD8feXa1ixI
Restaurant Style Chicken Seekh Kabab with Chutney By Food Fusion (Eid Special Recipe),Indian/Pakistani,1 channel,-,-,Restaurant Style Chicken Seekh Kabab with Chutney By Food Fusion (Eid Special Recipe),https://www.youtube.com/watch?v=YwyMMw-x-iQ
Restaurant Style Chicken Shashlik with Gravy Recipe,Indian/Pakistani,1 channel,-,-,Restaurant Style Chicken Shashlik with Gravy Recipe by Food Fusion,https://www.youtube.com/watch?v=1UM1oGnLsZE
Restaurant Style Chicken White Biryani Recipe,Indian/Pakistani,1 channel,-,-,Restaurant Style Chicken White Biryani Recipe By Food Fusion,https://www.youtube.com/watch?v=-H7rwGVIAlY
Restaurant Style Chicken White Manchurian Recipe,Chinese,1 channel,-,-,Restaurant Style Chicken White Manchurian Recipe By Food Fusion,https://www.youtube.com/watch?v=80VgCTfjlns
Restaurant Style Chilli Chicken Recipe,Indian/Pakistani,1 channel,-,-,Restaurant Style Chilli Chicken Recipe By Food Fusion,https://www.youtube.com/watch?v=ExgarkRkVtA
Restaurant Style Club Sandwich Recipe,Continental,1 channel,-,-,Restaurant Style Club Sandwich Recipe by Food Fusion,https://www.youtube.com/watch?v=b6XexzWXid0
Restaurant Style Creamy Dijon Chicken Pasta Recipe,Continental,1 channel,-,-,Restaurant Style Creamy Dijon Chicken Pasta Recipe By Food Fusion,https://www.youtube.com/watch?v=0EBvhnyEaHE
Restaurant style Daal Makhni Recipe,Indian/Pakistani,1 channel,-,-,Restaurant style Daal Makhni Recipe By Food Fusion,https://www.youtube.com/watch?v=6oiFvxW9IQk
RESTAURANT STYLE DESSERT,Continental,1 channel,RESTAURANT STYLE DESSERT - Fail Proof Molten Lava Cake at Home - Everyone will love this dessert,https://www.youtube.com/watch?v=DBTAX8HnlMA,-,-
Restaurant Style Dragon Chicken Burger Recipe,Continental,1 channel,-,-,Restaurant Style Dragon Chicken Burger Recipe by Food Fusion,https://www.youtube.com/watch?v=oDP2OWLbeRs
Restaurant Style Dragon Chicken Recipe,Indian/Pakistani,1 channel,-,-,Restaurant Style Dragon Chicken Recipe By Food Fusion,https://www.youtube.com/watch?v=_-builgaU4g
Restaurant Style Garlic Chicken (with gravy) Recipe,Indian/Pakistani,1 channel,-,-,Restaurant Style Garlic Chicken (with gravy) Recipe by Food Fusion,https://www.youtube.com/watch?v=qCqffIYu5go
Restaurant style Hot & Sour Soup Recipe,Indian/Pakistani,1 channel,-,-,Restaurant style Hot & Sour Soup Recipe By Food Fusion,https://www.youtube.com/watch?v=UDy9fV2mcD4
Restaurant Style Hot and Sour White Soup Recipe,Indian/Pakistani,1 channel,-,-,Restaurant Style Hot and Sour White Soup Recipe By Food Fusion,https://www.youtube.com/watch?v=rsOCOXIQQE0
Restaurant Style Hummus & Chicken Bowl Recipe,Arabic/Mediterranean,1 channel,-,-,Restaurant Style Hummus & Chicken Bowl Recipe by Food Fusion,https://www.youtube.com/watch?v=1DMRPt93sU0
Restaurant Style Hummus 3 Different ways Ramadan Special Recipe,Arabic/Mediterranean,1 channel,-,-,Restaurant Style Hummus 3 Different ways Ramadan Special Recipe By Food Fusion,https://www.youtube.com/watch?v=momaUhKTxA4
Restaurant Style Malai Daal Makhni Recipe,Indian/Pakistani,1 channel,-,-,Restaurant Style Malai Daal Makhni Recipe By Food Fusion,https://www.youtube.com/watch?v=tGWnUbo2hoA
Restaurant style Masala Bhindi Recipe,Indian/Pakistani,1 channel,-,-,Restaurant style Masala Bhindi Recipe By Food Fusion,https://www.youtube.com/watch?v=3wGStqsfgs8
Restaurant Style Masala Fried Rice at Home ❗ Perfect For Dinner,Chinese,1 channel,Restaurant Style Masala Fried Rice at Home ❗ Perfect For Dinner,https://www.youtube.com/watch?v=bGjh-LtXHWs,-,-
Restaurant Style Methi Matar Malai Recipe,Indian/Pakistani,1 channel,-,-,Restaurant Style Methi Matar Malai Recipe By Food Fusion,https://www.youtube.com/watch?v=CdJ8XJynwzI
Restaurant Style Mughlai Mutton Handi By Food Fusion (Ramzan special),Indian/Pakistani,1 channel,-,-,Restaurant Style Mughlai Mutton Handi By Food Fusion (Ramzan special),https://www.youtube.com/watch?v=ontc2jqJLr8
Restaurant Style Mutton Steam Roast in Pressure Cooker,Indian/Pakistani,1 channel,Restaurant Style Mutton Steam Roast in Pressure Cooker - Soft and Tender Mutton Pieces,https://www.youtube.com/watch?v=ySBurP-gaHE,-,-
Restaurant Style Palak Gosht Recipe,Indian/Pakistani,1 channel,-,-,Restaurant Style Palak Gosht Recipe By Food Fusion,https://www.youtube.com/watch?v=JJ42Aq4UAGw
Restaurant Style Pasta at Home without Oven,Continental,1 channel,Restaurant Style Pasta at Home without Oven,https://www.youtube.com/watch?v=jukBD5WaeuU,-,-
Restaurant Style Reshmi Kabab Recipe By Food Fusion (Ramzan Special),Indian/Pakistani,1 channel,-,-,Restaurant Style Reshmi Kabab Recipe By Food Fusion (Ramzan Special),https://www.youtube.com/watch?v=RrHKvsYrCPs
Restaurant Style Sauces,Indian/Pakistani,1 channel,Restaurant Style Sauces Recipe | Perfect for Fast Food Burgers (Commercial),https://www.youtube.com/watch?v=nqZnV6-yctg,-,-
Restaurant Style Seekh Kabab,Indian/Pakistani,1 channel,Restaurant Style Seekh Kabab Recipe - Soft and Juicy Beef Qeema Kabab,https://www.youtube.com/watch?v=wVfxm4ASjpw,-,-
Restaurant style Seekh Kabab Recipe By Food Fusion (Ramzan Special),Indian/Pakistani,1 channel,-,-,Restaurant style Seekh Kabab Recipe By Food Fusion (Ramzan Special),https://www.youtube.com/watch?v=ov13Yr3MLCQ
Restaurant Style Singaporean Rice Recipe,Chinese,1 channel,-,-,Restaurant Style Singaporean Rice Recipe By Food Fusion,https://www.youtube.com/watch?v=J5Bamh4lWv0
Restaurant Style Soda 3 ways Recipe,Indian/Pakistani,1 channel,-,-,Restaurant Style Soda 3 ways Recipe By Food Fusion,https://www.youtube.com/watch?v=xFuGZ_ViO3k
Restaurant Style Soup Recipes,Indian/Pakistani,1 channel,-,-,Restaurant Style Soup Recipes By Food Fusion,https://www.youtube.com/watch?v=GtBIjWTTAks
Restaurant Style Spicy Finger Fish Fry Recipe,Indian/Pakistani,1 channel,-,-,Restaurant Style Spicy Finger Fish Fry Recipe by Food Fusion,https://www.youtube.com/watch?v=g7vFc9Jqbyw
Restaurant style Spicy Schezwan Chicken with Gravy Recipe,Chinese,1 channel,-,-,Restaurant style Spicy Schezwan Chicken with Gravy Recipe by Food Fusion,https://www.youtube.com/watch?v=DRlYK4D7BUw
Restaurant Style Tandoori Handi Recipe,Indian/Pakistani,1 channel,-,-,Restaurant Style Tandoori Handi Recipe by Food Fusion,https://www.youtube.com/watch?v=_sUvXhUlrYU
Restaurant Style Tarragon Chicken Recipe,Indian/Pakistani,1 channel,-,-,Restaurant Style Tarragon Chicken Recipe by Food Fusion,https://www.youtube.com/watch?v=5jYvWo-eUJI
Restaurant Style Tuscan Chicken with Fettuccine,Indian/Pakistani,1 channel,-,-,Restaurant Style Tuscan Chicken with Fettuccine By Food Fusion,https://www.youtube.com/watch?v=NqQH8W3CEcM
Restaurant Style Vegetable Handi Recipe,Indian/Pakistani,1 channel,-,-,Restaurant Style Vegetable Handi Recipe By Food Fusion,https://www.youtube.com/watch?v=vUtfIhyQaRs
Restaurant-Style Fried Rice,Chinese,1 channel,-,-,Restaurant-Style Fried Rice | Tips & Tricks by Asad Memon – Food Fusion,https://www.youtube.com/watch?v=pc1ZzHhPs7Y
Rice Kheer Recipe,Indian/Pakistani,1 channel,-,-,Rice Kheer Recipe by Food Fusion,https://www.youtube.com/watch?v=k6i2t2OPO-8
Rice Momos,Indian/Pakistani,1 channel,-,-,Rice Momos - Steamed Recipe By Food Fusion,https://www.youtube.com/watch?v=yHAEe8wc91U
Rice Paper Dumplings Recipe,Indian/Pakistani,1 channel,-,-,Rice Paper Dumplings Recipe by Food Fusion,https://www.youtube.com/watch?v=aoJ5rICFJxk
Rice Platter Ideas for Eid,Indian/Pakistani,1 channel,-,-,5 Amazing Rice Platter Ideas for Eid - By Food Fusion,https://www.youtube.com/watch?v=nlaWD67zVK4
Rickshaw Food Truck,Non-Recipe/Vlog,1 channel,Rickshaw Food Truck | Earning More Than A Franchise | WE MADE THIS RICKSHAW !!,https://www.youtube.com/watch?v=c0i_cUpa1RY,-,-
Ricotta Cheese Recipe,Indian/Pakistani,1 channel,-,-,Ricotta Cheese Recipe By Food Fusion,https://www.youtube.com/watch?v=LlTNWOmU2eY
Roadside Chicken Corn Soup Recipe,Chinese,1 channel,-,-,Roadside Chicken Corn Soup Recipe By Food Fusion,https://www.youtube.com/watch?v=UGGsQgJs0i0
Roast Chicken Creamy Tart Recipe,Indian/Pakistani,1 channel,-,-,Roast Chicken Creamy Tart Recipe by Food Fusion,https://www.youtube.com/watch?v=yQAzlbUl0r4
Roast Masala Chicken Recipe,Indian/Pakistani,1 channel,-,-,Roast Masala Chicken Recipe by Food Fusion,https://www.youtube.com/watch?v=LDfVleJC0gQ
Roasted Chicken Legs with Baby onion & Potatoes in Air fryer Recipe,Indian/Pakistani,1 channel,-,-,Roasted Chicken Legs with Baby onion & Potatoes in Air fryer Recipe by Food Fusion,https://www.youtube.com/watch?v=Sn6A0GxIK5I
Roasted Corn (Bhutta) with Masala || Street Style Challi at Home,Indian/Pakistani,1 channel,Roasted Corn (Bhutta) with Masala || Street Style Challi at Home,https://www.youtube.com/watch?v=6idlVSlmNc4,-,-
Roasted Milk Tea with Gurr,Indian/Pakistani,1 channel,-,-,Roasted Milk Tea with Gurr - Nathia Gali Special Recipe by Saima Asad -Food Fusion,https://www.youtube.com/watch?v=yTE9bSi73Ms
Roasted Pepper Creamy Sauce Pasta Recipe,Continental,1 channel,-,-,Roasted Pepper Creamy Sauce Pasta Recipe by food Fusion,https://www.youtube.com/watch?v=9HToc_WpcY0
Rocket Samosa with bread👉Make and Freeze Ramadan Special Recipe,Indian/Pakistani,1 channel,-,-,Rocket Samosa with bread👉Make and Freeze Ramadan Special Recipe by Food Fusion,https://www.youtube.com/watch?v=LlO0EdjfeaI
Roghni Naan (Baked and Air Fried) Recipe By Food Fusion (Ramzan Special Recipe),Indian/Pakistani,1 channel,-,-,Roghni Naan (Baked and Air Fried) Recipe By Food Fusion (Ramzan Special Recipe),https://www.youtube.com/watch?v=Vf4c7VzFtn0
Roghni Naan Bread Sandwich Recipe,Continental,1 channel,-,-,Roghni Naan Bread Sandwich Recipe by Food Fusion,https://www.youtube.com/watch?v=g7NuRCQ5PQs
Roghni Tikkiyan 4-Ways Recipe,Indian/Pakistani,1 channel,-,-,Roghni Tikkiyan 4-Ways Recipe By Food Fusion,https://www.youtube.com/watch?v=tlTs8FinzAk
Rohu Fish Fry Recipe,Indian/Pakistani,1 channel,-,-,Rohu Fish Fry Recipe By Food Fusion,https://www.youtube.com/watch?v=eKl_coOIOBs
Rolled Chicken Ramen Soup Recipe,Japanese,1 channel,-,-,Rolled Chicken Ramen Soup Recipe By Food Fusion,https://www.youtube.com/watch?v=w6qGyq0NeLU
Rolly Polly Seekh Kabab Ramzan Special Recipe,Indian/Pakistani,1 channel,-,-,Rolly Polly Seekh Kabab Ramzan Special Recipe by Food Fusion,https://www.youtube.com/watch?v=BrHSR-rRjaE
Rosh / Namkeen Gosht,Indian/Pakistani,1 channel,Rosh / Namkeen Gosht Recipe | Traditional KPK and Baluchistan,https://www.youtube.com/watch?v=chhbecy8OPc,-,-
Rosh in Pressure Cooker at Home,Indian/Pakistani,1 channel,Rosh in Pressure Cooker at Home - Quick and Magical Rosh Recipe,https://www.youtube.com/watch?v=wcs7_139aI0,-,-
Roti Triangles/Samosa Recipe,Indian/Pakistani,1 channel,-,-,Roti Triangles/Samosa Recipe by Food Fusion,https://www.youtube.com/watch?v=cB-T7GsA6uo
Royal Bahraini Halwa Ramadan Special  Recipe,Indian/Pakistani,1 channel,-,-,Royal Bahraini Halwa Ramadan Special  Recipe By Food Fusion,https://www.youtube.com/watch?v=aYdi2Ltwoc4
Royal Fruit Falooda Recipe By Food Fusion (Ramazan Special),Indian/Pakistani,1 channel,-,-,Royal Fruit Falooda Recipe By Food Fusion (Ramazan Special),https://www.youtube.com/watch?v=DgRRZQWzxoE
Royal Pista Badam Doodh Ramzan Special Recipe,Indian/Pakistani,1 channel,-,-,Royal Pista Badam Doodh Ramzan Special Recipe By Food Fusion,https://www.youtube.com/watch?v=XlGRPm97-_k
Rumali Roti Roll with Spicy Behari Chicken Recipe,Indian/Pakistani,1 channel,-,-,Rumali Roti Roll with Spicy Behari Chicken Recipe By Food Fusion,https://www.youtube.com/watch?v=BYv_DMg-dDM
"Rus Malai, Gulab Jamun, Gajar Ka halwa & Jalibi all desserts  in recipe video",Indian/Pakistani,1 channel,-,-,"Rus Malai, Gulab Jamun, Gajar Ka halwa & Jalibi all desserts  in recipe video By Food Fusion",https://www.youtube.com/watch?v=uJ6_qQN8yiI
Russian Fruit Salad Shadiyon Wala,Indian/Pakistani,1 channel,Russian Fruit Salad Shadiyon Wala,https://www.youtube.com/watch?v=xbpgb70hVTY,-,-
Russian Kabab,Indian/Pakistani,1 channel,-,-,Russian Kabab - Pre Ramadan Preparation Recipe By  Food Fusion,https://www.youtube.com/watch?v=Hqd4Q48NrgU
Russian Pirozkhi with Meat & Cheese Filling  Recipe,Indian/Pakistani,1 channel,-,-,Russian Pirozkhi with Meat & Cheese Filling  Recipe By Food Fusion,https://www.youtube.com/watch?v=Elwm5cshrOg
Russian Salad Recipe By Food Fusion (Ramadan special),Indian/Pakistani,1 channel,-,-,Russian Salad Recipe By Food Fusion (Ramadan special),https://www.youtube.com/watch?v=4Ro-cEm5EZE
Russian Salad Recipe || Easy Healthy Tasty Salad || Best for Parties,Indian/Pakistani,1 channel,Russian Salad Recipe || Easy Healthy Tasty Salad || Best for Parties,https://www.youtube.com/watch?v=iyaakW1ibLY,-,-
Saag Gosh Recipe ( Sindhi Style),Indian/Pakistani,1 channel,-,-,Saag Gosh Recipe ( Sindhi Style)  By Food Fusion,https://www.youtube.com/watch?v=UvNA-Rejl1A
Sab kuch hazam karay,Indian/Pakistani,1 channel,Sab kuch hazam karay | Easy Tea for fat burn and digestion,https://www.youtube.com/watch?v=DYXPqgAzkNQ,-,-
Sabudana/Sagudana Kabab Recipe,Indian/Pakistani,1 channel,-,-,Sabudana/Sagudana Kabab Recipe by Food Fusion,https://www.youtube.com/watch?v=rRjlIvt3ZFU
Sabut Masoor Daal,Indian/Pakistani,1 channel,-,-,Sabut Masoor Daal - Kolhapuri Akkha Masoor Recipe by Food Fusion,https://www.youtube.com/watch?v=G6cOPZ8yxwI
Sabzi Gosht Recipes,Indian/Pakistani,1 channel,-,-,5 Delicious Sabzi Gosht Recipes By Food Fusion,https://www.youtube.com/watch?v=Jkw7duXbd_A
Sabzi Pulao & Raita Recipe,Indian/Pakistani,1 channel,-,-,Sabzi Pulao & Raita Recipe by Food Fusion,https://www.youtube.com/watch?v=fL7FY_XMqcA
Sagudana Custard Kheer Recipe,Indian/Pakistani,1 channel,-,-,Sagudana Custard Kheer Recipe by Food Fusion,https://www.youtube.com/watch?v=LZfaHsJVlms
Sakhakot Beef Bong Raan Recipe By Food Fusion (Bakra Eid special),Indian/Pakistani,1 channel,-,-,Sakhakot Beef Bong Raan Recipe By Food Fusion (Bakra Eid special),https://www.youtube.com/watch?v=MTR3E1UVdX8
Salad Filled Buns 2 ways Eid Special Recipe,Indian/Pakistani,1 channel,-,-,Salad Filled Buns 2 ways Eid Special Recipe by Food Fusion,https://www.youtube.com/watch?v=e0T7CYZN3IM
Salan Masala,Indian/Pakistani,1 channel,Salan Masala Recipe | Commercial Curry Powder | Handi Masala by Kun Foods,https://www.youtube.com/watch?v=rqLBirRxDXs,-,-
Salt Baked Chicken,Indian/Pakistani,1 channel,-,-,Salt Baked Chicken - Middle Eastern Style  Recipe By Food Fusion,https://www.youtube.com/watch?v=ySCTHrX009k
Salt Roasted Corn (Makai) & Chickpeas (Chanay)  Recipe,Indian/Pakistani,1 channel,-,-,Salt Roasted Corn (Makai) & Chickpeas (Chanay)  Recipe By Food Fusion,https://www.youtube.com/watch?v=BR4MgnZySAA
Salted Caramel Brownie Trifle Recipe By Food Fusion (Eid Special),Continental,1 channel,-,-,Salted Caramel Brownie Trifle Recipe By Food Fusion (Eid Special),https://www.youtube.com/watch?v=XNFL7p8djr0
Samosa & Roll Chaat Tray Recipe By Food Fusion (Ramazan Special),Indian/Pakistani,1 channel,-,-,Samosa & Roll Chaat Tray Recipe By Food Fusion (Ramazan Special),https://www.youtube.com/watch?v=kLYMiRGyIvs
Samosa Cheese Bhel Recipe By Food Fusion (Ramzan Special),Indian/Pakistani,1 channel,-,-,Samosa Cheese Bhel Recipe By Food Fusion (Ramzan Special),https://www.youtube.com/watch?v=QXJZeBOPSGg
Samosa Roll with Creamy Chicken Filling,Indian/Pakistani,1 channel,-,-,Samosa Roll with Creamy Chicken Filling - Iftar Recipe Idea by Food Fusion,https://www.youtube.com/watch?v=tMU_zp9Fmm0
Samosa Roll with Creamy Custard Filling,Indian/Pakistani,1 channel,-,-,Samosa Roll with Creamy Custard Filling - Iftar Special Recipe by Food Fusion,https://www.youtube.com/watch?v=sLXSmg8wZqQ
Samosa Twisties Ramadan Special Recipe,Indian/Pakistani,1 channel,-,-,Samosa Twisties Ramadan Special Recipe By Food Fusion,https://www.youtube.com/watch?v=6p04L192FMM
San Sebastian Burnt Basque Cheesecake Recipe,Continental,1 channel,-,-,San Sebastian Burnt Basque Cheesecake Recipe by Food Fusion,https://www.youtube.com/watch?v=nAbG420qx5w
Sandal ka Sharbat Recipe By Food Fusion (Ramzan Special Make and Store Recipe),Indian/Pakistani,1 channel,-,-,Sandal ka Sharbat Recipe By Food Fusion (Ramzan Special Make and Store Recipe),https://www.youtube.com/watch?v=FtmX-0JUGbM
Sandwich Recipes,Continental,1 channel,-,-,10 Amazing Sandwich Recipes By Food Fusion,https://www.youtube.com/watch?v=Fq4T5ic0OQw
Sandwiches 8 Ways By Food Fusion (Ramazan Special),Indian/Pakistani,1 channel,-,-,Sandwiches 8 Ways By Food Fusion (Ramazan Special),https://www.youtube.com/watch?v=NiSzrcPaj0o
Sardai Recipe || Road Side Protein Drink || Qalandri Ghota,Indian/Pakistani,1 channel,Sardai Recipe || Road Side Protein Drink || Qalandri Ghota,https://www.youtube.com/watch?v=T8ymsEcMcXo,-,-
Sarson Ka Saag Recipe,Indian/Pakistani,1 channel,-,-,Sarson Ka Saag Recipe By Food Fusion,https://www.youtube.com/watch?v=XH2_pWrguvI
Sarson ka Saag te Aloo Paratha Recipe,Indian/Pakistani,1 channel,-,-,Sarson ka Saag te Aloo Paratha Recipe by Food Fusion,https://www.youtube.com/watch?v=r1h5hr7f0X4
Sarson Ke Saag ka Achar Recipe,Indian/Pakistani,1 channel,-,-,Sarson Ke Saag ka Achar Recipe by Food Fusion,https://www.youtube.com/watch?v=kbaX1APThvc
Satrangi Biryani Recipe By Food Fusion (Bakra Eid Special),Indian/Pakistani,1 channel,-,-,Satrangi Biryani Recipe By Food Fusion (Bakra Eid Special),https://www.youtube.com/watch?v=r1um51LgxW4
Sauces for Chicken and Beef Burgers || Honey Mustard and Jalapeño Sauce,Indian/Pakistani,1 channel,Sauces for Chicken and Beef Burgers || Honey Mustard and Jalapeño Sauce,https://www.youtube.com/watch?v=1VsOAGLymmM,-,-
Saucy Chicken Tikka Kabab Ramzan Special Recipe,Indian/Pakistani,1 channel,-,-,Saucy Chicken Tikka Kabab Ramzan Special Recipe By Food Fusion,https://www.youtube.com/watch?v=yDHB-kGaw9Q
Saucy Garlic Chicken Tenders,Indian/Pakistani,1 channel,-,-,Saucy Garlic Chicken Tenders - Ramadan Special Recipe by Food Fusion,https://www.youtube.com/watch?v=dmhh_PEc7D0
Saunf Ka Sharbat,Indian/Pakistani,1 channel,-,-,Saunf Ka Sharbat - Make and Store Recipe By Food Fusion (Summer Special Recipe),https://www.youtube.com/watch?v=6tuZMDqxI5I
Savour ka Pulao Recipe || Legendary Pulao,Indian/Pakistani,1 channel,Savour ka Pulao Recipe || Legendary Pulao,https://www.youtube.com/watch?v=ngeEXUQzybk,-,-
Sawaiyon ka Zarda Recipe,Indian/Pakistani,1 channel,-,-,Sawaiyon ka Zarda Recipe By Food Fusion,https://www.youtube.com/watch?v=yWzTwfhA2Vc
Schezwan Chicken & Corn Fried Rice Recipe,Chinese,1 channel,-,-,Schezwan Chicken & Corn Fried Rice Recipe by Food Fusion,https://www.youtube.com/watch?v=Jn5VmPsgr0g
Schezwan Chicken Recipe,Chinese,1 channel,-,-,Schezwan Chicken Recipe By Food Fusion,https://www.youtube.com/watch?v=3qzKL54xN_Y
Schezwan Chilli Cheese Sandwich Recipe,Chinese,1 channel,-,-,Schezwan Chilli Cheese Sandwich Recipe by Food Fusion,https://www.youtube.com/watch?v=TRPACH7WQPA
Schezwan Sauce Recipe,Chinese,1 channel,-,-,Schezwan Sauce Recipe By Food Fusion,https://www.youtube.com/watch?v=YTtktkLjEgA
Schezwan Soup Recipe,Chinese,1 channel,-,-,Schezwan Soup Recipe By Food Fusion,https://www.youtube.com/watch?v=UjHfA_DVkgE
Scissor Cut Noodle Soup Recipe,Chinese,1 channel,-,-,Scissor Cut Noodle Soup Recipe by Food Fusion,https://www.youtube.com/watch?v=FjVZc6UIwl0
Secret Commercial Chicken Recipe  (For Food Business),Indian/Pakistani,1 channel,Secret Commercial Chicken Recipe  (For Food Business),https://www.youtube.com/watch?v=itxVbAzDd5Y,-,-
Secret Fish Fry,Indian/Pakistani,1 channel,Secret Fish Fry Recipe | Better than any Restaurant in Lahore,https://www.youtube.com/watch?v=uPaoiPAr2m0,-,-
Secret Gajar & Mooli ka Pani wala Achar/Kanji Recipe,Indian/Pakistani,1 channel,-,-,Secret Gajar & Mooli ka Pani wala Achar/Kanji Recipe By Food Fusion,https://www.youtube.com/watch?v=_2HOUiQUFnI
Secret Pizza Commercial,Continental,1 channel,Secret Pizza Commercial Recipe | Pizza Recipe Restaurant Style | Kun Foods,https://www.youtube.com/watch?v=241pR6ZT-oQ,-,-
Secret Powder,Continental,1 channel,Secret Powder Recipe | Fried Chicken Secret Recipe KFC Style| KUN Foods,https://www.youtube.com/watch?v=q9AIfkGHFwI,-,-
SECRET Powder Coating,Continental,1 channel,SECRET Powder Coating | KFC Fried Chicken Coating Recipe | Kun Foods,https://www.youtube.com/watch?v=i7PEzplNHH4,-,-
SECRET SAJJI,Indian/Pakistani,1 channel,SECRET SAJJI RECIPE | AUTHENTIC COMMERCIAL FAMOUS RECIPE | *KUN FOODS*,https://www.youtube.com/watch?v=_pJkVPHfRvg,-,-
Secrets Revealed,Indian/Pakistani,1 channel,-,-,Secrets Revealed - Malai Gulab Jamun Recipe By Food Fusion,https://www.youtube.com/watch?v=MFT70gTTMSU
Seekh Cake without oven or special tools Recipe,Continental,1 channel,-,-,Seekh Cake without oven or special tools Recipe By Food Fusion,https://www.youtube.com/watch?v=WENuybJQx74
SEEKH KABAB / Original Beef Kebab Recipe (fail proof),Indian/Pakistani,1 channel,SEEKH KABAB / Original Beef Kebab Recipe (fail proof),https://www.youtube.com/watch?v=SmPGZXg9BcU,-,-
Seekh Kabab Curry Recipe,Indian/Pakistani,1 channel,-,-,Seekh Kabab Curry Recipe By Food Fusion,https://www.youtube.com/watch?v=Hu0gggLpeuU
Seekh Kabab Dum Biryani,Indian/Pakistani,1 channel,-,-,Seekh Kabab Dum Biryani - Eid Special Recipe by Food Fusion,https://www.youtube.com/watch?v=PjK7z_bhO6o
SEEKH KABAB FOR EID || Original Juicy and Soft Beef Kabab (Break Proof),Indian/Pakistani,1 channel,SEEKH KABAB FOR EID || Original Juicy and Soft Beef Kabab (Break Proof),https://www.youtube.com/watch?v=A0LK_OsGl1Y,-,-
Seekh Kabab Handi Masala Recipe,Indian/Pakistani,1 channel,-,-,Seekh Kabab Handi Masala Recipe By Food Fusion,https://www.youtube.com/watch?v=4RHqszlafNs
Seekh Kabab Makhni Karahi Recipe,Indian/Pakistani,1 channel,-,-,Seekh Kabab Makhni Karahi Recipe By Food Fusion,https://www.youtube.com/watch?v=XvTL0dBsIYU
Seekh Kabab Paratha Bites Recipe,Indian/Pakistani,1 channel,-,-,Seekh Kabab Paratha Bites Recipe By Food Fusion,https://www.youtube.com/watch?v=-Juru7jRZxA
Seekh Kabab Pizza Roll Recipe,Continental,1 channel,-,-,Seekh Kabab Pizza Roll Recipe By Food Fusion,https://www.youtube.com/watch?v=wBpKKsJxK5E
Seekh Kabab Stuffed Pizza (without oven) Recipe,Continental,1 channel,-,-,Seekh Kabab Stuffed Pizza (without oven) Recipe By Food Fusion,https://www.youtube.com/watch?v=zq4pgvlgEU4
SEEKH KABAB || Original Beef Reshmi Kabab (Melt in mouth),Indian/Pakistani,1 channel,SEEKH KABAB || Original Beef Reshmi Kabab (Melt in mouth),https://www.youtube.com/watch?v=Fosj_ymXcoI,-,-
Sehar o Iftar Menu Collection 5  By Food Fusion (Ramazan Recipes 2022),Indian/Pakistani,1 channel,-,-,Sehar o Iftar Menu Collection 5  By Food Fusion (Ramazan Recipes 2022),https://www.youtube.com/watch?v=Y_G6YAd6U-I
Sehar o Iftar Menu Collection 6  By Food Fusion (Ramazan Recipes 2022),Indian/Pakistani,1 channel,-,-,Sehar o Iftar Menu Collection 6  By Food Fusion (Ramazan Recipes 2022),https://www.youtube.com/watch?v=k_FPDaJZ4z4
Sehar o Iftar Menu Collection 7  By Food Fusion (Ramazan Recipes 2022),Indian/Pakistani,1 channel,-,-,Sehar o Iftar Menu Collection 7  By Food Fusion (Ramazan Recipes 2022),https://www.youtube.com/watch?v=dWO0yUOU2ro
Sehr-o-Iftar Menu 2023 Collection 1 By Food Fusion (Ramzan Special),Indian/Pakistani,1 channel,-,-,Sehr-o-Iftar Menu 2023 Collection 1 By Food Fusion (Ramzan Special),https://www.youtube.com/watch?v=C3ot5_8pKKs
Sehr-o-Iftar Menu Collection 1 By Food Fusion (Ramzan Special),Indian/Pakistani,1 channel,-,-,Sehr-o-Iftar Menu Collection 1 By Food Fusion (Ramzan Special),https://www.youtube.com/watch?v=Rq-BwAukakI
Sehr-o-Iftar Menu Collection 2 By Food Fusion (Ramzan Special),Indian/Pakistani,1 channel,-,-,Sehr-o-Iftar Menu Collection 2 By Food Fusion (Ramzan Special),https://www.youtube.com/watch?v=gR4cRFyN2Es
Sehr-o-Iftar Menu Collection 3 By Food Fusion (Ramzan Special),Indian/Pakistani,1 channel,-,-,Sehr-o-Iftar Menu Collection 3 By Food Fusion (Ramzan Special),https://www.youtube.com/watch?v=P6MJun-LRbE
Sehr-o-Iftar Menu Collection 4 By Food Fusion (Ramzan Special),Indian/Pakistani,1 channel,-,-,Sehr-o-Iftar Menu Collection 4 By Food Fusion (Ramzan Special),https://www.youtube.com/watch?v=-pjFe43iFXw
Sehri Curry Recipes Collection 3 By Food Fusion (2020),Indian/Pakistani,1 channel,-,-,Sehri Curry Recipes Collection 3 By Food Fusion (2020),https://www.youtube.com/watch?v=tsNHA0maU8A
Sehri Recipe Collection 1 Ramzan Special By Food Fusion (2020),Indian/Pakistani,1 channel,-,-,Sehri Recipe Collection 1 Ramzan Special By Food Fusion (2020),https://www.youtube.com/watch?v=vUpmzA4NuHE
Sehri Recipes Collection 2 (Qeema)By Food Fusion (2020),Indian/Pakistani,1 channel,-,-,Sehri Recipes Collection 2 (Qeema)By Food Fusion (2020),https://www.youtube.com/watch?v=YVHwVa_oaC8
Sehri Special Paper Paratha Recipe by Food Fusion (Ramzan Special),Indian/Pakistani,1 channel,-,-,Sehri Special Paper Paratha Recipe by Food Fusion (Ramzan Special),https://www.youtube.com/watch?v=hvDz7DwugYY
Sehri Special Smoothies 2 Ways Recipe By Food Fusion (Ramadan Special),Indian/Pakistani,1 channel,-,-,Sehri Special Smoothies 2 Ways Recipe By Food Fusion (Ramadan Special),https://www.youtube.com/watch?v=4Pn7AGhYq24
Sesame Chicken Pakora Recipe,Indian/Pakistani,1 channel,-,-,Sesame Chicken Pakora Recipe by Food Fusion,https://www.youtube.com/watch?v=DxLMXG2e2VI
Sesame Chicken Toast Recipe By Food Fusion (Ramzan Special Recipe),Indian/Pakistani,1 channel,-,-,Sesame Chicken Toast Recipe By Food Fusion (Ramzan Special Recipe),https://www.youtube.com/watch?v=CZhlW7FIzc8
Sesame Sohan Halwa Bites Recipe,Indian/Pakistani,1 channel,-,-,Sesame Sohan Halwa Bites Recipe By Food Fusion,https://www.youtube.com/watch?v=W2bBzurRmEk
Sevaiyan bites,Indian/Pakistani,1 channel,-,-,Sevaiyan bites Recipe - By Food Fusion,https://www.youtube.com/watch?v=4itbggG9rIU
Shab Daig Nihari Recipe,Indian/Pakistani,1 channel,-,-,Shab Daig Nihari Recipe By Food Fusion,https://www.youtube.com/watch?v=gRkoQ9XTDXg
Shab Daig Recipe,Indian/Pakistani,1 channel,-,-,Shab Daig Recipe By Food Fusion,https://www.youtube.com/watch?v=l8E-H2DiNBE
Shadi Wala Fry Chicken,Indian/Pakistani,1 channel,Shadi Wala Fry Chicken - Simple Crispy Fry Chicken Recipe,https://www.youtube.com/watch?v=TpepZdLbfMg,-,-
Shadiyo Wala Russian Salad Platter,Indian/Pakistani,1 channel,Shadiyo Wala Russian Salad Platter - Authentic Chana Chaat and Russian Salad,https://www.youtube.com/watch?v=iyUYclsTjdI,-,-
Shahana Shahi Tukray,Indian/Pakistani,1 channel,-,-,Shahana Shahi Tukray Recipe | Eid Special by Asad Memon | Food Fusion,https://www.youtube.com/watch?v=QiKd9VC6-Dc
Shahi Baingan Curry Recipe,Indian/Pakistani,1 channel,-,-,Shahi Baingan Curry Recipe By Food Fusion,https://www.youtube.com/watch?v=rizpyKwIFac
Shahi Chicken Yakhni Kofta Pulao Eid Special Recipe,Indian/Pakistani,1 channel,-,-,Shahi Chicken Yakhni Kofta Pulao Eid Special Recipe by Food Fusion,https://www.youtube.com/watch?v=2zOs5hI1JkE
Shahi Gajrela Recipe,Indian/Pakistani,1 channel,-,-,Shahi Gajrela Recipe By Food Fusion,https://www.youtube.com/watch?v=xKYjccoXSO0
SHAHI GOLA KABAB,Indian/Pakistani,1 channel,SHAHI GOLA KABAB,https://www.youtube.com/watch?v=lLTRtHjAuIE,-,-
Shahi Kachori Recipe,Indian/Pakistani,1 channel,-,-,Shahi Kachori Recipe By Food Fusion,https://www.youtube.com/watch?v=rB2-5VFCjGA
Shahi leg roast recipe by Food Fusion (Bakra Eid Special),Indian/Pakistani,1 channel,-,-,Shahi leg roast recipe by Food Fusion (Bakra Eid Special),https://www.youtube.com/watch?v=zLh_XU7Qerk
Shahi Makhmali Chicken Gravy Recipe,Indian/Pakistani,1 channel,-,-,Shahi Makhmali Chicken Gravy Recipe By Food Fusion,https://www.youtube.com/watch?v=8d5yQPx0Tgc
Shahi Malai Chicken Platter Recipe,Indian/Pakistani,1 channel,-,-,Shahi Malai Chicken Platter Recipe By Food Fusion,https://www.youtube.com/watch?v=r6X-C6wceiM
Shahi Malai Korma Recipe,Indian/Pakistani,1 channel,-,-,Shahi Malai Korma Recipe By Food Fusion,https://www.youtube.com/watch?v=NYzqnTahLmw
Shahi Mango Kulfa Ice Cream Recipe,Indian/Pakistani,1 channel,-,-,Shahi Mango Kulfa Ice Cream Recipe By Food Fusion,https://www.youtube.com/watch?v=Ks8FdkRkfYw
Shahi Meetha Mukhwas Recipe,Indian/Pakistani,1 channel,-,-,Shahi Meetha Mukhwas Recipe By Food Fusion,https://www.youtube.com/watch?v=1er3qfUwLe0
Shahi Mulaim Kabab Recipe,Indian/Pakistani,1 channel,-,-,Shahi Mulaim Kabab Recipe By Food Fusion,https://www.youtube.com/watch?v=airVtQdntP4
Shahi Mutton Korma Recipe By Food Fusion (Bakra Eid Special),Indian/Pakistani,1 channel,-,-,Shahi Mutton Korma Recipe By Food Fusion (Bakra Eid Special),https://www.youtube.com/watch?v=1F4H5eis76k
Shahi paneer Recipe By Food Fusion (Ramzan Special),Indian/Pakistani,1 channel,-,-,Shahi paneer Recipe By Food Fusion (Ramzan Special),https://www.youtube.com/watch?v=L7guZpMM-vE
Shahi Parcha Kabab Recipe,Indian/Pakistani,1 channel,-,-,Shahi Parcha Kabab Recipe by Food Fusion,https://www.youtube.com/watch?v=Mz8wJr0c5rI
Shahi Piyala Kashmiri Chai Recipe By Asad Memon,Indian/Pakistani,1 channel,-,-,Shahi Piyala Kashmiri Chai Recipe By Asad Memon-Food Fusion,https://www.youtube.com/watch?v=bP05rJ8utEc
Shahi Rabri Recipe By Food Fusion (Eid Special Recipe),Indian/Pakistani,1 channel,-,-,Shahi Rabri Recipe By Food Fusion (Eid Special Recipe),https://www.youtube.com/watch?v=QHoCStnUJj0
Shahi Tukra Lasagna Recipe By Food Fusion (Eid Special),Continental,1 channel,-,-,Shahi Tukra Lasagna Recipe By Food Fusion (Eid Special),https://www.youtube.com/watch?v=VF-c4yWv_Ys
Shahi Tukra Thaal,Indian/Pakistani,1 channel,-,-,Shahi Tukra Thaal - Eid Special Dessert Recipe by Food Fusion,https://www.youtube.com/watch?v=Xqgan0sROK0
Shahi Tukray Fries Recipe by Food Fusion (Ramzan Special Recipe),Indian/Pakistani,1 channel,-,-,Shahi Tukray Fries Recipe by Food Fusion (Ramzan Special Recipe),https://www.youtube.com/watch?v=MN0P0f3ciOQ
Shahi Tukray Recipe,Indian/Pakistani,1 channel,-,-,Shahi Tukray Recipe by Food Fusion,https://www.youtube.com/watch?v=S0N5GoRTs1U
Shahi Tukray Roll ups Recipe By Food Fusion (Ramzan Special Recipe),Indian/Pakistani,1 channel,-,-,Shahi Tukray Roll ups Recipe By Food Fusion (Ramzan Special Recipe),https://www.youtube.com/watch?v=yy4OOejfZQ0
Shahi White Biryani Recipe,Indian/Pakistani,1 channel,-,-,Shahi White Biryani Recipe By Food Fusion,https://www.youtube.com/watch?v=vEd0QbD5C3Q
Shahi White Chicken Karahi Recipe,Indian/Pakistani,1 channel,-,-,Shahi White Chicken Karahi Recipe By Food Fusion,https://www.youtube.com/watch?v=MvU_B6yGsz0
Shahi White Chicken Recipe,Indian/Pakistani,1 channel,-,-,Shahi White Chicken Recipe By Food Fusion,https://www.youtube.com/watch?v=liVj6yPsSI4
Shahi White Mutton Korma Recipe,Indian/Pakistani,1 channel,-,-,Shahi White Mutton Korma Recipe By Food Fusion,https://www.youtube.com/watch?v=AhxFGmlZH2w
Shahi Zarda Recipe,Indian/Pakistani,1 channel,-,-,Shahi Zarda Recipe By Food Fusion,https://www.youtube.com/watch?v=BmcQ6fX75AI
Shakar Para Recipe with Perfect Measurements || حلوائی جیسے شکر پارے || Shakarpara,Indian/Pakistani,1 channel,Shakar Para Recipe with Perfect Measurements || حلوائی جیسے شکر پارے || Shakarpara Recipe,https://www.youtube.com/watch?v=2GXIg5l9opY,-,-
Shakarkandi Chana Chaat Recipe,Indian/Pakistani,1 channel,-,-,Shakarkandi Chana Chaat Recipe By Food Fusion,https://www.youtube.com/watch?v=uOu7cPhI8SY
Shakarkandi Fries /Sweet Potato Fries and Chutney- Recipe By Asad Memon,Indian/Pakistani,1 channel,-,-,Shakarkandi Fries /Sweet Potato Fries and Chutney- Recipe By Asad Memon Food Fusion,https://www.youtube.com/watch?v=nfHWZFtVmMY
ShakarParay,Indian/Pakistani,1 channel,-,-,ShakarParay | Shakarpara Recipe By Food Fusion,https://www.youtube.com/watch?v=3ICBDT1hcL4
Shakarqandi Ki  Kheer Recipe,Indian/Pakistani,1 channel,-,-,Shakarqandi Ki  Kheer Recipe By Food Fusion,https://www.youtube.com/watch?v=dBDuMLHIzpI
Shakshuka Breakfast / sehri Recipe,Indian/Pakistani,1 channel,-,-,Shakshuka Breakfast / sehri Recipe By Food Fusion,https://www.youtube.com/watch?v=ztOk-CHrDdQ
Shaljam Ka Achar Recipe,Indian/Pakistani,1 channel,-,-,Shaljam Ka Achar Recipe By Food Fusion,https://www.youtube.com/watch?v=1z6mx4xDY-0
Shaljam ka Bharta Recipe,Indian/Pakistani,1 channel,-,-,Shaljam ka Bharta Recipe by Food Fusion,https://www.youtube.com/watch?v=W9R-83jB_ok
SHAMI KABAB,Indian/Pakistani,1 channel,SHAMI KABAB RECIPE - Very close to Savour Pulao Kabab,https://www.youtube.com/watch?v=V86UaE9V_9Y,-,-
Shami Kabab Recipe,Indian/Pakistani,1 channel,-,-,Shami Kabab Recipe By Food Fusion,https://www.youtube.com/watch?v=vhXMVKd1OGI
Shami Tikki Bun Kabab with Chatkhara Chutney Ramadan Special Recipe,Indian/Pakistani,1 channel,-,-,Shami Tikki Bun Kabab with Chatkhara Chutney Ramadan Special Recipe by Food Fusion,https://www.youtube.com/watch?v=JncjzQpksUI
Sharbat 3-ways Recipe,Indian/Pakistani,1 channel,-,-,Sharbat 3-ways Recipe By Food Fusion,https://www.youtube.com/watch?v=Gdg6BwvTVwE
Shawarma / Pita Bread without Oven at Home,Arabic/Mediterranean,1 channel,Shawarma / Pita Bread without Oven at Home,https://www.youtube.com/watch?v=4l7MD9QIcoo,-,-
Shawarma Bites Ramzan Special Recipe,Arabic/Mediterranean,1 channel,-,-,Shawarma Bites Ramzan Special Recipe By Food Fusion,https://www.youtube.com/watch?v=QiDc9qdxvIQ
Shawarma Rice Platter Recipe,Arabic/Mediterranean,1 channel,-,-,Shawarma Rice Platter Recipe By Food Fusion,https://www.youtube.com/watch?v=nmVb5krnMNM
Shawarma Salad Recipe,Arabic/Mediterranean,1 channel,-,-,Shawarma Salad Recipe By Food Fusion,https://www.youtube.com/watch?v=fyUzZzoZpk8
Shawarma Sandwich/ Creamy Pizza Sandwich,Arabic/Mediterranean,1 channel,Shawarma Sandwich/ Creamy Pizza Sandwich by Kun Foods,https://www.youtube.com/watch?v=Wblo-Ykcw9w,-,-
Shawarma Savory Crepes Recipe,Arabic/Mediterranean,1 channel,-,-,Shawarma Savory Crepes Recipe By Food Fusion,https://www.youtube.com/watch?v=JdknltWVd3s
Shawarma Spring Rolls,Arabic/Mediterranean,1 channel,-,-,Shawarma Spring Rolls - Make and Freeze Recipe By Food Fusion (Ramzan Iftar Special Recipe),https://www.youtube.com/watch?v=FV3UwChMb0U
Shawarma Tacos Recipe,Arabic/Mediterranean,1 channel,-,-,Shawarma Tacos Recipe by Food Fusion,https://www.youtube.com/watch?v=kKjhvIc-a58
Sheer Khurma (Vermicelli) Fried + Milk recipe,Indian/Pakistani,1 channel,-,-,Sheer Khurma (Vermicelli) Fried + Milk recipe by Food Fusion,https://www.youtube.com/watch?v=nF3ArDXK_gs
Sheer Khurma Recipe,Indian/Pakistani,1 channel,-,-,Sheer Khurma Recipe By Food Fusion,https://www.youtube.com/watch?v=7aTB0xqw9b8
Shepherd's pie Recipe By Food Fusion,Indian/Pakistani,1 channel,-,-,Shepherd's pie Recipe By Food Fusion Detailed,https://www.youtube.com/watch?v=gveENCkNRV0
Sheshu Pulao,Indian/Pakistani,1 channel,Sheshu Pulao Recipe - Degi Moist Rice Cooked in Meat Broth,https://www.youtube.com/watch?v=vLR_NO8Zyrw,-,-
Shimla Chicken,Indian/Pakistani,1 channel,Shimla Chicken Recipe - Chili Chicken Gravy,https://www.youtube.com/watch?v=vti2MORlvUQ,-,-
Shimla Mirch Qeema Recipe,Indian/Pakistani,1 channel,-,-,Shimla Mirch Qeema Recipe By Food Fusion,https://www.youtube.com/watch?v=PlkKVHtDgw8
Shinwari Bhunna Qeema,Indian/Pakistani,1 channel,Shinwari Bhunna Qeema,https://www.youtube.com/watch?v=RpuF3hFsYOc,-,-
Shinwari Chicken Karahi Recipe,Indian/Pakistani,1 channel,-,-,Shinwari Chicken Karahi Recipe By Food Fusion,https://www.youtube.com/watch?v=Co281bYiFP8
Shinwari Mutton Karahi Recipe by Asad Memon,Indian/Pakistani,1 channel,-,-,Shinwari Mutton Karahi Recipe by Asad Memon-Food Fusion,https://www.youtube.com/watch?v=TDE5LkGZMWA
Shinwari Mutton karahi Recipe By Food Fusion (Bakra Eid Special),Indian/Pakistani,1 channel,-,-,Shinwari Mutton karahi Recipe By Food Fusion (Bakra Eid Special),https://www.youtube.com/watch?v=KnXyjTRwt6c
Shinwari Qeema Karahi Ramzan Recipe,Indian/Pakistani,1 channel,-,-,Shinwari Qeema Karahi Ramzan Recipe By Food Fusion,https://www.youtube.com/watch?v=1iutI4zNLZ0
Shish Taouk Recipe,Indian/Pakistani,1 channel,-,-,Shish Taouk Recipe By Food Fusion,https://www.youtube.com/watch?v=TPjsOs07Gqk
Shish Tawook Wraps Recipe,Indian/Pakistani,1 channel,-,-,Shish Tawook Wraps Recipe By Food Fusion,https://www.youtube.com/watch?v=bsX3lI9e6uI
Shola Recipe,Indian/Pakistani,1 channel,-,-,Shola Recipe By Food Fusion,https://www.youtube.com/watch?v=_DgxscuoV3U
Shortbread Cookie Sandwich with Dulce De Leche  Recipe,Continental,1 channel,-,-,Shortbread Cookie Sandwich with Dulce De Leche  Recipe By Food Fusion,https://www.youtube.com/watch?v=zH4_TzKJz78
Shredded Butter Chicken Sandwich Recipe,Continental,1 channel,-,-,Shredded Butter Chicken Sandwich Recipe By Food Fusion,https://www.youtube.com/watch?v=6dwvFhaFdaQ
Shrimps 2 ways Recipes,Indian/Pakistani,1 channel,-,-,Shrimps 2 ways Recipes by food fusion,https://www.youtube.com/watch?v=4LzlMWww6j0
Shsss someone is coming to,Indian/Pakistani,1 channel,-,-,Shsss someone is coming to Food Fusion,https://www.youtube.com/watch?v=bPvULbNAgBE
Shutting Down Food Fusion Studios,Indian/Pakistani,1 channel,-,-,Shutting Down Food Fusion Studios,https://www.youtube.com/watch?v=DCOkSnfw7WY
Signature Cheese Sauce Recipe,Indian/Pakistani,1 channel,-,-,Signature Cheese Sauce Recipe By Food Fusion,https://www.youtube.com/watch?v=28Zf6caYqHU
Simple and Delicious Khandwiyon ka Salan,Indian/Pakistani,1 channel,Simple and Delicious Khandwiyon ka Salan - Tension- Free Dhokli Recipe,https://www.youtube.com/watch?v=ZxfeJb_Ny2Y,-,-
Simple Chicken Biryani,Indian/Pakistani,1 channel,Simple Chicken Biryani | Restaurant Style Special Biryani | Commercial Recipe / Kun Foods,https://www.youtube.com/watch?v=62LafwAIqVo,-,-
SIMPLE DUM BIRYANI RECIPE ft. Best Rice Brand for Biryani,Indian/Pakistani,1 channel,1KG SIMPLE DUM BIRYANI RECIPE ft. Best Rice Brand for Biryani,https://www.youtube.com/watch?v=F4rmdDyFYJ0,-,-
Simple Vegetable Pulao with Black Pepper,Indian/Pakistani,1 channel,Simple Vegetable Pulao with Black Pepper - Ramzan Special,https://www.youtube.com/watch?v=vs381q6MBDs,-,-
Simplest Biryani Recipe,Indian/Pakistani,1 channel,-,-,Simplest Biryani Recipe By Food Fusion,https://www.youtube.com/watch?v=GZm7cmKK1bk
Sindhi Beh Chaat (Lotus Root) Recipe,Indian/Pakistani,1 channel,-,-,Sindhi Beh Chaat (Lotus Root) Recipe By Food Fusion,https://www.youtube.com/watch?v=PIKHmkezL1I
Sindhi Beh Chop (Lotus Root) recipe,Indian/Pakistani,1 channel,-,-,Sindhi Beh Chop (Lotus Root) recipe By Food Fusion,https://www.youtube.com/watch?v=OvZEJ-7f0CU
Sindhi Biryani Recipe,Indian/Pakistani,1 channel,-,-,Sindhi Biryani Recipe By Food Fusion,https://www.youtube.com/watch?v=C7Je_4rdUlE
Sindhi Gur ki Kutti/Churi Recipe,Indian/Pakistani,1 channel,-,-,Sindhi Gur ki Kutti/Churi Recipe By Food Fusion,https://www.youtube.com/watch?v=TbyTPvYyWeE
Sindhi Khatta Beh Recipe,Indian/Pakistani,1 channel,-,-,Sindhi Khatta Beh Recipe by Food Fusion,https://www.youtube.com/watch?v=yKuQQ6klLdU
Sindhi Kheer Kharkon Recipe By Food Fusion (Eid Special Recipe),Indian/Pakistani,1 channel,-,-,Sindhi Kheer Kharkon Recipe By Food Fusion (Eid Special Recipe),https://www.youtube.com/watch?v=r0nFf_tD_xE
Sindhi Sanyal Machi Recipe,Indian/Pakistani,1 channel,-,-,Sindhi Sanyal Machi Recipe by Food Fusion,https://www.youtube.com/watch?v=jY0usKEkCd0
Sindhi Tahiri Recipe,Indian/Pakistani,1 channel,-,-,Sindhi Tahiri Recipe by Food Fusion,https://www.youtube.com/watch?v=BVgPdB1MgTI
Sindhi Tarial Wangan (Fried Brinjal) Recipe,Indian/Pakistani,1 channel,-,-,Sindhi Tarial Wangan (Fried Brinjal) Recipe by Food Fusion,https://www.youtube.com/watch?v=zXgrz5F6siE
Singaporean Rice Recipe By Asad Memon,Chinese,1 channel,-,-,Singaporean Rice Recipe By Asad Memon-Food Fusion,https://www.youtube.com/watch?v=TqiWMTCuRcI
Singaporean Spring Rolls Restaurant Style,Chinese,1 channel,Singaporean Spring Rolls Restaurant Style,https://www.youtube.com/watch?v=EREqHitRuZA,-,-
Siri Paye Recipe,Indian/Pakistani,1 channel,-,-,Siri Paye Recipe By Food Fusion,https://www.youtube.com/watch?v=2aV8Qkgf_ZY
Sirloin Sandwich Recipe,Continental,1 channel,-,-,Sirloin Sandwich Recipe By Food Fusion,https://www.youtube.com/watch?v=wn8Yo1OBAyg
Sizzling Chicken Manchurian,Chinese,1 channel,-,-,Sizzling Chicken Manchurian by Food Fusion,https://www.youtube.com/watch?v=sN230boxq4Y
Sizzling Chilli Oil Potatoes Recipe,Indian/Pakistani,1 channel,-,-,Sizzling Chilli Oil Potatoes Recipe by Food Fusion,https://www.youtube.com/watch?v=-eZC9-twliA
Sizzling Chocolate Brownie Recipe,Continental,1 channel,-,-,Sizzling Chocolate Brownie Recipe By Food Fusion,https://www.youtube.com/watch?v=nEN8BwK1uiw
Sizzling Dahi Boti,Indian/Pakistani,1 channel,-,-,Sizzling Dahi Boti - Ramadan Special Recipe by Food Fusion,https://www.youtube.com/watch?v=Ld7IrVJ2Wjg
Sizzling Fajita chicken at Newyork Coffee Review,Continental,1 channel,-,-,Sizzling Fajita chicken at Newyork Coffee - Food Fusion Review,https://www.youtube.com/watch?v=zED_SZqvvQE
Sizzling Grilled Chicken with Garlic Pepper Sauce Recipe,Indian/Pakistani,1 channel,-,-,Sizzling Grilled Chicken with Garlic Pepper Sauce Recipe by Food Fusion,https://www.youtube.com/watch?v=EcubEGEoSWo
Sizzling Gulab Jamun,Indian/Pakistani,1 channel,-,-,Sizzling Gulab Jamun -  Recipe by Food Fusion,https://www.youtube.com/watch?v=G4cqfCNsTfU
Slider/mini Buns Recipe,Indian/Pakistani,1 channel,-,-,Slider/mini Buns Recipe By Food Fusion,https://www.youtube.com/watch?v=MTBVJ70aCPg
Smell Free Kaleeji and Phiphra Masala Recipe (Lamb Liver and Lungs),Indian/Pakistani,1 channel,Smell Free Kaleeji and Phiphra Masala Recipe (Lamb Liver and Lungs),https://www.youtube.com/watch?v=wUN8wKySsbo,-,-
Smoked Beef Cheese Burger Recipe,Continental,1 channel,-,-,Smoked Beef Cheese Burger Recipe by Food Fusion,https://www.youtube.com/watch?v=jBtw9SKIT94
Smoked Chana Bhel Ramadan Special Recipe,Indian/Pakistani,1 channel,-,-,Smoked Chana Bhel Ramadan Special Recipe by Food Fusion,https://www.youtube.com/watch?v=sBX1rEnt5Yo
Smoked Creamy Chicken Pulao Recipe,Indian/Pakistani,1 channel,-,-,Smoked Creamy Chicken Pulao Recipe By Food Fusion,https://www.youtube.com/watch?v=opKAgz9Toig
Smoked Kabab & Rice Platter Recipe By Food Fusion (Bakra Eid Special),Indian/Pakistani,1 channel,-,-,Smoked Kabab & Rice Platter Recipe By Food Fusion (Bakra Eid Special),https://www.youtube.com/watch?v=lPNLRgNkZKk
Smoked Tandoori Tawa Keema Recipe,Indian/Pakistani,1 channel,-,-,Smoked Tandoori Tawa Keema Recipe By Food Fusion,https://www.youtube.com/watch?v=YHqIB7jrz1s
Smokey Chatpatta Qeema Casserole Recipe,Indian/Pakistani,1 channel,-,-,Smokey Chatpatta Qeema Casserole Recipe By Food Fusion,https://www.youtube.com/watch?v=9gZQHWPuCTs
Smokey Chicken Biryani Recipe,Indian/Pakistani,1 channel,-,-,Smokey Chicken Biryani Recipe by Food Fusion,https://www.youtube.com/watch?v=_NmDq_ZbrC0
Smokey Chicken Croquettes 👉Make and Freeze Recipe,Indian/Pakistani,1 channel,-,-,Smokey Chicken Croquettes 👉Make and Freeze Recipe By Food Fusion,https://www.youtube.com/watch?v=trwjuWgOgGc
Smokey Cholay🌶️👉 Breakfast/Sehri Recipe,Indian/Pakistani,1 channel,-,-,Smokey Cholay🌶️👉 Breakfast/Sehri Recipe by Food Fusion,https://www.youtube.com/watch?v=ty3Wg57qYq4
Smokey Dahi/yogurt Chicken kabab,Indian/Pakistani,1 channel,-,-,Smokey Dahi/yogurt Chicken kabab - Ramadan special Recipe by Food Fusion,https://www.youtube.com/watch?v=gXl9jOHXwuA
Smokey Gurr Sharbat Recipe,Indian/Pakistani,1 channel,-,-,Smokey Gurr Sharbat Recipe by Food Fusion,https://www.youtube.com/watch?v=he3VYt9Voi4
Smokey Keema Recipe,Indian/Pakistani,1 channel,-,-,Smokey Keema Recipe By Food Fusion,https://www.youtube.com/watch?v=e2_fQE80zqY
Smokey Malai Chicken in Air fryer,Indian/Pakistani,1 channel,-,-,Smokey Malai Chicken in Air fryer - Ramadan Special Recipe by Food Fusion,https://www.youtube.com/watch?v=ncHR1bCugs4
Smokey Mutton Recipe,Indian/Pakistani,1 channel,-,-,Smokey Mutton Recipe by Food Fusion,https://www.youtube.com/watch?v=8FXzQZvgZ7c
Smokey Seekh Kabab Biryani Ramadan Special Recipe,Indian/Pakistani,1 channel,-,-,Smokey Seekh Kabab Biryani Ramadan Special Recipe By Food Fusion,https://www.youtube.com/watch?v=WHQJcgPsbOM
Smokey Yogurt Kabab,Indian/Pakistani,1 channel,-,-,Smokey Yogurt Kabab | Dahi Walay Kebab Recipe By Food Fusion,https://www.youtube.com/watch?v=fMYxIKeHvt8
Smoky Beef Lasagna Recipe,Continental,1 channel,-,-,Smoky Beef Lasagna Recipe by Food Fusion,https://www.youtube.com/watch?v=nhKtZjU4QU0
Smoky Chicken Lasagna Without Oven Recipe By Food Fusion (Ramzan Special),Continental,1 channel,-,-,Smoky Chicken Lasagna Without Oven Recipe By Food Fusion (Ramzan Special),https://www.youtube.com/watch?v=__x5wQHXJSU
Smoky Double Mirch Qeema with Lifafa Paratha Recipe,Indian/Pakistani,1 channel,-,-,Smoky Double Mirch Qeema with Lifafa Paratha Recipe By Food Fusion,https://www.youtube.com/watch?v=EYW0twxisPs
Smoky Keema Biryani Recipe By Food Fusion (Bakra Eid Special),Indian/Pakistani,1 channel,-,-,Smoky Keema Biryani Recipe By Food Fusion (Bakra Eid Special),https://www.youtube.com/watch?v=ZANk1mpUOIY
Smoky Masala Drumsticks Recipe By Food Fusion (Ramazan Special),Indian/Pakistani,1 channel,-,-,Smoky Masala Drumsticks Recipe By Food Fusion (Ramazan Special),https://www.youtube.com/watch?v=ogEZt3mcz54
Smoky Tandoori Chicken Recipe,Indian/Pakistani,1 channel,-,-,Smoky Tandoori Chicken Recipe By Food Fusion,https://www.youtube.com/watch?v=--LP7lSUOJk
Smoky Yogurt Chicken Recipe By Food Fusion (Ramzan Special Recipe),Indian/Pakistani,1 channel,-,-,Smoky Yogurt Chicken Recipe By Food Fusion (Ramzan Special Recipe),https://www.youtube.com/watch?v=L7e9LCA0Wq0
Smoothies 2 ways Recipe,Indian/Pakistani,1 channel,-,-,Smoothies 2 ways Recipe By Food Fusion,https://www.youtube.com/watch?v=5cIujSVN7EA
Sobat (Painda) || Traditional Delicacy of Dera Ismail Khan,Indian/Pakistani,1 channel,Sobat (Painda) || Traditional Delicacy of Dera Ismail Khan,https://www.youtube.com/watch?v=mP6Az6bTOY4,-,-
Sofiyani (white) Biryani Recipe,Indian/Pakistani,1 channel,-,-,Sofiyani (white) Biryani Recipe By Food Fusion,https://www.youtube.com/watch?v=ZX3y9odsAcw
Soft & Fluffy Donuts Recipe,Continental,1 channel,-,-,Soft & Fluffy Donuts Recipe by Food Fusion,https://www.youtube.com/watch?v=0i86UpyST_E
Soft and Fluffy Coconut Buns Recipe,Indian/Pakistani,1 channel,-,-,Soft and Fluffy Coconut Buns Recipe by Food Fusion,https://www.youtube.com/watch?v=4Kz9aoTDnHc
Soft Bread in Pan (Without Oven) Recipe,Indian/Pakistani,1 channel,-,-,Soft Bread in Pan (Without Oven) Recipe by Food Fusion,https://www.youtube.com/watch?v=gOQiGPH5aWY
Soft French Toast & Vanilla Cream Sauce Recipe With Sarwat Gillani,Indian/Pakistani,1 channel,-,-,Soft French Toast & Vanilla Cream Sauce Recipe With Sarwat Gillani | Food Fusion,https://www.youtube.com/watch?v=zKKWPBe7B2c
Sohan e Qom (Persian Saffron Brittle) Recipe,Indian/Pakistani,1 channel,-,-,Sohan e Qom (Persian Saffron Brittle) Recipe By Food Fusion,https://www.youtube.com/watch?v=_-64_OH6Fzg
Sooji & Anday ka Chilla Recipe By Food Fusion (Ramadan Special),Indian/Pakistani,1 channel,-,-,Sooji & Anday ka Chilla Recipe By Food Fusion (Ramadan Special),https://www.youtube.com/watch?v=YohKkg-qMic
Sooji Besan Halwa Recipe,Indian/Pakistani,1 channel,-,-,Sooji Besan Halwa Recipe By Food Fusion,https://www.youtube.com/watch?v=j5Q1D_u7i90
Sooji Halwa Cups Surprise Recipe  By Food Fusion (Eid Special Recipe),Indian/Pakistani,1 channel,-,-,Sooji Halwa Cups Surprise Recipe  By Food Fusion (Eid Special Recipe),https://www.youtube.com/watch?v=K4ODu3WupP8
Sooji Halwa Recipes,Indian/Pakistani,1 channel,-,-,4 Delicious Sooji Halwa Recipes by Food Fusion,https://www.youtube.com/watch?v=yfZy_lmkTzU
Sooji ka tukri/karak halwa Recipe,Indian/Pakistani,1 channel,-,-,Sooji ka tukri/karak halwa Recipe By Food Fusion,https://www.youtube.com/watch?v=7eJDGvF68-s
Sooji Ki Barfi Recipe,Indian/Pakistani,1 channel,-,-,Sooji Ki Barfi Recipe By Food Fusion,https://www.youtube.com/watch?v=4rpRlo9OS-g
Sooji Roat Recipe,Indian/Pakistani,1 channel,-,-,Sooji Roat Recipe by Food Fusion,https://www.youtube.com/watch?v=V8EpsUmTnDk
Sooji Tahini Halwa Recipe,Indian/Pakistani,1 channel,-,-,Sooji Tahini Halwa Recipe By Food Fusion,https://www.youtube.com/watch?v=V12SHqPtURU
Sooji Veg Pancakes Recipe,Indian/Pakistani,1 channel,-,-,Sooji Veg Pancakes Recipe by Food Fusion,https://www.youtube.com/watch?v=RZB7nPSheGc
Soufflé Brownie Recipe,Continental,1 channel,-,-,Soufflé Brownie Recipe by Food Fusion,https://www.youtube.com/watch?v=BvzE31xaOaY
Soupy Dumplings Recipe,Indian/Pakistani,1 channel,-,-,Soupy Dumplings Recipe By Food Fusion,https://www.youtube.com/watch?v=SJbBe2kNWIY
Southern Fried Chicken Recipe,Indian/Pakistani,1 channel,-,-,Southern Fried Chicken Recipe By Food Fusion,https://www.youtube.com/watch?v=GROE3xH2yuE
Southern Style Baked Macaroni & Cheese Recipe,Continental,1 channel,-,-,Southern Style Baked Macaroni & Cheese Recipe By Food Fusion,https://www.youtube.com/watch?v=jENjWNk58_c
Spaghetti Aglio Olio With Grilled Chicken Recipe,Continental,1 channel,-,-,Spaghetti Aglio Olio With Grilled Chicken Recipe By Food Fusion,https://www.youtube.com/watch?v=usFyF1HOGQI
Spaghetti and Meatballs Recipe,Continental,1 channel,-,-,Spaghetti and Meatballs Recipe by Food Fusion,https://www.youtube.com/watch?v=sHVFVQ1zOqI
Spaghetti Recipes,Continental,1 channel,-,-,4 Amazing Spaghetti Recipes By Food Fusion,https://www.youtube.com/watch?v=yscvNu9rxXg
Spaghetti with Tomato Cream Sauce Recipe,Continental,1 channel,-,-,Spaghetti with Tomato Cream Sauce Recipe By Food Fusion,https://www.youtube.com/watch?v=QjJFcvZjvHg
Sparkling Grapefruit & Maple Mocktail Recipe,Indian/Pakistani,1 channel,-,-,Sparkling Grapefruit & Maple Mocktail Recipe By Food Fusion,https://www.youtube.com/watch?v=uhyNDLEAGMA
Special BBQ Chicken Biryani,Indian/Pakistani,1 channel,Special BBQ Chicken Biryani Recipe,https://www.youtube.com/watch?v=AsilxXC9LcQ,-,-
Special BBQ Chicken Biryani Recipe,Indian/Pakistani,1 channel,-,-,Special BBQ Chicken Biryani Recipe By Food Fusion,https://www.youtube.com/watch?v=oQds-YzOyFg
Special Beef Bong Paye,Indian/Pakistani,1 channel,-,-,Special Beef Bong Paye - Bakra Eid Special Recipe by Food Fusion,https://www.youtube.com/watch?v=VDMLnqbvvSc
Special Beef Burger with Signature Mustard Sauce Recipe By Food Fusion (Bakra Eid Special),Continental,1 channel,-,-,Special Beef Burger with Signature Mustard Sauce Recipe By Food Fusion (Bakra Eid Special),https://www.youtube.com/watch?v=uEzBR5NL4XA
Special Bun kabab Karachi Style By Food Fusion ( Ramzan Special),Indian/Pakistani,1 channel,-,-,Special Bun kabab Karachi Style By Food Fusion ( Ramzan Special),https://www.youtube.com/watch?v=TuEY0NZBspo
Special Chana Chaat with Potato Chops Recipe By Food Fusion (Ramazan Special Recipe),Indian/Pakistani,1 channel,-,-,Special Chana Chaat with Potato Chops Recipe By Food Fusion (Ramazan Special Recipe),https://www.youtube.com/watch?v=kzAeKjGy1Co
Special Chapli Kofta Pulao Recipe,Indian/Pakistani,1 channel,-,-,Special Chapli Kofta Pulao Recipe By Food Fusion,https://www.youtube.com/watch?v=9teZjjlLY-w
Special Chatkhara Biryani Recipe by Asad Memon,Indian/Pakistani,1 channel,-,-,Special Chatkhara Biryani Recipe by Asad Memon-Food Fusion,https://www.youtube.com/watch?v=G8kzjhoiJl8
Special Chicken Shawarma with sauces Recipe at Home,Arabic/Mediterranean,1 channel,Special Chicken Shawarma with sauces Recipe at Home,https://www.youtube.com/watch?v=rd_56ytV5TI,-,-
Special Chicken White Karahi Recipe,Indian/Pakistani,1 channel,-,-,Special Chicken White Karahi Recipe by Food Fusion,https://www.youtube.com/watch?v=PJ_A6xxm-EY
Special Chilli Chips Chaat Recipe By Food Fusion (Iftar Ideas 2022),Indian/Pakistani,1 channel,-,-,Special Chilli Chips Chaat Recipe By Food Fusion (Iftar Ideas 2022),https://www.youtube.com/watch?v=HhuvnhsRxVg
Special Chutney Pulao Recipe By Food Fusion (Eid Special Recipe),Indian/Pakistani,1 channel,-,-,Special Chutney Pulao Recipe By Food Fusion (Eid Special Recipe),https://www.youtube.com/watch?v=_Lax7z2jJDA
Special Cream Fruit Chaat Ramadan Special Recipe,Indian/Pakistani,1 channel,-,-,Special Cream Fruit Chaat Ramadan Special Recipe by Food Fusion,https://www.youtube.com/watch?v=1ggycx9NQzM
Special Crispy Broast Recipe By Food Fusion (Ramzan Special),Indian/Pakistani,1 channel,-,-,Special Crispy Broast Recipe By Food Fusion (Ramzan Special),https://www.youtube.com/watch?v=89IgIHkMhPU
Special Custard Trifle Recipe By Food Fusion (Ramadan Special Recipe),Indian/Pakistani,1 channel,-,-,Special Custard Trifle Recipe By Food Fusion (Ramadan Special Recipe),https://www.youtube.com/watch?v=RtQAcQ-QUzw
Special Daal with Achari Mirch Tadka Recipe,Indian/Pakistani,1 channel,-,-,Special Daal with Achari Mirch Tadka Recipe by Food Fusion,https://www.youtube.com/watch?v=TkTTTZksXd4
Special dahi chana chaat & chana storage method By Food Fusion  (Ramzan Special Recipe),Indian/Pakistani,1 channel,-,-,Special dahi chana chaat & chana storage method By Food Fusion  (Ramzan Special Recipe),https://www.youtube.com/watch?v=KV3Nt3iAoY0
Special Dahi Gosht Ramadan Special Recipe,Indian/Pakistani,1 channel,-,-,Special Dahi Gosht Ramadan Special Recipe by Food Fusion,https://www.youtube.com/watch?v=ujX_ZFbnQCU
Special Degi Aloo Koftay Recipe,Indian/Pakistani,1 channel,-,-,Special Degi Aloo Koftay Recipe by Food Fusion,https://www.youtube.com/watch?v=p9gxW0Qk-3k
Special Degi Biryani & White Biryani Recipes,Indian/Pakistani,1 channel,-,-,Special Degi Biryani & White Biryani Recipes By Food Fusion,https://www.youtube.com/watch?v=zwfTy8E5i4U
Special Degi Biryani Recipe,Indian/Pakistani,1 channel,-,-,Special Degi Biryani Recipe By Food Fusion,https://www.youtube.com/watch?v=KHokeeD7RIc
Special Desi Desserts 2022,Indian/Pakistani,1 channel,-,-,Special Desi Desserts 2022 Food Fusion,https://www.youtube.com/watch?v=LADtoFI5-g8
Special Fry kabab Recipe,Indian/Pakistani,1 channel,-,-,Special Fry kabab Recipe by Food Fusion,https://www.youtube.com/watch?v=VCji3M9RdZE
Special Kheer & Puri Paratha Recipe,Indian/Pakistani,1 channel,-,-,Special Kheer & Puri Paratha Recipe by Food Fusion,https://www.youtube.com/watch?v=P_xppzp4w4Y
Special Lachay dar Anda Paratha  Recipe,Indian/Pakistani,1 channel,-,-,Special Lachay dar Anda Paratha  Recipe By Food fusion,https://www.youtube.com/watch?v=uO8fwpzzp0g
Special Lachha Poori Paratha,Indian/Pakistani,1 channel,Special Lachha Poori Paratha - Learn to make commercial multilayer puri paratha,https://www.youtube.com/watch?v=TMgSyUoyRGE,-,-
SPECIAL LAHORI KEEMA,Indian/Pakistani,1 channel,SPECIAL LAHORI KEEMA RECIPE,https://www.youtube.com/watch?v=JiAijZpqxyA,-,-
Special Masoor,Indian/Pakistani,1 channel,Special Masoor Recipe - Perfect Water Ratio Recipe - Creamy Masoor,https://www.youtube.com/watch?v=h-1H4PkU9fE,-,-
Special Meethi Tikiyan with Pista Badam Recipe,Indian/Pakistani,1 channel,-,-,Special Meethi Tikiyan with Pista Badam Recipe By Food Fusion,https://www.youtube.com/watch?v=itIRf44sxfE
Special Mutton Dhaba Karahi Recipe By Food Fusion (Bakra Eid Special),Indian/Pakistani,1 channel,-,-,Special Mutton Dhaba Karahi Recipe By Food Fusion (Bakra Eid Special),https://www.youtube.com/watch?v=5BaFJviHJZ4
Special Mutton Malai Handi Recipe By Food Fusion (Bakra Eid Special),Indian/Pakistani,1 channel,-,-,Special Mutton Malai Handi Recipe By Food Fusion (Bakra Eid Special),https://www.youtube.com/watch?v=9eq6LO-kTN8
Special Mutton Pulao Recipe By Food Fusion (Bakra Eid Special),Indian/Pakistani,1 channel,-,-,Special Mutton Pulao Recipe By Food Fusion (Bakra Eid Special),https://www.youtube.com/watch?v=a0T-TSVuy3Y
Special Pulao Biryani Recipe,Indian/Pakistani,1 channel,-,-,Special Pulao Biryani Recipe By Food Fusion,https://www.youtube.com/watch?v=JkKiWUsYNII
Special Raan Roast Recipe,Indian/Pakistani,1 channel,-,-,Special Raan Roast Recipe by Food Fusion,https://www.youtube.com/watch?v=tLUtmkWE674
Special Shami Kabab Make & Freeze Ramadan Special Recipe,Indian/Pakistani,1 channel,-,-,Special Shami Kabab Make & Freeze Ramadan Special Recipe By Food Fusion,https://www.youtube.com/watch?v=6eoB7lLbnwM
Special Tawa Chicken Recipe,Indian/Pakistani,1 channel,-,-,Special Tawa Chicken Recipe By Food Fusion,https://www.youtube.com/watch?v=tDGDi5_ZPwA
Special Tawa Kabab Recipe,Indian/Pakistani,1 channel,-,-,Special Tawa Kabab Recipe by Food Fusion,https://www.youtube.com/watch?v=CYSKFqh9fUM
Special White Biryani Recipe,Indian/Pakistani,1 channel,-,-,Special White Biryani Recipe By Food Fusion,https://www.youtube.com/watch?v=pOiNWaQHpkc
Special White Sauce Pasta with Mushrooms Recipe,Continental,1 channel,-,-,Special White Sauce Pasta with Mushrooms Recipe by Food Fusion,https://www.youtube.com/watch?v=inFbRiUU_Ls
Special Zarda Recipe,Indian/Pakistani,1 channel,-,-,Special Zarda Recipe by Food Fusion,https://www.youtube.com/watch?v=gUrWTVTtPH8
Spices Masterclass,Indian/Pakistani,1 channel,Spices Masterclass | How to use spices in cooking,https://www.youtube.com/watch?v=JiC0Io3-r_8,-,-
Spicy & Saucy Drumsticks Recipe,Indian/Pakistani,1 channel,-,-,Spicy & Saucy Drumsticks Recipe By Food Fusion,https://www.youtube.com/watch?v=MKJ_tcvGGUI
Spicy Aloo Nimco/chivda Recipe,Indian/Pakistani,1 channel,-,-,Spicy Aloo Nimco/chivda Recipe By Food Fusion,https://www.youtube.com/watch?v=gKr6C0MX4O8
Spicy BBQ Chicken Wings Recipe,Continental,1 channel,-,-,Spicy BBQ Chicken Wings Recipe by Food Fusion,https://www.youtube.com/watch?v=MIG41ij6lPw
Spicy Beef Cheese Tawa Burger Recipe,Continental,1 channel,-,-,Spicy Beef Cheese Tawa Burger Recipe By Food Fusion,https://www.youtube.com/watch?v=C3RJBbCF73Y
Spicy Beef Tikka Recipe,Indian/Pakistani,1 channel,-,-,Spicy Beef Tikka Recipe By Food Fusion,https://www.youtube.com/watch?v=h85fp9Hw0vM
Spicy Blooming Pastry Recipe,Indian/Pakistani,1 channel,-,-,Spicy Blooming Pastry Recipe by Food Fusion,https://www.youtube.com/watch?v=gkLh48GXD24
Spicy Boti Samosa Skewers Recipe By Food Fusion (Ramzan special Recipe),Indian/Pakistani,1 channel,-,-,Spicy Boti Samosa Skewers Recipe By Food Fusion (Ramzan special Recipe),https://www.youtube.com/watch?v=8sLOOsYzBT8
Spicy Chatkhara Chicken Chargha,Indian/Pakistani,1 channel,-,-,Spicy Chatkhara Chicken Chargha - Ramadan Special Recipe by Food Fusion,https://www.youtube.com/watch?v=dzGrxtIfImQ
Spicy Chicken Nuggets,Indian/Pakistani,1 channel,Spicy Chicken Nuggets | Restaurant Secret Recipe,https://www.youtube.com/watch?v=H14LJMnhUgU,-,-
Spicy Chicken Resha Kabab Make & Freeze Recipe By Food Fusion (Pre Ramadan prep),Indian/Pakistani,1 channel,-,-,Spicy Chicken Resha Kabab Make & Freeze Recipe By Food Fusion (Pre Ramadan prep),https://www.youtube.com/watch?v=XN5Ge5eqQEU
Spicy Chicken Roast with Garlic Rice Ramadan Special Recipe,Indian/Pakistani,1 channel,-,-,Spicy Chicken Roast with Garlic Rice Ramadan Special Recipe By Food Fusion,https://www.youtube.com/watch?v=Jai4yrX5PO4
Spicy Chicken Wings Recipe,Continental,1 channel,-,-,Spicy Chicken Wings Recipe By Food Fusion,https://www.youtube.com/watch?v=aTH-xIVQjZ4
Spicy Coconut Chicken Recipe,Indian/Pakistani,1 channel,-,-,Spicy Coconut Chicken Recipe By Food Fusion,https://www.youtube.com/watch?v=HCACRXWRDbQ
Spicy Cream Eggs,Indian/Pakistani,1 channel,-,-,Spicy Cream Eggs - Sehri Special Recipe by Food Fusion,https://www.youtube.com/watch?v=XZbLBzNFyjE
Spicy Crispy Chicken Burger Recipe,Continental,1 channel,-,-,Spicy Crispy Chicken Burger Recipe By Food Fusion,https://www.youtube.com/watch?v=Ub06gV4gzxc
Spicy Fettuccine Recipe,Indian/Pakistani,1 channel,-,-,Spicy Fettuccine Recipe by Food Fusion,https://www.youtube.com/watch?v=T1vDj3QpUaE
Spicy Fish Croquettes Recipe,Indian/Pakistani,1 channel,-,-,Spicy Fish Croquettes Recipe By Food Fusion,https://www.youtube.com/watch?v=3uLSYcj2Q68
Spicy Fish Fillet with green chutney  Recipe,Indian/Pakistani,1 channel,-,-,Spicy Fish Fillet with green chutney  Recipe By Food Fusion,https://www.youtube.com/watch?v=6a2Nc4aUuxI
Spicy Fried Fish Platter with Chutney Recipe,Indian/Pakistani,1 channel,-,-,Spicy Fried Fish Platter with Chutney Recipe By Food Fusion,https://www.youtube.com/watch?v=P__4eChqRc0
Spicy Fried Khichdi Recipe,Indian/Pakistani,1 channel,-,-,Spicy Fried Khichdi Recipe By Food Fusion,https://www.youtube.com/watch?v=H71MWbyhO0E
Spicy Garlic Chicken Recipe By Food Fusion (Ramazan Special),Indian/Pakistani,1 channel,-,-,Spicy Garlic Chicken Recipe By Food Fusion (Ramazan Special),https://www.youtube.com/watch?v=XGHEXfcAglI
Spicy Gola Kabab,Indian/Pakistani,1 channel,Spicy Gola Kabab | Soft and Juicy Gola kabab at home,https://www.youtube.com/watch?v=6WI_IFs4Tig,-,-
Spicy Hasselback Chicken with Cheese Recipe,Indian/Pakistani,1 channel,-,-,Spicy Hasselback Chicken with Cheese Recipe By Food Fusion,https://www.youtube.com/watch?v=RK8j4tFtyjI
Spicy Keema Paratha Recipe,Indian/Pakistani,1 channel,-,-,Spicy Keema Paratha Recipe By Food Fusion,https://www.youtube.com/watch?v=9AKekRQnl4g
Spicy Korean pasta Recipe,Continental,1 channel,-,-,Spicy Korean pasta Recipe By Food Fusion,https://www.youtube.com/watch?v=X52S_Ga9ndE
Spicy Lal Chutni Qeema Calzone Recipe,Indian/Pakistani,1 channel,-,-,Spicy Lal Chutni Qeema Calzone Recipe By Food Fusion,https://www.youtube.com/watch?v=08axmOseXgU
Spicy Lentil Rolls By Food Fusion (Ramzan Recipes),Indian/Pakistani,1 channel,-,-,Spicy Lentil Rolls By Food Fusion (Ramzan Recipes),https://www.youtube.com/watch?v=BHJzszZJST0
Spicy Mac n Cheese Recipe,Indian/Pakistani,1 channel,-,-,Spicy Mac n Cheese Recipe by Food Fusion,https://www.youtube.com/watch?v=CRFTkpfs1Wc
Spicy Masaleydar Chicken Biryani,Indian/Pakistani,1 channel,-,-,Spicy Masaleydar Chicken Biryani - Inspired by Khatri Biryani Recipe by Food Fusion,https://www.youtube.com/watch?v=Z3sKGpKxh0w
Spicy Matka Handi Recipe,Indian/Pakistani,1 channel,-,-,Spicy Matka Handi Recipe By Food Fusion,https://www.youtube.com/watch?v=6qRvSKaUTJ8
Spicy Pasta Arrabiata Recipe,Continental,1 channel,-,-,Spicy Pasta Arrabiata Recipe By Food Fusion,https://www.youtube.com/watch?v=X0q7rp24L4E
Spicy Peanuts 2 Ways Recipes,Indian/Pakistani,1 channel,-,-,Spicy Peanuts 2 Ways Recipes By Food Fusion,https://www.youtube.com/watch?v=XRxcHPYr7WI
Spicy Pizza Burger Recipe,Continental,1 channel,-,-,Spicy Pizza Burger Recipe By Food Fusion,https://www.youtube.com/watch?v=mo_5djfL7a4
Spicy Potato Lasagna Recipe,Continental,1 channel,-,-,Spicy Potato Lasagna Recipe By Food Fusion,https://www.youtube.com/watch?v=dvYleQ2y0do
Spicy Potato Pepper Curry Recipe,Indian/Pakistani,1 channel,-,-,Spicy Potato Pepper Curry Recipe By Food Fusion,https://www.youtube.com/watch?v=YlxdEFuwgc8
Spicy Qeemay Wala Naan Recipe,Indian/Pakistani,1 channel,-,-,Spicy Qeemay Wala Naan Recipe By Food Fusion,https://www.youtube.com/watch?v=0RXzpbi9z5c
Spicy Tandoori Fingers Recipe by Food Fusion ( Ramzan Special Recipe),Indian/Pakistani,1 channel,-,-,Spicy Tandoori Fingers Recipe by Food Fusion ( Ramzan Special Recipe),https://www.youtube.com/watch?v=-8BR2ywTH6E
Spicy Tawa Mutton Recipe,Indian/Pakistani,1 channel,-,-,Spicy Tawa Mutton Recipe by Food Fusion,https://www.youtube.com/watch?v=JasU62bI4pA
Spicy Tikka Boti Recipe By Food Fusion (Bakra Eid Special),Indian/Pakistani,1 channel,-,-,Spicy Tikka Boti Recipe By Food Fusion (Bakra Eid Special),https://www.youtube.com/watch?v=w4xwHTdNI-A
Spicy Tikka with Cream Sauce Recipe,Indian/Pakistani,1 channel,-,-,Spicy Tikka with Cream Sauce Recipe By Food Fusion,https://www.youtube.com/watch?v=_f4_IE4GzS4
Spicy Titli Paratha,Indian/Pakistani,1 channel,-,-,Spicy Titli Paratha - Breakfast/Sehri Special Make & Freeze Recipe by Food Fusion,https://www.youtube.com/watch?v=awTUvSNiv98
Spicy Vermicelli Stir fry with beef mince Recipe By Food Fusion (Bakra Eid Special),Indian/Pakistani,1 channel,-,-,Spicy Vermicelli Stir fry with beef mince Recipe By Food Fusion (Bakra Eid Special),https://www.youtube.com/watch?v=kHDJQqRKkRE
Spinach Dip Pastries Recipe,Indian/Pakistani,1 channel,-,-,Spinach Dip Pastries Recipe by Food Fusion,https://www.youtube.com/watch?v=ijMBsgN31_Y
Spinach Fatayer (Lebanese spinach pies) Recipe,Arabic/Mediterranean,1 channel,-,-,Spinach Fatayer (Lebanese spinach pies) Recipe By Food Fusion,https://www.youtube.com/watch?v=4xbTyf6a0F4
Spiral Fajita Pie Recipe Community,Indian/Pakistani,1 channel,-,-,Spiral Fajita Pie Recipe - Food Fusion Community,https://www.youtube.com/watch?v=v_uW3gZfn6s
Spiral Fried Potato,Indian/Pakistani,1 channel,Spiral Fried Potato | Cheese Sauce Recipe with Crispy Tornado Potato | Kun Foods,https://www.youtube.com/watch?v=g0bXYtPM3qI,-,-
Spoiled Milk Suji Halwa Winter Special,Indian/Pakistani,1 channel,Spoiled Milk Suji Halwa Winter Special,https://www.youtube.com/watch?v=CJxlnqrZbc8,-,-
Spring Roll Bites Ramadan Special Recipe,Chinese,1 channel,-,-,Spring Roll Bites Ramadan Special Recipe By Food Fusion,https://www.youtube.com/watch?v=hqih7BRrUsg
Spring Roll Pinwheels Ramadan Special Recipe,Chinese,1 channel,-,-,Spring Roll Pinwheels Ramadan Special Recipe by Food Fusion,https://www.youtube.com/watch?v=W6kQsWnNXRE
Spring Roll  Serving Ideas by Food Fusion (Ramzan Special),Chinese,1 channel,-,-,Spring Roll  Serving Ideas by Food Fusion (Ramzan Special),https://www.youtube.com/watch?v=N4jwsK3Gnp8
Sriracha Chicken Recipe,Indian/Pakistani,1 channel,-,-,Sriracha Chicken Recipe By Food Fusion,https://www.youtube.com/watch?v=u2B0hKY-ets
Stay Tuned For An exclusive event video,Indian/Pakistani,1 channel,-,-,Stay Tuned For An exclusive event video,https://www.youtube.com/watch?v=ti40chSDlTk
Steak Bites with Mushroom Sauce Recipe,Continental,1 channel,-,-,Steak Bites with Mushroom Sauce Recipe By Food Fusion,https://www.youtube.com/watch?v=wsSUz3IbhwA
Steak on Toast with Mushroom sauce Recipe,Continental,1 channel,-,-,Steak on Toast with Mushroom sauce Recipe By Food Fusion,https://www.youtube.com/watch?v=JpRabheJdqg
Steak Recipes By Food Fusion (Bakra Eid Special),Continental,1 channel,-,-,4 Amazing Steak Recipes By Food Fusion (Bakra Eid Special),https://www.youtube.com/watch?v=WWUY7AlI4bU
Steak with Compound Butter Recipe,Continental,1 channel,-,-,Steak with Compound Butter Recipe by Food Fusion,https://www.youtube.com/watch?v=SmoY_R8-N7Q
Steak with Mushroom Red Sauce (Mexican Style) Recipe By Food Fusion (Bakra Eid Special),Continental,1 channel,-,-,Steak with Mushroom Red Sauce (Mexican Style) Recipe By Food Fusion (Bakra Eid Special),https://www.youtube.com/watch?v=ICbbwDDBYDM
Steam Aloo Tikki,Indian/Pakistani,1 channel,"Steam Aloo Tikki | Soft, Puffy Potato Kabab | Easy and Tasty Snack",https://www.youtube.com/watch?v=dZSfGbPvtzM,-,-
Steam Chicken Platter Recipe,Indian/Pakistani,1 channel,-,-,Steam Chicken Platter Recipe by Food Fusion,https://www.youtube.com/watch?v=3_PpN9Xbtv4
Steam Chicken Recipe,Indian/Pakistani,1 channel,-,-,Steam Chicken Recipe By Food Fusion,https://www.youtube.com/watch?v=XnXPJG3fnSs
Steam Fish Roast in Pressure Cooker,Indian/Pakistani,1 channel,Steam Fish Roast in Pressure Cooker | Quick and Magical Fish with Lemons,https://www.youtube.com/watch?v=HfzznTNoly8,-,-
Steam Fish with Gravy Recipe,Indian/Pakistani,1 channel,-,-,Steam Fish with Gravy Recipe By Food Fusion,https://www.youtube.com/watch?v=LgamCRhyreo
Steam Fish With Vegetable Sauce Recipe,Indian/Pakistani,1 channel,-,-,Steam Fish With Vegetable Sauce Recipe By Food Fusion,https://www.youtube.com/watch?v=jkPjwd9L2iw
Steam Kofta,Indian/Pakistani,1 channel,Steam Kofta Recipe | Puffy aur Soft Koftay bnanay ka secret method,https://www.youtube.com/watch?v=58A4mQNa35E,-,-
Steam Roast,Indian/Pakistani,1 channel,Steam Roast | Famous and Commercial Recipe | Kun Foods,https://www.youtube.com/watch?v=OXrCWMJfTUo,-,-
Steam Roast Chicken Pulao,Indian/Pakistani,1 channel,-,-,Steam Roast Chicken Pulao - Ramadan Special Recipe by Food Fusion,https://www.youtube.com/watch?v=XAFLQJUmh7A
Steamed Chicken Momos Recipe,Indian/Pakistani,1 channel,-,-,Steamed Chicken Momos Recipe By Food Fusion,https://www.youtube.com/watch?v=4VQQfm-ifjc
Steamed Dumpling Bowl Recipe,Indian/Pakistani,1 channel,-,-,Steamed Dumpling Bowl Recipe By Food Fusion,https://www.youtube.com/watch?v=0-zF4xpVCaw
Steamed Egg Bites Squares Recipe,Indian/Pakistani,1 channel,-,-,Steamed Egg Bites Squares Recipe By Food Fusion,https://www.youtube.com/watch?v=NBNj16-eVkc
Steamed Spinach Egg Recipe,Indian/Pakistani,1 channel,-,-,Steamed Spinach Egg Recipe by Food Fusion,https://www.youtube.com/watch?v=LNpzbey08Vo
Sticky Toffee Date Pudding Dessert Recipe,Indian/Pakistani,1 channel,-,-,Sticky Toffee Date Pudding Dessert Recipe By Food Fusion,https://www.youtube.com/watch?v=pyYxui60OD0
Sticky Toffee Pudding Recipe by Fatima Ahsan,Indian/Pakistani,1 channel,-,-,Sticky Toffee Pudding Recipe by Fatima Ahsan - Executed by Wasil from Haque Academy,https://www.youtube.com/watch?v=UCloegRybBQ
Stir Fry Beef Chilli Recipe,Indian/Pakistani,1 channel,-,-,Stir Fry Beef Chilli Recipe By Food Fusion,https://www.youtube.com/watch?v=oCubpNYJ4kI
STOP BUYING KFC. Make this Cheap Chicken at Home! All Magic in Milk,Continental,1 channel,STOP BUYING KFC. Make this Cheap Chicken at Home! All Magic in Milk,https://www.youtube.com/watch?v=AA3ZUMSxO7s,-,-
Stop Donations to,Indian/Pakistani,1 channel,-,-,Stop Donations to Food Fusion - Flood Relief Update 8,https://www.youtube.com/watch?v=C1iAwjjW8xE
STOP USING CUSTARD POWDER!! Make easy mango dessert using fresh mangoes,Indian/Pakistani,1 channel,STOP USING CUSTARD POWDER!! Make easy mango dessert using fresh mangoes | Mango Sweet,https://www.youtube.com/watch?v=gqcCa1HyXc8,-,-
Storable BBQ Paratha Ramzan Special Recipe,Indian/Pakistani,1 channel,-,-,Storable BBQ Paratha Ramzan Special Recipe By Food Fusion,https://www.youtube.com/watch?v=oNGGf0Pd9zM
Storable Malai Paratha Ramzan Special Recipe,Indian/Pakistani,1 channel,-,-,Storable Malai Paratha Ramzan Special Recipe by Food Fusion,https://www.youtube.com/watch?v=dUse3vWu2SA
Storable Unique Lacha Paratha Make & Freeze Ramzan Special Recipe,Indian/Pakistani,1 channel,-,-,Storable Unique Lacha Paratha Make & Freeze Ramzan Special Recipe By Food Fusion,https://www.youtube.com/watch?v=PbeXN75KV0M
Strawberry & Chocolate Dessert Cups Recipe,Indian/Pakistani,1 channel,-,-,Strawberry & Chocolate Dessert Cups Recipe by Food Fusion,https://www.youtube.com/watch?v=6vTMIPcb2lc
Strawberry & Cream French Toast Recipe,Indian/Pakistani,1 channel,-,-,Strawberry & Cream French Toast Recipe By Food Fusion,https://www.youtube.com/watch?v=ycqui2YVWE0
Strawberry & Kheer Panna Cotta By Food Fusion (Ramzan Special Recipe),Indian/Pakistani,1 channel,-,-,Strawberry & Kheer Panna Cotta By Food Fusion (Ramzan Special Recipe),https://www.youtube.com/watch?v=0s0qrNyaZHw
Strawberry Angel Fruit Cake Dessert,Continental,1 channel,-,-,Strawberry Angel Fruit Cake Dessert By Food Fusion,https://www.youtube.com/watch?v=lojPgzJEiBs
Strawberry Cheesecake & Desi Chocolate Chikoo Shake Recipes,Continental,1 channel,-,-,Strawberry Cheesecake & Desi Chocolate Chikoo Shake Recipes By Food Fusion,https://www.youtube.com/watch?v=qNFj7Gn4tc8
Strawberry Cloud Foam Latte Ramzan Special Recipe,Indian/Pakistani,1 channel,-,-,Strawberry Cloud Foam Latte Ramzan Special Recipe By Food Fusion,https://www.youtube.com/watch?v=28ShIQCIf2o
Strawberry Colada & Melon Colada Recipe By Food Fusion (Ramazan Special),Indian/Pakistani,1 channel,-,-,Strawberry Colada & Melon Colada Recipe By Food Fusion (Ramazan Special),https://www.youtube.com/watch?v=nKzH4uRoV-Q
Strawberry Cream Delight Recipe,Indian/Pakistani,1 channel,-,-,Strawberry Cream Delight Recipe By Food Fusion,https://www.youtube.com/watch?v=hJ5l6N9pHg0
Strawberry Custard Tart recipe,Indian/Pakistani,1 channel,-,-,Strawberry Custard Tart recipe by Food Fusion,https://www.youtube.com/watch?v=EdG9lDTBUd0
Strawberry Icebox Cake Dessert Recipe,Continental,1 channel,-,-,Strawberry Icebox Cake Dessert Recipe By Food Fusion,https://www.youtube.com/watch?v=M2lJeY-9gL0
Strawberry Jam (No Preservatives) Recipe,Indian/Pakistani,1 channel,-,-,Strawberry Jam (No Preservatives) Recipe By Food Fusion,https://www.youtube.com/watch?v=ZiCggFyeyhE
Strawberry Kulfi Recipe By Food Fusion (Ramzan Special Recipe),Indian/Pakistani,1 channel,-,-,Strawberry Kulfi Recipe By Food Fusion (Ramzan Special Recipe),https://www.youtube.com/watch?v=Pz1LaMuKe-M
Strawberry Milk Recipe By Food Fusion (Summer Iftar Drinks),Indian/Pakistani,1 channel,-,-,Strawberry Milk Recipe By Food Fusion (Summer Iftar Drinks),https://www.youtube.com/watch?v=62mewVdRGQA
Strawberry Orange Juice Recipe,Indian/Pakistani,1 channel,-,-,Strawberry Orange Juice Recipe By Food Fusion,https://www.youtube.com/watch?v=9bgAUeErIYY
Strawberry Sago Sharbat,Indian/Pakistani,1 channel,-,-,Strawberry Sago Sharbat - Refreshing Iftar Drink Recipe by Food Fusion,https://www.youtube.com/watch?v=Yi2GYG8MwG4
Strawberry Tres Leches Cake Recipe By Food Fusion (Women's Day Special),Continental,1 channel,-,-,Strawberry Tres Leches Cake Recipe By Food Fusion (Women's Day Special),https://www.youtube.com/watch?v=E6-jHYzCuBc
Strawberry Vanilla Parfait Recipe,Indian/Pakistani,1 channel,-,-,Strawberry Vanilla Parfait Recipe by Food Fusion,https://www.youtube.com/watch?v=Qg0-f8kne-c
Strawberry Yogurt Cake in Air fryer Recipe,Continental,1 channel,-,-,Strawberry Yogurt Cake in Air fryer Recipe by Food Fusion,https://www.youtube.com/watch?v=leui11LRojw
Street Style Aloo Tikki Chaat,Indian/Pakistani,1 channel,-,-,Street Style Aloo Tikki Chaat | Ramzan Special Recipe by Asad Memon | Food Fusion,https://www.youtube.com/watch?v=ydQZRyD45JM
Street Style Authentic Mawa Kulfi Recipe,Indian/Pakistani,1 channel,-,-,Street Style Authentic Mawa Kulfi Recipe by Food Fusion,https://www.youtube.com/watch?v=UlRA5QgyRko
Street Style Bun paratha Recipe,Indian/Pakistani,1 channel,-,-,Street Style Bun paratha Recipe By Food Fusion,https://www.youtube.com/watch?v=-S3JcQJV0mc
Street Style Chicken Lacha Paratha Recipe By Food Fusion (Iftar/Sehri Special),Indian/Pakistani,1 channel,-,-,Street Style Chicken Lacha Paratha Recipe By Food Fusion (Iftar/Sehri Special),https://www.youtube.com/watch?v=TzZpAooUfyg
Street Style Chicken Yakhni,Indian/Pakistani,1 channel,-,-,Street Style Chicken Yakhni - Winter Special Recipe By Food Fusion,https://www.youtube.com/watch?v=n5j3xQRaDp8
Street Style Chicken Yakhni Soup,Indian/Pakistani,1 channel,Street Style Chicken Yakhni Soup Recipe - Chicken Soup Road side,https://www.youtube.com/watch?v=t7JsskIeHmg,-,-
Street Style Daal Anday Wala Karachi Bun Kabab Recipe,Indian/Pakistani,1 channel,-,-,Street Style Daal Anday Wala Karachi Bun Kabab Recipe by Food Fusion,https://www.youtube.com/watch?v=BfvnkhtbOp4
Street Style Daal Chawal Thali Recipe By Food Fusion (Ramazan Special),Indian/Pakistani,1 channel,-,-,Street Style Daal Chawal Thali Recipe By Food Fusion (Ramazan Special),https://www.youtube.com/watch?v=qI-5-Ew-eiM
Street Style Dhaga Kabab Recipe By Food Fusion (Bakra Eid Special),Indian/Pakistani,1 channel,-,-,Street Style Dhaga Kabab Recipe By Food Fusion (Bakra Eid Special),https://www.youtube.com/watch?v=50hKf8gf0Tc
Street Style Dhamaka Mirchi Bun kabab Recipe By Asad Memon,Indian/Pakistani,1 channel,-,-,Street Style Dhamaka Mirchi Bun kabab Recipe By Asad Memon - Food Fusion,https://www.youtube.com/watch?v=My0gNynf118
Street Style Egg Masala Sandwich Recipe By Food Fusion (Ramzan Special Recipe),Continental,1 channel,-,-,Street Style Egg Masala Sandwich Recipe By Food Fusion (Ramzan Special Recipe),https://www.youtube.com/watch?v=NdkUk66Uphg
Street Style Egg Sandwich Recipe,Continental,1 channel,-,-,Street Style Egg Sandwich Recipe By Food Fusion,https://www.youtube.com/watch?v=bwlIQ08cFuE
Street Style Fish Fry Pakora Recipe with Secret Fry Masala,Indian/Pakistani,1 channel,Street Style Fish Fry Pakora Recipe with Secret Fry Masala,https://www.youtube.com/watch?v=5j5VREgTi7k,-,-
Street Style Gol Gappay/Pani puri  Recipe By Food Fusion (Ramzan Special),Indian/Pakistani,1 channel,-,-,Street Style Gol Gappay/Pani puri  Recipe By Food Fusion (Ramzan Special),https://www.youtube.com/watch?v=f8fXZ2ZRzrc
Street Style Green Chutney Ramzan Special Recipe By Asad Memon,Indian/Pakistani,1 channel,-,-,Street Style Green Chutney Ramzan Special Recipe By Asad Memon Food Fusion,https://www.youtube.com/watch?v=i0b0hqT4ITY
Street Style Jhal Muri Recipe By Food Fusion (Ramzan Special Recipe),Indian/Pakistani,1 channel,-,-,Street Style Jhal Muri Recipe By Food Fusion (Ramzan Special Recipe),https://www.youtube.com/watch?v=3zhOTBDs44k
Street Style Kata Kat Recipe By Food Fusion (Bakra Eid Special),Indian/Pakistani,1 channel,-,-,Street Style Kata Kat Recipe By Food Fusion (Bakra Eid Special),https://www.youtube.com/watch?v=3h_SNhb959I
Street Style Khatti Meethi Imli ki Chutney Recipe By Asad Memon (Ramadan Special),Indian/Pakistani,1 channel,-,-,Street Style Khatti Meethi Imli ki Chutney Recipe By Asad Memon-Food Fusion (Ramadan Special),https://www.youtube.com/watch?v=_8cWO-PePfI
Street Style Khoya Kulfi Recipe,Indian/Pakistani,1 channel,-,-,Street Style Khoya Kulfi Recipe By Food Fusion,https://www.youtube.com/watch?v=hWIdzUO7WFM
Street Style Lachay dar qeema  Paratha Recipe By Food Fusion ( Ramzan Special Recipes),Indian/Pakistani,1 channel,-,-,Street Style Lachay dar qeema  Paratha Recipe By Food Fusion ( Ramzan Special Recipes),https://www.youtube.com/watch?v=dEWlCYEVI9g
Street Style Macaroni,Continental,1 channel,Street Style Macaroni step by step - Perfect Spicy Macaroni,https://www.youtube.com/watch?v=EfIrk2-CBl8,-,-
Street Style Malai Boti Bun kabab Recipe,Indian/Pakistani,1 channel,-,-,Street Style Malai Boti Bun kabab Recipe by Food Fusion,https://www.youtube.com/watch?v=rBic0onK6kQ
Street Style Masala French Fries At Home Recipe,Continental,1 channel,-,-,Street Style Masala French Fries At Home Recipe by Food Fusion,https://www.youtube.com/watch?v=DLVX-mM69rk
Street Style Mini Bun Kabab Recipe,Indian/Pakistani,1 channel,-,-,Street Style Mini Bun Kabab Recipe By Food Fusion,https://www.youtube.com/watch?v=_EhPLfrrH_I
Street Style Mini Samosa with Chutney Ramadan Special Recipe,Indian/Pakistani,1 channel,-,-,Street Style Mini Samosa with Chutney Ramadan Special Recipe by Food Fusion,https://www.youtube.com/watch?v=lSW_whPq1ro
Street Style Mix Pakora Ramadan Special Recipe,Indian/Pakistani,1 channel,-,-,Street Style Mix Pakora Ramadan Special Recipe By Food Fusion,https://www.youtube.com/watch?v=4WN5s-tx4yw
Street Style Omelette Sandwich Recipe,Continental,1 channel,-,-,Street Style Omelette Sandwich Recipe by Food Fusion,https://www.youtube.com/watch?v=6xHiv7t1DCw
Street Style Qeema Samosa,Indian/Pakistani,1 channel,-,-,Street Style Qeema Samosa | Make & Freeze Recipe By Food Fusion (Ramzan Special),https://www.youtube.com/watch?v=QTGrvXDXAQw
Street Style Recipe Collection,Indian/Pakistani,1 channel,-,-,Street Style Recipe Collection by Food Fusion,https://www.youtube.com/watch?v=JI5nqyYHeqw
Street Style Samosa Recipe,Indian/Pakistani,1 channel,-,-,Street Style Samosa Recipe By Food Fusion,https://www.youtube.com/watch?v=gVQGYp__n4I
"Street Style Silky Smooth Dahi For Chaat, Dahi Bara & More by Asad Memon",Indian/Pakistani,1 channel,-,-,"Street Style Silky Smooth Dahi For Chaat, Dahi Bara & More by Asad Memon-Food Fusion",https://www.youtube.com/watch?v=wY4W5j0WBK8
Street Style Spicy Masala Fish Fry,Indian/Pakistani,1 channel,-,-,Street Style Spicy Masala Fish Fry - Winter Special Recipe By Food Fusion,https://www.youtube.com/watch?v=Xr4_xLUO6sk
Street Style Super Soft Daal Dahi Baray 👉 Make & Store Recipe,Indian/Pakistani,1 channel,-,-,Street Style Super Soft Daal Dahi Baray 👉 Make & Store Recipe by Food Fusion,https://www.youtube.com/watch?v=uza38L9DRFs
Street Style Tawa Lobia Bun Kabab Recipe,Indian/Pakistani,1 channel,-,-,Street Style Tawa Lobia Bun Kabab Recipe by Food Fusion,https://www.youtube.com/watch?v=8I_rQqlcK6Y
Street Style Tawa Samosa Chaat Recipe By Food Fusion (Iftar Ideas special),Indian/Pakistani,1 channel,-,-,Street Style Tawa Samosa Chaat Recipe By Food Fusion (Iftar Ideas special),https://www.youtube.com/watch?v=YdjRHs8dCt8
Stuffed Achari Turai & Achari Chana Chaat Recipes,Indian/Pakistani,1 channel,-,-,Stuffed Achari Turai & Achari Chana Chaat Recipes By Food Fusion,https://www.youtube.com/watch?v=LzsVqxdYbGg
Stuffed Achari Turai Recipe,Indian/Pakistani,1 channel,-,-,Stuffed Achari Turai Recipe By Food Fusion,https://www.youtube.com/watch?v=Vn2dNSO_vEM
Stuffed Bao Buns Recipe by Food Fusion (Non Fried Iftar Idea),Indian/Pakistani,1 channel,-,-,Stuffed Bao Buns Recipe by Food Fusion (Non Fried Iftar Idea),https://www.youtube.com/watch?v=y4Q1AxJpnIQ
Stuffed Bell Peppers Recipe,Indian/Pakistani,1 channel,-,-,Stuffed Bell Peppers Recipe By Food Fusion,https://www.youtube.com/watch?v=9UKhcc1h8wU
Stuffed Bhindi & Pyaz Recipe,Indian/Pakistani,1 channel,-,-,Stuffed Bhindi & Pyaz Recipe By Food Fusion,https://www.youtube.com/watch?v=Jd1EP_p6gbc
Stuffed Breakfast Crepes Make & Freeze Ramzan Special Recipe,Indian/Pakistani,1 channel,-,-,Stuffed Breakfast Crepes Make & Freeze Ramzan Special Recipe By Food Fusion,https://www.youtube.com/watch?v=QuT59PScPh0
Stuffed Brinjal/Eggplant Recipe,Indian/Pakistani,1 channel,-,-,Stuffed Brinjal/Eggplant Recipe by Food Fusion,https://www.youtube.com/watch?v=7gVYPJGlJn0
Stuffed Chicken Fingers Ramadan Special (Make & Freeze) Recipe,Indian/Pakistani,1 channel,-,-,Stuffed Chicken Fingers Ramadan Special (Make & Freeze) Recipe by Food Fusion,https://www.youtube.com/watch?v=-s_9it8H-S8
Stuffed chicken Hot pockets Recipe,Indian/Pakistani,1 channel,-,-,Stuffed chicken Hot pockets Recipe By Food Fusion,https://www.youtube.com/watch?v=oR8l5_HX2QY
Stuffed Chicken with Cheese & Sun-dried Tomatoes Recipe,Indian/Pakistani,1 channel,-,-,Stuffed Chicken with Cheese & Sun-dried Tomatoes Recipe by Food Fusion,https://www.youtube.com/watch?v=Nn-OpW1b-hE
Stuffed Chocolate Chimney Cake Recipe,Continental,1 channel,-,-,Stuffed Chocolate Chimney Cake Recipe by Food Fusion,https://www.youtube.com/watch?v=OkHa1-VOe1I
Stuffed Chocolate Pancakes Recipe,Indian/Pakistani,1 channel,-,-,Stuffed Chocolate Pancakes Recipe by Food Fusion,https://www.youtube.com/watch?v=WuXHARNaf5g
Stuffed Cholay Kulchay Recipe,Indian/Pakistani,1 channel,-,-,Stuffed Cholay Kulchay Recipe By Food Fusion,https://www.youtube.com/watch?v=dcT2GkcSZ-s
Stuffed Crust Pizza & Pizza Dough Recipe,Continental,1 channel,-,-,Stuffed Crust Pizza & Pizza Dough Recipe By Food Fusion,https://www.youtube.com/watch?v=DRjptS4-VD8
Stuffed Dates with Cream & Nuts,Indian/Pakistani,1 channel,-,-,Stuffed Dates with Cream & Nuts - Ramazan Special Recipe By Food Fusion,https://www.youtube.com/watch?v=QYzHOyu8tmw
Stuffed Dates/ Khajoor 4 ways By Food Fusion (Ramzan Special Recipe),Indian/Pakistani,1 channel,-,-,Stuffed Dates/ Khajoor 4 ways By Food Fusion (Ramzan Special Recipe),https://www.youtube.com/watch?v=uRXo495gMl0
Stuffed Hash Browns Recipe,Indian/Pakistani,1 channel,-,-,Stuffed Hash Browns Recipe By Food Fusion,https://www.youtube.com/watch?v=29jas5YEgaY
Stuffed Karela Recipe,Indian/Pakistani,1 channel,-,-,Stuffed Karela Recipe By Food Fusion,https://www.youtube.com/watch?v=KgCBc7WFg_Y
Stuffed Lifafa Crepes Recipe,Indian/Pakistani,1 channel,-,-,Stuffed Lifafa Crepes Recipe By Food Fusion,https://www.youtube.com/watch?v=zlSj353VFCg
Stuffed Makhmali Chicken Tikka Recipe,Indian/Pakistani,1 channel,-,-,Stuffed Makhmali Chicken Tikka Recipe By Food FUsion,https://www.youtube.com/watch?v=HTPY3xok4bg
Stuffed Masala Lauki Recipe,Indian/Pakistani,1 channel,-,-,Stuffed Masala Lauki Recipe by Food Fusion,https://www.youtube.com/watch?v=HvRlMYUdQew
Stuffed Naan Pockets Recipe,Indian/Pakistani,1 channel,-,-,Stuffed Naan Pockets Recipe By Food Fusion,https://www.youtube.com/watch?v=gIR_Yjz0fXg
Stuffed Onion Rings- Air Fryer Recipe,Indian/Pakistani,1 channel,-,-,Stuffed Onion Rings- Air Fryer Recipe by Food Fusion,https://www.youtube.com/watch?v=l5pElZOsKow
Stuffed Potato,Indian/Pakistani,1 channel,Stuffed Potato | Iftar 2021 New Recipe by Kun Foods,https://www.youtube.com/watch?v=3TjrNz5Cxl0,-,-
Stuffed Potato Cheburki with Sausages,Indian/Pakistani,1 channel,-,-,Stuffed Potato Cheburki with Sausages By Food Fusion,https://www.youtube.com/watch?v=-06DWUUna80
Stuffed Potato Cutlets Kabab,Indian/Pakistani,1 channel,-,-,Stuffed Potato Cutlets Kabab - Bakra Eid Special Recipe by Food Fusion,https://www.youtube.com/watch?v=dsi-p6aS9Jo
Stuffed Potato with cheese,Indian/Pakistani,1 channel,-,-,Stuffed Potato with cheese - Food Fusion,https://www.youtube.com/watch?v=Y2c3fL713mE
Stuffed Roses Recipe By Food Fusion (Ramzan Special Recipe),Indian/Pakistani,1 channel,-,-,Stuffed Roses Recipe By Food Fusion (Ramzan Special Recipe),https://www.youtube.com/watch?v=QuIiSkuCIh4
Stuffed Shahi Tukra Recipe,Indian/Pakistani,1 channel,-,-,Stuffed Shahi Tukra Recipe By Food Fusion,https://www.youtube.com/watch?v=mmz-zn7kZHQ
Stuffed Shami Kabab(shikampur) Recipe By Food Fusion (Make and freeze recipe),Indian/Pakistani,1 channel,-,-,Stuffed Shami Kabab(shikampur) Recipe By Food Fusion (Make and freeze recipe),https://www.youtube.com/watch?v=iestQJ3VsiY
Stuffed Spinach Crepes Ramazan Special  Recipe,Indian/Pakistani,1 channel,-,-,Stuffed Spinach Crepes Ramazan Special  Recipe by Food Fusion,https://www.youtube.com/watch?v=u1lF4TooNDE
Stuffed Sriracha Chicken Omelette Recipe,Continental,1 channel,-,-,Stuffed Sriracha Chicken Omelette Recipe by Food Fusion,https://www.youtube.com/watch?v=ao5vIFKxoho
Sugar Free Chocolate Cupcakes Recipe,Indian/Pakistani,1 channel,-,-,Sugar Free Chocolate Cupcakes Recipe By Food Fusion,https://www.youtube.com/watch?v=4IFzd5u4KOo
Sugar Free Kheer Recipe By Food Fusion (Eid Special),Indian/Pakistani,1 channel,-,-,Sugar Free Kheer Recipe By Food Fusion (Eid Special),https://www.youtube.com/watch?v=zrQDDhthnr8
Sugar Free Sooji Ka Halwa Recipe,Indian/Pakistani,1 channel,-,-,Sugar Free Sooji Ka Halwa Recipe By Food Fusion,https://www.youtube.com/watch?v=3XlKohU20kw
Suji (Sooji) Ka Doodh Wala halwa Recipe,Indian/Pakistani,1 channel,-,-,Suji (Sooji) Ka Doodh Wala halwa Recipe By Food Fusion,https://www.youtube.com/watch?v=ayhzvHw4NrU
Suji Gur Ka Halwa Recipe,Indian/Pakistani,1 channel,-,-,Suji Gur Ka Halwa Recipe By Food Fusion,https://www.youtube.com/watch?v=NxkKh2I8TyE
Suji Halwa 4 Ways Recipes,Indian/Pakistani,1 channel,-,-,Suji Halwa 4 Ways Recipes By Food Fusion,https://www.youtube.com/watch?v=CgfPi3qha1k
Suji ka Danedar Halwa,Indian/Pakistani,1 channel,Suji ka Danedar Halwa | Sirf 10 Minutes Me Perfect Measurements Se Banayein Suji Ka Halwa,https://www.youtube.com/watch?v=JG5cbAFdUZc,-,-
Suji Ka Halwa Recipe,Indian/Pakistani,1 channel,-,-,Suji Ka Halwa Recipe by Food Fusion,https://www.youtube.com/watch?v=Z2I54pAGLMg
Sukal Gosht a traditional Sindhi (Beef),Indian/Pakistani,1 channel,-,-,Sukal Gosht - Food Fusion a traditional Sindhi (Beef) Recipe,https://www.youtube.com/watch?v=DDK-8_4Aomc
Sukhi Aloo ki Sabzi aur Tarka Dahi,Indian/Pakistani,1 channel,Sukhi Aloo ki Sabzi aur Tarka Dahi - Best for Breakfast,https://www.youtube.com/watch?v=kWm5AQdgOWg,-,-
Sulemani Anda Ghotala Breakfast/ Sehri Special  Recipe By Food Fusion,Indian/Pakistani,1 channel,-,-,Sulemani Anda Ghotala Breakfast/ Sehri Special  Recipe By Food Fusion Detailed,https://www.youtube.com/watch?v=KR7EwUjHq7A
Sulemani Mutton Biryani Recipe By Food Fusion (Bakra Eid Special),Indian/Pakistani,1 channel,-,-,Sulemani Mutton Biryani Recipe By Food Fusion (Bakra Eid Special),https://www.youtube.com/watch?v=ye468EAsyBM
Sultani Chicken Korma Recipe,Indian/Pakistani,1 channel,-,-,Sultani Chicken Korma Recipe by Food Fusion,https://www.youtube.com/watch?v=_tLcTdSKS6o
Sultani Daal with Rangeen Rice Recipe,Indian/Pakistani,1 channel,-,-,Sultani Daal with Rangeen Rice Recipe by Food Fusion,https://www.youtube.com/watch?v=s6MK2VkhP3I
Summer Fun Chocolate Recipes with kids,Indian/Pakistani,1 channel,-,-,Summer Fun Chocolate Recipes with kids By Food Fusion,https://www.youtube.com/watch?v=WXX6B10hRgA
Summer Peach Sparkler Recipe,Indian/Pakistani,1 channel,-,-,Summer Peach Sparkler Recipe By Food Fusion,https://www.youtube.com/watch?v=fiJ0kT2qnCQ
Summer Picnic Pack Collection 1,Indian/Pakistani,1 channel,-,-,Summer Picnic Pack Collection 1 By Food Fusion,https://www.youtube.com/watch?v=ruJoUuArWig
Summer Picnic Pack Collection 2,Indian/Pakistani,1 channel,-,-,Summer Picnic Pack Collection 2 by Food Fusion,https://www.youtube.com/watch?v=wQoek77JO9I
Summer Special Chutney Recipes,Indian/Pakistani,1 channel,-,-,Summer Special Chutney Recipes - Falsa and Kayri (Raw Mango) Chutney Recipes By Food Fusion,https://www.youtube.com/watch?v=XyGsNbR9frc
Summer Special Ice cream 2022 Recipes,Indian/Pakistani,1 channel,-,-,Summer Special Ice cream 2022 Recipes By Food Fusion,https://www.youtube.com/watch?v=o3uDIVE9cV8
Summer Special Kulfi Recipes,Indian/Pakistani,1 channel,-,-,Summer Special Kulfi Recipes by Food Fusion,https://www.youtube.com/watch?v=7ZudD3QeuDY
Summer Special Mango Recipes,Indian/Pakistani,1 channel,-,-,Summer Special Mango Recipes By Food Fusion,https://www.youtube.com/watch?v=Rntyy2DCcLI
Summer Special Mojito Recipes,Indian/Pakistani,1 channel,-,-,Summer Special Mojito Recipes by Food Fusion,https://www.youtube.com/watch?v=QW1aR77q5Qk
Sunday Brunch Menu,Indian/Pakistani,1 channel,Sunday Brunch Menu - Chicken Sukka with Bun Poratha,https://www.youtube.com/watch?v=rCiKYX6St5Y,-,-
Sunday Brunch Menu 2,Indian/Pakistani,1 channel,"Sunday Brunch Menu 2 - Puffy Poori Paratha, Zeera Aloo, Tarkay wala Dahi",https://www.youtube.com/watch?v=ajo9TaI4FOg,-,-
Sunday Brunch on Budget,Indian/Pakistani,1 channel,"Sunday Brunch on Budget - Filling wali Football Poori, Masala Dum Aloo",https://www.youtube.com/watch?v=YFaK2KeNJTo,-,-
Sunday Brunch Recipes 2024,Indian/Pakistani,1 channel,-,-,Sunday Brunch Recipes 2024 by Food Fusion,https://www.youtube.com/watch?v=x7PbDmj4OqI
Sunrise Layered Parfait Recipe,Indian/Pakistani,1 channel,-,-,Sunrise Layered Parfait Recipe by Food Fusion,https://www.youtube.com/watch?v=KqUniDabXIQ
Sunrise Surprise Recipe,Indian/Pakistani,1 channel,-,-,Sunrise Surprise Recipe by Food Fusion,https://www.youtube.com/watch?v=xsmLcZF7M7A
SUPER CRISPY FRIED FISH,Indian/Pakistani,1 channel,SUPER CRISPY FRIED FISH RECIPE | SIMPLE FISH FRY RECIPE,https://www.youtube.com/watch?v=QLlUTRSZEcY,-,-
Super Soft Tunday Kabab,Indian/Pakistani,1 channel,-,-,Super Soft Tunday Kabab - Bakra Eid Special Recipe by Food Fusion,https://www.youtube.com/watch?v=JNb0xeK5nWM
Swedish Almond Cake Recipe,Continental,1 channel,-,-,Swedish Almond Cake Recipe By Food Fusion,https://www.youtube.com/watch?v=9VpaCgRo89c
Sweet & Sour Eggplant Recipe,Indian/Pakistani,1 channel,-,-,Sweet & Sour Eggplant Recipe by Food Fusion,https://www.youtube.com/watch?v=CU-HM54Rp3c
Sweet & Sour Fish Recipe,Indian/Pakistani,1 channel,-,-,Sweet & Sour Fish Recipe By Food Fusion,https://www.youtube.com/watch?v=V4L3x8YwMpg
Sweet & Sour Vegetables Recipe,Indian/Pakistani,1 channel,-,-,Sweet & Sour Vegetables Recipe By Food Fusion,https://www.youtube.com/watch?v=LLZGv_QCpNc
Sweet & Spicy Beef with Fried Rice Recipe by Food Fusion (Bakra Eid Special),Chinese,1 channel,-,-,Sweet & Spicy Beef with Fried Rice Recipe by Food Fusion (Bakra Eid Special),https://www.youtube.com/watch?v=ccEAilMC-sY
Sweet and sour wedges Recipe,Chinese,1 channel,-,-,Sweet and sour wedges Recipe By Food Fusion,https://www.youtube.com/watch?v=ALwYv8NeZRI
Sweet Boondi Recipe,Indian/Pakistani,1 channel,-,-,Sweet Boondi Recipe By Food Fusion,https://www.youtube.com/watch?v=F3vpP_JXo2g
Sweet Chili Sauce Recipe,Indian/Pakistani,1 channel,-,-,Sweet Chili Sauce Recipe By Food Fusion,https://www.youtube.com/watch?v=w3cTgwtNOaU
Sweet Clove Pockets Recipe,Indian/Pakistani,1 channel,-,-,Sweet Clove Pockets Recipe By Food Fusion,https://www.youtube.com/watch?v=BxIyMUsEjKM
Sweet Cream Pancakes Recipe by Chef Mehboob on,Indian/Pakistani,1 channel,-,-,Sweet Cream Pancakes Recipe by Chef Mehboob on Food Fusion,https://www.youtube.com/watch?v=Em2pOTqQET0
Sweet N Sour Chicken Recipe,Indian/Pakistani,1 channel,-,-,Sweet N Sour Chicken Recipe By Food Fusion,https://www.youtube.com/watch?v=Zbf7zZ6etXA
Sweet Potato,Indian/Pakistani,1 channel,Sweet Potato Recipe | Shakarkandi Commercial Recipe,https://www.youtube.com/watch?v=mNDe-1KbHvs,-,-
Sweet Snack recipes (Chikki & Bread popcorn),Indian/Pakistani,1 channel,-,-,Sweet Snack recipes (Chikki & Bread popcorn)  by Food Fusion,https://www.youtube.com/watch?v=Kh6tDNOyEuo
Swiss Meringue Buttercream recipe,Indian/Pakistani,1 channel,-,-,Swiss Meringue Buttercream recipe by food fusion,https://www.youtube.com/watch?v=wrc1K9uF95A
Taash Kabab,Indian/Pakistani,1 channel,-,-,Taash Kabab | Taash Kebab Recipe By Food Fusion,https://www.youtube.com/watch?v=W8UIYpCbYJs
Taco Beef Burger with Guacamole and Salsa Recipe,Continental,1 channel,-,-,Taco Beef Burger with Guacamole and Salsa Recipe By Food Fusion,https://www.youtube.com/watch?v=99qVBPZs6xc
Taco Potato Samosa Recipe,Indian/Pakistani,1 channel,-,-,Taco Potato Samosa Recipe by Food Fusion,https://www.youtube.com/watch?v=vbgPFbbE3ks
Tadka Dahi Baray/Vada  Recipe By Food Fusion (Ramzan Special Recipe),Indian/Pakistani,1 channel,-,-,Tadka Dahi Baray/Vada  Recipe By Food Fusion (Ramzan Special Recipe),https://www.youtube.com/watch?v=Vls793hlpi0
Tahari Recipe,Indian/Pakistani,1 channel,-,-,Tahari Recipe By Food Fusion,https://www.youtube.com/watch?v=dfRn4xGWAE4
Tahini Paste  Recipe,Indian/Pakistani,1 channel,-,-,Tahini Paste  Recipe By Food Fusion,https://www.youtube.com/watch?v=tEat0VRPKCs
Taiwanese Dan Bing Breakfast Recipe,Indian/Pakistani,1 channel,-,-,Taiwanese Dan Bing Breakfast Recipe by Food Fusion,https://www.youtube.com/watch?v=tco2Js-pnp8
Taiwanese Fried Chicken Steak Recipe by Asad Memon,Continental,1 channel,-,-,Taiwanese Fried Chicken Steak Recipe by Asad Memon- Food Fusion,https://www.youtube.com/watch?v=FuLXDypYXXI
Tajin Chicken Fajita Rice Bowl Recipe,Indian/Pakistani,1 channel,-,-,Tajin Chicken Fajita Rice Bowl Recipe by Food Fusion,https://www.youtube.com/watch?v=kJEILcVtiQk
Talbina Ramadan Special Recipe,Indian/Pakistani,1 channel,-,-,Talbina Ramadan Special Recipe by Food Fusion,https://www.youtube.com/watch?v=Vl-xIl-_fGw
Tamatar ka Khatta & Quick Bhindi ki Sabzi Recipe,Indian/Pakistani,1 channel,-,-,Tamatar ka Khatta & Quick Bhindi ki Sabzi Recipe By Food Fusion,https://www.youtube.com/watch?v=hX2zyL62cCs
Tandoori Aloo Cheesy Naan Recipe,Indian/Pakistani,1 channel,-,-,Tandoori Aloo Cheesy Naan Recipe By Food Fusion,https://www.youtube.com/watch?v=paZuFfqf7vM
Tandoori Aloo Pulao,Indian/Pakistani,1 channel,-,-,Tandoori Aloo Pulao - Ramadan special Recipe by Food Fusion,https://www.youtube.com/watch?v=7Pq2RDvWBy8
Tandoori Cheese Stuffed Nuggets Recipe By Food Fusion (Ramzan Special),Indian/Pakistani,1 channel,-,-,Tandoori Cheese Stuffed Nuggets Recipe By Food Fusion (Ramzan Special),https://www.youtube.com/watch?v=D9mHwfIlMl8
Tandoori Chicken Boti- No Oven Recipe,Indian/Pakistani,1 channel,-,-,Tandoori Chicken Boti- No Oven Recipe By Food Fusion,https://www.youtube.com/watch?v=LuVwNNMhb4k
Tandoori Chicken Chargha at Home,Indian/Pakistani,1 channel,Tandoori Chicken Chargha at Home,https://www.youtube.com/watch?v=9kcNLk9KvGs,-,-
Tandoori Chicken Cholay Ramadan Special Recipe,Indian/Pakistani,1 channel,-,-,Tandoori Chicken Cholay Ramadan Special Recipe by Food Fusion,https://www.youtube.com/watch?v=xrqZWN01np4
Tandoori Chicken Karahi Recipe,Indian/Pakistani,1 channel,-,-,Tandoori Chicken Karahi Recipe By Food Fusion,https://www.youtube.com/watch?v=ChrCqT9u-Ss
Tandoori Chicken Lasagna Roll Ups In Air Fryer Recipe By Food Fusion (Eid Special),Continental,1 channel,-,-,Tandoori Chicken Lasagna Roll Ups In Air Fryer Recipe By Food Fusion (Eid Special),https://www.youtube.com/watch?v=dAGF1uqwgqY
Tandoori Chicken Nuggets 👉Make and Freeze Ramadan Special Recipe,Indian/Pakistani,1 channel,-,-,Tandoori Chicken Nuggets 👉Make and Freeze Ramadan Special Recipe by Food Fusion,https://www.youtube.com/watch?v=M8owTiXsusM
Tandoori Chicken Pasta Recipe,Continental,1 channel,-,-,Tandoori Chicken Pasta Recipe By Food Fusion,https://www.youtube.com/watch?v=esapRRrai3o
Tandoori Chicken Roast,Indian/Pakistani,1 channel,Tandoori Chicken Roast - Without Oven Roast Recipe,https://www.youtube.com/watch?v=WP9vHhziufM,-,-
Tandoori Chicken Roll-ups Recipe,Indian/Pakistani,1 channel,-,-,Tandoori Chicken Roll-ups Recipe By Food Fusion,https://www.youtube.com/watch?v=xwqQDPmzpMA
Tandoori Chicken with garlic butter pasta recipe,Continental,1 channel,-,-,Tandoori Chicken with garlic butter pasta recipe by Food Fusion,https://www.youtube.com/watch?v=K0KV_6pmAfs
Tandoori Chicken with Garlic Mint Butter Sauce Recipe,Indian/Pakistani,1 channel,-,-,Tandoori Chicken with Garlic Mint Butter Sauce Recipe by Food Fusion,https://www.youtube.com/watch?v=poTEhhWRTY0
Tandoori Fish Curry Recipe,Indian/Pakistani,1 channel,-,-,Tandoori Fish Curry Recipe By Food Fusion,https://www.youtube.com/watch?v=3y8TXSCv5rQ
Tandoori Fish in Air fryer Recipe,Indian/Pakistani,1 channel,-,-,Tandoori Fish in Air fryer Recipe by Food Fusion,https://www.youtube.com/watch?v=6f06pdJnwDc
Tandoori Fish Rice Bowl Recipe,Indian/Pakistani,1 channel,-,-,Tandoori Fish Rice Bowl Recipe By Food Fusion,https://www.youtube.com/watch?v=X-zHg1bzBnA
Tandoori Garlic Chicken,Indian/Pakistani,1 channel,Tandoori Garlic Chicken - Chatkhara Garlic Chicken Recipe,https://www.youtube.com/watch?v=4nwrxgtVPs8,-,-
Tandoori Grilled Chicken Recipe Travel Series Episode 10,Indian/Pakistani,1 channel,-,-,Tandoori Grilled Chicken Recipe - Food Fusion Travel Series Episode 10,https://www.youtube.com/watch?v=6pOa9nESATY
Tandoori Grilled Fish Recipe,Indian/Pakistani,1 channel,-,-,Tandoori Grilled Fish Recipe by Food Fusion,https://www.youtube.com/watch?v=Aaskpzsm6-U
Tandoori Masala Original Recipe,Indian/Pakistani,1 channel,Tandoori Masala Original Recipe By Kun Foods,https://www.youtube.com/watch?v=YPgKFjW7S6U,-,-
Tandoori Momos Ramazan Special Recipe,Indian/Pakistani,1 channel,-,-,Tandoori Momos Ramazan Special Recipe by Food Fusion,https://www.youtube.com/watch?v=ynAY99ReoXU
Tandoori Mutton Chops Recipe,Indian/Pakistani,1 channel,-,-,Tandoori Mutton Chops Recipe By Food Fusion,https://www.youtube.com/watch?v=_fPTtO-hAVk
Tandoori Mutton Tikka Masala Recipe By Asad Memon (Bakra Eid Special),Indian/Pakistani,1 channel,-,-,Tandoori Mutton Tikka Masala Recipe By Asad Memon-Food Fusion (Bakra Eid Special),https://www.youtube.com/watch?v=9sjnORFCuB8
Tandoori Resha Chicken Samosa with New Viral Technique Recipe,Indian/Pakistani,1 channel,-,-,Tandoori Resha Chicken Samosa with New Viral Technique Recipe by Food Fusion,https://www.youtube.com/watch?v=TCPu1FDKRMo
Tandoori Testi kabab Recipe By Food Fusion,Indian/Pakistani,1 channel,-,-,Tandoori Testi kabab Recipe By Food Fusion Detailed,https://www.youtube.com/watch?v=gqcMfEY81b4
Tandoori White Chicken Recipe,Indian/Pakistani,1 channel,-,-,Tandoori White Chicken Recipe By Food Fusion,https://www.youtube.com/watch?v=K7ftbJTd488
Tangzhong Milk Bread with Assorted Filling Recipe,Indian/Pakistani,1 channel,-,-,Tangzhong Milk Bread with Assorted Filling Recipe by Food Fusion,https://www.youtube.com/watch?v=xi9WJaCMjk0
Tapioca Fried Chicken Recipe,Indian/Pakistani,1 channel,-,-,Tapioca Fried Chicken Recipe By Food Fusion,https://www.youtube.com/watch?v=TCyO9Gj6-Bc
Tapioca Salad Drink,Indian/Pakistani,1 channel,-,-,Tapioca Salad Drink | Refreshing Sabudana Salad Drink  by Food Fusion (Iftar Drink Ideas),https://www.youtube.com/watch?v=m6tYTqE_3H8
Tarbooz Kay Chilkay Ki Sabzi – (Watermelon Rind Sabzi) Recipe,Indian/Pakistani,1 channel,-,-,Tarbooz Kay Chilkay Ki Sabzi – (Watermelon Rind Sabzi) Recipe By Food Fusion,https://www.youtube.com/watch?v=rngaFSqNF04
Tarka Daal Chawal,Indian/Pakistani,1 channel,Tarka Daal Chawal,https://www.youtube.com/watch?v=7Tr_bckI5bo,-,-
Tarkay Walay Dahi Bhallay,Indian/Pakistani,1 channel,Tarkay Walay Dahi Bhallay - Unique Tasting Dahi Vada Recipe,https://www.youtube.com/watch?v=T1Jr0Qhr7NI,-,-
Tarragon Chicken Pasta Recipe,Continental,1 channel,-,-,Tarragon Chicken Pasta Recipe By Food Fusion,https://www.youtube.com/watch?v=k8JUSgwoYtI
Tarragon Chicken with Rice Bowl Recipe,Indian/Pakistani,1 channel,-,-,Tarragon Chicken with Rice Bowl Recipe By Food Fusion,https://www.youtube.com/watch?v=YCF04xK_S0A
Tawa Biryani Recipe,Indian/Pakistani,1 channel,-,-,Tawa Biryani Recipe by Food Fusion,https://www.youtube.com/watch?v=8GbnelJlGMw
Tawa Boti Kabab Recipe by Food Fusion (Bakra Eid Special),Indian/Pakistani,1 channel,-,-,Tawa Boti Kabab Recipe by Food Fusion (Bakra Eid Special),https://www.youtube.com/watch?v=smuJn90-ze8
Tawa Chicken Champ Recipe in Signature Food Fusion Style,Indian/Pakistani,1 channel,-,-,Tawa Chicken Champ Recipe in Signature Food Fusion Style,https://www.youtube.com/watch?v=UjoPU3bZAKI
Tawa Chicken of Lahore,Indian/Pakistani,1 channel,Tawa Chicken of Lahore | Lemon Chilli Spicy Tadka,https://www.youtube.com/watch?v=EGhOO3xsyTE,-,-
Tawa Chicken Pulao Recipe,Indian/Pakistani,1 channel,-,-,Tawa Chicken Pulao Recipe By Food Fusion,https://www.youtube.com/watch?v=sgjdvLXxtfY
Tawa Chicken Recipe,Indian/Pakistani,1 channel,-,-,Tawa Chicken Recipe By Food Fusion,https://www.youtube.com/watch?v=u0ri0M4f1PI
Tawa Chicken Tikka Pizza Without Yeast  Recipe by Food Fusion (Ramzan Special Recipe),Continental,1 channel,-,-,Tawa Chicken Tikka Pizza Without Yeast  Recipe by Food Fusion (Ramzan Special Recipe),https://www.youtube.com/watch?v=187ifxn3-GU
Tawa Egg Masala Dhaba Style Recipe,Indian/Pakistani,1 channel,-,-,Tawa Egg Masala Dhaba Style Recipe by Food Fusion,https://www.youtube.com/watch?v=1gRDoAXGBLY
Tawa Fry Kaleji Recipe,Indian/Pakistani,1 channel,-,-,Tawa Fry Kaleji Recipe By Food Fusion,https://www.youtube.com/watch?v=Ftfz4mNmCvA
Tawa Kabab Platter Eid Special Recipe,Indian/Pakistani,1 channel,-,-,Tawa Kabab Platter Eid Special Recipe by Food Fusion,https://www.youtube.com/watch?v=OQaVqBSzvtk
Tawa Machli Fry,Indian/Pakistani,1 channel,-,-,Tawa Machli Fry - Restaurant Style Recipe By Food Fusion,https://www.youtube.com/watch?v=d5G-9sjqi6k
Tawa Mix Vegetable Recipe,Indian/Pakistani,1 channel,-,-,Tawa Mix Vegetable Recipe By Food Fusion,https://www.youtube.com/watch?v=-1UKnlT1WNo
Tawa Pasanday Recipe By Food Fusion (Bakra Eid Special),Indian/Pakistani,1 channel,-,-,Tawa Pasanday Recipe By Food Fusion (Bakra Eid Special),https://www.youtube.com/watch?v=XKwduvuVGmI
Tawa Pizza without Oven,Continental,1 channel,Tawa Pizza without Oven,https://www.youtube.com/watch?v=LzyVTEFvvo8,-,-
Tawa Veg Pulao Recipe,Indian/Pakistani,1 channel,-,-,Tawa Veg Pulao Recipe by Food Fusion,https://www.youtube.com/watch?v=fWMBj0aFKCc
Tea Time Deep Dish Cookie Recipe,Continental,1 channel,-,-,Tea Time Deep Dish Cookie Recipe by Food Fusion,https://www.youtube.com/watch?v=VCYghWdS8EM
Tea Time Fruit Cake Eggless,Continental,1 channel,Tea Time Fruit Cake Eggless Recipe - Bakery Style Soft Milky Fruit Cake,https://www.youtube.com/watch?v=hl65NfhD12Q,-,-
Tea Time Nan Khatai without Oven,Indian/Pakistani,1 channel,Tea Time Nan Khatai without Oven - Famous Khalifa Nan Khatai Recipe,https://www.youtube.com/watch?v=P366nuGZ9nU,-,-
Tea Time Recipe Collection,Indian/Pakistani,1 channel,-,-,Tea Time Recipe Collection By Food Fusion,https://www.youtube.com/watch?v=mMFUo5Fub3w
Tea Time snacks,Indian/Pakistani,1 channel,-,-,Tea Time snacks by food fusion,https://www.youtube.com/watch?v=wuWSK12hKQk
Team Food Fusion having a pizza party,Continental,1 channel,-,-,Team Food Fusion having a pizza party,https://www.youtube.com/watch?v=XSbYeXACXV4
Team Food Fusion Playing Cricket in Office,Indian/Pakistani,1 channel,-,-,Team Food Fusion Playing Cricket in Office,https://www.youtube.com/watch?v=Rx-KRng7oNs
Tears in our eyes today at,Indian/Pakistani,1 channel,-,-,Tears in our eyes today at Food Fusion,https://www.youtube.com/watch?v=u1UR1bwJeDo
Teekhi Garlic Chutney & Crispy Potato Chips for Daal Chawal Recipe,Indian/Pakistani,1 channel,-,-,Teekhi Garlic Chutney & Crispy Potato Chips for Daal Chawal Recipe by Food Fusion,https://www.youtube.com/watch?v=3angd1MDpWY
Teekhi Meethi Masala Hari Mirch Recipe,Indian/Pakistani,1 channel,-,-,Teekhi Meethi Masala Hari Mirch Recipe by Food Fusion,https://www.youtube.com/watch?v=6ENva07wX7A
Tempura Recipe  3 ways,Japanese,1 channel,-,-,Tempura Recipe  3 ways By Food Fusion,https://www.youtube.com/watch?v=ww9hSzqsRbo
"Tempura with prawns, onions rings and more  recipe",Japanese,1 channel,-,-,"Tempura with prawns, onions rings and more  recipe By Food Fusion",https://www.youtube.com/watch?v=587lN7WTKYQ
Teriyaki Sesame Beef Skewers Recipe By Food Fusion (Bakra Eid Special),Japanese,1 channel,-,-,Teriyaki Sesame Beef Skewers Recipe By Food Fusion (Bakra Eid Special),https://www.youtube.com/watch?v=BXGiofrpsAQ
Tex Mex Pizza Recipe,Continental,1 channel,-,-,Tex Mex Pizza Recipe By Food Fusion,https://www.youtube.com/watch?v=fa0YvpVeZGU
Tex Mex Pull-Apart Chicken Sliders Eid Special Recipe,Indian/Pakistani,1 channel,-,-,Tex Mex Pull-Apart Chicken Sliders Eid Special Recipe By Food Fusion,https://www.youtube.com/watch?v=547I1dfvYTA
Tex-Mex Quesadillas Recipe,Indian/Pakistani,1 channel,-,-,Tex-Mex Quesadillas Recipe by Food Fusion,https://www.youtube.com/watch?v=It3NjH30Dqg
Thadal Recipe,Indian/Pakistani,1 channel,-,-,Thadal Recipe By Food Fusion,https://www.youtube.com/watch?v=pQ35HvkUko0
Thai Cashew Chicken Recipe,Indian/Pakistani,1 channel,-,-,Thai Cashew Chicken Recipe by Food Fusion,https://www.youtube.com/watch?v=zHdNH0RcSek
Thai Chicken Clear Soup Recipe,Indian/Pakistani,1 channel,-,-,Thai Chicken Clear Soup Recipe By Food Fusion,https://www.youtube.com/watch?v=cdz-W1yQtQQ
Thai Coconut Lime Chicken Recipe,Indian/Pakistani,1 channel,-,-,Thai Coconut Lime Chicken Recipe By Food Fusion,https://www.youtube.com/watch?v=O6KoY89AwBA
Thai Green Curry Recipe,Indian/Pakistani,1 channel,-,-,Thai Green Curry Recipe by Food Fusion,https://www.youtube.com/watch?v=-pHyO6kwsUM
Thai Mini Chicken Pizza Recipe,Continental,1 channel,-,-,Thai Mini Chicken Pizza Recipe by Food Fusion,https://www.youtube.com/watch?v=ODiwoVpXyi0
Thai Red Curry Chicken Recipe,Indian/Pakistani,1 channel,-,-,Thai Red Curry Chicken Recipe by Food Fusion,https://www.youtube.com/watch?v=kHhjZPn2C7k
Thai Red Curry Ramen Soup Recipe,Japanese,1 channel,-,-,Thai Red Curry Ramen Soup Recipe by Food Fusion,https://www.youtube.com/watch?v=hB-vhEZc1AM
Thai Spring Rolls with Thai Sweet Chilli Sauce Recipe By Food Fusion (Ramzan Special),Indian/Pakistani,1 channel,-,-,Thai Spring Rolls with Thai Sweet Chilli Sauce Recipe By Food Fusion (Ramzan Special),https://www.youtube.com/watch?v=GIBoJIk_sF0
Thai Style Coconut Chicken Skewers Recipe,Indian/Pakistani,1 channel,-,-,Thai Style Coconut Chicken Skewers Recipe By Food Fusion,https://www.youtube.com/watch?v=HljFW4R0dhs
Thai Style Satay Drumsticks recipe,Indian/Pakistani,1 channel,-,-,Thai Style Satay Drumsticks recipe By Food Fusion,https://www.youtube.com/watch?v=UM7edC8mFsU
Thandai Kheer Recipe By Food Fusion (Eid Special recipe),Indian/Pakistani,1 channel,-,-,Thandai Kheer Recipe By Food Fusion (Eid Special recipe),https://www.youtube.com/watch?v=mfh49TPk5Y4
Thank You!,Indian/Pakistani,1 channel,-,-,Thank You!,https://www.youtube.com/watch?v=jCtbf-Qk1x0
The Best Chocolate Chip Cookies recipe  A 6 year old tells you how to make it,Indian/Pakistani,1 channel,-,-,The Best Chocolate Chip Cookies recipe  A 6 year old tells you how to make it - Food Fusion,https://www.youtube.com/watch?v=jjTvhhvOucQ
The  Grand Pakora Video Recipe Collection,Indian/Pakistani,1 channel,-,-,The  Grand Pakora Video Recipe Collection By Food Fusion,https://www.youtube.com/watch?v=epbWOnCrGzY
The perfect Dahi Chana Chaat,Indian/Pakistani,1 channel,-,-,The perfect Dahi Chana Chaat Recipe - Food Fusion,https://www.youtube.com/watch?v=ZOc9fJJNcII
The perfect recipe for Daal Dahi Baray,Indian/Pakistani,1 channel,-,-,The perfect recipe for Daal Dahi Baray - Learn how to make from Food Fusion,https://www.youtube.com/watch?v=FncOw73_ywc
The Ultimate Chapli Kabab Recipe,Indian/Pakistani,1 channel,-,-,The Ultimate Chapli Kabab Recipe By Food Fusion,https://www.youtube.com/watch?v=mDVJDNrnm7w
Thellay Wala Chicken Soup,Indian/Pakistani,1 channel,Thellay Wala Chicken Soup Recipe - Lahori Winter Street Soup Recipe,https://www.youtube.com/watch?v=XevgvgLJZlI,-,-
There is no Power on Earth That Can Undo Pakistan,Indian/Pakistani,1 channel,-,-,There is no Power on Earth That Can Undo Pakistan - Jashan-E-Azadi Mubarak,https://www.youtube.com/watch?v=BZ6qwcOt8I4
They stole from us! We need your help,Indian/Pakistani,1 channel,-,-,They stole from us! We need your help,https://www.youtube.com/watch?v=FcdgSfjzLPg
Thread Malai Chicken Sticks Make & Freeze Ramzan Special Recipe,Indian/Pakistani,1 channel,-,-,Thread Malai Chicken Sticks Make & Freeze Ramzan Special Recipe By Food Fusion,https://www.youtube.com/watch?v=egNOV0LYr40
Tikka Beef Boti Paratha Roll Recipe,Indian/Pakistani,1 channel,-,-,Tikka Beef Boti Paratha Roll Recipe By Food Fusion,https://www.youtube.com/watch?v=UTH_gMN78n4
Tikka Boti Easy Way at Home,Indian/Pakistani,1 channel,Tikka Boti Easy Way at Home,https://www.youtube.com/watch?v=bRuH_xd8xtI,-,-
Tikka Boti Rice Bowl Recipe,Indian/Pakistani,1 channel,-,-,Tikka Boti Rice Bowl Recipe By Food Fusion,https://www.youtube.com/watch?v=JxtkzrN7dRQ
Tikka Masala Recipe / کمرشل تکہ مصالحہ  / Commercial,Indian/Pakistani,1 channel,Tikka Masala Recipe / کمرشل تکہ مصالحہ  / Commercial Recipe,https://www.youtube.com/watch?v=FtWaR-wt_5g,-,-
Tikka Pakora recipe Travel Series Episode 2,Indian/Pakistani,1 channel,-,-,Tikka Pakora recipe - Food Fusion Travel Series Episode 2 - Kunhar River Naran,https://www.youtube.com/watch?v=nMF4EY4PZqU
Tikka Parcels Recipe,Indian/Pakistani,1 channel,-,-,Tikka Parcels Recipe By Food Fusion,https://www.youtube.com/watch?v=iL_EEf6hoaE
Tikka Pizza and Balochi Sajji,Continental,1 channel,Tikka Pizza and Balochi Sajji Recipe | Without Oven | ہمارے شہر کی خوبصورت نہر,https://www.youtube.com/watch?v=ds2YdHj7TEQ,-,-
Til Gur Ladoo Recipe,Indian/Pakistani,1 channel,-,-,Til Gur Ladoo Recipe by Food Fusion,https://www.youtube.com/watch?v=22aXUNcRN6k
Til ki chikki (sesame seed brittle) Recipe,Indian/Pakistani,1 channel,-,-,Til ki chikki (sesame seed brittle) Recipe By Food Fusion,https://www.youtube.com/watch?v=AUF37uecaeE
Tinday Gosht Recipe,Indian/Pakistani,1 channel,-,-,Tinday Gosht Recipe By Food Fusion,https://www.youtube.com/watch?v=0E0XQjcT1Oo
Tiramisu Cake with homemade Mascarpone cheese Recipe,Continental,1 channel,-,-,Tiramisu Cake with homemade Mascarpone cheese Recipe by Food Fusion,https://www.youtube.com/watch?v=y8wsRxt0xf4
Tiramisu Cheesecake Cups Recipe,Continental,1 channel,-,-,Tiramisu Cheesecake Cups Recipe By Food Fusion,https://www.youtube.com/watch?v=vnVEfva0LjU
Tiramisu French Toast Recipe,Indian/Pakistani,1 channel,-,-,Tiramisu French Toast Recipe by Food Fusion,https://www.youtube.com/watch?v=OHbL2dKCsEU
Tiramisu Frozen Dessert Cake Recipe,Continental,1 channel,-,-,Tiramisu Frozen Dessert Cake Recipe by Food Fusion,https://www.youtube.com/watch?v=iEUtDLXjYxA
Toffee Kabab Samosa Ramadan Special Recipe,Indian/Pakistani,1 channel,-,-,Toffee Kabab Samosa Ramadan Special Recipe by Food Fusion,https://www.youtube.com/watch?v=55qxCn0CFbM
Tom & Jerry Cheesecake Recipe,Continental,1 channel,-,-,Tom & Jerry Cheesecake Recipe By Food Fusion,https://www.youtube.com/watch?v=sG8HKFnc_f4
Tom Kha Gai (Thai Soup) Recipe,Indian/Pakistani,1 channel,-,-,Tom Kha Gai (Thai Soup) Recipe By Food Fusion,https://www.youtube.com/watch?v=M9QdA0XVHSQ
Tomato & Onion Filled Kabab Recipe By Food Fusion (Bakra Eid Special),Indian/Pakistani,1 channel,-,-,Tomato & Onion Filled Kabab Recipe By Food Fusion (Bakra Eid Special),https://www.youtube.com/watch?v=oRSUHoKEY3M
Tomato Cheese Omelette,Continental,1 channel,-,-,Tomato Cheese Omelette - Breakfast / Sehri Recipe by Food Fusion,https://www.youtube.com/watch?v=6Y3_eOyF4T8
Tomato Chutney,Indian/Pakistani,1 channel,Tomato Chutney | Easy Chutney Recipe By Kun Foods,https://www.youtube.com/watch?v=7lnpi3XiFwo,-,-
Tomato Chutney 2 Ways (Imli & Pyaz combo)  Recipe,Indian/Pakistani,1 channel,-,-,Tomato Chutney 2 Ways (Imli & Pyaz combo)  Recipe By Food Fusion,https://www.youtube.com/watch?v=ICC_16wpM_A
Tomato Emergency,Indian/Pakistani,1 channel,-,-,Tomato Emergency,https://www.youtube.com/watch?v=Wv4eXS0y3CU
Tomato Ketchup Recipe,Indian/Pakistani,1 channel,-,-,Tomato Ketchup Recipe By Food Fusion,https://www.youtube.com/watch?v=yTdPv2JeD20
Tomato Ketchup Recipe || Secret Commercial Recipe at Home,Indian/Pakistani,1 channel,Tomato Ketchup Recipe || Secret Commercial Recipe at Home,https://www.youtube.com/watch?v=Dvg0Z_l_4vY,-,-
Tomato Pasta Recipe,Continental,1 channel,-,-,Tomato Pasta Recipe by Food Fusion,https://www.youtube.com/watch?v=pzzYiCEL3Bs
Tomato Rice Recipe By Food Fusion (Ramazan Special),Indian/Pakistani,1 channel,-,-,Tomato Rice Recipe By Food Fusion (Ramazan Special),https://www.youtube.com/watch?v=19A7EAwasZc
Top 10 Food Fusion Recipes of 2021,Indian/Pakistani,1 channel,-,-,Top 10 Food Fusion Recipes of 2021,https://www.youtube.com/watch?v=M0b6mlVqz4k
Top 10 Most Popular Recipe Videos of 2020,Indian/Pakistani,1 channel,-,-,Top 10 Most Popular Recipe Videos of 2020 - Food Fusion,https://www.youtube.com/watch?v=JBxT8NVGgvg
Top 10 Recipe Searches in Pakistan,Indian/Pakistani,1 channel,-,-,Top 10 Recipe Searches in Pakistan | Google 2022 Year in Search Official Results,https://www.youtube.com/watch?v=3Bc_HNLrXlE
Top 10 Recipes 2022 Rewind,Indian/Pakistani,1 channel,-,-,Top 10 Recipes 2022 Rewind by Food Fusion,https://www.youtube.com/watch?v=nQZBN3r8L3Q
Top 10 Recipes of 2024,Indian/Pakistani,1 channel,-,-,Top 10 Recipes of 2024 by Food Fusion,https://www.youtube.com/watch?v=8BOmEkniXT4
Top 10 refreshing summer drinks recipes by Food Fusion ( Iftar Drinks Recipes ),Indian/Pakistani,1 channel,-,-,Top 10 refreshing summer drinks recipes by Food Fusion ( Iftar Drinks Recipes ),https://www.youtube.com/watch?v=a8kHpVZwJAQ
Top 10 Videos of 2019,Indian/Pakistani,1 channel,-,-,Top 10 Videos of 2019 By Food Fusion,https://www.youtube.com/watch?v=xdafDOSdxVk
Top 2 Chicken  Karahi Recipes,Indian/Pakistani,1 channel,-,-,Top 2 Chicken  Karahi Recipes By Food Fusion,https://www.youtube.com/watch?v=IzAuvEXoCo4
Top 2 Chocolate Cake Recipes,Continental,1 channel,-,-,Top 2 Chocolate Cake Recipes By Food Fusion,https://www.youtube.com/watch?v=gU_Xw1yT33g
Top 2 Dhaba Style Daal recipes,Indian/Pakistani,1 channel,-,-,Top 2 Dhaba Style Daal recipes by Food Fusion,https://www.youtube.com/watch?v=FhBlnYsbjQA
Top 2 Fish Recipes,Indian/Pakistani,1 channel,-,-,Top 2 Fish Recipes By Food Fusion,https://www.youtube.com/watch?v=XNhgH_nhDu4
Top 3 Mango Recipes By Food Fusion (Summer special Mango Desserts),Indian/Pakistani,1 channel,-,-,Top 3 Mango Recipes By Food Fusion (Summer special Mango Desserts),https://www.youtube.com/watch?v=4UBAY5lgNDQ
Top 4 Biryani Recipes,Indian/Pakistani,1 channel,-,-,Top 4 Biryani Recipes By Food Fusion,https://www.youtube.com/watch?v=VTsvX6oUpq8
Top 4 Chicken Karahi Recipes,Indian/Pakistani,1 channel,-,-,Top 4 Chicken Karahi Recipes By Food Fusion,https://www.youtube.com/watch?v=mTtTFBWCMmE
Top 4 Chocolate Cake Recipes,Continental,1 channel,-,-,Top 4 Chocolate Cake Recipes By Food Fusion,https://www.youtube.com/watch?v=SIKoU8kMTx0
"Top 4 Halwa Recipes. Gajar Ka Halwa, Andey Ka Halwa, Suji Ka Halwa & Chanay Ki Daal",Indian/Pakistani,1 channel,-,-,"Top 4 Halwa Recipes. Gajar Ka Halwa, Andey Ka Halwa, Suji Ka Halwa & Chanay Ki Daal  By Food Fusion",https://www.youtube.com/watch?v=II37NGuglwE
Top 4 Lasagna Recipes,Continental,1 channel,-,-,Top 4 Lasagna Recipes By Food Fusion,https://www.youtube.com/watch?v=xn5Ti5dUggc
Top 4 Make and Freeze Kabab/Cutlets 2023,Indian/Pakistani,1 channel,-,-,Top 4 Make and Freeze Kabab/Cutlets 2023 By Food Fusion,https://www.youtube.com/watch?v=0LIMK168pLE
Top 4 Make and Store Refreshing Summer Drinks,Indian/Pakistani,1 channel,-,-,Top 4 Make and Store Refreshing Summer Drinks by Food Fusion,https://www.youtube.com/watch?v=I1SV6-7ACgk
Top 4  Refreshing Iftar Drinks Recipe,Indian/Pakistani,1 channel,-,-,Top 4  Refreshing Iftar Drinks Recipe By Food Fusion,https://www.youtube.com/watch?v=Ic2ppjCSZ6Q
Top 5 Dessert Recipes of 2021,Indian/Pakistani,1 channel,-,-,Top 5 Dessert Recipes of 2021 by Food Fusion,https://www.youtube.com/watch?v=t2riK9mbie4
Top 5 Eid Seviyan Recipes,Indian/Pakistani,1 channel,-,-,Top 5 Eid Seviyan Recipes by Food Fusion,https://www.youtube.com/watch?v=nD66_nghljU
Top 5 Instagram Worthy Recipes,Indian/Pakistani,1 channel,-,-,Top 5 Instagram Worthy Recipes By Food Fusion,https://www.youtube.com/watch?v=w7VPfwD9ros
Top 5 Kheer Recipes,Indian/Pakistani,1 channel,-,-,Top 5 Kheer Recipes By Food Fusion,https://www.youtube.com/watch?v=dIzz-Hft2uo
Top 5 Snack Recipes,Indian/Pakistani,1 channel,-,-,Top 5 Snack Recipes By Food Fusion,https://www.youtube.com/watch?v=7ph67jpJuzc
Top 6 Fish Recipes By Food Fusion 🐟,Indian/Pakistani,1 channel,-,-,Top 6 Fish Recipes By Food Fusion 🐟,https://www.youtube.com/watch?v=a1bEVOvMB8Y
Top 6 Make & Store Sharbat Recipes By Food Fusion (Iftar Drinks),Indian/Pakistani,1 channel,-,-,Top 6 Make & Store Sharbat Recipes By Food Fusion (Iftar Drinks),https://www.youtube.com/watch?v=rlCwwwRkwao
Top Beef & Mutton Kabab Recipes By Food Fusion (Bakra Eid Special),Indian/Pakistani,1 channel,-,-,Top Beef & Mutton Kabab Recipes By Food Fusion (Bakra Eid Special),https://www.youtube.com/watch?v=Sjr8LqIzy3Y
Top Dawat Recipes By Food Fusion (Ramzan Special Recieps),Indian/Pakistani,1 channel,-,-,Top Dawat Recipes By Food Fusion (Ramzan Special Recieps),https://www.youtube.com/watch?v=nzF18pp7EsI
"Top Indo chinese recipes (Chicken Manchurian, chicken jalfrezi, dragon chicken & Kung Pao Chicken)",Chinese,1 channel,-,-,"Top Indo chinese recipes (Chicken Manchurian, chicken jalfrezi, dragon chicken & Kung Pao Chicken)",https://www.youtube.com/watch?v=GG2L841gG1s
Top Sizzling Recipes By Food Fusion 2019,Indian/Pakistani,1 channel,-,-,Top Sizzling Recipes By Food Fusion 2019,https://www.youtube.com/watch?v=TqxNw1cHz4A
Top Soup Recipes,Indian/Pakistani,1 channel,-,-,Top Soup Recipes By Food Fusion,https://www.youtube.com/watch?v=J8YEVijUupI
Tortilla Cones,Indian/Pakistani,1 channel,-,-,Tortilla Cones - Viral Trend - Recipe By Food Fusion,https://www.youtube.com/watch?v=sGp_QXTebJ0
Tortilla Wraps,Indian/Pakistani,1 channel,Tortilla Wraps Recipe - Homemade Bread for Chicken and Beef Wraps,https://www.youtube.com/watch?v=5dq_S7B49gM,-,-
Traditional Dawat Recipes,Indian/Pakistani,1 channel,-,-,Traditional Dawat Recipes by Food Fusion,https://www.youtube.com/watch?v=LS_9SnyyHDQ
Traditional Mango Pickle Recipe (3year Life),Indian/Pakistani,1 channel,Traditional Mango Pickle Recipe (3year Life),https://www.youtube.com/watch?v=G8xIVv9AH_0,-,-
Traditional Patorr,Indian/Pakistani,1 channel,Traditional Patorr Recipe | Spinach Leaves Cooked with Gram Flour,https://www.youtube.com/watch?v=Vz3NFoNjl7c,-,-
Traditional Remedy for Cough and Flu,Indian/Pakistani,1 channel,Traditional Remedy for Cough and Flu - Desi Style Chicken Soup for Winters,https://www.youtube.com/watch?v=5HByFOVnqkY,-,-
"Travel & Food, Food Fusion Travel Series 2023 Trip Highlights",Indian/Pakistani,1 channel,-,-,"Travel & Food, Food Fusion Travel Series 2023 Trip Highlights",https://www.youtube.com/watch?v=hMJx-bIOJ-g
Tray Kabab Recipe,Indian/Pakistani,1 channel,-,-,Tray Kabab Recipe by Food Fusion,https://www.youtube.com/watch?v=agkN87qzRFU
Tres leches cake / Milk Cake Turkish Style  Recipe,Arabic/Mediterranean,1 channel,-,-,Tres leches cake / Milk Cake Turkish Style  Recipe By Food Fusion,https://www.youtube.com/watch?v=J36Na1bVWOU
Triangle Chocolate Pancakes Recipe,Indian/Pakistani,1 channel,-,-,Triangle Chocolate Pancakes Recipe by Food Fusion,https://www.youtube.com/watch?v=s7RGhRLQuOs
Triangle Paratha Wrap Recipe,Indian/Pakistani,1 channel,-,-,Triangle Paratha Wrap Recipe By Food Fusion,https://www.youtube.com/watch?v=ZiwKB2kkBWM
Triangle Pizza Paratha Back to School -Lunchbox Recipe,Continental,1 channel,-,-,Triangle Pizza Paratha Back to School -Lunchbox Recipe by Food Fusion,https://www.youtube.com/watch?v=08Kgr07bVJk
Trio Roti Parcels Recipe,Indian/Pakistani,1 channel,-,-,Trio Roti Parcels Recipe By Food Fusion,https://www.youtube.com/watch?v=QePXD9b9nhk
Trip to Khunjerab Pass,Indian/Pakistani,1 channel,-,-,Trip to Khunjerab Pass - Final Episode Food Fusion Travel Series,https://www.youtube.com/watch?v=PmTeuf7F2NA
Triple Layer Chocolate Fudge Cake Recipe By Food Fusion (Secrets Revealed),Continental,1 channel,-,-,Triple Layer Chocolate Fudge Cake Recipe By Food Fusion (Secrets Revealed),https://www.youtube.com/watch?v=eTCYsu78aPU
Tteokbokki with Homemade Rice Cake (Garaetteok) Recipe,Continental,1 channel,-,-,Tteokbokki with Homemade Rice Cake (Garaetteok) Recipe by Food Fusion,https://www.youtube.com/watch?v=V0ZLevz3dHQ
Turai Chana Dal Recipe,Indian/Pakistani,1 channel,-,-,Turai Chana Dal Recipe By Food Fusion,https://www.youtube.com/watch?v=lJ7UeGnV91M
Turkish Beyti Kebab Recipe,Arabic/Mediterranean,1 channel,-,-,Turkish Beyti Kebab Recipe by Food fusion,https://www.youtube.com/watch?v=rG0ySGdkXc4
Turkish Breakfast Menemen Recipe By Food Fusion (Ramazan Special),Arabic/Mediterranean,1 channel,-,-,Turkish Breakfast Menemen Recipe By Food Fusion (Ramazan Special),https://www.youtube.com/watch?v=G1SOvrioWYA
Turkish Chicken Soup Winter Special Recipe,Arabic/Mediterranean,1 channel,-,-,Turkish Chicken Soup Winter Special Recipe by Food Fusion,https://www.youtube.com/watch?v=hqM_oawCXfc
Turkish Cream Rolls Ramadan Special Recipe,Arabic/Mediterranean,1 channel,-,-,Turkish Cream Rolls Ramadan Special Recipe By Food Fusion,https://www.youtube.com/watch?v=WLKR9-WgdYA
Turkish Doner Kebab In Air Fryer,Arabic/Mediterranean,1 channel,-,-,Turkish Doner Kebab In Air Fryer -  Eid Special Recipe by Food Fusion,https://www.youtube.com/watch?v=_jMooxTBros
Turkish Eggs on Crispy Flatbread Recipe,Arabic/Mediterranean,1 channel,-,-,Turkish Eggs on Crispy Flatbread Recipe by Food Fusion,https://www.youtube.com/watch?v=XJMp2p1ehkw
Turkish Gozleme Recipe,Arabic/Mediterranean,1 channel,-,-,Turkish Gozleme Recipe By Food Fusion,https://www.youtube.com/watch?v=f5WGsIFELtU
Turkish Halva Recipe,Arabic/Mediterranean,1 channel,-,-,Turkish Halva Recipe By Food Fusion,https://www.youtube.com/watch?v=-ucAVwCenJA
Turkish kabab Recipe,Arabic/Mediterranean,1 channel,-,-,Turkish kabab Recipe By Food Fusion,https://www.youtube.com/watch?v=O_g4ex00DB8
Turkish Kebab From Scratch Recipe By Asad Memon,Arabic/Mediterranean,1 channel,-,-,Turkish Kebab From Scratch Recipe By Asad Memon-Food Fusion,https://www.youtube.com/watch?v=_z7vN3vgPp0
Turkish Kebab Ramazan Special Recipe,Arabic/Mediterranean,1 channel,-,-,Turkish Kebab Ramazan Special Recipe by Food Fusion,https://www.youtube.com/watch?v=eZgv-9gtuqo
Turkish Kofta Kebab Recipe,Arabic/Mediterranean,1 channel,-,-,Turkish Kofta Kebab Recipe By Food Fusion,https://www.youtube.com/watch?v=w41hlNt2agU
Turkish Kuzu Pot Roast Ramzan Special Recipe,Arabic/Mediterranean,1 channel,-,-,Turkish Kuzu Pot Roast Ramzan Special Recipe By Food Fusion,https://www.youtube.com/watch?v=rhvhsREHaB0
Turkish Lahmacun Baked Recipe,Arabic/Mediterranean,1 channel,-,-,Turkish Lahmacun Baked Recipe By Food Fusion,https://www.youtube.com/watch?v=rgYoOkFGU0g
Turkish Lahmacun Recipe,Arabic/Mediterranean,1 channel,-,-,Turkish Lahmacun Recipe by Food Fusion,https://www.youtube.com/watch?v=AXbqa8ROTvI
Turkish Mezze Platter Recipe,Arabic/Mediterranean,1 channel,-,-,Turkish Mezze Platter Recipe By Food Fusion,https://www.youtube.com/watch?v=al6Tkpd9MG0
Turkish Namkeen Gosht,Arabic/Mediterranean,1 channel,Turkish Namkeen Gosht Recipe - Fall of Bone Tender Meat,https://www.youtube.com/watch?v=f5DPXLywBCs,-,-
Turkish Pide   2 ways,Arabic/Mediterranean,1 channel,-,-,Turkish Pide   2 ways -  Recipe by Food Fusion  (Meat / cheese  Pizza Like Bread),https://www.youtube.com/watch?v=_ZdeCtNxfJE
Turkish Pideli Kofte Ramadan Special Recipe,Arabic/Mediterranean,1 channel,-,-,Turkish Pideli Kofte Ramadan Special Recipe by Food Fusion,https://www.youtube.com/watch?v=uNc_Iu4acrI
Turkish Red Lentil Soup Recipe,Arabic/Mediterranean,1 channel,-,-,Turkish Red Lentil Soup Recipe By Food Fusion,https://www.youtube.com/watch?v=6cd1AmeHR78
Turkish Saya Bread Ramzan Special Recipe,Arabic/Mediterranean,1 channel,-,-,Turkish Saya Bread Ramzan Special Recipe By Food Fusion,https://www.youtube.com/watch?v=VNwkvbWIQ0I
Turkish Street Style Sandwich Recipe,Arabic/Mediterranean,1 channel,-,-,Turkish Street Style Sandwich Recipe by Food Fusion,https://www.youtube.com/watch?v=WXxX0EW_DkE
Turkish stuffed eggplant (Karniyarik) Recipe,Arabic/Mediterranean,1 channel,-,-,Turkish stuffed eggplant (Karniyarik) Recipe By Food Fusion,https://www.youtube.com/watch?v=e95aazSHWL4
Turkish Style Kofte in Garlic Yogurt Sauce Recipe,Arabic/Mediterranean,1 channel,-,-,Turkish Style Kofte in Garlic Yogurt Sauce Recipe By Food Fusion,https://www.youtube.com/watch?v=Nup2pnZNfQo
Turkish style Meatball & Chickpea Soup,Arabic/Mediterranean,1 channel,-,-,Turkish style Meatball & Chickpea Soup - Winter Special recipe By Food Fusion,https://www.youtube.com/watch?v=zkRL-IbZOnE
Turkish Style Pakoray  Ramzan Special Recipe,Arabic/Mediterranean,1 channel,-,-,Turkish Style Pakoray  Ramzan Special Recipe By Food Fusion,https://www.youtube.com/watch?v=92YmmzGL0tM
Turkish Style Pizza Recipe,Arabic/Mediterranean,1 channel,-,-,Turkish Style Pizza Recipe By Food Fusion,https://www.youtube.com/watch?v=L8FP5P-_Lqk
Turkish Style Simit Pizza Recipe,Arabic/Mediterranean,1 channel,-,-,Turkish Style Simit Pizza Recipe by Food Fusion,https://www.youtube.com/watch?v=zgPtMMA1xlo
Turkish Testi Kebab Recipe,Arabic/Mediterranean,1 channel,-,-,Turkish Testi Kebab Recipe By Food Fusion,https://www.youtube.com/watch?v=nAo0RRJ8KSQ
Tuscan Chicken casserole with Cheese Recipe,Indian/Pakistani,1 channel,-,-,Tuscan Chicken casserole with Cheese Recipe By Food Fusion,https://www.youtube.com/watch?v=P0JQM9tigj4
Tuscan Chicken Lasagna Recipe,Continental,1 channel,-,-,Tuscan Chicken Lasagna Recipe by Food Fusion,https://www.youtube.com/watch?v=p2nRIjiMBzk
Tuscan Garlic Chicken Pasta Recipe,Continental,1 channel,-,-,Tuscan Garlic Chicken Pasta Recipe By Food Fusion,https://www.youtube.com/watch?v=WwVFg45DB60
Tutti Frutti Falooda Eid Special Recipe,Indian/Pakistani,1 channel,-,-,Tutti Frutti Falooda Eid Special Recipe By Food Fusion,https://www.youtube.com/watch?v=zVR7cn9sAqo
Twisted Korean Donuts Recipe,Continental,1 channel,-,-,Twisted Korean Donuts Recipe By Food Fusion,https://www.youtube.com/watch?v=HDb07TisC8k
Two Crispy ( Potato & Bhindi) Recipes,Indian/Pakistani,1 channel,-,-,Two Crispy ( Potato & Bhindi) Recipes by Food Fusion,https://www.youtube.com/watch?v=ooUO-H34UiY
Two Egg desserts for winter,Indian/Pakistani,1 channel,-,-,Two Egg desserts for winter by Food Fusion,https://www.youtube.com/watch?v=6IjOjOePlG0
Two Finger Snack recipes,Indian/Pakistani,1 channel,-,-,Two Finger Snack recipes by Food Fusion,https://www.youtube.com/watch?v=RmHo543JSpA
Two Must try Vegetable Kababs Recipes,Indian/Pakistani,1 channel,-,-,Two Must try Vegetable Kababs Recipes by Food Fusion,https://www.youtube.com/watch?v=ZMPjbLuCg8c
Two New Baking Ovens Reviewed Tested Glam Gas,Indian/Pakistani,1 channel,-,-,Two New Baking Ovens Reviewed - Food Fusion Tested Glam Gas,https://www.youtube.com/watch?v=L1lK2FxZxLI
Two Special Tikka Recipes,Indian/Pakistani,1 channel,-,-,Two Special Tikka Recipes By Food Fusion,https://www.youtube.com/watch?v=uyPggTy2xjo
Two Summer Coffee Drinks Recipes,Continental,1 channel,-,-,Two Summer Coffee Drinks Recipes by Food Fusion,https://www.youtube.com/watch?v=c0mUI3tdQxY
Two Whole Chicken Recipes,Indian/Pakistani,1 channel,-,-,Two Whole Chicken Recipes By Food Fusion,https://www.youtube.com/watch?v=XqpxFi7LZNc
Two Winter Halwa Recipes( Loki and besan ka Halwa),Indian/Pakistani,1 channel,-,-,Two Winter Halwa Recipes( Loki and besan ka Halwa) by Food Fusion,https://www.youtube.com/watch?v=ouZ1kl6vyyk
Ultimate Beef Lasagna Recipes by Food Fusion (Bakra Eid Special),Continental,1 channel,-,-,Ultimate Beef Lasagna Recipes by Food Fusion (Bakra Eid Special),https://www.youtube.com/watch?v=wSFgHuWU5Do
Ultimate Beef Rice Recipes,Indian/Pakistani,1 channel,-,-,Ultimate Beef Rice Recipes By Food Fusion,https://www.youtube.com/watch?v=tJaB0M1ymws
Ultimate Chana Biryani & Pulao Recipes,Indian/Pakistani,1 channel,-,-,Ultimate Chana Biryani & Pulao Recipes By Food Fusion,https://www.youtube.com/watch?v=DHLBgZHIJZg
Ultimate Chocolate Brownie Recipe,Continental,1 channel,-,-,Ultimate Chocolate Brownie Recipe by Food Fusion,https://www.youtube.com/watch?v=VD3zAPT9xJU
Ultimate Mutton Rice Recipes Bakra Eid Special,Indian/Pakistani,1 channel,-,-,Ultimate Mutton Rice Recipes Bakra Eid Special By Food Fusion,https://www.youtube.com/watch?v=20OlZ_C-iuc
Ultimate White Sauce Pasta Recipe By Food Fusion (Ramzan Special),Continental,1 channel,-,-,Ultimate White Sauce Pasta Recipe By Food Fusion (Ramzan Special),https://www.youtube.com/watch?v=otajFcbqNas
Umm Ali (Egyptian Dessert) Recipe,Indian/Pakistani,1 channel,-,-,Umm Ali (Egyptian Dessert) Recipe By Food Fusion,https://www.youtube.com/watch?v=2zpxAjpJL1o
Umm Ali dessert with Bakarkhani Recipe,Indian/Pakistani,1 channel,-,-,Umm Ali dessert with Bakarkhani Recipe by Food Fusion,https://www.youtube.com/watch?v=Yq7yn-jmWd8
"Unfortunately, Your Beef Island || Famous Pulao From Bannu KPK",Indian/Pakistani,1 channel,"Unfortunately, Your Beef Island || Famous Pulao From Bannu KPK",https://www.youtube.com/watch?v=KvV9Q6RrrTU,-,-
Unique and Healthy Chana Chaat,Indian/Pakistani,1 channel,Unique and Healthy Chana Chaat Recipe | Healthy and Cheap,https://www.youtube.com/watch?v=vVB0j2VmFFU,-,-
Unique Breakfast,Indian/Pakistani,1 channel,Unique Breakfast Recipe | Healthy Breakfast - Also Good for Diabetics,https://www.youtube.com/watch?v=yFZ0QhF-uUM,-,-
Unique Cheese Fingers Recipe,Indian/Pakistani,1 channel,-,-,Unique Cheese Fingers Recipe by Food Fusion,https://www.youtube.com/watch?v=GTk5pcPJzE4
Unique Chicken Paratha Recipe by Food Fusion (Make & Freeze),Indian/Pakistani,1 channel,-,-,Unique Chicken Paratha Recipe by Food Fusion (Make & Freeze),https://www.youtube.com/watch?v=h6rIIj9dd3M
Unique Egg Pratha for Breakfast (Very Soft),Indian/Pakistani,1 channel,Unique Egg Pratha for Breakfast (Very Soft),https://www.youtube.com/watch?v=pCjgRBn1mGY,-,-
Unique Malai Murgh Tikka Drumsticks Recipe,Indian/Pakistani,1 channel,-,-,Unique Malai Murgh Tikka Drumsticks Recipe by Food Fusion,https://www.youtube.com/watch?v=QQ7jhNLZqww
Upside Down Dates Cake Recipe By Food Fusion (Eid Special),Continental,1 channel,-,-,Upside Down Dates Cake Recipe By Food Fusion (Eid Special),https://www.youtube.com/watch?v=JO-bfZwUX64
Urgent Chicken Pulao,Indian/Pakistani,1 channel,Urgent Chicken Pulao - Best Chicken Pulao 2.0,https://www.youtube.com/watch?v=7G5yWl912-w,-,-
Uses of frozen paratha by Food Fusion (Ramzan Special Recipe),Indian/Pakistani,1 channel,-,-,Uses of frozen paratha by Food Fusion (Ramzan Special Recipe),https://www.youtube.com/watch?v=7_--KbC3l9M
Uzbeki Pilaf (Pulao) Recipe by Food Fusion (Bakra Eid Special),Indian/Pakistani,1 channel,-,-,Uzbeki Pilaf (Pulao) Recipe by Food Fusion (Bakra Eid Special),https://www.youtube.com/watch?v=vqQYMKsRm-I
Vanilla Crepe Cake Recipe,Continental,1 channel,-,-,Vanilla Crepe Cake Recipe By Food Fusion,https://www.youtube.com/watch?v=NnrdS1ZA62c
Vanilla Hazelnut Brownie Sizzler Recipe,Continental,1 channel,-,-,Vanilla Hazelnut Brownie Sizzler Recipe by Food Fusion,https://www.youtube.com/watch?v=OvrWBRXFRKs
Vanilla Ice Cream Recipe,Indian/Pakistani,1 channel,-,-,Vanilla Ice Cream Recipe By Food Fusion,https://www.youtube.com/watch?v=O30sDoTgqeQ
Vanilla Jam Hearts Recipe,Indian/Pakistani,1 channel,-,-,Vanilla Jam Hearts Recipe by Food Fusion,https://www.youtube.com/watch?v=VDi5zS9vArE
Vegetable & Cheese Soup Recipe By @FoodfusionPk,Indian/Pakistani,1 channel,-,-,Vegetable & Cheese Soup Recipe By @FoodfusionPk,https://www.youtube.com/watch?v=gZY2bzeqJcM
Vegetable & Pyaz Pakora Recipes By Food Fusion (Ramzan Special),Indian/Pakistani,1 channel,-,-,Vegetable & Pyaz Pakora Recipes By Food Fusion (Ramzan Special),https://www.youtube.com/watch?v=5eEibJyDpvU
Vegetable & Sausage Sandwich Recipe By Food Fusion (Ramzan Special),Continental,1 channel,-,-,Vegetable & Sausage Sandwich Recipe By Food Fusion (Ramzan Special),https://www.youtube.com/watch?v=z7NyFSvQQds
Vegetable Cheese Spring Rolls 👉Make & Freeze Easy Ramadan Recipe,Indian/Pakistani,1 channel,-,-,Vegetable Cheese Spring Rolls 👉Make & Freeze Easy Ramadan Recipe by Food Fusion,https://www.youtube.com/watch?v=Ks-c3WOD-mw
Vegetable Chow Mein Recipe,Chinese,1 channel,-,-,Vegetable Chow Mein Recipe By Food Fusion,https://www.youtube.com/watch?v=7m9CX2wh6ds
Vegetable Daleem Recipe,Indian/Pakistani,1 channel,-,-,Vegetable Daleem Recipe By Food Fusion,https://www.youtube.com/watch?v=d76sguhpLCI
Vegetable Handi Briyani Recipe,Indian/Pakistani,1 channel,-,-,Vegetable Handi Briyani Recipe By Food Fusion,https://www.youtube.com/watch?v=Oo2qpD9DZpI
Vegetable Jalfrezi Recipe,Indian/Pakistani,1 channel,-,-,Vegetable Jalfrezi Recipe by Food Fusion,https://www.youtube.com/watch?v=O_87PLqCF5I
Vegetable Lasagna Recipe,Continental,1 channel,-,-,Vegetable Lasagna Recipe By Food Fusion,https://www.youtube.com/watch?v=G6KsVBugkgA
Vegetable Nuggets,Indian/Pakistani,1 channel,-,-,Vegetable Nuggets -  Lunchbox / Tiffin Box  and Air Fryer Friendly Recipe by Food Fusion,https://www.youtube.com/watch?v=-ftVDSWNcAo
Vegetable Pancakes Recipe,Indian/Pakistani,1 channel,-,-,Vegetable Pancakes Recipe by Food Fusion,https://www.youtube.com/watch?v=VrIhfd4BmN8
Vegetable Pickles Formula / Recipe without Oil,Indian/Pakistani,1 channel,Vegetable Pickles Formula / Recipe without Oil,https://www.youtube.com/watch?v=orsXM_dQYuw,-,-
Vegetable Pickles Recipe for Shawarma and BBQ,Arabic/Mediterranean,1 channel,Vegetable Pickles Recipe for Shawarma and BBQ  | No Oil Pickle (Secret Formula),https://www.youtube.com/watch?v=2SZiPdA9sbc,-,-
Vegetable Recipes,Indian/Pakistani,1 channel,-,-,6 Amazing Vegetable Recipes by Food Fusion,https://www.youtube.com/watch?v=bfTlbPfAN-k
Vegetable Recipes 3 great ways,Indian/Pakistani,1 channel,-,-,Vegetable Recipes 3 great ways  by Food Fusion,https://www.youtube.com/watch?v=xIIy3igrStI
Vegetable Seekh Kabab Gravy Recipe,Indian/Pakistani,1 channel,-,-,Vegetable Seekh Kabab Gravy Recipe By Food Fusion,https://www.youtube.com/watch?v=QPi_jgNdH8k
Vegetable Seekh Kabab Recipe,Indian/Pakistani,1 channel,-,-,Vegetable Seekh Kabab Recipe By Food Fusion,https://www.youtube.com/watch?v=wVSHcZU8D_w
Vegetable Shashlik Sizzler Recipe,Indian/Pakistani,1 channel,-,-,Vegetable Shashlik Sizzler Recipe By Food Fusion,https://www.youtube.com/watch?v=d_jFxnfDJDg
Vegetable Stuffed Chicken with Hollandaise sauce Recipe,Indian/Pakistani,1 channel,-,-,Vegetable Stuffed Chicken with Hollandaise sauce Recipe By Food Fusion,https://www.youtube.com/watch?v=hZ25aNzXFdU
Vegetable Tawa Pulao Recipe,Indian/Pakistani,1 channel,-,-,Vegetable Tawa Pulao Recipe By Food Fusion,https://www.youtube.com/watch?v=wMUxgS7HwzA
Vegetable Wontons with Cream Cheese Recipe By Food Fusion (Ramzan Special),Indian/Pakistani,1 channel,-,-,Vegetable Wontons with Cream Cheese Recipe By Food Fusion (Ramzan Special),https://www.youtube.com/watch?v=lVorBCE3Pkc
Veggie Nuggets Salad Recipe,Indian/Pakistani,1 channel,-,-,Veggie Nuggets Salad Recipe By Food Fusion,https://www.youtube.com/watch?v=BUoHtDKWADY
Veggie packed Recipes,Indian/Pakistani,1 channel,-,-,Veggie packed Recipes By Food Fusion,https://www.youtube.com/watch?v=YXev6moyyTw
Vermicelli Bakhlava 👉Ramadan Special Recipe by 🚩Food Fusion,Indian/Pakistani,1 channel,-,-,Vermicelli Bakhlava 👉Ramadan Special Recipe by 🚩Food Fusion,https://www.youtube.com/watch?v=HACtJ4p2-AY
Vermicelli kunafa Recipe by Food Fusion (Eid Special),Arabic/Mediterranean,1 channel,-,-,Vermicelli kunafa Recipe by Food Fusion (Eid Special),https://www.youtube.com/watch?v=-9zW89MFEgg
Very Easy Masala Aloo,Indian/Pakistani,1 channel,-,-,Very Easy Masala Aloo Recipe - Food Fusion,https://www.youtube.com/watch?v=cwps_0u-vPQ
Very Easy Spring Rolls,Indian/Pakistani,1 channel,-,-,Very Easy Spring Rolls Recipe  - By Food Fusion,https://www.youtube.com/watch?v=34LxJ9XwKts
Very Simple & Tasty CHICKEN FRY,Indian/Pakistani,1 channel,Very Simple & Tasty CHICKEN FRY - Garlic Chicken Roast at Home,https://www.youtube.com/watch?v=mPwjmcA3Q7U,-,-
Vietnam Knows How to Make Dhaba Tea Now!,Indian/Pakistani,1 channel,-,-,Vietnam Knows How to Make Dhaba Tea Now! | Flavours of Pakistan in Vietnam | Asad Memon,https://www.youtube.com/watch?v=WPd8DHebh5w
Vietnamese Chicken Pho Soup Recipe,Indian/Pakistani,1 channel,-,-,Vietnamese Chicken Pho Soup Recipe by Food Fusion,https://www.youtube.com/watch?v=02dszvnD15w
Viral Big Mac Smash Taco Burger Recipe,Continental,1 channel,-,-,Viral Big Mac Smash Taco Burger Recipe by Food Fusion,https://www.youtube.com/watch?v=HoNSQNIsTlg
Viral Bread Pakora Ramzan Special Recipe,Indian/Pakistani,1 channel,-,-,Viral Bread Pakora Ramzan Special Recipe By Food Fusion,https://www.youtube.com/watch?v=rqRxFyNteFs
Viral Chocolate Brownie Pudding Recipe By Amani,Continental,1 channel,-,-,Viral Chocolate Brownie Pudding Recipe By Amani - Food Fusion,https://www.youtube.com/watch?v=oinbf7R0prc
Viral Croissant Roll Aloo Samosa,Continental,1 channel,-,-,Viral Croissant Roll Aloo Samosa - Iftar Recipe Ideas By Food Fusion,https://www.youtube.com/watch?v=81w47itiUys
Viral Dubai Chocolate Cinnamon Rolls Recipe,Indian/Pakistani,1 channel,-,-,Viral Dubai Chocolate Cinnamon Rolls Recipe By Food Fusion,https://www.youtube.com/watch?v=F7FQ0-Cqfa0
Viral Dubai Chocolate Dessert Cups Recipe,Indian/Pakistani,1 channel,-,-,Viral Dubai Chocolate Dessert Cups Recipe by Food Fusion,https://www.youtube.com/watch?v=h6jDoX_us9U
Viral Flat Croissants with Pistachio & Chocolate Dip Recipe,Indian/Pakistani,1 channel,-,-,Viral Flat Croissants with Pistachio & Chocolate Dip Recipe by Food Fusion,https://www.youtube.com/watch?v=fj13IcaAAUc
Viral Hot Chocolate Bombs Recipe,Indian/Pakistani,1 channel,-,-,Viral Hot Chocolate Bombs Recipe By Food Fusion,https://www.youtube.com/watch?v=bYtsOWRx9VM
Viral Lazy Cat Dessert with Mango Twist Recipe,Indian/Pakistani,1 channel,-,-,Viral Lazy Cat Dessert with Mango Twist Recipe by Food Fusion,https://www.youtube.com/watch?v=8TIoXEjMSC8
Viral Matilda Cups Ramadan Special Recipe,Indian/Pakistani,1 channel,-,-,Viral Matilda Cups Ramadan Special Recipe By Food Fusion,https://www.youtube.com/watch?v=w4Puj1yOuYU
Viral Orange Hot Chocolate Recipe,Indian/Pakistani,1 channel,-,-,Viral Orange Hot Chocolate Recipe By Food Fusion,https://www.youtube.com/watch?v=0qyPnRiTbNE
Viral Turkish Doner Kebab Recipe,Arabic/Mediterranean,1 channel,-,-,Viral Turkish Doner Kebab Recipe By Food Fusion,https://www.youtube.com/watch?v=TGLv__bZzfU
Viral Turkish Pasta Recipe,Arabic/Mediterranean,1 channel,-,-,Viral Turkish Pasta Recipe by Food Fusion,https://www.youtube.com/watch?v=7-qfG4Ci8tQ
Waffle and Nugget Skewers Recipe,Continental,1 channel,-,-,Waffle and Nugget Skewers Recipe By Food Fusion,https://www.youtube.com/watch?v=kp1zhLgNKqo
Waffles with Butter Bombs Recipe,Indian/Pakistani,1 channel,-,-,Waffles with Butter Bombs Recipe by Food Fusion,https://www.youtube.com/watch?v=1DFSSlj5H7M
Walnut Brownie,Continental,1 channel,-,-,Walnut Brownie,https://www.youtube.com/watch?v=TpL-1E9HVgw
Walnut Cake Recipe By Food Fusion Travel Series Episode 6,Continental,1 channel,-,-,Walnut Cake Recipe By Food Fusion Travel Series Episode 6,https://www.youtube.com/watch?v=BUlTSChI5aA
Walnut Halwa,Indian/Pakistani,1 channel,-,-,Walnut Halwa by Food Fusion,https://www.youtube.com/watch?v=d-RyhXey_vg
WARNING!! THIS IS SO JUICY,Indian/Pakistani,1 channel,WARNING!! THIS IS SO JUICY | Roast Big Piece of Meat on Stove,https://www.youtube.com/watch?v=gobXAcxAIOA,-,-
Warqi Chonge Recipe,Indian/Pakistani,1 channel,-,-,Warqi Chonge Recipe by Food Fusion,https://www.youtube.com/watch?v=oqyN7OPJcMw
Warqi Puri- Ramzan Special Recipe,Indian/Pakistani,1 channel,-,-,Warqi Puri- Ramzan Special Recipe by Food Fusion,https://www.youtube.com/watch?v=xvgLvBEhJa0
Warqi Samosa Recipe By Food Fusion (Ramzan Special Recipe),Indian/Pakistani,1 channel,-,-,Warqi Samosa Recipe By Food Fusion (Ramzan Special Recipe),https://www.youtube.com/watch?v=LD_BJWKSm7c
WATERMELON,Indian/Pakistani,1 channel,500 KG WATERMELON | Summer Healthy Drinks | Extreme Watermelon Juice Giveaway,https://www.youtube.com/watch?v=RXF5mZTtynA,-,-
Watermelon Ball Punch Recipe By Food Fusion (Ramzan Special),Indian/Pakistani,1 channel,-,-,Watermelon Ball Punch Recipe By Food Fusion (Ramzan Special),https://www.youtube.com/watch?v=98T12eZAPHY
Watermelon Green Tea Detox Recipe,Indian/Pakistani,1 channel,-,-,Watermelon Green Tea Detox Recipe By Food Fusion,https://www.youtube.com/watch?v=hDbPXpuVwKo
way to use leftovers,Indian/Pakistani,1 channel,-,-,2 Delicious way to use leftovers By Food Fusion,https://www.youtube.com/watch?v=P3GUJqz2sMI
Wazwan Pulao Recipe,Indian/Pakistani,1 channel,-,-,Wazwan Pulao Recipe by Food Fusion,https://www.youtube.com/watch?v=_WyDuNjWfoI
We are all geared up and ready for Karachi Street Food Festival,Indian/Pakistani,1 channel,-,-,We are all geared up and ready for Karachi Street Food Festival,https://www.youtube.com/watch?v=h1mS35zY3R0
We Got Vaccinated,Indian/Pakistani,1 channel,-,-,We Got Vaccinated - Did you ? - Asad & Saima From Food Fusion,https://www.youtube.com/watch?v=ZVOj7GDxbTI
We tried something cool at Packages Mall,Indian/Pakistani,1 channel,-,-,We tried something cool at Packages Mall,https://www.youtube.com/watch?v=J8MlyEJNVfs
We Twisted Our Pizza,Continental,1 channel,-,-,We Twisted Our Pizza recipe - Viral Twisted Pizza Sticks by Food Fusion,https://www.youtube.com/watch?v=TmbXVTpAzpg
Weekend Dinner Recipes,Indian/Pakistani,1 channel,-,-,Weekend Dinner Recipes By Food Fusion,https://www.youtube.com/watch?v=VxXVr1pRr5w
Weekend Omelette Recipes to Get Men in The Kitchen Recipes,Continental,1 channel,-,-,Weekend Omelette Recipes to Get Men in The Kitchen Recipes by Food Fusion,https://www.youtube.com/watch?v=vuHSZPkjBMw
WEIGHT LOSS DRINK and FACE PACK,Indian/Pakistani,1 channel,WEIGHT LOSS DRINK and FACE PACK | Moringa will change your life,https://www.youtube.com/watch?v=Iyr5ZOXAjlU,-,-
Weight Loss Fruit Salad,Indian/Pakistani,1 channel,Weight Loss Fruit Salad - Ramzan Special Weight Loss Salad Recipe,https://www.youtube.com/watch?v=KH6W2CWDz4o,-,-
What we did at The First Food Fusion Iftar Party,Indian/Pakistani,1 channel,-,-,What we did at The First Food Fusion Iftar Party,https://www.youtube.com/watch?v=NJ24Wmhh1rk
What's happening at Food Fusion?,Indian/Pakistani,1 channel,-,-,What's happening at Food Fusion?,https://www.youtube.com/watch?v=5CnzXkD_IvA
White Aloo Pulao with Special Chutney,Indian/Pakistani,1 channel,White Aloo Pulao with Special Chutney - Summer Special Comfort Food,https://www.youtube.com/watch?v=NWqRkj2Za4E,-,-
White Badami Korma Recipe By Food Fusion (Eid Recipe),Indian/Pakistani,1 channel,-,-,White Badami Korma Recipe By Food Fusion (Eid Recipe),https://www.youtube.com/watch?v=KoHk6YnFEAw
White Biryani With Chapli kabab Recipe,Indian/Pakistani,1 channel,-,-,White Biryani With Chapli kabab Recipe By Food Fusion,https://www.youtube.com/watch?v=J76EMiGl6rg
White Butter Chicken Recipe,Indian/Pakistani,1 channel,-,-,White Butter Chicken Recipe by Food Fusion,https://www.youtube.com/watch?v=NO3KPLPwkhM
White Chicken BBQ Rice Recipe By Food Fusion (Ramzan Special ),Indian/Pakistani,1 channel,-,-,White Chicken BBQ Rice Recipe By Food Fusion (Ramzan Special ),https://www.youtube.com/watch?v=NHfDjfveaOw
White Chicken Korma Ramzan Special Recipe,Indian/Pakistani,1 channel,-,-,White Chicken Korma Ramzan Special Recipe By Food Fusion,https://www.youtube.com/watch?v=0q_ytnNi68k
White Chocolate Cheese Cake Recipe,Continental,1 channel,-,-,White Chocolate Cheese Cake Recipe by Food Fusion,https://www.youtube.com/watch?v=IeiDO7JMN88
White Kabab Masala Recipe,Indian/Pakistani,1 channel,-,-,White Kabab Masala Recipe by Food Fusion,https://www.youtube.com/watch?v=b335YrncFp0
White Keema Karahi Recipe By Food Fuson,Indian/Pakistani,1 channel,-,-,White Keema Karahi Recipe By Food Fuson,https://www.youtube.com/watch?v=H0VxWWSJmh4
White Lobia Masala Recipe By Food Fusion (Ramadan Special Recipe),Indian/Pakistani,1 channel,-,-,White Lobia Masala Recipe By Food Fusion (Ramadan Special Recipe),https://www.youtube.com/watch?v=i_6NjIPZQdY
White Mutton Korma Recipe || Eid Special (Super Easy),Indian/Pakistani,1 channel,White Mutton Korma Recipe || Eid Special (Super Easy),https://www.youtube.com/watch?v=8btA9vUAJy8,-,-
"White Pasta with Spicy Koila Chicken and white sauce recipe, learn how to make it from",Chinese,1 channel,-,-,"White Pasta with Spicy Koila Chicken and white sauce recipe, learn how to make it from Food Fusion",https://www.youtube.com/watch?v=DHdYYuIUQHA
White Pizza without oven Recipe,Continental,1 channel,-,-,White Pizza without oven Recipe By Food Fusion,https://www.youtube.com/watch?v=UyL2SQqNL7Q
White Sauce Cutlets,Indian/Pakistani,1 channel,-,-,White Sauce Cutlets - Make & Freeze Recipe By Food Fusion (Ramadan Special),https://www.youtube.com/watch?v=fBjfeeTf5rU
White Sauce Pasta And Chicken Bake,Continental,1 channel,White Sauce Pasta And Chicken Bake | Creamy Bechamel Sauce,https://www.youtube.com/watch?v=bQUJ8UJrOyw,-,-
White Sauce Pasta Beef Bake Recipe,Continental,1 channel,-,-,White Sauce Pasta Beef Bake Recipe by Food Fusion,https://www.youtube.com/watch?v=xHX8xBrw4is
White Sufiyani Biryani,Indian/Pakistani,1 channel,White Sufiyani Biryani,https://www.youtube.com/watch?v=9aKFdZD4whM,-,-
Whole Chicken Bihari Style Steam Roast Platter Recipe,Indian/Pakistani,1 channel,-,-,Whole Chicken Bihari Style Steam Roast Platter Recipe By Food Fusion,https://www.youtube.com/watch?v=v6ikXVucL9E
Whole Chicken Roast,Indian/Pakistani,1 channel,Whole Chicken Roast Recipe | Murgh Musallam | Roasted Chicken By Kun Foods,https://www.youtube.com/watch?v=YlLR4r0IVaU,-,-
Whole Chicken Roast without Oven Recipe,Indian/Pakistani,1 channel,-,-,Whole Chicken Roast without Oven Recipe By Food Fusion,https://www.youtube.com/watch?v=4f2_ISi08HE
WHOLE Goat Head Roast / Most Delicious Street Food,Indian/Pakistani,1 channel,WHOLE Goat Head Roast / Most Delicious Street Food Recipe,https://www.youtube.com/watch?v=6aQR4V4VYG4,-,-
Whole Green Chicken Recipe,Indian/Pakistani,1 channel,-,-,Whole Green Chicken Recipe By Food Fusion,https://www.youtube.com/watch?v=CpTjBlc0Sj8
Whole Wheat Biscuits,Indian/Pakistani,1 channel,-,-,Whole Wheat Biscuits - Tea Time Recipe By Food Fusion,https://www.youtube.com/watch?v=GxJNrLYVMpY
Whole Wheat Buns Recipe By Healthy,Indian/Pakistani,1 channel,-,-,Whole Wheat Buns Recipe By Healthy Food Fusion,https://www.youtube.com/watch?v=ncTbSt2V5MY
Whole Wheat Naan without Oven Recipe,Indian/Pakistani,1 channel,-,-,Whole Wheat Naan without Oven Recipe By Food Fusion,https://www.youtube.com/watch?v=r4lnT-yanJQ
Whole Wheat Pita with Mince Filling Recipe By Healthy,Arabic/Mediterranean,1 channel,-,-,Whole Wheat Pita with Mince Filling Recipe By Healthy Food Fusion,https://www.youtube.com/watch?v=9WSLxS-57cA
Whole Wheat Pizza Calzone Recipe By Food Fusion (Healthy Ramzan Special),Continental,1 channel,-,-,Whole Wheat Pizza Calzone Recipe By Food Fusion (Healthy Ramzan Special),https://www.youtube.com/watch?v=6_-waqdAUWs
Whole wheat Puri,Indian/Pakistani,1 channel,-,-,Whole wheat Puri - (Air fried & fried) Recipe By Food Fusion (Ramzan Special),https://www.youtube.com/watch?v=VnzZMi4y4qI
Whole Wheat Tacos with Qeema & Chilli Oil Recipe,Indian/Pakistani,1 channel,-,-,Whole Wheat Tacos with Qeema & Chilli Oil Recipe by Food Fusion,https://www.youtube.com/watch?v=d4oqFQqFUfs
Why Food Fusion Studios is Shutting Down,Indian/Pakistani,1 channel,-,-,Why Food Fusion Studios is Shutting Down,https://www.youtube.com/watch?v=fkli2gPcPjU
Winter Carrot Special Recipes,Indian/Pakistani,1 channel,-,-,Winter Carrot Special Recipes By Food Fusion,https://www.youtube.com/watch?v=sOWYLpNmNlU
Winter special Bajray ki Khichri Recipe,Indian/Pakistani,1 channel,-,-,Winter special Bajray ki Khichri Recipe by Food Fusion,https://www.youtube.com/watch?v=Wah6kxDud1s
Winter Special Dalia Gond Ka Halwa Recipe,Indian/Pakistani,1 channel,-,-,Winter Special Dalia Gond Ka Halwa Recipe by Food Fusion,https://www.youtube.com/watch?v=x4LHcnNQ350
Winter Special Halwa Recipes,Indian/Pakistani,1 channel,-,-,Winter Special Halwa Recipes By Food Fusion,https://www.youtube.com/watch?v=fnurCga_TJ0
Winter Special Halwai Style Halwa Recipes,Indian/Pakistani,1 channel,-,-,Winter Special Halwai Style Halwa Recipes by Food Fusion,https://www.youtube.com/watch?v=RDNKfZiA-T8
Winter Special Immunity Booster Recipe,Indian/Pakistani,1 channel,-,-,Winter Special Immunity Booster Recipe by Food Fusion,https://www.youtube.com/watch?v=6tpSpgK_MMA
Winter Special Kashmiri Chai and Hand Beaten Coffee Recipes,Continental,1 channel,-,-,Winter Special Kashmiri Chai and Hand Beaten Coffee Recipes By Food Fusion,https://www.youtube.com/watch?v=Uiq3dNFqlaw
Winter Special Sabzi Biryani Recipe,Indian/Pakistani,1 channel,-,-,Winter Special Sabzi Biryani Recipe By Food Fusion,https://www.youtube.com/watch?v=mlt6H6ZrmLE
Winter Special Soup Recipes,Indian/Pakistani,1 channel,-,-,Winter Special Soup Recipes By Food Fusion,https://www.youtube.com/watch?v=Cu26sD0BzbU
Wonton Soup Recipe,Chinese,1 channel,-,-,Wonton Soup Recipe by Food Fusion,https://www.youtube.com/watch?v=5mxrpjZvxuc
Wrapped Chili Bites Recipe By Food Fusion (Ramzan Special Recipe),Indian/Pakistani,1 channel,-,-,Wrapped Chili Bites Recipe By Food Fusion (Ramzan Special Recipe),https://www.youtube.com/watch?v=qWkiwzAVn1s
Yakhni Pulao with Shami Kabab & Steam Chicken (Inspired by Savour Pulao) Recipe,Indian/Pakistani,1 channel,-,-,Yakhni Pulao with Shami Kabab & Steam Chicken (Inspired by Savour Pulao) Recipe by Food Fusion,https://www.youtube.com/watch?v=p0nyhiNsNMQ
Ye kabab kha kr baki sab bhool jao gy,Arabic/Mediterranean,1 channel,Ye kabab kha kr baki sab bhool jao gy - Easy Turkish Style BBQ Kabab without Grill or Coal,https://www.youtube.com/watch?v=Dkv0_oleAIs,-,-
Yellow Cake with Chocolate Butter Cream Frosting Recipe,Continental,1 channel,-,-,Yellow Cake with Chocolate Butter Cream Frosting Recipe By Food Fusion,https://www.youtube.com/watch?v=uHYXdI2NWpk
Yellow Cloud Crepes Recipe,Indian/Pakistani,1 channel,-,-,Yellow Cloud Crepes Recipe By Food Fusion,https://www.youtube.com/watch?v=bxM59hH4yvY
Yemeni Style Smokey Chicken Mandi Recipe By Food Fusion (Ramazan Special),Arabic/Mediterranean,1 channel,-,-,Yemeni Style Smokey Chicken Mandi Recipe By Food Fusion (Ramazan Special),https://www.youtube.com/watch?v=UGo9x8phcCk
Yogurt Fruit Delight Recipe,Indian/Pakistani,1 channel,-,-,Yogurt Fruit Delight Recipe By Food Fusion,https://www.youtube.com/watch?v=X5oeUeJ57R4
Yogurt Fruit Delight Recipe By Food Fusion (Ramazan Special Recipe),Indian/Pakistani,1 channel,-,-,Yogurt Fruit Delight Recipe By Food Fusion (Ramazan Special Recipe),https://www.youtube.com/watch?v=Z9aTiuCQXTY
Za'atar Chicken With Saffron Rice Recipe,Indian/Pakistani,1 channel,-,-,Za'atar Chicken With Saffron Rice Recipe by Food Fusion,https://www.youtube.com/watch?v=uVWqCkL3sR8
Zaatar Manakish Recipe,Indian/Pakistani,1 channel,-,-,Zaatar Manakish Recipe By Food Fusion,https://www.youtube.com/watch?v=p307Rc9q0rg
Zafrani Gajrella Kheer Recipe,Indian/Pakistani,1 channel,-,-,Zafrani Gajrella Kheer Recipe by Food Fusion,https://www.youtube.com/watch?v=PtC1hqrd-UI
Zalabia 3 Ways Recipe By Food Fusion (Ramzan Special),Indian/Pakistani,1 channel,-,-,Zalabia 3 Ways Recipe By Food Fusion (Ramzan Special),https://www.youtube.com/watch?v=PmFfeGEql48
Zalim Chutney,Indian/Pakistani,1 channel,Zalim Chutney | Lehsun ki Spicy Chutney,https://www.youtube.com/watch?v=wDi-nTE6a9M,-,-
Zalim Loaded Fries Recipe,Indian/Pakistani,1 channel,-,-,Zalim Loaded Fries Recipe by Food Fusion,https://www.youtube.com/watch?v=68NR9XgssXE
Zarda Recipe (Sweet Rice),Indian/Pakistani,1 channel,-,-,Zarda Recipe (Sweet Rice)  By Food Fusion,https://www.youtube.com/watch?v=9NQZzOiOO8Q
Zeera & Pudina Raita Masalas Recipes,Indian/Pakistani,1 channel,-,-,Zeera & Pudina Raita Masalas Recipes By Food Fusion,https://www.youtube.com/watch?v=D9rDXF3-PyQ
Zeera Biscuits with and without oven Recipe,Indian/Pakistani,1 channel,-,-,Zeera Biscuits with and without oven Recipe by Food Fusion,https://www.youtube.com/watch?v=-zkeFz5au6E
Zeera Raita Masala Recipe,Indian/Pakistani,1 channel,-,-,Zeera Raita Masala Recipe By Food Fusion,https://www.youtube.com/watch?v=pWIVcjoE8J4
Zinger Burger,Continental,1 channel,Zinger Burger Recipe | KFC Style ZInger Burger | KUN Foods,https://www.youtube.com/watch?v=Gul26wj8EEQ,-,-
Zinger Burger KFC Style at Home || How to cut chicken piece for burger,Continental,1 channel,Zinger Burger KFC Style at Home || How to cut chicken piece for burger,https://www.youtube.com/watch?v=5vkgRF-1__g,-,-
Zinger Pratha,Continental,1 channel,Zinger Pratha Recipe | 100% Restaurant Style Zinger Wrap and Tartar Sauce | Kun Foods,https://www.youtube.com/watch?v=XxGkqPbe_hE,-,-
Zinger Shawarma with homemade pita bread,Arabic/Mediterranean,1 channel,Zinger Shawarma with homemade pita bread - Restaurant Style Shawarma,https://www.youtube.com/watch?v=JQVjHksQnOU,-,-
Zingy Parcels Recipe,Indian/Pakistani,1 channel,-,-,Zingy Parcels Recipe by Food Fusion,https://www.youtube.com/watch?v=Bf3sBrt-uNw
